class_id,seed,block,head,mean8,mean9,ratio,cosine
980,0,0,0,-0.315228,0.587068,-1.862360,0.234712
980,0,0,1,-0.624186,-0.358384,0.574162,0.952177
980,0,0,2,-0.229768,-0.362750,1.578766,0.964571
980,0,0,3,-0.836741,-1.080825,1.291707,0.983396
980,0,0,4,-0.788212,-1.027100,1.303077,0.959841
980,0,0,5,1.666146,0.696288,0.417903,0.880861
980,0,0,6,1.556814,1.055754,0.678150,0.938709
980,0,0,7,-1.796305,-1.926495,1.072477,0.996088
980,0,0,8,1.944962,1.599612,0.822439,0.991956
980,0,0,9,-1.406917,-1.593904,1.132905,0.985581
980,0,0,10,2.195322,1.944616,0.885800,0.986982
980,0,0,11,-0.113088,0.986777,-8.725726,0.278863
980,0,0,12,0.729286,0.298238,0.408945,0.743081
980,0,0,13,-1.240542,-1.435502,1.157157,0.971993
980,0,0,14,-0.917382,-1.130878,1.232723,0.976799
980,0,0,15,-0.352198,-0.427525,1.213877,0.996843
980,0,1,0,0.535430,0.614833,1.148297,0.990211
980,0,1,1,2.525499,2.428859,0.961734,0.997737
980,0,1,2,0.592901,0.773127,1.303973,0.966080
980,0,1,3,0.238416,1.361944,5.712458,0.761270
980,0,1,4,0.566402,0.678027,1.197077,0.972678
980,0,1,5,1.023565,2.216138,2.165118,0.938074
980,0,1,6,2.339960,2.184221,0.933444,0.996666
980,0,1,7,0.804079,0.965703,1.201004,0.979887
980,0,1,8,0.389013,1.167114,3.000195,0.890105
980,0,1,9,-0.504228,-0.188695,0.374226,0.720730
980,0,1,10,1.138591,0.997670,0.876232,0.980170
980,0,1,11,1.654969,1.152978,0.696676,0.987026
980,0,1,12,-0.817232,-1.216031,1.487986,0.972641
980,0,1,13,0.591528,0.574025,0.970410,0.975004
980,0,1,14,-0.082593,0.607698,-7.357726,0.466362
980,0,1,15,3.126162,4.160589,1.330894,0.982043
980,0,2,0,2.336418,2.074291,0.887808,0.993381
980,0,2,1,1.023433,1.034566,1.010878,0.951990
980,0,2,2,0.295789,0.654523,2.212801,0.891121
980,0,2,3,0.310086,0.680556,2.194734,0.902560
980,0,2,4,0.299520,0.550037,1.836398,0.944988
980,0,2,5,3.796667,3.581147,0.943234,0.988258
980,0,2,6,1.472049,1.741708,1.183186,0.976051
980,0,2,7,0.386745,0.736383,1.904055,0.910068
980,0,2,8,0.169923,0.259181,1.525290,0.945540
980,0,2,9,4.090243,3.369475,0.823784,0.998055
980,0,2,10,0.385406,1.109098,2.877736,0.852589
980,0,2,11,1.883674,2.139337,1.135726,0.991282
980,0,2,12,0.338312,0.764861,2.260817,0.889570
980,0,2,13,0.409062,0.298115,0.728777,0.968119
980,0,2,14,-0.869596,-1.015141,1.167371,0.956776
980,0,2,15,0.147402,0.750832,5.093770,0.738510
980,0,3,0,1.245908,1.253631,1.006199,0.869031
980,0,3,1,2.356711,2.044420,0.867489,0.990713
980,0,3,2,0.943559,0.613586,0.650289,0.906848
980,0,3,3,1.171100,0.752576,0.642623,0.937042
980,0,3,4,2.403295,1.832365,0.762439,0.989314
980,0,3,5,1.958679,2.319347,1.184138,0.990733
980,0,3,6,2.355665,2.219216,0.942076,0.991009
980,0,3,7,0.697686,1.021027,1.463449,0.955807
980,0,3,8,8.367129,8.795979,1.051254,0.997265
980,0,3,9,2.581554,2.849184,1.103670,0.992673
980,0,3,10,3.249173,1.589581,0.489226,0.975179
980,0,3,11,0.375934,1.894040,5.038218,0.731316
980,0,3,12,2.713789,2.524857,0.930381,0.989799
980,0,3,13,6.137752,6.719300,1.094749,0.995284
980,0,3,14,1.047973,0.896423,0.855387,0.948497
980,0,3,15,2.355113,2.108919,0.895464,0.994325
980,0,4,0,2.491839,2.221448,0.891490,0.984766
980,0,4,1,1.872053,1.992475,1.064326,0.980141
980,0,4,2,0.797239,0.989461,1.241111,0.956926
980,0,4,3,2.473020,2.643980,1.069130,0.996433
980,0,4,4,3.790333,4.068713,1.073445,0.993123
980,0,4,5,1.745696,2.630098,1.506618,0.980466
980,0,4,6,1.478045,2.512476,1.699864,0.957796
980,0,4,7,1.861296,1.483542,0.797048,0.985584
980,0,4,8,-0.238161,0.089205,-0.374559,0.842866
980,0,4,9,0.817855,0.821163,1.004045,0.966793
980,0,4,10,5.778035,5.780363,1.000403,0.991220
980,0,4,11,4.396050,4.085277,0.929306,0.993753
980,0,4,12,1.870674,1.704051,0.910929,0.993541
980,0,4,13,3.535135,3.779478,1.069119,0.990779
980,0,4,14,1.508570,1.296260,0.859264,0.988036
980,0,4,15,1.361744,2.048524,1.504339,0.983228
980,0,5,0,11.081825,11.109475,1.002495,0.996937
980,0,5,1,3.765247,2.564206,0.681019,0.940645
980,0,5,2,7.644616,7.018782,0.918134,0.989329
980,0,5,3,2.853974,2.367118,0.829411,0.987925
980,0,5,4,10.388887,10.823254,1.041811,0.998208
980,0,5,5,7.520396,7.745080,1.029877,0.997013
980,0,5,6,15.116431,16.106503,1.065496,0.998632
980,0,5,7,2.756194,3.791558,1.375650,0.966181
980,0,5,8,3.102653,3.839666,1.237543,0.972174
980,0,5,9,4.446473,4.699219,1.056842,0.985687
980,0,5,10,5.820630,4.385036,0.753361,0.996379
980,0,5,11,4.780953,4.307540,0.900979,0.960029
980,0,5,12,1.439006,0.979507,0.680683,0.872268
980,0,5,13,5.284435,5.156964,0.975878,0.998798
980,0,5,14,5.797277,5.604017,0.966664,0.983915
980,0,5,15,1.306080,0.907564,0.694876,0.834185
980,0,6,0,2.962693,3.077630,1.038795,0.953251
980,0,6,1,5.469872,4.470041,0.817211,0.992957
980,0,6,2,5.217466,4.284332,0.821152,0.997077
980,0,6,3,1.965899,2.072534,1.054243,0.918039
980,0,6,4,4.909956,5.896671,1.200962,0.986135
980,0,6,5,3.851901,3.017518,0.783384,0.981427
980,0,6,6,10.283616,9.786148,0.951625,0.992140
980,0,6,7,7.346689,7.650713,1.041382,0.997659
980,0,6,8,5.112620,3.745556,0.732610,0.992535
980,0,6,9,10.306001,9.546889,0.926343,0.997297
980,0,6,10,2.165687,2.166599,1.000421,0.927966
980,0,6,11,3.750860,3.744530,0.998312,0.962119
980,0,6,12,11.278336,10.614966,0.941182,0.997139
980,0,6,13,-0.311366,-0.631897,2.029434,0.772860
980,0,6,14,2.510545,2.123416,0.845799,0.964363
980,0,6,15,4.144225,4.116538,0.993319,0.984922
980,0,7,0,9.335884,9.860362,1.056179,0.995440
980,0,7,1,4.983407,4.949214,0.993139,0.989079
980,0,7,2,3.545662,3.630143,1.023827,0.997293
980,0,7,3,6.307268,5.561940,0.881830,0.981059
980,0,7,4,3.766694,1.662197,0.441288,0.894769
980,0,7,5,3.005683,3.486122,1.159844,0.911190
980,0,7,6,7.071616,6.572231,0.929382,0.976690
980,0,7,7,3.354008,4.402149,1.312504,0.981296
980,0,7,8,6.234912,6.141318,0.984989,0.996406
980,0,7,9,10.009842,9.690387,0.968086,0.998447
980,0,7,10,24.837860,24.972223,1.005410,0.999205
980,0,7,11,6.152579,5.836667,0.948654,0.998004
980,0,7,12,9.786808,9.563906,0.977224,0.993107
980,0,7,13,6.243769,5.550119,0.888905,0.990359
980,0,7,14,3.463312,2.674888,0.772350,0.971617
980,0,7,15,0.608066,-0.662140,-1.088929,0.436716
980,0,8,0,3.425448,4.219825,1.231904,0.984480
980,0,8,1,5.284024,4.612157,0.872849,0.978006
980,0,8,2,3.122789,2.109211,0.675425,0.881917
980,0,8,3,4.743507,3.777175,0.796283,0.987447
980,0,8,4,10.312697,10.879286,1.054941,0.999295
980,0,8,5,-1.929977,-2.236718,1.158935,0.975989
980,0,8,6,4.304101,4.697939,1.091503,0.988288
980,0,8,7,6.273101,7.492968,1.194460,0.995196
980,0,8,8,5.452981,5.312088,0.974162,0.996239
980,0,8,9,5.379174,5.305982,0.986393,0.994982
980,0,8,10,6.722087,6.647893,0.988963,0.994327
980,0,8,11,4.978398,5.647087,1.134318,0.991764
980,0,8,12,3.208595,3.357889,1.046530,0.954787
980,0,8,13,7.415615,7.227074,0.974575,0.994997
980,0,8,14,4.477922,4.917809,1.098235,0.982112
980,0,8,15,0.767990,0.701974,0.914040,0.472983
980,0,9,0,3.319266,3.284783,0.989611,0.985993
980,0,9,1,1.386244,-0.073166,-0.052780,0.494365
980,0,9,2,2.739784,2.114327,0.771713,0.983822
980,0,9,3,5.492708,5.713860,1.040263,0.995437
980,0,9,4,5.600015,6.311625,1.127073,0.994691
980,0,9,5,5.437793,6.243753,1.148215,0.992666
980,0,9,6,7.882536,8.864706,1.124601,0.994795
980,0,9,7,6.243583,5.833099,0.934255,0.998838
980,0,9,8,0.962585,0.076635,0.079614,0.611639
980,0,9,9,6.377893,6.371100,0.998935,0.994981
980,0,9,10,7.677872,6.824731,0.888883,0.995944
980,0,9,11,4.864499,3.564267,0.732710,0.990819
980,0,9,12,4.157379,4.378332,1.053147,0.882045
980,0,9,13,3.070536,2.546673,0.829390,0.988781
980,0,9,14,5.277446,5.520196,1.045998,0.995711
980,0,9,15,9.627922,9.209128,0.956502,0.998888
980,0,10,0,4.025408,2.414766,0.599881,0.939155
980,0,10,1,18.322758,18.311808,0.999402,0.997630
980,0,10,2,5.424269,4.729249,0.871868,0.989839
980,0,10,3,3.379470,2.264536,0.670086,0.967889
980,0,10,4,7.722400,7.125139,0.922659,0.999347
980,0,10,5,9.360434,9.592443,1.024786,0.998582
980,0,10,6,7.740368,7.459383,0.963699,0.990277
980,0,10,7,6.816297,5.417809,0.794832,0.998761
980,0,10,8,6.826524,7.141845,1.046190,0.994820
980,0,10,9,7.693060,8.006162,1.040699,0.987703
980,0,10,10,12.519961,12.133942,0.969168,0.988817
980,0,10,11,8.328607,8.018741,0.962795,0.997126
980,0,10,12,4.654810,3.205204,0.688579,0.984663
980,0,10,13,10.480547,10.976362,1.047308,0.998006
980,0,10,14,3.369001,2.254531,0.669199,0.909495
980,0,10,15,4.621338,4.926938,1.066128,0.992378
980,0,11,0,9.237182,9.389727,1.016514,0.999555
980,0,11,1,9.609284,10.520954,1.094874,0.999351
980,0,11,2,5.636644,6.023476,1.068628,0.996359
980,0,11,3,-1.066618,-1.896402,1.777958,0.843218
980,0,11,4,3.775968,2.430565,0.643693,0.941488
980,0,11,5,4.154196,5.197686,1.251189,0.983151
980,0,11,6,5.306105,5.613256,1.057886,0.882492
980,0,11,7,3.777254,3.207753,0.849229,0.903435
980,0,11,8,4.157977,4.093583,0.984513,0.992769
980,0,11,9,3.625888,3.093362,0.853132,0.995881
980,0,11,10,2.019356,1.145784,0.567401,0.804155
980,0,11,11,6.665429,5.452154,0.817975,0.997229
980,0,11,12,4.130662,2.067297,0.500476,0.902153
980,0,11,13,9.892299,10.954832,1.107410,0.999353
980,0,11,14,4.811502,5.789006,1.203160,0.992444
980,0,11,15,9.360631,10.053476,1.074017,0.999295
980,0,12,0,-2.793502,-3.356408,1.201506,0.988459
980,0,12,1,7.207337,7.950302,1.103085,0.988951
980,0,12,2,1.349481,2.420538,1.793680,0.920529
980,0,12,3,-3.393912,-3.703137,1.091112,0.999747
980,0,12,4,2.948252,4.014795,1.361755,0.974247
980,0,12,5,2.686944,3.009527,1.120056,0.911308
980,0,12,6,0.730394,1.920164,2.628944,0.879651
980,0,12,7,4.981237,4.258357,0.854879,0.969424
980,0,12,8,4.125742,3.982485,0.965277,0.930895
980,0,12,9,7.133491,8.424690,1.181005,0.998701
980,0,12,10,3.285849,2.621813,0.797910,0.994938
980,0,12,11,3.894034,4.360448,1.119776,0.949237
980,0,12,12,4.292494,5.967296,1.390170,0.978344
980,0,12,13,2.639534,2.612908,0.989912,0.873959
980,0,12,14,5.039669,5.406446,1.072778,0.962338
980,0,12,15,2.393174,2.069017,0.864550,0.720440
980,0,13,0,4.595139,3.789763,0.824733,0.935094
980,0,13,1,4.376530,4.424067,1.010862,0.949907
980,0,13,2,1.423627,2.057238,1.445068,0.867608
980,0,13,3,4.007834,4.167186,1.039760,0.943617
980,0,13,4,8.114841,7.572601,0.933179,0.986622
980,0,13,5,3.722113,2.385070,0.640784,0.985854
980,0,13,6,7.594174,8.103387,1.067053,0.998151
980,0,13,7,1.872566,1.528893,0.816469,0.920422
980,0,13,8,2.650369,1.249771,0.471546,0.908430
980,0,13,9,3.357100,3.736738,1.113085,0.924437
980,0,13,10,2.913083,3.782548,1.298469,0.924482
980,0,13,11,5.261729,4.433730,0.842637,0.910012
980,0,13,12,4.985218,4.496780,0.902023,0.946238
980,0,13,13,-0.782852,-0.740524,0.945932,0.803005
980,0,13,14,4.820696,4.798707,0.995439,0.946478
980,0,13,15,-1.935938,-2.532295,1.308045,0.996408
980,0,14,0,2.041781,1.990748,0.975006,0.766611
980,0,14,1,9.726393,8.843260,0.909202,0.997229
980,0,14,2,4.691348,5.153028,1.098411,0.963363
980,0,14,3,1.516060,1.566102,1.033008,0.748383
980,0,14,4,5.201771,5.747310,1.104876,0.973962
980,0,14,5,1.628528,0.517586,0.317824,0.594757
980,0,14,6,1.753109,1.576658,0.899350,0.720801
980,0,14,7,5.782905,3.635808,0.628716,0.954808
980,0,14,8,3.082304,2.975749,0.965430,0.899815
980,0,14,9,0.811317,1.741071,2.145981,0.471630
980,0,14,10,0.923295,-0.064545,-0.069907,0.081039
980,0,14,11,2.702841,3.606094,1.334187,0.895100
980,0,14,12,2.433567,2.559801,1.051872,0.894646
980,0,14,13,1.521418,2.055073,1.350761,0.741424
980,0,14,14,4.290905,4.527945,1.055242,0.956036
980,0,14,15,1.455735,2.745454,1.885958,0.800925
980,0,15,0,4.260075,4.671915,1.096674,0.987497
980,0,15,1,2.844722,2.686788,0.944482,0.971009
980,0,15,2,4.800572,4.081647,0.850242,0.989867
980,0,15,3,3.503347,3.445524,0.983495,0.985544
980,0,15,4,-3.397985,-3.521923,1.036474,0.999265
980,0,15,5,3.568039,3.899947,1.093023,0.989443
980,0,15,6,0.240235,1.612714,6.713066,0.552091
980,0,15,7,2.957562,2.442846,0.825966,0.957599
980,0,15,8,3.609731,3.939806,1.091440,0.971015
980,0,15,9,3.763054,3.675682,0.976782,0.987027
980,0,15,10,-2.235047,-1.904719,0.852205,0.987407
980,0,15,11,4.097137,3.544890,0.865212,0.983046
980,0,15,12,5.818580,6.150850,1.057105,0.997148
980,0,15,13,2.532085,2.007366,0.792772,0.942860
980,0,15,14,3.808151,3.504994,0.920393,0.977528
980,0,15,15,1.704432,-0.038049,-0.022324,0.288984
437,0,0,0,-0.300673,0.596606,-1.984234,0.237190
437,0,0,1,-0.513548,-0.288792,0.562346,0.959100
437,0,0,2,-0.151923,-0.313541,2.063817,0.967441
437,0,0,3,-1.504059,-1.452393,0.965649,0.993743
437,0,0,4,-0.945419,-0.874695,0.925194,0.969989
437,0,0,5,1.666612,0.649563,0.389751,0.878445
437,0,0,6,1.574995,1.098538,0.697487,0.941564
437,0,0,7,-1.694477,-1.850734,1.092216,0.994678
437,0,0,8,1.903471,1.567729,0.823616,0.990776
437,0,0,9,-1.564283,-1.794238,1.147004,0.988400
437,0,0,10,2.370549,2.077353,0.876317,0.988756
437,0,0,11,-0.105707,0.968901,-9.165888,0.294758
437,0,0,12,0.927776,0.533957,0.575524,0.765589
437,0,0,13,-1.208386,-1.388512,1.149063,0.967151
437,0,0,14,-1.450245,-1.605998,1.107398,0.986648
437,0,0,15,-0.282581,-0.357336,1.264542,0.996836
437,0,1,0,0.498653,0.560728,1.124484,0.989595
437,0,1,1,2.624555,2.544284,0.969416,0.997835
437,0,1,2,0.645572,0.774178,1.199213,0.963694
437,0,1,3,0.269248,1.358987,5.047345,0.785652
437,0,1,4,1.582136,1.584602,1.001559,0.988693
437,0,1,5,1.095214,2.243505,2.048462,0.946294
437,0,1,6,1.845509,1.774937,0.961760,0.995145
437,0,1,7,0.818732,0.985238,1.203370,0.980370
437,0,1,8,0.378437,1.176178,3.107985,0.889435
437,0,1,9,-0.515272,-0.143942,0.279351,0.679610
437,0,1,10,1.162590,1.044439,0.898373,0.981650
437,0,1,11,1.666783,1.202277,0.721316,0.988417
437,0,1,12,-0.766291,-1.121734,1.463848,0.973944
437,0,1,13,0.761098,0.779466,1.024133,0.977730
437,0,1,14,-0.090969,0.636325,-6.994971,0.394309
437,0,1,15,2.868211,3.806962,1.327295,0.977562
437,0,2,0,2.405385,2.146782,0.892490,0.993817
437,0,2,1,2.081537,2.081811,1.000132,0.975937
437,0,2,2,0.337090,0.696566,2.066408,0.896340
437,0,2,3,0.355960,0.712177,2.000721,0.908244
437,0,2,4,0.554470,0.907314,1.636362,0.968667
437,0,2,5,3.527674,3.462031,0.981392,0.987315
437,0,2,6,1.478818,1.726571,1.167534,0.975866
437,0,2,7,0.446625,0.787336,1.762857,0.917328
437,0,2,8,-0.159320,-0.073869,0.463649,0.959983
437,0,2,9,4.123150,3.315330,0.804077,0.998101
437,0,2,10,0.578595,1.269649,2.194365,0.898821
437,0,2,11,1.581461,1.714654,1.084222,0.989007
437,0,2,12,0.394965,0.789480,1.998862,0.907083
437,0,2,13,0.745609,0.720354,0.966129,0.974482
437,0,2,14,-0.671722,-0.808845,1.204136,0.933136
437,0,2,15,0.174638,0.756073,4.329370,0.773287
437,0,3,0,1.249163,1.266869,1.014175,0.868917
437,0,3,1,2.477712,2.172122,0.876664,0.992249
437,0,3,2,0.835283,0.564077,0.675312,0.881064
437,0,3,3,1.232369,0.784587,0.636649,0.937516
437,0,3,4,2.397376,1.856104,0.774223,0.990135
437,0,3,5,1.650652,2.095818,1.269691,0.978332
437,0,3,6,2.442358,2.311123,0.946267,0.992045
437,0,3,7,0.631209,0.982586,1.556671,0.954025
437,0,3,8,7.856305,8.300787,1.056577,0.996827
437,0,3,9,2.306662,2.461101,1.066954,0.992401
437,0,3,10,3.212823,1.515442,0.471686,0.971259
437,0,3,11,0.375704,1.954442,5.202080,0.722304
437,0,3,12,2.567322,2.430623,0.946755,0.988923
437,0,3,13,6.526776,7.180222,1.100118,0.996500
437,0,3,14,1.029272,0.925485,0.899164,0.954739
437,0,3,15,2.459975,2.205832,0.896689,0.995001
437,0,4,0,2.609878,2.252800,0.863182,0.983622
437,0,4,1,1.654682,1.835122,1.109048,0.975433
437,0,4,2,0.732819,0.898927,1.226670,0.948584
437,0,4,3,2.444011,2.645253,1.082341,0.996526
437,0,4,4,3.757571,4.007185,1.066430,0.993083
437,0,4,5,1.595986,2.450094,1.535160,0.974860
437,0,4,6,1.351450,2.425787,1.794952,0.942571
437,0,4,7,1.821050,1.427675,0.783984,0.983958
437,0,4,8,-0.254280,-0.002037,0.008010,0.902771
437,0,4,9,0.802761,0.807257,1.005601,0.968070
437,0,4,10,6.905475,6.668520,0.965686,0.993561
437,0,4,11,4.300878,3.991421,0.928048,0.993513
437,0,4,12,1.777175,1.593140,0.896445,0.992509
437,0,4,13,4.322668,4.570263,1.057278,0.993170
437,0,4,14,1.502986,1.241719,0.826168,0.985361
437,0,4,15,1.171765,1.875952,1.600962,0.973896
437,0,5,0,10.158310,10.295998,1.013554,0.995814
437,0,5,1,3.609535,2.353347,0.651981,0.938927
437,0,5,2,7.789710,7.010669,0.899991,0.990294
437,0,5,3,2.768437,2.268257,0.819328,0.987304
437,0,5,4,10.159341,10.680043,1.051254,0.997435
437,0,5,5,8.939308,9.149837,1.023551,0.997470
437,0,5,6,14.453483,15.578004,1.077803,0.998312
437,0,5,7,2.646134,3.546785,1.340365,0.960579
437,0,5,8,2.926211,3.656871,1.249695,0.971792
437,0,5,9,4.471952,4.674670,1.045331,0.986343
437,0,5,10,5.808321,4.452828,0.766629,0.996728
437,0,5,11,4.361233,4.002634,0.917776,0.953770
437,0,5,12,2.096344,1.694222,0.808180,0.933442
437,0,5,13,5.199238,5.058185,0.972870,0.998823
437,0,5,14,6.338010,5.871448,0.926387,0.986646
437,0,5,15,0.944135,0.646558,0.684815,0.764143
437,0,6,0,2.653017,2.736571,1.031494,0.937042
437,0,6,1,4.983321,4.092509,0.821241,0.991251
437,0,6,2,5.277130,4.366781,0.827492,0.997550
437,0,6,3,2.238119,2.379744,1.063279,0.933504
437,0,6,4,4.642509,5.563917,1.198472,0.982944
437,0,6,5,3.264816,2.465717,0.755239,0.969169
437,0,6,6,11.656337,11.142226,0.955894,0.994490
437,0,6,7,7.459006,7.876598,1.055985,0.995922
437,0,6,8,5.174483,3.754411,0.725562,0.990244
437,0,6,9,12.135315,11.495939,0.947313,0.998359
437,0,6,10,1.758637,1.811579,1.030104,0.900960
437,0,6,11,3.633952,3.706148,1.019867,0.961482
437,0,6,12,12.733025,12.128259,0.952504,0.997784
437,0,6,13,-0.253683,-0.515896,2.033626,0.733597
437,0,6,14,2.329961,2.060930,0.884534,0.958803
437,0,6,15,3.952541,3.864781,0.977797,0.980180
437,0,7,0,9.135097,9.617265,1.052782,0.994680
437,0,7,1,4.428455,4.352955,0.982951,0.983846
437,0,7,2,3.249769,3.110623,0.957183,0.996085
437,0,7,3,6.452108,5.683208,0.880830,0.982849
437,0,7,4,3.466712,1.607980,0.463834,0.892525
437,0,7,5,2.246989,2.738563,1.218770,0.857962
437,0,7,6,7.975414,7.607169,0.953828,0.979339
437,0,7,7,3.116142,4.079115,1.309027,0.978194
437,0,7,8,6.412502,6.150724,0.959177,0.995774
437,0,7,9,10.293447,9.730860,0.945345,0.997435
437,0,7,10,25.176666,25.546604,1.014694,0.999033
437,0,7,11,6.086893,5.974113,0.981472,0.997828
437,0,7,12,10.120638,9.862309,0.974475,0.992872
437,0,7,13,5.845549,5.270171,0.901570,0.987981
437,0,7,14,3.807957,2.964193,0.778421,0.980287
437,0,7,15,0.580809,-0.359961,-0.619757,0.557280
437,0,8,0,2.971788,3.832036,1.289471,0.978512
437,0,8,1,5.165666,4.476576,0.866602,0.974593
437,0,8,2,2.586398,1.593615,0.616152,0.838250
437,0,8,3,4.497173,3.671136,0.816321,0.986102
437,0,8,4,11.464965,11.546326,1.007096,0.997412
437,0,8,5,-1.683400,-1.862693,1.106507,0.972865
437,0,8,6,3.464977,3.963720,1.143938,0.980196
437,0,8,7,6.825356,7.831408,1.147399,0.996160
437,0,8,8,5.486313,5.344879,0.974221,0.996151
437,0,8,9,5.029151,5.086689,1.011441,0.992151
437,0,8,10,6.443218,6.323745,0.981458,0.993178
437,0,8,11,5.099435,5.640856,1.106173,0.992366
437,0,8,12,3.069342,3.338481,1.087686,0.955075
437,0,8,13,6.011200,6.028882,1.002941,0.988931
437,0,8,14,3.906272,4.419767,1.131454,0.974969
437,0,8,15,0.717522,0.609926,0.850044,0.428865
437,0,9,0,3.238241,3.309939,1.022141,0.984976
437,0,9,1,1.430849,0.011780,0.008233,0.543054
437,0,9,2,2.791211,2.187043,0.783546,0.984966
437,0,9,3,5.606918,5.796052,1.033732,0.994140
437,0,9,4,4.753879,5.433736,1.143011,0.991258
437,0,9,5,5.144902,6.137651,1.192958,0.990560
437,0,9,6,8.402536,9.326934,1.110014,0.995912
437,0,9,7,6.285505,5.959150,0.948078,0.998869
437,0,9,8,0.905450,0.012198,0.013471,0.612647
437,0,9,9,6.778710,6.922393,1.021196,0.995278
437,0,9,10,6.977063,6.208004,0.889773,0.995116
437,0,9,11,4.803064,3.483694,0.725306,0.989870
437,0,9,12,4.897962,5.254079,1.072707,0.911797
437,0,9,13,3.146973,2.609771,0.829296,0.989377
437,0,9,14,5.882175,6.171776,1.049234,0.996366
437,0,9,15,9.734017,9.342583,0.959787,0.998670
437,0,10,0,3.942459,2.322487,0.589096,0.934547
437,0,10,1,17.894083,17.435316,0.974362,0.997605
437,0,10,2,5.303156,4.582491,0.864106,0.989937
437,0,10,3,3.034040,1.885026,0.621292,0.954997
437,0,10,4,7.282936,6.655210,0.913809,0.999053
437,0,10,5,9.162980,9.322407,1.017399,0.997912
437,0,10,6,9.016767,8.693519,0.964150,0.991724
437,0,10,7,6.465999,5.232235,0.809192,0.998704
437,0,10,8,6.800331,7.119524,1.046938,0.994866
437,0,10,9,7.498838,7.348544,0.979958,0.985074
437,0,10,10,11.634569,11.090607,0.953246,0.984413
437,0,10,11,7.550659,7.479897,0.990628,0.996187
437,0,10,12,4.519409,3.109307,0.687990,0.984410
437,0,10,13,10.506130,11.070611,1.053729,0.997467
437,0,10,14,4.146211,3.118441,0.752118,0.945893
437,0,10,15,4.685761,4.959153,1.058345,0.992870
437,0,11,0,8.294479,8.460930,1.020068,0.999479
437,0,11,1,9.579926,10.461828,1.092057,0.999236
437,0,11,2,4.672257,5.037508,1.078174,0.994386
437,0,11,3,-0.669471,-1.388094,2.073420,0.812387
437,0,11,4,4.020227,2.535848,0.630772,0.942059
437,0,11,5,3.958522,4.936279,1.247000,0.981458
437,0,11,6,5.686015,5.885140,1.035020,0.892054
437,0,11,7,3.584974,3.125844,0.871930,0.885853
437,0,11,8,3.260531,3.078392,0.944138,0.987410
437,0,11,9,3.762669,3.057047,0.812468,0.993266
437,0,11,10,2.045604,1.260994,0.616441,0.783439
437,0,11,11,6.489957,5.360975,0.826042,0.997167
437,0,11,12,3.851301,1.791117,0.465068,0.878280
437,0,11,13,10.502844,11.305547,1.076427,0.998528
437,0,11,14,4.296971,5.146277,1.197652,0.989587
437,0,11,15,9.237297,9.794622,1.060334,0.998859
437,0,12,0,-2.739828,-3.243166,1.183711,0.986877
437,0,12,1,7.988090,8.843196,1.107048,0.989646
437,0,12,2,1.185518,2.092305,1.764887,0.917532
437,0,12,3,-3.390408,-3.716094,1.096061,0.999778
437,0,12,4,2.723329,3.612768,1.326600,0.970919
437,0,12,5,2.259929,2.754361,1.218782,0.872279
437,0,12,6,0.722044,1.780915,2.466489,0.883997
437,0,12,7,4.642144,4.269509,0.919728,0.966757
437,0,12,8,3.813392,3.647726,0.956557,0.909288
437,0,12,9,7.466890,8.676932,1.162054,0.998651
437,0,12,10,3.231858,2.607878,0.806929,0.994836
437,0,12,11,3.182113,3.754413,1.179849,0.922143
437,0,12,12,3.960453,5.543664,1.399755,0.976233
437,0,12,13,2.817948,2.759220,0.979159,0.898584
437,0,12,14,4.580488,4.940561,1.078610,0.944637
437,0,12,15,2.302954,2.424372,1.052723,0.693360
437,0,13,0,4.274677,3.547087,0.829791,0.927113
437,0,13,1,3.910266,3.888823,0.994516,0.930104
437,0,13,2,1.381679,1.936644,1.401660,0.861966
437,0,13,3,3.540454,3.620185,1.022520,0.920845
437,0,13,4,8.577864,8.039779,0.937271,0.986032
437,0,13,5,3.765744,2.334835,0.620020,0.982135
437,0,13,6,7.991386,8.398288,1.050918,0.998027
437,0,13,7,1.896861,1.404435,0.740400,0.924172
437,0,13,8,2.678744,1.391222,0.519356,0.914430
437,0,13,9,3.240097,3.538801,1.092190,0.910001
437,0,13,10,2.931281,3.829472,1.306416,0.922261
437,0,13,11,4.920840,4.184771,0.850418,0.893420
437,0,13,12,4.735481,4.234642,0.894237,0.941578
437,0,13,13,-0.791101,-0.716700,0.905953,0.778401
437,0,13,14,4.718469,4.545938,0.963435,0.939641
437,0,13,15,-2.051889,-2.608155,1.271100,0.996300
437,0,14,0,1.900721,1.858931,0.978014,0.726042
437,0,14,1,9.810403,8.947374,0.912029,0.997237
437,0,14,2,4.486788,4.776752,1.064626,0.955276
437,0,14,3,1.481020,1.538277,1.038660,0.740757
437,0,14,4,5.099626,5.561901,1.090649,0.971351
437,0,14,5,1.602942,0.566168,0.353205,0.625269
437,0,14,6,1.582280,1.503816,0.950411,0.683499
437,0,14,7,5.735760,3.615269,0.630303,0.951694
437,0,14,8,2.990130,2.806310,0.938525,0.893879
437,0,14,9,0.740420,1.688006,2.279795,0.416571
437,0,14,10,0.916439,0.011464,0.012509,0.165218
437,0,14,11,2.707972,3.528463,1.302991,0.895405
437,0,14,12,2.424949,2.493089,1.028100,0.897479
437,0,14,13,1.484928,2.067726,1.392475,0.711726
437,0,14,14,4.118455,4.328228,1.050935,0.949591
437,0,14,15,1.377820,2.493577,1.809799,0.777094
437,0,15,0,4.382071,4.741098,1.081931,0.987814
437,0,15,1,2.819432,2.674474,0.948586,0.968163
437,0,15,2,4.832971,4.039804,0.835884,0.989106
437,0,15,3,3.622091,3.521576,0.972250,0.985758
437,0,15,4,-3.469859,-3.550570,1.023260,0.999274
437,0,15,5,3.643611,3.930893,1.078845,0.989098
437,0,15,6,0.297132,1.610000,5.418471,0.617530
437,0,15,7,2.840484,2.343221,0.824937,0.946886
437,0,15,8,3.645983,3.960308,1.086211,0.971505
437,0,15,9,3.760116,3.613428,0.960988,0.985866
437,0,15,10,-2.201960,-1.838368,0.834878,0.985198
437,0,15,11,3.999031,3.465968,0.866702,0.978663
437,0,15,12,5.577657,5.967028,1.069809,0.997003
437,0,15,13,2.587604,2.267169,0.876165,0.952193
437,0,15,14,3.871391,3.856753,0.996219,0.979219
437,0,15,15,1.735837,0.156932,0.090407,0.516838
1,0,0,0,-0.269094,0.656947,-2.441330,0.271279
1,0,0,1,-0.515771,-0.314027,0.608849,0.963227
1,0,0,2,-0.606222,-0.780274,1.287110,0.964950
1,0,0,3,-1.320788,-1.375950,1.041764,0.989500
1,0,0,4,-0.949825,-1.202829,1.266369,0.965320
1,0,0,5,1.077549,0.214875,0.199411,0.843508
1,0,0,6,1.512618,0.949601,0.627786,0.934574
1,0,0,7,-1.773830,-1.946975,1.097611,0.995938
1,0,0,8,1.612234,1.208960,0.749866,0.980572
1,0,0,9,-0.080898,-0.443615,5.483618,0.913433
1,0,0,10,0.680009,0.588101,0.864843,0.974057
1,0,0,11,-0.129352,1.011264,-7.817925,0.299652
1,0,0,12,0.735352,0.479332,0.651840,0.825634
1,0,0,13,-1.512699,-1.600826,1.058258,0.978496
1,0,0,14,0.544288,0.512395,0.941404,0.983953
1,0,0,15,-0.297545,-0.368443,1.238278,0.997052
1,0,1,0,0.647829,0.712003,1.099060,0.990349
1,0,1,1,0.660148,0.531957,0.805815,0.970839
1,0,1,2,1.641922,1.677659,1.021765,0.984888
1,0,1,3,0.355162,1.469514,4.137593,0.816933
1,0,1,4,0.705371,0.792888,1.124072,0.975533
1,0,1,5,1.118223,2.274413,2.033953,0.949254
1,0,1,6,2.017714,1.948833,0.965862,0.996955
1,0,1,7,0.830440,1.044866,1.258208,0.980090
1,0,1,8,0.374101,1.143001,3.055330,0.893510
1,0,1,9,-0.476972,-0.259932,0.544962,0.761110
1,0,1,10,1.020319,0.779808,0.764279,0.971985
1,0,1,11,1.620857,1.092940,0.674298,0.984991
1,0,1,12,-0.524834,-0.847755,1.615284,0.970892
1,0,1,13,1.557272,1.345523,0.864025,0.973257
1,0,1,14,-0.452576,0.142088,-0.313955,0.504710
1,0,1,15,3.569757,4.319447,1.210011,0.988321
1,0,2,0,2.414063,2.135370,0.884554,0.993502
1,0,2,1,2.346842,2.306098,0.982639,0.974548
1,0,2,2,0.330835,0.667290,2.016985,0.907356
1,0,2,3,0.363205,0.693140,1.908400,0.914912
1,0,2,4,0.778301,1.023732,1.315342,0.977642
1,0,2,5,3.682790,3.634525,0.986895,0.990917
1,0,2,6,1.466424,1.676078,1.142969,0.976371
1,0,2,7,0.459566,0.757043,1.647301,0.925923
1,0,2,8,0.370941,0.481705,1.298602,0.955472
1,0,2,9,4.258166,3.544252,0.832342,0.998192
1,0,2,10,0.485451,1.142511,2.353506,0.887517
1,0,2,11,2.066709,2.396139,1.159398,0.990399
1,0,2,12,0.379059,0.781424,2.061482,0.909821
1,0,2,13,0.405060,0.454183,1.121272,0.971801
1,0,2,14,-0.556945,-0.680641,1.222098,0.924003
1,0,2,15,0.286524,0.853729,2.979603,0.807004
1,0,3,0,1.245406,1.274869,1.023657,0.867361
1,0,3,1,2.324765,1.989972,0.855989,0.988950
1,0,3,2,0.985134,0.691765,0.702204,0.914106
1,0,3,3,1.225324,0.806065,0.657838,0.945401
1,0,3,4,2.429928,1.828774,0.752604,0.987454
1,0,3,5,2.062947,2.509714,1.216567,0.987870
1,0,3,6,2.181376,1.990103,0.912316,0.989501
1,0,3,7,0.717597,1.071980,1.493846,0.952163
1,0,3,8,7.470581,7.650394,1.024070,0.996609
1,0,3,9,2.710142,2.971864,1.096572,0.992622
1,0,3,10,3.316085,1.706712,0.514677,0.980995
1,0,3,11,0.392279,1.787974,4.557919,0.751973
1,0,3,12,2.460045,2.298035,0.934143,0.987476
1,0,3,13,6.675042,7.350523,1.101195,0.996027
1,0,3,14,1.224135,1.093383,0.893188,0.953068
1,0,3,15,2.395597,2.047360,0.854634,0.994277
1,0,4,0,2.702217,2.449102,0.906330,0.987442
1,0,4,1,2.155283,2.384646,1.106419,0.985333
1,0,4,2,0.746052,0.972065,1.302946,0.953870
1,0,4,3,2.490861,2.782999,1.117284,0.996257
1,0,4,4,3.689843,4.008676,1.086408,0.991994
1,0,4,5,1.764430,2.630876,1.491062,0.978259
1,0,4,6,1.684791,2.674970,1.587716,0.968775
1,0,4,7,1.895859,1.520805,0.802172,0.986423
1,0,4,8,-0.326999,0.056043,-0.171385,0.863286
1,0,4,9,0.788734,0.808568,1.025147,0.965995
1,0,4,10,7.012360,7.024532,1.001736,0.992551
1,0,4,11,4.637009,4.347159,0.937492,0.995245
1,0,4,12,1.855269,1.701242,0.916979,0.994178
1,0,4,13,4.219988,4.551070,1.078456,0.991654
1,0,4,14,1.535564,1.323334,0.861790,0.988151
1,0,4,15,1.341610,2.095730,1.562101,0.980899
1,0,5,0,10.973421,11.062697,1.008136,0.996678
1,0,5,1,3.535709,2.223147,0.628770,0.922323
1,0,5,2,7.457372,6.851803,0.918796,0.988329
1,0,5,3,2.791702,2.376546,0.851289,0.990011
1,0,5,4,9.776045,10.401673,1.063996,0.997606
1,0,5,5,7.857893,8.048232,1.024223,0.996919
1,0,5,6,13.510159,14.528526,1.075378,0.998114
1,0,5,7,2.671224,3.676623,1.376381,0.962352
1,0,5,8,3.402517,4.028559,1.183994,0.976634
1,0,5,9,4.625899,4.984101,1.077434,0.987449
1,0,5,10,5.937918,4.500914,0.757995,0.996927
1,0,5,11,4.436608,4.286550,0.966177,0.943657
1,0,5,12,1.350585,0.957314,0.708814,0.869023
1,0,5,13,5.485824,5.342989,0.973963,0.998842
1,0,5,14,6.739202,6.392221,0.948513,0.987618
1,0,5,15,1.012269,0.699241,0.690766,0.780895
1,0,6,0,3.024374,3.079264,1.018149,0.947924
1,0,6,1,5.476912,4.636042,0.846470,0.992548
1,0,6,2,5.176183,4.241912,0.819506,0.997132
1,0,6,3,1.895552,2.084507,1.099684,0.914452
1,0,6,4,4.892964,5.913100,1.208490,0.985692
1,0,6,5,3.851645,2.903260,0.753771,0.979956
1,0,6,6,12.528366,11.970355,0.955460,0.993773
1,0,6,7,8.122526,8.311905,1.023315,0.998094
1,0,6,8,5.263680,3.887903,0.738628,0.993774
1,0,6,9,11.887362,11.335681,0.953591,0.998177
1,0,6,10,2.214631,2.250599,1.016241,0.929551
1,0,6,11,2.744254,2.976224,1.084530,0.913258
1,0,6,12,12.293318,11.703165,0.951994,0.997887
1,0,6,13,-0.411156,-0.696568,1.694168,0.749333
1,0,6,14,2.621793,2.175644,0.829831,0.966290
1,0,6,15,4.244427,4.267205,1.005366,0.983712
1,0,7,0,9.553324,9.974723,1.044110,0.995736
1,0,7,1,5.497873,5.436240,0.988790,0.990536
1,0,7,2,3.523337,3.542886,1.005548,0.996984
1,0,7,3,6.639419,6.120656,0.921866,0.981165
1,0,7,4,4.234377,2.390686,0.564590,0.939605
1,0,7,5,3.308696,3.625855,1.095856,0.924387
1,0,7,6,8.513283,8.186230,0.961583,0.981952
1,0,7,7,3.920455,4.896388,1.248933,0.986610
1,0,7,8,6.706099,6.668525,0.994397,0.997058
1,0,7,9,11.005859,10.471680,0.951464,0.998609
1,0,7,10,25.417427,25.684700,1.010515,0.999150
1,0,7,11,5.813952,5.434421,0.934721,0.997875
1,0,7,12,11.373769,11.310659,0.994451,0.995173
1,0,7,13,6.714515,5.874247,0.874858,0.991835
1,0,7,14,4.339165,3.547215,0.817488,0.983656
1,0,7,15,0.930464,-0.214123,-0.230125,0.507424
1,0,8,0,3.673086,4.295235,1.169380,0.985109
1,0,8,1,5.400804,4.771227,0.883429,0.980142
1,0,8,2,3.108709,2.091147,0.672674,0.880670
1,0,8,3,5.242676,4.237241,0.808221,0.989083
1,0,8,4,11.103932,11.398890,1.026563,0.998987
1,0,8,5,-1.789968,-2.015892,1.126216,0.962789
1,0,8,6,4.263502,4.629950,1.085950,0.987761
1,0,8,7,6.415232,7.491364,1.167746,0.995458
1,0,8,8,5.358191,5.199853,0.970449,0.996114
1,0,8,9,5.590806,5.615672,1.004448,0.993939
1,0,8,10,6.713863,6.409173,0.954618,0.994127
1,0,8,11,5.200933,5.557486,1.068556,0.992511
1,0,8,12,3.678671,3.698392,1.005361,0.964326
1,0,8,13,7.010082,6.637459,0.946845,0.993809
1,0,8,14,4.586775,5.022099,1.094909,0.982853
1,0,8,15,0.909453,0.942520,1.036359,0.535902
1,0,9,0,3.188128,3.054594,0.958115,0.985740
1,0,9,1,1.911961,0.437444,0.228793,0.681701
1,0,9,2,2.667500,1.977855,0.741464,0.979230
1,0,9,3,5.644404,6.011001,1.064949,0.995241
1,0,9,4,5.783745,6.584770,1.138496,0.994912
1,0,9,5,5.578742,6.402212,1.147609,0.992489
1,0,9,6,8.063352,8.948227,1.109740,0.995210
1,0,9,7,5.668892,5.272626,0.930098,0.998402
1,0,9,8,0.519993,-0.227479,-0.437466,0.568791
1,0,9,9,6.863303,6.960796,1.014205,0.995353
1,0,9,10,7.846827,6.792116,0.865588,0.996799
1,0,9,11,5.784725,4.412830,0.762842,0.994089
1,0,9,12,5.154732,5.429674,1.053338,0.904134
1,0,9,13,2.945496,2.357671,0.800433,0.986508
1,0,9,14,5.676814,5.907629,1.040659,0.996360
1,0,9,15,9.758898,9.312038,0.954210,0.999001
1,0,10,0,3.850634,2.261113,0.587205,0.934421
1,0,10,1,18.296932,18.181107,0.993670,0.997419
1,0,10,2,5.414602,4.576958,0.845299,0.989009
1,0,10,3,3.794317,2.702845,0.712340,0.978495
1,0,10,4,7.389182,6.909098,0.935029,0.999254
1,0,10,5,9.852047,10.190114,1.034314,0.998820
1,0,10,6,9.611911,9.308386,0.968422,0.993874
1,0,10,7,7.207996,5.868747,0.814200,0.999145
1,0,10,8,6.893744,7.134490,1.034922,0.994569
1,0,10,9,7.084187,7.172731,1.012499,0.982813
1,0,10,10,11.462232,10.870618,0.948386,0.983407
1,0,10,11,8.108925,7.820536,0.964436,0.996800
1,0,10,12,4.608169,3.072819,0.666820,0.982235
1,0,10,13,11.063717,11.529737,1.042121,0.997903
1,0,10,14,4.032830,3.114841,0.772371,0.941688
1,0,10,15,5.003181,5.161191,1.031582,0.992868
1,0,11,0,8.612270,8.855633,1.028258,0.999519
1,0,11,1,10.230051,11.230462,1.097791,0.999785
1,0,11,2,5.006994,5.514264,1.101312,0.994289
1,0,11,3,-1.259018,-2.084539,1.655687,0.839453
1,0,11,4,4.041110,2.729195,0.675358,0.953556
1,0,11,5,4.067636,4.972474,1.222448,0.983484
1,0,11,6,6.151068,6.495254,1.055955,0.898912
1,0,11,7,3.588216,3.098239,0.863448,0.893511
1,0,11,8,3.711714,3.547193,0.955675,0.988792
1,0,11,9,4.209933,3.624686,0.860984,0.996816
1,0,11,10,1.711004,1.110796,0.649207,0.768407
1,0,11,11,6.375784,5.273418,0.827101,0.996465
1,0,11,12,3.877684,1.964059,0.506503,0.899754
1,0,11,13,10.224009,11.102123,1.085888,0.999391
1,0,11,14,4.607469,5.540570,1.202519,0.992325
1,0,11,15,9.957415,10.689182,1.073490,0.999591
1,0,12,0,-2.783011,-3.381123,1.214915,0.987044
1,0,12,1,7.804803,8.492863,1.088158,0.991052
1,0,12,2,1.459880,2.658984,1.821372,0.913049
1,0,12,3,-3.388684,-3.708443,1.094361,0.999722
1,0,12,4,2.930508,4.022200,1.372526,0.974575
1,0,12,5,2.652951,3.179736,1.198566,0.908268
1,0,12,6,0.881447,2.198581,2.494286,0.876347
1,0,12,7,4.947854,4.477040,0.904845,0.970498
1,0,12,8,4.010467,3.985662,0.993815,0.926802
1,0,12,9,7.459281,8.833285,1.184201,0.998859
1,0,12,10,3.583894,3.001143,0.837397,0.996742
1,0,12,11,3.227211,3.918984,1.214356,0.931649
1,0,12,12,4.420116,5.944668,1.344912,0.981327
1,0,12,13,2.616370,2.542994,0.971955,0.855558
1,0,12,14,4.606050,5.357778,1.163205,0.953247
1,0,12,15,2.530663,2.404704,0.950227,0.733591
1,0,13,0,4.627007,3.959486,0.855734,0.936089
1,0,13,1,4.261903,4.540771,1.065433,0.949391
1,0,13,2,1.212383,1.807557,1.490912,0.842598
1,0,13,3,3.938207,4.197216,1.065768,0.941547
1,0,13,4,8.402308,8.140409,0.968830,0.989362
1,0,13,5,4.376156,3.011523,0.688166,0.991192
1,0,13,6,7.300506,7.840244,1.073932,0.998711
1,0,13,7,1.886539,1.699312,0.900756,0.926585
1,0,13,8,2.530326,1.085750,0.429095,0.886017
1,0,13,9,3.407898,3.961181,1.162353,0.930975
1,0,13,10,3.090367,3.967067,1.283688,0.937643
1,0,13,11,5.204598,4.634372,0.890438,0.909137
1,0,13,12,4.975687,4.558257,0.916106,0.946112
1,0,13,13,-1.062833,-0.927982,0.873121,0.819958
1,0,13,14,4.878222,5.001711,1.025315,0.948864
1,0,13,15,-2.039155,-2.633633,1.291532,0.996602
1,0,14,0,2.137719,2.117031,0.990322,0.759144
1,0,14,1,9.797510,8.692032,0.887167,0.997306
1,0,14,2,4.731997,5.311884,1.122546,0.963098
1,0,14,3,1.572730,1.688126,1.073373,0.761920
1,0,14,4,5.331505,6.031528,1.131299,0.977147
1,0,14,5,1.424357,0.234879,0.164902,0.430061
1,0,14,6,1.853788,1.823401,0.983608,0.752955
1,0,14,7,6.028088,3.944188,0.654302,0.963908
1,0,14,8,3.108422,3.092694,0.994940,0.895698
1,0,14,9,0.838376,1.884077,2.247293,0.470970
1,0,14,10,0.979513,-0.053293,-0.054408,0.070177
1,0,14,11,2.742685,3.808642,1.388655,0.901215
1,0,14,12,2.558449,2.856893,1.116650,0.907122
1,0,14,13,1.626241,2.248994,1.382940,0.756563
1,0,14,14,4.306485,4.675457,1.085678,0.954571
1,0,14,15,1.402141,2.878243,2.052749,0.781742
1,0,15,0,4.273771,4.646216,1.087147,0.986928
1,0,15,1,2.828671,2.632226,0.930552,0.966124
1,0,15,2,4.773543,4.002192,0.838411,0.988815
1,0,15,3,3.507637,3.461553,0.986862,0.984921
1,0,15,4,-3.357831,-3.358481,1.000194,0.999005
1,0,15,5,3.657262,4.007185,1.095679,0.989201
1,0,15,6,0.350165,1.300288,3.713355,0.685563
1,0,15,7,3.110049,2.631402,0.846097,0.961435
1,0,15,8,3.681637,4.073137,1.106339,0.972949
1,0,15,9,3.887696,3.715229,0.955638,0.987477
1,0,15,10,-2.113417,-1.818001,0.860219,0.988266
1,0,15,11,4.079881,3.580856,0.877687,0.981203
1,0,15,12,6.015341,6.586390,1.094932,0.998019
1,0,15,13,2.435091,1.735735,0.712801,0.916394
1,0,15,14,3.481944,3.044077,0.874246,0.967079
1,0,15,15,1.632138,-0.132206,-0.081002,0.143830
88,0,0,0,-0.209414,0.732945,-3.499988,0.258670
88,0,0,1,-0.698282,-0.500998,0.717473,0.974825
88,0,0,2,0.695786,0.562751,0.808799,0.966847
88,0,0,3,-1.062481,-1.445325,1.360330,0.980052
88,0,0,4,0.314101,-0.226734,-0.721851,0.666961
88,0,0,5,1.275433,0.203420,0.159491,0.811360
88,0,0,6,1.419200,0.864311,0.609013,0.921667
88,0,0,7,-2.098056,-2.220070,1.058156,0.996897
88,0,0,8,1.813760,1.325659,0.730890,0.982001
88,0,0,9,0.079702,-0.461233,-5.786949,0.823835
88,0,0,10,-0.249117,-0.242200,0.972232,0.961670
88,0,0,11,0.017009,1.163482,68.404742,0.355464
88,0,0,12,1.099826,0.612492,0.556899,0.848439
88,0,0,13,-2.048548,-2.197515,1.072718,0.987283
88,0,0,14,1.016301,0.807513,0.794561,0.963185
88,0,0,15,-0.463704,-0.553386,1.193403,0.996831
88,0,1,0,0.710447,0.782023,1.100749,0.990829
88,0,1,1,0.732850,0.655950,0.895068,0.982153
88,0,1,2,1.547995,1.705646,1.101842,0.982909
88,0,1,3,0.282299,1.372965,4.863509,0.777705
88,0,1,4,0.153207,0.224425,1.464849,0.947752
88,0,1,5,1.082505,2.245575,2.074425,0.945029
88,0,1,6,2.424733,2.390868,0.986033,0.997235
88,0,1,7,0.736839,0.984424,1.336010,0.974332
88,0,1,8,0.391839,1.185650,3.025863,0.891790
88,0,1,9,-0.453085,-0.244043,0.538624,0.741305
88,0,1,10,0.975438,0.721268,0.739430,0.972599
88,0,1,11,1.678447,1.129056,0.672679,0.986135
88,0,1,12,-0.538848,-0.855440,1.587536,0.969091
88,0,1,13,1.695464,1.403373,0.827722,0.965666
88,0,1,14,-0.922317,-0.224941,0.243887,0.746315
88,0,1,15,3.164173,4.138551,1.307941,0.979242
88,0,2,0,2.329725,2.003756,0.860083,0.992114
88,0,2,1,1.590970,1.549867,0.974164,0.955464
88,0,2,2,0.299499,0.624577,2.085407,0.891290
88,0,2,3,0.290551,0.614094,2.113552,0.894074
88,0,2,4,0.586111,0.803173,1.370343,0.968581
88,0,2,5,3.426282,3.520774,1.027579,0.986806
88,0,2,6,1.340161,1.529287,1.141122,0.970677
88,0,2,7,0.408524,0.692004,1.693912,0.920549
88,0,2,8,0.670175,0.823101,1.228187,0.972805
88,0,2,9,4.485400,3.762717,0.838881,0.998355
88,0,2,10,0.254393,0.940963,3.698852,0.816005
88,0,2,11,1.702499,2.064795,1.212802,0.986408
88,0,2,12,0.343146,0.713407,2.079022,0.893116
88,0,2,13,0.943433,0.799955,0.847920,0.966034
88,0,2,14,-0.659101,-0.760232,1.153437,0.940195
88,0,2,15,0.208438,0.752533,3.610340,0.783860
88,0,3,0,0.849468,1.086015,1.278465,0.800750
88,0,3,1,2.159766,1.790242,0.828906,0.985353
88,0,3,2,0.957304,0.679478,0.709783,0.908580
88,0,3,3,1.361830,0.934244,0.686021,0.955471
88,0,3,4,2.342429,1.717521,0.733222,0.985107
88,0,3,5,1.645727,2.129100,1.293714,0.980914
88,0,3,6,2.059009,1.849229,0.898116,0.987858
88,0,3,7,0.517456,0.841896,1.626989,0.946143
88,0,3,8,7.995200,8.210999,1.026991,0.997238
88,0,3,9,2.273170,2.602703,1.144966,0.991542
88,0,3,10,3.303571,1.814116,0.549138,0.982600
88,0,3,11,0.535887,1.999998,3.732128,0.795307
88,0,3,12,2.826796,2.824850,0.999311,0.987694
88,0,3,13,6.792159,7.886024,1.161048,0.995422
88,0,3,14,1.147182,1.029593,0.897497,0.942376
88,0,3,15,2.357654,1.979139,0.839453,0.993849
88,0,4,0,2.460275,2.354857,0.957152,0.987807
88,0,4,1,1.945533,2.282951,1.173432,0.983699
88,0,4,2,0.633594,0.897562,1.416620,0.941680
88,0,4,3,2.581156,2.870739,1.112191,0.996409
88,0,4,4,3.896336,4.186427,1.074452,0.993331
88,0,4,5,1.666449,2.609746,1.566052,0.974456
88,0,4,6,1.564763,2.606966,1.666046,0.964053
88,0,4,7,1.860110,1.510280,0.811931,0.986949
88,0,4,8,-0.267955,0.041195,-0.153738,0.868504
88,0,4,9,0.683651,0.766274,1.120856,0.960828
88,0,4,10,7.556395,7.823639,1.035367,0.994209
88,0,4,11,5.173171,4.829155,0.933500,0.996109
88,0,4,12,1.697312,1.520291,0.895705,0.992654
88,0,4,13,3.246793,3.759714,1.157978,0.983584
88,0,4,14,1.496534,1.273870,0.851213,0.987521
88,0,4,15,1.293137,2.092593,1.618230,0.978119
88,0,5,0,10.563209,10.644738,1.007718,0.995784
88,0,5,1,3.039083,1.629841,0.536294,0.864483
88,0,5,2,7.517244,7.095380,0.943880,0.986858
88,0,5,3,2.971594,2.637892,0.887703,0.991496
88,0,5,4,9.359065,9.967280,1.064987,0.997355
88,0,5,5,8.486146,8.564211,1.009199,0.997727
88,0,5,6,15.387286,16.281916,1.058141,0.998621
88,0,5,7,2.464342,3.358559,1.362863,0.956334
88,0,5,8,3.311017,3.941256,1.190346,0.977518
88,0,5,9,4.340158,4.797091,1.105280,0.985709
88,0,5,10,5.935195,4.437917,0.747729,0.997140
88,0,5,11,5.669429,5.505046,0.971005,0.970400
88,0,5,12,1.683594,1.349306,0.801444,0.904075
88,0,5,13,5.785330,5.662991,0.978854,0.998993
88,0,5,14,6.240138,6.025163,0.965550,0.981756
88,0,5,15,1.776810,1.492850,0.840186,0.909764
88,0,6,0,3.055065,3.036793,0.994019,0.952226
88,0,6,1,5.599592,4.758715,0.849832,0.993553
88,0,6,2,5.397531,4.431917,0.821101,0.997305
88,0,6,3,2.119905,2.136991,1.008060,0.922969
88,0,6,4,4.673478,5.617936,1.202089,0.984546
88,0,6,5,3.829395,2.895365,0.756090,0.979968
88,0,6,6,13.221822,12.839854,0.971111,0.994950
88,0,6,7,7.673529,7.758233,1.011039,0.997215
88,0,6,8,5.299476,3.927016,0.741020,0.994192
88,0,6,9,14.074816,13.555313,0.963090,0.998795
88,0,6,10,2.198860,2.279674,1.036752,0.936046
88,0,6,11,2.896228,3.104099,1.071773,0.926303
88,0,6,12,13.162221,12.636494,0.960058,0.998256
88,0,6,13,-0.333566,-0.683439,2.048888,0.732325
88,0,6,14,2.665462,2.092710,0.785121,0.964617
88,0,6,15,4.128049,4.100321,0.993283,0.984929
88,0,7,0,8.047003,8.555275,1.063163,0.991962
88,0,7,1,5.464658,5.506562,1.007668,0.990924
88,0,7,2,3.364331,3.422087,1.017167,0.997098
88,0,7,3,6.691875,6.287923,0.939636,0.977506
88,0,7,4,4.510881,2.943002,0.652423,0.958091
88,0,7,5,3.558280,4.068369,1.143353,0.943003
88,0,7,6,8.017931,8.020005,1.000259,0.977740
88,0,7,7,3.697242,4.668003,1.262563,0.986631
88,0,7,8,6.673991,6.925016,1.037613,0.997479
88,0,7,9,11.225080,10.765132,0.959025,0.998484
88,0,7,10,26.187639,26.646255,1.017513,0.999182
88,0,7,11,5.857705,5.489268,0.937102,0.997644
88,0,7,12,10.697375,10.479612,0.979643,0.993424
88,0,7,13,6.271166,5.484128,0.874499,0.991102
88,0,7,14,4.625131,4.021030,0.869387,0.985014
88,0,7,15,1.447178,0.406009,0.280552,0.642804
88,0,8,0,3.558876,4.165842,1.170550,0.985554
88,0,8,1,5.095630,4.500339,0.883176,0.978398
88,0,8,2,2.726954,1.904807,0.698511,0.857215
88,0,8,3,5.653042,4.806716,0.850288,0.991446
88,0,8,4,11.334285,11.572173,1.020988,0.998250
88,0,8,5,-1.861296,-2.025571,1.088258,0.965676
88,0,8,6,3.970323,4.521747,1.138886,0.987962
88,0,8,7,7.009792,8.012749,1.143079,0.996839
88,0,8,8,5.481315,5.300231,0.966963,0.996206
88,0,8,9,5.174409,5.274464,1.019336,0.994027
88,0,8,10,6.597010,6.413114,0.972124,0.995085
88,0,8,11,5.821286,6.268643,1.076848,0.994932
88,0,8,12,3.600797,3.686922,1.023918,0.967512
88,0,8,13,6.377029,6.454950,1.012219,0.993155
88,0,8,14,4.261443,4.774734,1.120450,0.981561
88,0,8,15,0.965004,1.128150,1.169062,0.567012
88,0,9,0,3.053113,2.684810,0.879368,0.980490
88,0,9,1,2.092544,0.709831,0.339219,0.780163
88,0,9,2,2.402396,1.763360,0.734001,0.976234
88,0,9,3,5.566865,5.966696,1.071823,0.995820
88,0,9,4,5.547318,6.443165,1.161492,0.994553
88,0,9,5,5.220092,6.069056,1.162634,0.992119
88,0,9,6,8.283117,9.181818,1.108498,0.995388
88,0,9,7,5.546675,5.098219,0.919149,0.998013
88,0,9,8,1.029007,0.463169,0.450112,0.701208
88,0,9,9,6.319957,6.458451,1.021914,0.995058
88,0,9,10,7.622992,6.904500,0.905747,0.995906
88,0,9,11,6.009199,4.586683,0.763277,0.995256
88,0,9,12,4.391393,4.646151,1.058013,0.860935
88,0,9,13,2.634652,2.086243,0.791848,0.982922
88,0,9,14,6.471303,6.809886,1.052321,0.998077
88,0,9,15,10.374941,10.032890,0.967031,0.999165
88,0,10,0,4.010046,2.495738,0.622371,0.947404
88,0,10,1,18.329269,18.153568,0.990414,0.997702
88,0,10,2,5.301319,4.475079,0.844144,0.987639
88,0,10,3,4.012902,2.914456,0.726271,0.981706
88,0,10,4,7.255118,6.848901,0.944010,0.999235
88,0,10,5,9.808876,10.168328,1.036646,0.998429
88,0,10,6,10.157281,9.706215,0.955592,0.992857
88,0,10,7,7.438784,6.073945,0.816524,0.999285
88,0,10,8,7.247588,7.712476,1.064144,0.995944
88,0,10,9,6.938478,6.911724,0.996144,0.979713
88,0,10,10,12.343461,11.903152,0.964329,0.986883
88,0,10,11,7.337501,7.242069,0.986994,0.996358
88,0,10,12,4.436431,3.013772,0.679323,0.982964
88,0,10,13,11.120942,11.607571,1.043758,0.997783
88,0,10,14,4.212493,3.412601,0.810114,0.948375
88,0,10,15,5.001772,5.383741,1.076367,0.993756
88,0,11,0,9.054074,9.297926,1.026933,0.999539
88,0,11,1,11.465027,12.448581,1.085787,0.999559
88,0,11,2,4.885710,5.435883,1.112608,0.993837
88,0,11,3,-1.314463,-2.054835,1.563250,0.854803
88,0,11,4,4.080122,2.998034,0.734790,0.964664
88,0,11,5,4.704505,5.701500,1.211923,0.988658
88,0,11,6,5.869267,6.242521,1.063595,0.868471
88,0,11,7,4.032733,3.566655,0.884426,0.922251
88,0,11,8,3.885438,3.831648,0.986156,0.992533
88,0,11,9,4.982519,4.440831,0.891282,0.997577
88,0,11,10,2.008766,1.510804,0.752105,0.852737
88,0,11,11,6.361863,5.198563,0.817145,0.996145
88,0,11,12,3.583420,1.600734,0.446706,0.863229
88,0,11,13,12.187730,13.624948,1.117923,0.999417
88,0,11,14,4.697035,5.497416,1.170401,0.993437
88,0,11,15,11.463107,12.086354,1.054370,0.999128
88,0,12,0,-2.766389,-3.342928,1.208409,0.989721
88,0,12,1,8.525931,9.314129,1.092447,0.990033
88,0,12,2,1.545717,2.879345,1.862790,0.916407
88,0,12,3,-3.294055,-3.622097,1.099586,0.999751
88,0,12,4,3.003729,4.254151,1.416290,0.974548
88,0,12,5,2.528198,3.036535,1.201067,0.898647
88,0,12,6,1.174741,2.500481,2.128539,0.903217
88,0,12,7,5.144270,4.872069,0.947087,0.978541
88,0,12,8,4.284891,4.067001,0.949149,0.933349
88,0,12,9,7.651187,8.959744,1.171027,0.998867
88,0,12,10,4.045176,3.469727,0.857744,0.997497
88,0,12,11,3.709638,4.338912,1.169632,0.947415
88,0,12,12,4.846885,6.515186,1.344201,0.983356
88,0,12,13,2.680199,2.650243,0.988823,0.835878
88,0,12,14,5.036191,5.709752,1.133744,0.965050
88,0,12,15,2.612717,2.472493,0.946330,0.750391
88,0,13,0,4.714930,4.071761,0.863589,0.939544
88,0,13,1,4.246670,4.590421,1.080946,0.949157
88,0,13,2,1.153352,1.771233,1.535727,0.843545
88,0,13,3,4.022025,4.316536,1.073225,0.943636
88,0,13,4,7.622714,7.113684,0.933222,0.978762
88,0,13,5,4.231076,2.863528,0.676785,0.988038
88,0,13,6,7.228023,7.924859,1.096408,0.996831
88,0,13,7,1.935390,1.810286,0.935360,0.938506
88,0,13,8,2.515635,1.034378,0.411180,0.873458
88,0,13,9,3.410584,4.026155,1.180488,0.933237
88,0,13,10,2.985551,3.878659,1.299144,0.934936
88,0,13,11,5.353801,4.703653,0.878563,0.917453
88,0,13,12,4.926799,4.673388,0.948565,0.945345
88,0,13,13,-0.876218,-0.820232,0.936104,0.805488
88,0,13,14,4.991157,5.048913,1.011572,0.953211
88,0,13,15,-1.933075,-2.560961,1.324812,0.996101
88,0,14,0,2.130022,2.084244,0.978509,0.760223
88,0,14,1,9.445513,8.199700,0.868105,0.996873
88,0,14,2,4.744559,5.406618,1.139541,0.964682
88,0,14,3,1.528193,1.679072,1.098731,0.756021
88,0,14,4,5.300691,6.025533,1.136745,0.977591
88,0,14,5,1.354406,0.209881,0.154962,0.391986
88,0,14,6,1.887631,1.913636,1.013776,0.772191
88,0,14,7,5.908965,3.877258,0.656165,0.964498
88,0,14,8,3.102782,3.102350,0.999861,0.894756
88,0,14,9,0.870228,2.004024,2.302874,0.497298
88,0,14,10,0.974527,-0.151959,-0.155931,0.004212
88,0,14,11,2.827037,3.881737,1.373076,0.904705
88,0,14,12,2.463082,2.822693,1.146000,0.901829
88,0,14,13,1.643784,2.173188,1.322064,0.761573
88,0,14,14,4.358731,4.791634,1.099319,0.957210
88,0,14,15,1.431679,2.905837,2.029670,0.788378
88,0,15,0,4.218554,4.723460,1.119687,0.987885
88,0,15,1,2.777302,2.601488,0.936696,0.967202
88,0,15,2,4.840203,3.961421,0.818441,0.989801
88,0,15,3,3.444859,3.408065,0.989319,0.986353
88,0,15,4,-3.276871,-3.264806,0.996318,0.998545
88,0,15,5,3.600848,3.960591,1.099905,0.989329
88,0,15,6,0.245576,1.237469,5.039043,0.632864
88,0,15,7,3.100788,2.621591,0.845459,0.967480
88,0,15,8,3.661488,4.081230,1.114637,0.974216
88,0,15,9,3.927805,3.819919,0.972533,0.988949
88,0,15,10,-2.084481,-1.823251,0.874678,0.988781
88,0,15,11,4.094215,3.672291,0.896946,0.984544
88,0,15,12,6.204727,6.807480,1.097144,0.998269
88,0,15,13,2.381330,1.449874,0.608851,0.890786
88,0,15,14,3.294251,2.638735,0.801012,0.955763
88,0,15,15,1.582806,-0.425155,-0.268608,-0.251047
207,0,0,0,-0.282389,0.644383,-2.281899,0.254014
207,0,0,1,-0.573624,-0.356926,0.622231,0.965806
207,0,0,2,-0.033556,-0.145437,4.334218,0.966604
207,0,0,3,-1.378986,-1.566867,1.136246,0.991065
207,0,0,4,-0.757982,-0.955479,1.260555,0.927097
207,0,0,5,1.328560,0.403845,0.303972,0.864954
207,0,0,6,1.479099,0.962560,0.650775,0.932386
207,0,0,7,-1.487353,-1.664467,1.119081,0.994660
207,0,0,8,1.637176,1.267745,0.774349,0.984790
207,0,0,9,-0.124149,-0.549867,4.429100,0.898602
207,0,0,10,0.845342,0.774070,0.915689,0.976181
207,0,0,11,-0.082719,1.050002,-12.693603,0.302519
207,0,0,12,0.730018,0.342879,0.469685,0.806209
207,0,0,13,-1.464924,-1.594588,1.088512,0.975818
207,0,0,14,0.043532,0.028406,0.652517,0.979133
207,0,0,15,-0.375517,-0.458829,1.221859,0.996705
207,0,1,0,0.509970,0.555844,1.089955,0.989459
207,0,1,1,0.696449,0.672537,0.965666,0.986027
207,0,1,2,1.887117,1.941369,1.028748,0.987401
207,0,1,3,0.230642,1.319286,5.720055,0.755384
207,0,1,4,0.367120,0.403914,1.100222,0.968282
207,0,1,5,0.998660,2.165726,2.168632,0.938352
207,0,1,6,1.849385,1.830160,0.989605,0.995237
207,0,1,7,0.854518,1.019626,1.193218,0.980164
207,0,1,8,0.447607,1.209348,2.701807,0.903460
207,0,1,9,-0.428182,-0.148652,0.347171,0.699840
207,0,1,10,1.097701,0.881686,0.803211,0.976904
207,0,1,11,1.674301,1.168397,0.697842,0.986848
207,0,1,12,-0.418225,-0.767658,1.835515,0.958136
207,0,1,13,1.316099,1.177635,0.894792,0.973012
207,0,1,14,-0.348546,0.338774,-0.971964,0.425265
207,0,1,15,3.044322,3.804972,1.249859,0.981563
207,0,2,0,2.387661,2.119962,0.887882,0.993554
207,0,2,1,1.768930,1.735894,0.981324,0.966864
207,0,2,2,0.310967,0.681432,2.191329,0.892644
207,0,2,3,0.332696,0.696447,2.093343,0.905505
207,0,2,4,0.659734,0.955404,1.448166,0.965237
207,0,2,5,3.267154,3.179293,0.973108,0.987812
207,0,2,6,1.427842,1.659425,1.162191,0.974445
207,0,2,7,0.396381,0.717274,1.809558,0.917090
207,0,2,8,0.543896,0.591754,1.087992,0.977021
207,0,2,9,4.234556,3.492843,0.824843,0.998204
207,0,2,10,0.448647,1.109733,2.473511,0.880140
207,0,2,11,2.195569,2.380658,1.084301,0.993868
207,0,2,12,0.370211,0.788637,2.130237,0.899199
207,0,2,13,1.315376,1.179550,0.896740,0.982133
207,0,2,14,-0.609945,-0.741132,1.215080,0.923647
207,0,2,15,0.235658,0.807632,3.427132,0.796726
207,0,3,0,1.259109,1.302269,1.034278,0.868552
207,0,3,1,2.403000,2.042952,0.850167,0.990131
207,0,3,2,0.891970,0.570249,0.639315,0.893040
207,0,3,3,1.286740,0.860925,0.669075,0.946969
207,0,3,4,2.420108,1.809813,0.747823,0.988370
207,0,3,5,1.889065,2.332748,1.234869,0.988236
207,0,3,6,2.221849,2.045835,0.920780,0.989125
207,0,3,7,0.625876,1.003349,1.603111,0.949493
207,0,3,8,8.181406,8.486188,1.037253,0.997713
207,0,3,9,2.726798,2.982692,1.093844,0.992050
207,0,3,10,3.252030,1.649746,0.507297,0.978233
207,0,3,11,0.527546,1.999779,3.790719,0.793792
207,0,3,12,2.515019,2.298795,0.914027,0.986456
207,0,3,13,6.604639,7.219568,1.093106,0.996114
207,0,3,14,1.057947,0.932629,0.881546,0.943736
207,0,3,15,2.343672,2.053249,0.876082,0.994005
207,0,4,0,2.708900,2.462370,0.908993,0.987657
207,0,4,1,2.350757,2.497709,1.062513,0.986854
207,0,4,2,0.692303,0.890486,1.286266,0.946350
207,0,4,3,2.560534,2.779449,1.085496,0.996729
207,0,4,4,4.385440,4.618390,1.053119,0.995445
207,0,4,5,1.804288,2.661830,1.475280,0.979922
207,0,4,6,1.535856,2.530630,1.647700,0.961578
207,0,4,7,1.886798,1.492836,0.791201,0.985146
207,0,4,8,-0.222226,0.068530,-0.308382,0.893155
207,0,4,9,0.784804,0.806747,1.027961,0.966186
207,0,4,10,7.288890,7.247749,0.994356,0.993822
207,0,4,11,4.688073,4.432123,0.945404,0.994996
207,0,4,12,1.755864,1.577037,0.898155,0.992747
207,0,4,13,3.972076,4.422155,1.113311,0.991455
207,0,4,14,1.501148,1.252058,0.834067,0.986066
207,0,4,15,1.418015,2.147076,1.514142,0.983353
207,0,5,0,10.270043,10.259847,0.999007,0.995901
207,0,5,1,3.667465,2.385169,0.650359,0.930134
207,0,5,2,7.483904,6.979606,0.932616,0.988660
207,0,5,3,2.963080,2.509059,0.846774,0.990592
207,0,5,4,10.415613,10.805357,1.037419,0.998262
207,0,5,5,8.326343,8.372678,1.005565,0.997487
207,0,5,6,14.921679,15.904299,1.065852,0.998543
207,0,5,7,2.623333,3.446073,1.313624,0.959230
207,0,5,8,3.742998,4.359494,1.164706,0.980378
207,0,5,9,4.465669,4.717387,1.056367,0.987157
207,0,5,10,6.048259,4.567206,0.755127,0.996930
207,0,5,11,4.569133,4.480042,0.980502,0.949094
207,0,5,12,1.329453,0.869139,0.653757,0.862966
207,0,5,13,5.601185,5.463221,0.975369,0.999015
207,0,5,14,6.293491,6.041384,0.959942,0.985020
207,0,5,15,1.451353,1.193590,0.822398,0.883640
207,0,6,0,3.126862,3.172220,1.014506,0.952958
207,0,6,1,5.322608,4.465592,0.838986,0.991380
207,0,6,2,5.243049,4.281455,0.816596,0.997182
207,0,6,3,1.526276,1.717522,1.125302,0.888224
207,0,6,4,4.804078,5.731025,1.192950,0.984630
207,0,6,5,3.773911,2.661965,0.705360,0.976505
207,0,6,6,12.031558,11.365336,0.944627,0.993630
207,0,6,7,7.430713,7.607206,1.023752,0.997871
207,0,6,8,5.242450,3.846053,0.733636,0.992346
207,0,6,9,11.333334,10.713828,0.945338,0.997941
207,0,6,10,2.184909,2.262151,1.035352,0.925332
207,0,6,11,3.188620,3.390471,1.063304,0.941592
207,0,6,12,11.803939,11.143701,0.944066,0.997232
207,0,6,13,-0.354074,-0.675619,1.908132,0.736948
207,0,6,14,2.424845,1.832696,0.755799,0.948270
207,0,6,15,4.083086,4.051623,0.992295,0.984274
207,0,7,0,8.842727,9.230736,1.043879,0.994332
207,0,7,1,5.141786,5.159589,1.003462,0.986926
207,0,7,2,3.353715,3.354757,1.000311,0.996674
207,0,7,3,6.277520,5.594312,0.891166,0.978690
207,0,7,4,3.838181,2.097474,0.546476,0.932806
207,0,7,5,2.854045,3.152043,1.104413,0.895870
207,0,7,6,7.695107,7.392357,0.960657,0.977920
207,0,7,7,3.484209,4.506836,1.293503,0.982937
207,0,7,8,6.493134,6.439853,0.991794,0.996772
207,0,7,9,9.981178,9.574241,0.959230,0.998098
207,0,7,10,25.183090,25.463375,1.011130,0.999104
207,0,7,11,5.782049,5.537853,0.957767,0.997598
207,0,7,12,10.431202,10.278444,0.985356,0.994320
207,0,7,13,6.270975,5.393257,0.860035,0.989546
207,0,7,14,3.646689,2.784169,0.763479,0.978433
207,0,7,15,0.802073,-0.194488,-0.242481,0.507337
207,0,8,0,3.481560,4.185819,1.202283,0.983998
207,0,8,1,5.071460,4.372376,0.862153,0.974092
207,0,8,2,2.769299,1.817218,0.656201,0.849714
207,0,8,3,4.892566,4.047991,0.827376,0.988385
207,0,8,4,9.733774,9.575891,0.983780,0.997618
207,0,8,5,-2.132995,-2.309061,1.082544,0.975933
207,0,8,6,3.966297,4.464038,1.125493,0.987341
207,0,8,7,6.470902,7.593888,1.173544,0.995315
207,0,8,8,5.302864,5.199378,0.980485,0.996209
207,0,8,9,4.961060,4.846594,0.976927,0.992225
207,0,8,10,6.604404,6.399742,0.969011,0.994380
207,0,8,11,4.835473,5.249939,1.085714,0.990717
207,0,8,12,3.538519,3.633661,1.026888,0.965890
207,0,8,13,6.459435,6.341317,0.981714,0.992619
207,0,8,14,4.253925,4.842440,1.138346,0.980354
207,0,8,15,0.851760,0.782821,0.919063,0.471215
207,0,9,0,3.112529,2.965048,0.952617,0.982988
207,0,9,1,1.647439,0.099030,0.060112,0.536838
207,0,9,2,2.606999,1.941365,0.744674,0.980115
207,0,9,3,5.718233,6.129683,1.071954,0.995490
207,0,9,4,5.059436,5.850817,1.156417,0.991904
207,0,9,5,5.148602,5.866348,1.139406,0.990943
207,0,9,6,8.091202,9.024243,1.115316,0.995088
207,0,9,7,5.935740,5.593234,0.942298,0.998689
207,0,9,8,0.632991,-0.089762,-0.141806,0.590912
207,0,9,9,6.678970,6.839910,1.024097,0.995250
207,0,9,10,7.095659,6.126432,0.863406,0.995348
207,0,9,11,5.495257,4.061323,0.739060,0.992809
207,0,9,12,4.363776,4.650083,1.065610,0.882965
207,0,9,13,2.970261,2.421275,0.815172,0.987240
207,0,9,14,5.654656,5.951042,1.052415,0.995595
207,0,9,15,9.525846,8.961334,0.940739,0.998867
207,0,10,0,4.051919,2.474639,0.610733,0.945704
207,0,10,1,17.818756,17.628519,0.989324,0.997659
207,0,10,2,5.448516,4.639698,0.851553,0.989814
207,0,10,3,3.449613,2.269661,0.657947,0.969120
207,0,10,4,7.169371,6.672707,0.930724,0.999143
207,0,10,5,8.744277,8.991755,1.028302,0.998165
207,0,10,6,8.852047,8.344836,0.942701,0.991453
207,0,10,7,7.047568,5.697245,0.808399,0.998930
207,0,10,8,6.538824,6.950015,1.062884,0.993713
207,0,10,9,6.350061,6.367587,1.002760,0.977874
207,0,10,10,11.440516,10.963367,0.958293,0.982693
207,0,10,11,7.566811,7.228117,0.955240,0.995813
207,0,10,12,4.611160,3.133912,0.679636,0.984111
207,0,10,13,10.421238,10.804812,1.036807,0.997558
207,0,10,14,4.320127,3.339708,0.773058,0.948820
207,0,10,15,4.574397,4.761163,1.040828,0.991968
207,0,11,0,8.756841,8.846825,1.010276,0.999513
207,0,11,1,9.219954,10.134306,1.099171,0.999029
207,0,11,2,4.691232,5.201269,1.108721,0.993980
207,0,11,3,-1.387731,-2.174608,1.567025,0.860004
207,0,11,4,3.969969,2.592843,0.653114,0.945213
207,0,11,5,3.604840,4.722951,1.310169,0.979281
207,0,11,6,5.045656,5.400930,1.070412,0.858263
207,0,11,7,3.389555,2.961382,0.873679,0.878755
207,0,11,8,3.267318,3.130473,0.958117,0.985758
207,0,11,9,3.685045,3.083448,0.836747,0.995377
207,0,11,10,1.624001,1.047884,0.645248,0.735984
207,0,11,11,6.219784,5.104769,0.820731,0.995977
207,0,11,12,3.765900,1.749935,0.464679,0.877518
207,0,11,13,9.795811,10.565432,1.078566,0.998941
207,0,11,14,4.121091,5.130620,1.244966,0.989784
207,0,11,15,8.984498,9.463009,1.053260,0.998974
207,0,12,0,-2.771438,-3.280904,1.183827,0.987163
207,0,12,1,7.673651,8.200993,1.068721,0.990491
207,0,12,2,1.426440,2.616629,1.834378,0.909759
207,0,12,3,-3.377147,-3.666891,1.085795,0.999767
207,0,12,4,2.857429,3.875155,1.356168,0.972762
207,0,12,5,2.227165,2.849531,1.279443,0.876824
207,0,12,6,0.798879,2.025385,2.535285,0.882998
207,0,12,7,4.628210,4.172333,0.901500,0.969386
207,0,12,8,3.751335,3.824809,1.019586,0.915914
207,0,12,9,6.837393,7.992297,1.168910,0.998755
207,0,12,10,3.241126,2.542427,0.784427,0.994520
207,0,12,11,2.900298,3.756317,1.295149,0.919030
207,0,12,12,4.004016,5.617477,1.402961,0.974196
207,0,12,13,2.274590,2.157211,0.948396,0.824938
207,0,12,14,4.450582,5.079063,1.141213,0.950696
207,0,12,15,2.454098,2.363807,0.963208,0.729904
207,0,13,0,4.573359,3.989880,0.872418,0.938648
207,0,13,1,3.890083,4.106699,1.055684,0.936898
207,0,13,2,1.124679,1.680513,1.494216,0.837405
207,0,13,3,3.632673,3.876539,1.067132,0.932055
207,0,13,4,8.159162,7.534944,0.923495,0.987642
207,0,13,5,3.916626,2.511176,0.641158,0.987771
207,0,13,6,7.482761,7.804068,1.042940,0.998495
207,0,13,7,1.810408,1.550924,0.856671,0.927883
207,0,13,8,2.544475,1.024624,0.402686,0.878675
207,0,13,9,3.066399,3.620351,1.180652,0.919791
207,0,13,10,2.870001,3.826151,1.333153,0.927121
207,0,13,11,5.124137,4.767770,0.930453,0.909774
207,0,13,12,5.031810,4.734300,0.940874,0.948100
207,0,13,13,-1.045464,-0.927267,0.886943,0.820429
207,0,13,14,4.766073,4.866583,1.021089,0.946198
207,0,13,15,-2.115535,-2.669160,1.261695,0.997091
207,0,14,0,1.958637,2.021966,1.032333,0.726458
207,0,14,1,9.617231,8.628086,0.897149,0.997217
207,0,14,2,4.411919,4.929452,1.117304,0.956263
207,0,14,3,1.332942,1.478608,1.109281,0.709969
207,0,14,4,5.080131,5.867564,1.155003,0.973060
207,0,14,5,1.424416,0.349849,0.245609,0.492717
207,0,14,6,1.644449,1.720768,1.046410,0.705336
207,0,14,7,5.887711,3.747134,0.636433,0.959583
207,0,14,8,2.901808,2.834332,0.976747,0.878420
207,0,14,9,0.644665,1.745597,2.707759,0.354810
207,0,14,10,0.887584,-0.111839,-0.126004,0.071895
207,0,14,11,2.525911,3.464850,1.371723,0.882973
207,0,14,12,2.355836,2.609821,1.107811,0.895353
207,0,14,13,1.365093,2.028061,1.485658,0.688189
207,0,14,14,4.217753,4.699066,1.114116,0.954727
207,0,14,15,1.218470,2.536031,2.081325,0.744967
207,0,15,0,4.303358,4.756653,1.105335,0.988139
207,0,15,1,2.710362,2.621917,0.967368,0.964678
207,0,15,2,4.714813,3.925421,0.832572,0.988507
207,0,15,3,3.494605,3.444492,0.985660,0.984844
207,0,15,4,-3.390718,-3.432442,1.012306,0.999087
207,0,15,5,3.656571,3.996765,1.093036,0.989414
207,0,15,6,0.324082,1.475016,4.551368,0.654175
207,0,15,7,2.830904,2.389070,0.843925,0.951506
207,0,15,8,3.517658,3.908071,1.110987,0.968291
207,0,15,9,3.752661,3.607312,0.961268,0.987612
207,0,15,10,-2.209827,-1.867818,0.845233,0.988190
207,0,15,11,4.038104,3.582963,0.887288,0.981711
207,0,15,12,5.919592,6.437854,1.087550,0.997787
207,0,15,13,2.357157,1.830956,0.776765,0.924705
207,0,15,14,3.523356,3.239330,0.919388,0.968966
207,0,15,15,1.595081,-0.109860,-0.068874,0.195313
323,0,0,0,-0.182815,0.746266,-4.082082,0.267542
323,0,0,1,-0.644809,-0.432167,0.670225,0.970007
323,0,0,2,0.551780,0.413144,0.748747,0.958268
323,0,0,3,-1.113204,-1.522863,1.367999,0.982342
323,0,0,4,0.192492,-0.372451,-1.934887,0.697347
323,0,0,5,1.403988,0.407553,0.290282,0.840355
323,0,0,6,1.369162,0.785322,0.573579,0.913560
323,0,0,7,-2.487886,-2.487349,0.999784,0.996931
323,0,0,8,2.106301,1.616434,0.767428,0.988405
323,0,0,9,0.017792,-0.322681,-18.136745,0.865397
323,0,0,10,-0.040587,-0.058935,1.452070,0.966213
323,0,0,11,0.008845,1.148489,129.841102,0.349088
323,0,0,12,1.399164,1.047720,0.748819,0.897653
323,0,0,13,-1.646882,-1.848621,1.122497,0.987952
323,0,0,14,2.087227,1.637297,0.784437,0.991134
323,0,0,15,-0.393851,-0.463464,1.176750,0.996943
323,0,1,0,0.832221,0.940391,1.129977,0.990703
323,0,1,1,1.996543,1.782502,0.892794,0.992685
323,0,1,2,1.424528,1.532650,1.075900,0.983081
323,0,1,3,0.275340,1.414622,5.137719,0.775901
323,0,1,4,0.492679,0.631983,1.282747,0.965945
323,0,1,5,1.089098,2.268923,2.083305,0.944091
323,0,1,6,2.741969,2.585079,0.942782,0.997522
323,0,1,7,0.771085,1.021047,1.324169,0.974494
323,0,1,8,0.272509,1.009758,3.705413,0.887542
323,0,1,9,-0.500180,-0.421578,0.842852,0.825212
323,0,1,10,0.848251,0.506599,0.597227,0.954969
323,0,1,11,1.617402,1.033385,0.638917,0.981787
323,0,1,12,-0.418081,-0.747319,1.787497,0.959576
323,0,1,13,1.491725,1.049227,0.703365,0.952001
323,0,1,14,-1.147062,-0.504421,0.439751,0.870912
323,0,1,15,3.626536,4.480813,1.235563,0.986973
323,0,2,0,2.302420,1.979131,0.859587,0.992240
323,0,2,1,1.643843,1.596612,0.971268,0.961528
323,0,2,2,0.251897,0.609605,2.420059,0.882240
323,0,2,3,0.258133,0.592876,2.296789,0.883131
323,0,2,4,0.328047,0.613792,1.871047,0.932913
323,0,2,5,4.585134,4.605021,1.004337,0.993189
323,0,2,6,1.349832,1.497367,1.109298,0.972013
323,0,2,7,0.339722,0.629119,1.851866,0.912804
323,0,2,8,0.404928,0.539853,1.333207,0.962070
323,0,2,9,4.425096,3.701368,0.836449,0.998133
323,0,2,10,0.161516,0.877811,5.434834,0.781749
323,0,2,11,1.850799,2.135926,1.154057,0.990965
323,0,2,12,0.327443,0.705361,2.154147,0.899538
323,0,2,13,0.825699,0.731369,0.885758,0.964432
323,0,2,14,-0.746973,-0.838892,1.123056,0.951010
323,0,2,15,0.187562,0.732498,3.905368,0.765735
323,0,3,0,1.120889,1.278523,1.140633,0.854326
323,0,3,1,2.069717,1.635698,0.790301,0.980175
323,0,3,2,0.902303,0.584549,0.647842,0.896332
323,0,3,3,1.324020,0.933859,0.705321,0.955772
323,0,3,4,2.414196,1.749206,0.724550,0.983211
323,0,3,5,1.469695,1.872798,1.274277,0.976751
323,0,3,6,1.942680,1.716788,0.883721,0.986145
323,0,3,7,0.554248,0.883419,1.593905,0.945002
323,0,3,8,8.786630,8.737116,0.994365,0.998302
323,0,3,9,2.911953,3.140578,1.078512,0.993802
323,0,3,10,3.371330,1.947743,0.577737,0.985052
323,0,3,11,0.515703,1.907614,3.699052,0.798862
323,0,3,12,3.054740,2.993699,0.980018,0.989793
323,0,3,13,7.208318,7.851722,1.089259,0.996374
323,0,3,14,1.004917,0.867487,0.863242,0.914466
323,0,3,15,2.264532,1.894383,0.836545,0.993434
323,0,4,0,2.317288,2.154147,0.929598,0.984724
323,0,4,1,2.158775,2.508482,1.161994,0.986368
323,0,4,2,0.558199,0.800691,1.434418,0.942000
323,0,4,3,2.698494,3.087209,1.144049,0.996333
323,0,4,4,3.933981,4.125952,1.048798,0.994089
323,0,4,5,1.645301,2.569077,1.561463,0.979408
323,0,4,6,1.556607,2.534169,1.628008,0.965610
323,0,4,7,1.775014,1.415345,0.797372,0.985384
323,0,4,8,0.099366,0.297502,2.993997,0.883487
323,0,4,9,0.587792,0.656803,1.117408,0.953579
323,0,4,10,7.798249,8.145528,1.044533,0.994541
323,0,4,11,5.204033,4.939966,0.949257,0.996123
323,0,4,12,1.519836,1.383326,0.910181,0.992197
323,0,4,13,4.030308,4.581500,1.136762,0.992436
323,0,4,14,1.340886,1.136715,0.847734,0.985970
323,0,4,15,1.231378,2.048609,1.663672,0.977794
323,0,5,0,11.102257,11.167727,1.005897,0.996643
323,0,5,1,3.254678,1.754681,0.539126,0.878436
323,0,5,2,7.724761,7.420455,0.960606,0.989153
323,0,5,3,3.082573,2.739937,0.888847,0.992515
323,0,5,4,9.827272,10.427218,1.061049,0.997916
323,0,5,5,9.493004,9.589119,1.010125,0.998271
323,0,5,6,15.833142,16.352348,1.032792,0.998832
323,0,5,7,2.397919,3.194585,1.332232,0.955839
323,0,5,8,2.955009,3.655819,1.237160,0.970214
323,0,5,9,4.060236,4.594157,1.131500,0.984301
323,0,5,10,6.212080,4.644974,0.747733,0.997646
323,0,5,11,5.116707,5.071229,0.991112,0.962300
323,0,5,12,1.188138,0.950526,0.800013,0.862013
323,0,5,13,5.901571,5.836186,0.988921,0.999054
323,0,5,14,6.461099,6.524305,1.009783,0.984713
323,0,5,15,1.876499,1.570907,0.837148,0.916128
323,0,6,0,2.718076,2.868443,1.055321,0.942711
323,0,6,1,5.007963,4.304524,0.859536,0.991025
323,0,6,2,5.481963,4.567837,0.833248,0.997641
323,0,6,3,1.708429,1.809696,1.059275,0.886773
323,0,6,4,4.386408,5.475502,1.248288,0.982371
323,0,6,5,3.624147,2.741195,0.756370,0.975305
323,0,6,6,12.554004,12.211395,0.972709,0.993055
323,0,6,7,7.020324,7.270246,1.035600,0.996501
323,0,6,8,5.335926,3.884573,0.728004,0.992761
323,0,6,9,13.849651,13.290516,0.959628,0.998753
323,0,6,10,2.102474,2.244682,1.067638,0.931710
323,0,6,11,3.344127,3.538407,1.058096,0.947046
323,0,6,12,12.555018,12.123728,0.965648,0.997706
323,0,6,13,-0.254911,-0.645438,2.532017,0.665414
323,0,6,14,2.607385,1.912445,0.733472,0.957863
323,0,6,15,4.214836,4.283187,1.016217,0.984446
323,0,7,0,8.545212,8.943466,1.046606,0.993161
323,0,7,1,5.571293,5.665049,1.016828,0.990694
323,0,7,2,3.293169,3.436472,1.043515,0.996742
323,0,7,3,6.334991,5.856411,0.924454,0.974036
323,0,7,4,4.795118,3.147913,0.656483,0.963818
323,0,7,5,3.827172,4.195423,1.096220,0.946924
323,0,7,6,8.891016,8.841721,0.994456,0.981709
323,0,7,7,3.821191,4.834505,1.265183,0.986598
323,0,7,8,6.611348,6.835823,1.033953,0.997182
323,0,7,9,11.456791,10.877144,0.949406,0.998581
323,0,7,10,26.497158,26.636566,1.005261,0.999126
323,0,7,11,5.893409,5.378037,0.912551,0.997605
323,0,7,12,10.853080,10.743746,0.989926,0.993557
323,0,7,13,6.486869,5.779863,0.891010,0.992382
323,0,7,14,4.638408,3.899180,0.840629,0.986675
323,0,7,15,1.530957,0.383032,0.250191,0.626794
323,0,8,0,3.409932,4.184626,1.227187,0.985935
323,0,8,1,5.080605,4.477058,0.881206,0.977480
323,0,8,2,3.050227,2.228183,0.730497,0.889140
323,0,8,3,5.885326,5.005971,0.850585,0.992533
323,0,8,4,11.758035,12.379868,1.052886,0.999095
323,0,8,5,-1.670412,-1.889894,1.131394,0.958912
323,0,8,6,4.093603,4.861025,1.187469,0.989461
323,0,8,7,6.884289,8.052979,1.169762,0.996185
323,0,8,8,5.216935,5.045645,0.967167,0.996693
323,0,8,9,5.523624,5.556269,1.005910,0.994914
323,0,8,10,6.545286,6.257704,0.956063,0.994800
323,0,8,11,5.557865,5.844306,1.051538,0.994322
323,0,8,12,3.583277,3.921511,1.094392,0.971417
323,0,8,13,6.796177,6.602983,0.971573,0.994068
323,0,8,14,4.192576,4.869954,1.161566,0.982982
323,0,8,15,1.099751,1.252472,1.138869,0.602738
323,0,9,0,3.146630,2.720316,0.864517,0.982268
323,0,9,1,2.219632,0.692477,0.311978,0.763744
323,0,9,2,2.328357,1.728483,0.742362,0.976250
323,0,9,3,5.401242,5.761399,1.066680,0.996124
323,0,9,4,6.257844,7.041260,1.125189,0.995899
323,0,9,5,5.071754,6.034638,1.189852,0.991681
323,0,9,6,8.331407,9.089814,1.091030,0.995045
323,0,9,7,4.895880,4.441878,0.907269,0.996953
323,0,9,8,1.121053,0.643151,0.573703,0.727332
323,0,9,9,6.468425,6.536135,1.010468,0.995247
323,0,9,10,7.850486,6.813921,0.867962,0.996189
323,0,9,11,6.400922,4.996910,0.780655,0.996029
323,0,9,12,4.427556,4.520098,1.020901,0.840884
323,0,9,13,2.489270,1.951437,0.783940,0.980478
323,0,9,14,6.081247,6.260189,1.029425,0.997582
323,0,9,15,9.929958,9.487254,0.955417,0.999008
323,0,10,0,4.190325,2.595049,0.619295,0.948415
323,0,10,1,18.808975,17.991657,0.956546,0.997981
323,0,10,2,4.865139,3.895824,0.800763,0.982702
323,0,10,3,4.458196,3.140244,0.704375,0.984104
323,0,10,4,7.409739,6.850670,0.924549,0.999140
323,0,10,5,11.196302,11.867545,1.059952,0.998776
323,0,10,6,10.933272,10.767674,0.984854,0.993648
323,0,10,7,7.946936,6.727962,0.846611,0.999507
323,0,10,8,7.172051,7.354408,1.025426,0.995572
323,0,10,9,6.724758,6.473506,0.962638,0.972762
323,0,10,10,11.981547,11.238475,0.937982,0.984956
323,0,10,11,8.187608,7.788933,0.951308,0.996770
323,0,10,12,4.594916,3.141158,0.683616,0.984116
323,0,10,13,11.793410,12.156607,1.030797,0.997910
323,0,10,14,4.152408,3.292275,0.792859,0.945514
323,0,10,15,5.077898,5.180655,1.020236,0.993491
323,0,11,0,9.320418,9.423642,1.011075,0.999505
323,0,11,1,11.721745,13.265213,1.131676,0.999679
323,0,11,2,5.062894,5.631476,1.112304,0.994507
323,0,11,3,-1.286468,-2.000254,1.554842,0.852931
323,0,11,4,3.930883,2.912263,0.740867,0.965342
323,0,11,5,4.365174,5.223286,1.196581,0.987037
323,0,11,6,5.143851,5.320049,1.034254,0.796700
323,0,11,7,4.070509,3.575159,0.878308,0.923260
323,0,11,8,4.085173,3.948740,0.966603,0.992628
323,0,11,9,4.874266,4.408546,0.904453,0.998039
323,0,11,10,2.105308,1.721766,0.817821,0.895708
323,0,11,11,6.699105,5.418339,0.808815,0.996612
323,0,11,12,4.002176,2.014066,0.503243,0.899226
323,0,11,13,12.423656,14.265355,1.148241,0.999388
323,0,11,14,4.679840,5.479046,1.170776,0.992715
323,0,11,15,11.434814,12.340394,1.079195,0.999182
323,0,12,0,-2.671386,-3.309955,1.239040,0.988799
323,0,12,1,9.484917,10.511139,1.108195,0.990915
323,0,12,2,1.583570,2.973817,1.877920,0.915923
323,0,12,3,-3.252287,-3.554060,1.092788,0.999664
323,0,12,4,3.075425,4.344942,1.412794,0.975663
323,0,12,5,2.746510,3.016546,1.098320,0.912677
323,0,12,6,1.054615,2.400265,2.275963,0.894141
323,0,12,7,4.952357,4.705361,0.950125,0.973997
323,0,12,8,4.210852,3.956120,0.939506,0.932805
323,0,12,9,8.459996,9.910296,1.171430,0.999121
323,0,12,10,4.410080,3.720802,0.843704,0.997646
323,0,12,11,3.878626,4.447406,1.146645,0.952299
323,0,12,12,4.438098,5.971787,1.345573,0.980616
323,0,12,13,2.962892,2.900156,0.978826,0.852857
323,0,12,14,5.114058,5.809724,1.136030,0.962964
323,0,12,15,2.927791,2.500194,0.853952,0.765697
323,0,13,0,4.688057,4.154791,0.886250,0.939812
323,0,13,1,4.050671,4.455727,1.099997,0.947306
323,0,13,2,1.059008,1.695308,1.600845,0.822476
323,0,13,3,3.963513,4.405074,1.111406,0.943802
323,0,13,4,8.346382,7.950339,0.952549,0.983782
323,0,13,5,4.784661,3.503814,0.732301,0.992338
323,0,13,6,8.220784,8.982015,1.092598,0.996984
323,0,13,7,1.876228,1.799436,0.959071,0.939557
323,0,13,8,2.511080,1.003917,0.399795,0.877014
323,0,13,9,3.258116,3.972128,1.219149,0.930610
323,0,13,10,2.898271,3.812035,1.315279,0.935281
323,0,13,11,5.488472,5.001163,0.911212,0.926506
323,0,13,12,4.818936,4.623664,0.959478,0.945957
323,0,13,13,-0.871850,-0.853173,0.978578,0.823771
323,0,13,14,5.003197,5.135402,1.026424,0.956709
323,0,13,15,-1.761005,-2.441818,1.386605,0.993018
323,0,14,0,2.335294,2.180306,0.933632,0.790814
323,0,14,1,9.163243,7.575820,0.826762,0.995746
323,0,14,2,4.787020,5.402447,1.128562,0.966143
323,0,14,3,1.523460,1.638307,1.075386,0.752483
323,0,14,4,5.435856,6.182068,1.137276,0.980494
323,0,14,5,1.360551,0.172222,0.126582,0.351912
323,0,14,6,1.985572,1.945292,0.979713,0.793902
323,0,14,7,6.098551,4.080893,0.669158,0.969498
323,0,14,8,3.159119,3.205794,1.014775,0.897330
323,0,14,9,0.942643,2.013270,2.135770,0.541968
323,0,14,10,1.046854,-0.161260,-0.154042,-0.025379
323,0,14,11,2.769103,3.857810,1.393162,0.903857
323,0,14,12,2.502140,2.973417,1.188350,0.903990
323,0,14,13,1.663513,2.142993,1.288233,0.781425
323,0,14,14,4.540693,5.012211,1.103843,0.964318
323,0,14,15,1.489007,3.018335,2.027080,0.802174
323,0,15,0,4.318045,4.885824,1.131490,0.988573
323,0,15,1,2.789809,2.688292,0.963612,0.966905
323,0,15,2,4.822027,3.908671,0.810587,0.988988
323,0,15,3,3.408252,3.420793,1.003680,0.985204
323,0,15,4,-3.235911,-3.221794,0.995637,0.998291
323,0,15,5,3.534400,3.846981,1.088439,0.988949
323,0,15,6,0.300454,1.277255,4.251087,0.619276
323,0,15,7,3.149353,2.678098,0.850364,0.968176
323,0,15,8,3.568556,4.000767,1.121116,0.972857
323,0,15,9,4.003845,3.959105,0.988826,0.989859
323,0,15,10,-1.955304,-1.690055,0.864344,0.986154
323,0,15,11,4.243374,3.788345,0.892767,0.986412
323,0,15,12,6.564358,7.306283,1.113023,0.998400
323,0,15,13,2.423887,1.252945,0.516916,0.867007
323,0,15,14,3.044489,2.233465,0.733609,0.942459
323,0,15,15,1.528079,-0.459574,-0.300752,-0.329247
500,0,0,0,-0.157576,0.728460,-4.622920,0.302009
500,0,0,1,-0.598992,-0.394711,0.658960,0.966189
500,0,0,2,0.600272,0.475426,0.792017,0.969281
500,0,0,3,-1.342051,-1.481808,1.104137,0.986542
500,0,0,4,-0.589170,-0.625267,1.061267,0.959469
500,0,0,5,1.387697,0.396512,0.285734,0.833232
500,0,0,6,1.444376,0.909365,0.629590,0.925714
500,0,0,7,-1.540136,-1.725404,1.120294,0.994587
500,0,0,8,1.822426,1.434211,0.786979,0.988304
500,0,0,9,-0.613019,-0.997151,1.626624,0.951167
500,0,0,10,-0.369537,-0.421589,1.140860,0.959186
500,0,0,11,0.018232,1.076149,59.025496,0.369606
500,0,0,12,1.065814,0.588852,0.552491,0.814489
500,0,0,13,-1.635772,-1.723889,1.053869,0.981850
500,0,0,14,0.666382,0.391194,0.587042,0.918548
500,0,0,15,-0.363514,-0.445814,1.226402,0.997034
500,0,1,0,0.594787,0.654680,1.100697,0.989830
500,0,1,1,4.340899,4.000698,0.921629,0.998951
500,0,1,2,1.056539,1.215295,1.150261,0.975042
500,0,1,3,0.314580,1.479540,4.703224,0.789666
500,0,1,4,-0.449335,-0.311434,0.693100,0.963680
500,0,1,5,1.081420,2.265872,2.095276,0.944639
500,0,1,6,2.614123,2.544535,0.973380,0.997358
500,0,1,7,0.810324,1.035092,1.277379,0.978580
500,0,1,8,0.439257,1.209524,2.753568,0.897622
500,0,1,9,-0.506195,-0.273085,0.539486,0.762187
500,0,1,10,1.045119,0.799642,0.765121,0.973057
500,0,1,11,1.646692,1.117448,0.678602,0.985407
500,0,1,12,-0.614376,-0.967088,1.574096,0.972660
500,0,1,13,1.219073,1.112237,0.912363,0.969722
500,0,1,14,-0.572006,0.149916,-0.262089,0.471013
500,0,1,15,3.006179,3.947073,1.312987,0.978181
500,0,2,0,2.369484,2.046552,0.863712,0.993002
500,0,2,1,1.624777,1.595099,0.981734,0.972100
500,0,2,2,0.316347,0.690241,2.181907,0.888129
500,0,2,3,0.342470,0.688331,2.009900,0.908972
500,0,2,4,0.471297,0.716159,1.519547,0.958344
500,0,2,5,3.970226,3.923766,0.988298,0.990269
500,0,2,6,1.441199,1.671199,1.159590,0.974039
500,0,2,7,0.401253,0.731136,1.822131,0.916895
500,0,2,8,0.547294,0.617049,1.127454,0.977683
500,0,2,9,4.214046,3.478132,0.825367,0.998101
500,0,2,10,0.375000,1.074642,2.865712,0.846400
500,0,2,11,2.854608,3.016557,1.056732,0.996337
500,0,2,12,0.374696,0.811781,2.166506,0.893360
500,0,2,13,0.738876,0.681323,0.922108,0.971763
500,0,2,14,-0.713111,-0.835693,1.171898,0.955666
500,0,2,15,0.251789,0.836004,3.320261,0.792527
500,0,3,0,1.327791,1.404717,1.057936,0.889216
500,0,3,1,2.254720,1.892856,0.839508,0.987032
500,0,3,2,0.950305,0.647650,0.681517,0.908442
500,0,3,3,1.270259,0.831529,0.654613,0.945275
500,0,3,4,2.336009,1.739306,0.744563,0.986506
500,0,3,5,2.085267,2.496961,1.197430,0.989490
500,0,3,6,2.066951,1.867665,0.903585,0.987498
500,0,3,7,0.705438,1.058071,1.499877,0.956807
500,0,3,8,8.650021,8.851251,1.023264,0.998002
500,0,3,9,2.636122,2.881678,1.093151,0.993943
500,0,3,10,3.254260,1.688072,0.518727,0.980417
500,0,3,11,0.377724,1.843393,4.880265,0.740471
500,0,3,12,2.688802,2.537326,0.943664,0.988508
500,0,3,13,6.374896,7.102420,1.114123,0.995913
500,0,3,14,1.116744,1.035565,0.927307,0.946142
500,0,3,15,2.262149,1.926653,0.851691,0.993447
500,0,4,0,2.500681,2.272542,0.908769,0.985263
500,0,4,1,2.191197,2.443641,1.115208,0.984555
500,0,4,2,0.661820,0.911973,1.377978,0.949165
500,0,4,3,2.614192,2.874997,1.099765,0.996774
500,0,4,4,4.273582,4.592274,1.074572,0.995146
500,0,4,5,1.779610,2.664743,1.497375,0.979703
500,0,4,6,1.557522,2.569036,1.649438,0.963903
500,0,4,7,1.867092,1.500961,0.803903,0.987595
500,0,4,8,-0.405919,-0.086136,0.212199,0.867774
500,0,4,9,0.752989,0.792655,1.052678,0.964713
500,0,4,10,7.275048,7.421412,1.020119,0.994408
500,0,4,11,4.762182,4.495810,0.944065,0.995537
500,0,4,12,1.743130,1.577707,0.905100,0.993565
500,0,4,13,4.470332,4.689935,1.049125,0.994487
500,0,4,14,1.502062,1.292774,0.860666,0.988980
500,0,4,15,1.393364,2.171808,1.558679,0.983373
500,0,5,0,11.763105,11.502772,0.977869,0.997537
500,0,5,1,3.708261,2.488859,0.671166,0.935029
500,0,5,2,9.490905,9.003194,0.948613,0.994609
500,0,5,3,2.906319,2.560150,0.880891,0.990576
500,0,5,4,11.343758,11.811210,1.041208,0.998510
500,0,5,5,10.021593,9.780132,0.975906,0.998655
500,0,5,6,15.139122,15.958407,1.054117,0.998682
500,0,5,7,2.228718,3.285813,1.474306,0.958095
500,0,5,8,3.454179,4.212944,1.219666,0.978609
500,0,5,9,4.206462,4.600237,1.093612,0.985935
500,0,5,10,5.947906,4.382103,0.736747,0.996671
500,0,5,11,5.445336,5.169598,0.949362,0.972006
500,0,5,12,1.558354,1.068460,0.685634,0.876812
500,0,5,13,5.605456,5.468662,0.975596,0.999032
500,0,5,14,7.236261,6.865304,0.948736,0.990642
500,0,5,15,2.319314,1.909005,0.823091,0.935921
500,0,6,0,2.954758,3.095919,1.047774,0.950685
500,0,6,1,5.569255,4.838534,0.868794,0.993358
500,0,6,2,5.310652,4.385402,0.825775,0.997757
500,0,6,3,3.092270,2.981905,0.964309,0.963664
500,0,6,4,4.371793,5.605049,1.282094,0.981800
500,0,6,5,4.091284,3.138937,0.767225,0.982733
500,0,6,6,12.047098,11.331319,0.940585,0.994489
500,0,6,7,7.743128,7.707248,0.995366,0.998200
500,0,6,8,5.221512,3.829479,0.733404,0.993361
500,0,6,9,10.873420,10.167868,0.935112,0.997972
500,0,6,10,2.293947,2.477528,1.080028,0.938202
500,0,6,11,4.108323,4.096732,0.997179,0.972354
500,0,6,12,11.967770,11.328052,0.946547,0.997404
500,0,6,13,-0.386467,-0.671022,1.736298,0.716088
500,0,6,14,2.592623,2.095991,0.808444,0.962260
500,0,6,15,4.470118,4.468719,0.999687,0.985621
500,0,7,0,9.961665,10.369994,1.040990,0.996123
500,0,7,1,5.117801,5.305099,1.036597,0.988834
500,0,7,2,3.351840,3.385233,1.009963,0.996576
500,0,7,3,6.656389,5.994931,0.900628,0.980450
500,0,7,4,4.070179,2.406240,0.591188,0.933678
500,0,7,5,3.334358,3.666057,1.099479,0.928270
500,0,7,6,9.157461,8.762712,0.956893,0.985101
500,0,7,7,3.506732,4.580690,1.306256,0.983879
500,0,7,8,6.476001,6.485417,1.001454,0.996851
500,0,7,9,11.242014,10.806088,0.961224,0.998749
500,0,7,10,25.634310,25.757498,1.004806,0.999249
500,0,7,11,6.131759,5.853120,0.954558,0.997846
500,0,7,12,10.874232,10.825590,0.995527,0.995060
500,0,7,13,6.528432,5.698802,0.872920,0.991349
500,0,7,14,4.258567,3.499001,0.821638,0.983521
500,0,7,15,1.142219,0.121824,0.106656,0.579220
500,0,8,0,3.380723,4.195545,1.241020,0.982961
500,0,8,1,5.149457,4.513116,0.876426,0.975721
500,0,8,2,3.172624,2.256804,0.711337,0.894881
500,0,8,3,5.317489,4.412974,0.829898,0.990628
500,0,8,4,11.184539,11.925559,1.066254,0.999411
500,0,8,5,-1.724632,-2.003893,1.161925,0.965346
500,0,8,6,3.833053,4.433650,1.156689,0.985868
500,0,8,7,6.321639,7.561230,1.196087,0.994351
500,0,8,8,5.426488,5.296739,0.976090,0.996237
500,0,8,9,5.377434,5.285481,0.982900,0.994069
500,0,8,10,7.204052,7.105462,0.986315,0.995514
500,0,8,11,5.344207,5.865494,1.097542,0.992230
500,0,8,12,3.449707,3.635966,1.053993,0.961433
500,0,8,13,7.556962,7.360615,0.974018,0.995946
500,0,8,14,4.238698,4.722224,1.114074,0.981595
500,0,8,15,0.952516,0.933543,0.980081,0.539537
500,0,9,0,3.102422,2.883555,0.929453,0.982269
500,0,9,1,1.877668,0.487458,0.259608,0.717369
500,0,9,2,2.609045,1.957959,0.750450,0.980817
500,0,9,3,6.022893,6.400161,1.062639,0.996689
500,0,9,4,6.024169,6.804623,1.129554,0.996207
500,0,9,5,5.438258,6.284762,1.155657,0.992064
500,0,9,6,8.042211,9.033749,1.123292,0.994469
500,0,9,7,5.729028,5.226477,0.912280,0.998271
500,0,9,8,1.054343,0.359277,0.340759,0.665437
500,0,9,9,6.884322,6.898132,1.002006,0.995439
500,0,9,10,8.090105,7.197548,0.889673,0.996486
500,0,9,11,5.468869,4.111155,0.751738,0.993483
500,0,9,12,4.840361,5.190637,1.072366,0.904471
500,0,9,13,2.900431,2.308582,0.795944,0.986210
500,0,9,14,6.187871,6.528711,1.055082,0.997271
500,0,9,15,10.429751,10.143131,0.972519,0.999211
500,0,10,0,4.227637,2.576085,0.609344,0.947825
500,0,10,1,18.664881,18.427658,0.987290,0.997809
500,0,10,2,5.434535,4.599814,0.846404,0.988240
500,0,10,3,4.180069,3.172518,0.758963,0.986853
500,0,10,4,7.718869,7.158446,0.927396,0.999334
500,0,10,5,10.135141,10.661401,1.051924,0.998791
500,0,10,6,10.650256,10.543816,0.990006,0.994154
500,0,10,7,7.336255,6.012108,0.819506,0.999224
500,0,10,8,7.312425,7.584195,1.037165,0.995494
500,0,10,9,7.998423,8.121633,1.015404,0.988313
500,0,10,10,12.707484,12.308754,0.968622,0.988489
500,0,10,11,8.466987,8.245618,0.973855,0.997016
500,0,10,12,4.654592,3.238796,0.695828,0.985095
500,0,10,13,11.419202,11.936620,1.045311,0.998412
500,0,10,14,3.899950,2.791135,0.715685,0.925927
500,0,10,15,5.346545,5.460104,1.021240,0.993787
500,0,11,0,9.476092,9.702081,1.023848,0.999565
500,0,11,1,10.109636,11.506198,1.138142,0.999460
500,0,11,2,5.825384,6.335783,1.087617,0.996442
500,0,11,3,-1.129335,-1.910979,1.692127,0.837266
500,0,11,4,4.194007,2.875719,0.685673,0.955605
500,0,11,5,4.612319,5.526770,1.198263,0.987485
500,0,11,6,5.957772,6.446236,1.081988,0.897599
500,0,11,7,4.085137,3.603996,0.882222,0.920278
500,0,11,8,4.400809,4.428281,1.006242,0.994087
500,0,11,9,4.037261,3.571781,0.884704,0.997200
500,0,11,10,1.828051,1.003574,0.548986,0.776455
500,0,11,11,6.544281,5.289284,0.808230,0.995825
500,0,11,12,4.129349,2.200704,0.532942,0.914681
500,0,11,13,10.540600,12.189999,1.156481,0.999441
500,0,11,14,4.706583,5.602824,1.190423,0.992709
500,0,11,15,10.004948,11.162813,1.115729,0.999333
500,0,12,0,-2.760514,-3.373866,1.222187,0.987998
500,0,12,1,8.117876,9.288029,1.144145,0.990695
500,0,12,2,1.481387,2.641906,1.783400,0.916783
500,0,12,3,-3.328338,-3.646913,1.095716,0.999750
500,0,12,4,2.968730,4.070731,1.371203,0.974662
500,0,12,5,2.628301,3.061976,1.165002,0.914890
500,0,12,6,1.015958,2.210472,2.175751,0.901722
500,0,12,7,4.807333,4.409815,0.917310,0.970022
500,0,12,8,4.161419,3.943520,0.947638,0.938734
500,0,12,9,7.775886,9.223466,1.186163,0.998947
500,0,12,10,3.681564,3.097574,0.841374,0.997386
500,0,12,11,3.696315,4.274652,1.156463,0.955158
500,0,12,12,4.483914,6.138863,1.369086,0.980492
500,0,12,13,2.623909,2.677593,1.020459,0.853761
500,0,12,14,4.733551,5.243264,1.107681,0.960104
500,0,12,15,2.516277,2.168254,0.861691,0.747421
500,0,13,0,4.590574,4.009663,0.873456,0.937931
500,0,13,1,4.233182,4.389489,1.036924,0.953651
500,0,13,2,1.112562,1.700526,1.528477,0.840321
500,0,13,3,3.848105,4.071176,1.057969,0.942584
500,0,13,4,8.207908,7.824615,0.953302,0.984397
500,0,13,5,4.096439,2.792969,0.681804,0.988998
500,0,13,6,7.669055,8.411973,1.096872,0.997457
500,0,13,7,1.865116,1.624738,0.871119,0.938708
500,0,13,8,2.579293,1.163600,0.451131,0.899147
500,0,13,9,3.205818,3.742408,1.167380,0.928374
500,0,13,10,2.883464,3.788590,1.313902,0.931326
500,0,13,11,5.362274,4.768889,0.889341,0.922230
500,0,13,12,4.957098,4.656916,0.939444,0.949977
500,0,13,13,-0.789571,-0.760471,0.963145,0.814135
500,0,13,14,4.916951,4.900867,0.996729,0.952779
500,0,13,15,-1.889593,-2.540860,1.344660,0.994310
500,0,14,0,2.169281,2.069020,0.953782,0.789995
500,0,14,1,9.424080,8.321933,0.883050,0.996804
500,0,14,2,4.653303,5.180908,1.113383,0.964830
500,0,14,3,1.529311,1.592568,1.041363,0.760521
500,0,14,4,5.413949,6.134679,1.133125,0.980303
500,0,14,5,1.493465,0.330442,0.221258,0.475625
500,0,14,6,1.901824,1.838890,0.966909,0.787426
500,0,14,7,5.894176,3.712768,0.629904,0.957650
500,0,14,8,3.149409,3.064401,0.973008,0.903658
500,0,14,9,0.850321,1.765953,2.076808,0.513460
500,0,14,10,0.880208,-0.197432,-0.224301,0.026992
500,0,14,11,2.755726,3.760823,1.364730,0.905830
500,0,14,12,2.525357,2.793111,1.106026,0.909937
500,0,14,13,1.625040,2.103633,1.294512,0.777191
500,0,14,14,4.518802,4.902023,1.084806,0.964383
500,0,14,15,1.419270,2.783400,1.961149,0.796971
500,0,15,0,4.311173,4.706446,1.091686,0.988300
500,0,15,1,2.858608,2.681814,0.938154,0.968829
500,0,15,2,4.909158,4.021146,0.819111,0.989860
500,0,15,3,3.508268,3.467859,0.988482,0.986006
500,0,15,4,-3.356961,-3.397860,1.012183,0.998917
500,0,15,5,3.724527,4.069942,1.092740,0.990513
500,0,15,6,0.354433,1.497769,4.225817,0.671278
500,0,15,7,3.099826,2.561830,0.826443,0.964687
500,0,15,8,3.670763,4.049248,1.103108,0.973489
500,0,15,9,3.820123,3.680896,0.963554,0.988194
500,0,15,10,-2.088304,-1.814334,0.868807,0.988155
500,0,15,11,4.222202,3.703977,0.877262,0.985236
500,0,15,12,6.151886,6.623374,1.076641,0.997999
500,0,15,13,2.539806,1.641307,0.646233,0.915898
500,0,15,14,3.482356,2.934499,0.842676,0.967092
500,0,15,15,1.597101,-0.256733,-0.160749,-0.007743
849,0,0,0,-0.289966,0.656518,-2.264118,0.252042
849,0,0,1,-0.551350,-0.295857,0.536604,0.958257
849,0,0,2,0.059662,-0.089374,-1.498005,0.954493
849,0,0,3,-1.245786,-1.362449,1.093646,0.990958
849,0,0,4,-0.902144,-0.842159,0.933508,0.944833
849,0,0,5,1.660760,0.545120,0.328235,0.850515
849,0,0,6,1.512568,0.989165,0.653964,0.932977
849,0,0,7,-1.919588,-2.043817,1.064717,0.995414
849,0,0,8,1.994226,1.521320,0.762862,0.987848
849,0,0,9,-0.078720,-0.491565,6.244462,0.848420
849,0,0,10,0.916585,0.797628,0.870216,0.970356
849,0,0,11,-0.114866,1.046473,-9.110382,0.268845
849,0,0,12,0.551048,0.196323,0.356272,0.723917
849,0,0,13,-1.594736,-1.699123,1.065457,0.977490
849,0,0,14,0.986271,0.686029,0.695578,0.939599
849,0,0,15,-0.372441,-0.450781,1.210341,0.996852
849,0,1,0,0.469867,0.532081,1.132406,0.989601
849,0,1,1,1.514104,1.468736,0.970036,0.991048
849,0,1,2,1.817742,1.832080,1.007888,0.986230
849,0,1,3,0.210613,1.332537,6.326956,0.744541
849,0,1,4,-0.148819,-0.077011,0.517481,0.968648
849,0,1,5,0.987186,2.136058,2.163785,0.934333
849,0,1,6,1.994292,1.970975,0.988308,0.995201
849,0,1,7,0.808535,0.991649,1.226476,0.979507
849,0,1,8,0.374374,1.144353,3.056711,0.892847
849,0,1,9,-0.451881,-0.132833,0.293956,0.666740
849,0,1,10,1.117644,0.963263,0.861869,0.980603
849,0,1,11,1.670338,1.176995,0.704645,0.987931
849,0,1,12,-0.695058,-1.067650,1.536060,0.967617
849,0,1,13,0.917438,0.723721,0.788850,0.963518
849,0,1,14,-0.363869,0.398655,-1.095601,0.320491
849,0,1,15,3.012437,3.964274,1.315969,0.976004
849,0,2,0,2.388107,2.097483,0.878304,0.993260
849,0,2,1,2.216984,2.070413,0.933887,0.968310
849,0,2,2,0.285698,0.643126,2.251066,0.886107
849,0,2,3,0.305671,0.653169,2.136837,0.897610
849,0,2,4,0.404418,0.766130,1.894400,0.949292
849,0,2,5,3.830428,3.849071,1.004867,0.989688
849,0,2,6,1.388195,1.624513,1.170234,0.973009
849,0,2,7,0.378085,0.681265,1.801882,0.910779
849,0,2,8,0.342054,0.436698,1.276695,0.967408
849,0,2,9,4.276786,3.547319,0.829436,0.998285
849,0,2,10,0.495253,1.172162,2.366796,0.884474
849,0,2,11,2.480042,2.685714,1.082931,0.994076
849,0,2,12,0.345687,0.735788,2.128479,0.900669
849,0,2,13,0.856510,0.703951,0.821884,0.973940
849,0,2,14,-0.575185,-0.676549,1.176228,0.927121
849,0,2,15,0.282418,0.841803,2.980704,0.805204
849,0,3,0,1.252761,1.291117,1.030617,0.865501
849,0,3,1,2.358976,2.007618,0.851055,0.990394
849,0,3,2,0.891311,0.573023,0.642898,0.897260
849,0,3,3,1.324509,0.863875,0.652223,0.947166
849,0,3,4,2.394160,1.803981,0.753492,0.988614
849,0,3,5,2.320640,2.715183,1.170015,0.993052
849,0,3,6,2.268830,2.116785,0.932985,0.989953
849,0,3,7,0.729817,1.080001,1.479825,0.957387
849,0,3,8,7.977798,8.295207,1.039787,0.997058
849,0,3,9,2.957546,3.163508,1.069639,0.994443
849,0,3,10,3.236701,1.610257,0.497499,0.975744
849,0,3,11,0.465579,1.962400,4.214964,0.765137
849,0,3,12,2.540271,2.451387,0.965010,0.983684
849,0,3,13,6.428993,7.143880,1.111197,0.995848
849,0,3,14,1.005002,0.887243,0.882827,0.939286
849,0,3,15,2.387618,2.107853,0.882827,0.994702
849,0,4,0,2.668709,2.375651,0.890187,0.986175
849,0,4,1,2.126243,2.335408,1.098373,0.985226
849,0,4,2,0.720166,0.902288,1.252889,0.947089
849,0,4,3,2.558549,2.787607,1.089526,0.996999
849,0,4,4,4.334344,4.615380,1.064839,0.994784
849,0,4,5,1.859633,2.732865,1.469572,0.982667
849,0,4,6,1.486284,2.504499,1.685075,0.959766
849,0,4,7,1.886263,1.507682,0.799296,0.985667
849,0,4,8,0.029784,0.309051,10.376533,0.887383
849,0,4,9,0.766110,0.780581,1.018889,0.961152
849,0,4,10,7.328408,7.309819,0.997463,0.994413
849,0,4,11,4.682057,4.352390,0.929589,0.994926
849,0,4,12,1.733412,1.565173,0.902944,0.992796
849,0,4,13,4.206706,4.578210,1.088312,0.991480
849,0,4,14,1.499456,1.284413,0.856586,0.988229
849,0,4,15,1.451426,2.156267,1.485620,0.981870
849,0,5,0,11.194290,11.246193,1.004637,0.996894
849,0,5,1,3.353064,2.099672,0.626195,0.920080
849,0,5,2,8.443432,7.861100,0.931031,0.990453
849,0,5,3,2.999088,2.569624,0.856802,0.991426
849,0,5,4,10.678387,11.048125,1.034625,0.998259
849,0,5,5,9.493101,9.478918,0.998506,0.998127
849,0,5,6,13.725903,14.816386,1.079447,0.998144
849,0,5,7,2.791610,3.720624,1.332788,0.965151
849,0,5,8,3.484246,4.217366,1.210410,0.980605
849,0,5,9,4.386283,4.622782,1.053918,0.986734
849,0,5,10,5.897810,4.440310,0.752874,0.996511
849,0,5,11,5.466829,5.248055,0.959982,0.968594
849,0,5,12,1.786835,1.291380,0.722719,0.908538
849,0,5,13,5.543529,5.441295,0.981558,0.999009
849,0,5,14,6.844539,6.639576,0.970055,0.987684
849,0,5,15,1.653895,1.338728,0.809439,0.900486
849,0,6,0,3.324995,3.279029,0.986176,0.954946
849,0,6,1,5.418302,4.390726,0.810351,0.991327
849,0,6,2,5.309313,4.423120,0.833087,0.997963
849,0,6,3,2.119191,2.220515,1.047812,0.923544
849,0,6,4,4.896826,5.935934,1.212200,0.984297
849,0,6,5,3.767190,2.901230,0.770131,0.979228
849,0,6,6,12.302691,11.797211,0.958913,0.994306
849,0,6,7,7.765920,7.868261,1.013178,0.996566
849,0,6,8,5.240551,3.877917,0.739983,0.992341
849,0,6,9,11.532469,10.880869,0.943499,0.998035
849,0,6,10,2.376103,2.328948,0.980155,0.932730
849,0,6,11,3.597718,3.617693,1.005552,0.954153
849,0,6,12,12.277468,11.543651,0.940231,0.997510
849,0,6,13,-0.440712,-0.668802,1.517550,0.779395
849,0,6,14,2.297826,1.908479,0.830559,0.951992
849,0,6,15,4.348547,4.264972,0.980781,0.983202
849,0,7,0,9.508512,10.059283,1.057924,0.995773
849,0,7,1,5.370128,5.194967,0.967382,0.989330
849,0,7,2,3.367666,3.341349,0.992185,0.997072
849,0,7,3,6.369987,5.721189,0.898148,0.979023
849,0,7,4,3.743879,2.108186,0.563102,0.930395
849,0,7,5,2.668383,3.240059,1.214241,0.897340
849,0,7,6,8.009448,7.761147,0.968999,0.978450
849,0,7,7,3.587729,4.547565,1.267533,0.983710
849,0,7,8,6.585865,6.413007,0.973753,0.996296
849,0,7,9,10.170400,9.785169,0.962122,0.997576
849,0,7,10,24.604473,25.147232,1.022059,0.999050
849,0,7,11,6.016582,5.745144,0.954885,0.997857
849,0,7,12,11.041320,10.886652,0.985992,0.994243
849,0,7,13,6.333198,5.624909,0.888162,0.991054
849,0,7,14,3.671294,2.910258,0.792706,0.978830
849,0,7,15,0.772313,-0.118705,-0.153701,0.543329
849,0,8,0,3.679375,4.444295,1.207894,0.985247
849,0,8,1,5.022905,4.310879,0.858244,0.973044
849,0,8,2,2.504031,1.673890,0.668478,0.843136
849,0,8,3,4.868964,4.123937,0.846984,0.989272
849,0,8,4,9.975829,9.780756,0.980445,0.997442
849,0,8,5,-2.085919,-2.293850,1.099683,0.977499
849,0,8,6,4.327816,4.744485,1.096277,0.988624
849,0,8,7,6.708651,7.865228,1.172401,0.996111
849,0,8,8,5.401775,5.227654,0.967766,0.996302
849,0,8,9,5.140337,5.165285,1.004853,0.993603
849,0,8,10,6.390144,6.160999,0.964141,0.993361
849,0,8,11,4.998487,5.679709,1.136286,0.992518
849,0,8,12,3.517372,3.716472,1.056605,0.965138
849,0,8,13,6.603707,6.628144,1.003700,0.992116
849,0,8,14,4.541752,5.028812,1.107241,0.981965
849,0,8,15,0.666467,0.765594,1.148734,0.473694
849,0,9,0,3.039916,3.022111,0.994143,0.983974
849,0,9,1,1.619875,0.214355,0.132328,0.618365
849,0,9,2,2.595655,1.957489,0.754141,0.979937
849,0,9,3,5.584829,5.993201,1.073122,0.995056
849,0,9,4,4.993898,5.946751,1.190803,0.991998
849,0,9,5,5.528931,6.331943,1.145238,0.992736
849,0,9,6,8.276093,9.343057,1.128921,0.995429
849,0,9,7,6.145514,5.768403,0.938636,0.998774
849,0,9,8,0.520527,-0.092669,-0.178029,0.620344
849,0,9,9,7.093693,7.300682,1.029179,0.995567
849,0,9,10,7.019454,6.222309,0.886438,0.995389
849,0,9,11,5.109258,3.754221,0.734788,0.991260
849,0,9,12,4.546607,4.944382,1.087488,0.889286
849,0,9,13,3.004462,2.450445,0.815602,0.988752
849,0,9,14,5.451544,5.867101,1.076227,0.996522
849,0,9,15,9.244195,8.789805,0.950846,0.998735
849,0,10,0,4.048724,2.627757,0.649033,0.953264
849,0,10,1,17.846222,17.768156,0.995626,0.997823
849,0,10,2,5.394707,4.603980,0.853425,0.988624
849,0,10,3,3.228213,2.112787,0.654476,0.963708
849,0,10,4,7.449180,6.903696,0.926773,0.999221
849,0,10,5,9.047552,9.156529,1.012045,0.998007
849,0,10,6,9.024420,8.725985,0.966930,0.991412
849,0,10,7,6.907354,5.606039,0.811604,0.998875
849,0,10,8,6.511288,7.022145,1.078457,0.994140
849,0,10,9,7.026308,7.066497,1.005720,0.982842
849,0,10,10,11.204249,10.836515,0.967179,0.981809
849,0,10,11,7.494020,7.429717,0.991419,0.996483
849,0,10,12,4.568442,3.055521,0.668832,0.982819
849,0,10,13,10.154215,10.644751,1.048309,0.997448
849,0,10,14,4.237400,3.309572,0.781038,0.951445
849,0,10,15,4.252962,4.719792,1.109766,0.991328
849,0,11,0,8.711623,8.864552,1.017555,0.999484
849,0,11,1,9.764868,10.413754,1.066451,0.998980
849,0,11,2,4.772712,5.379108,1.127055,0.994308
849,0,11,3,-1.433599,-2.292404,1.599055,0.863791
849,0,11,4,4.167592,2.765744,0.663631,0.949946
849,0,11,5,3.733279,4.955236,1.327315,0.978799
849,0,11,6,5.172453,5.482814,1.060003,0.858970
849,0,11,7,3.578366,3.239250,0.905232,0.898186
849,0,11,8,3.268312,3.145000,0.962270,0.987042
849,0,11,9,4.010647,3.351878,0.835745,0.995469
849,0,11,10,1.880418,1.195637,0.635836,0.786673
849,0,11,11,6.402317,5.312482,0.829775,0.997073
849,0,11,12,3.933238,1.954709,0.496972,0.898929
849,0,11,13,9.831054,10.624716,1.080730,0.998472
849,0,11,14,3.978440,5.097990,1.281404,0.987434
849,0,11,15,9.158628,9.718435,1.061123,0.998635
849,0,12,0,-2.780430,-3.316839,1.192923,0.986895
849,0,12,1,7.830631,8.516014,1.087526,0.989107
849,0,12,2,1.455256,2.622309,1.801957,0.917779
849,0,12,3,-3.415172,-3.704705,1.084778,0.999838
849,0,12,4,3.086384,4.089328,1.324958,0.975032
849,0,12,5,2.068324,2.763308,1.336013,0.858546
849,0,12,6,0.783496,1.937512,2.472907,0.889770
849,0,12,7,4.764369,4.284786,0.899340,0.969261
849,0,12,8,3.744416,3.921629,1.047327,0.916021
849,0,12,9,6.810591,8.060267,1.183490,0.998469
849,0,12,10,3.335351,2.617619,0.784811,0.994372
849,0,12,11,3.235905,4.128193,1.275746,0.930834
849,0,12,12,4.021412,5.698449,1.417027,0.976195
849,0,12,13,2.451374,2.350680,0.958924,0.836673
849,0,12,14,4.415523,5.077359,1.149889,0.950625
849,0,12,15,2.262579,2.362947,1.044360,0.709682
849,0,13,0,4.658034,4.177235,0.896781,0.939703
849,0,13,1,3.940078,4.167808,1.057798,0.935680
849,0,13,2,1.252517,1.848003,1.475431,0.846359
849,0,13,3,3.785892,4.119146,1.088025,0.935265
849,0,13,4,8.688987,8.188505,0.942400,0.988025
849,0,13,5,4.034510,2.688016,0.666256,0.988214
849,0,13,6,7.504658,7.930175,1.056700,0.997656
849,0,13,7,1.823185,1.626924,0.892352,0.921884
849,0,13,8,2.618816,1.241606,0.474110,0.901461
849,0,13,9,3.230839,3.728570,1.154056,0.918075
849,0,13,10,2.931551,3.798898,1.295866,0.922433
849,0,13,11,5.343128,4.991272,0.934148,0.915108
849,0,13,12,4.996793,4.686185,0.937838,0.946930
849,0,13,13,-0.881872,-0.792188,0.898303,0.804795
849,0,13,14,4.806673,4.961752,1.032263,0.945864
849,0,13,15,-2.116871,-2.621412,1.238343,0.997155
849,0,14,0,1.923221,2.029902,1.055470,0.744764
849,0,14,1,9.818212,8.819851,0.898315,0.997326
849,0,14,2,4.406429,4.916584,1.115775,0.956444
849,0,14,3,1.263412,1.438088,1.138257,0.702333
849,0,14,4,5.047332,5.731980,1.135646,0.972058
849,0,14,5,1.474580,0.459378,0.311531,0.553097
849,0,14,6,1.593899,1.706037,1.070355,0.704572
849,0,14,7,5.708182,3.576771,0.626604,0.954427
849,0,14,8,2.914416,2.894010,0.992998,0.884776
849,0,14,9,0.619513,1.761466,2.843307,0.359642
849,0,14,10,0.900292,-0.064212,-0.071323,0.093491
849,0,14,11,2.543095,3.456337,1.359106,0.883464
849,0,14,12,2.364159,2.570207,1.087155,0.891233
849,0,14,13,1.322588,1.949850,1.474269,0.683296
849,0,14,14,4.236368,4.719506,1.114045,0.954600
849,0,14,15,1.299238,2.576157,1.982821,0.763576
849,0,15,0,4.346132,4.843052,1.114336,0.988157
849,0,15,1,2.774780,2.695562,0.971451,0.967774
849,0,15,2,4.673740,3.896357,0.833670,0.988837
849,0,15,3,3.544009,3.463320,0.977232,0.985607
849,0,15,4,-3.385283,-3.457110,1.021218,0.999277
849,0,15,5,3.632060,3.949051,1.087276,0.989687
849,0,15,6,0.238462,1.470266,6.165631,0.586660
849,0,15,7,2.844460,2.353996,0.827572,0.954535
849,0,15,8,3.541862,3.869383,1.092472,0.969235
849,0,15,9,3.802339,3.619819,0.951998,0.987026
849,0,15,10,-2.138098,-1.847759,0.864207,0.987563
849,0,15,11,4.081584,3.622819,0.887601,0.983121
849,0,15,12,5.813677,6.187644,1.064325,0.997468
849,0,15,13,2.445455,1.954601,0.799279,0.934443
849,0,15,14,3.703749,3.483447,0.940519,0.975448
849,0,15,15,1.668623,-0.075635,-0.045328,0.242184
17,0,0,0,-0.214392,0.754050,-3.517157,0.264918
17,0,0,1,-0.588928,-0.364680,0.619227,0.965689
17,0,0,2,0.676189,0.547024,0.808981,0.960373
17,0,0,3,-1.204603,-1.552283,1.288626,0.982469
17,0,0,4,0.166838,-0.329307,-1.973811,0.694223
17,0,0,5,1.302178,0.193405,0.148524,0.809469
17,0,0,6,1.407162,0.856939,0.608984,0.920772
17,0,0,7,-2.067577,-2.159322,1.044374,0.996343
17,0,0,8,1.919387,1.364881,0.711103,0.981859
17,0,0,9,0.035786,-0.393984,-11.009360,0.856555
17,0,0,10,0.174038,0.166635,0.957465,0.963088
17,0,0,11,-0.016037,1.140063,-71.088943,0.340166
17,0,0,12,1.145232,0.701955,0.612937,0.861812
17,0,0,13,-2.098587,-2.134258,1.016998,0.982645
17,0,0,14,0.752081,0.567881,0.755080,0.963344
17,0,0,15,-0.454944,-0.556582,1.223407,0.996482
17,0,1,0,0.656303,0.728483,1.109979,0.990668
17,0,1,1,0.915345,0.874799,0.955704,0.984499
17,0,1,2,1.665208,1.780941,1.069501,0.982996
17,0,1,3,0.321818,1.402757,4.358856,0.801232
17,0,1,4,0.548379,0.616946,1.125035,0.971997
17,0,1,5,1.109584,2.273384,2.048862,0.946110
17,0,1,6,2.753911,2.737234,0.993944,0.997456
17,0,1,7,0.769757,0.996694,1.294817,0.975128
17,0,1,8,0.331953,1.081300,3.257392,0.893753
17,0,1,9,-0.409331,-0.245657,0.600143,0.749277
17,0,1,10,0.982246,0.709399,0.722221,0.972170
17,0,1,11,1.668009,1.118105,0.670323,0.985554
17,0,1,12,-0.665980,-0.995134,1.494240,0.972865
17,0,1,13,2.039645,1.662581,0.815132,0.968975
17,0,1,14,-0.920510,-0.258294,0.280599,0.773097
17,0,1,15,3.814472,4.821090,1.263894,0.986143
17,0,2,0,2.316305,2.005258,0.865714,0.992518
17,0,2,1,2.396102,2.235843,0.933117,0.973338
17,0,2,2,0.264348,0.623151,2.357311,0.885664
17,0,2,3,0.304261,0.631106,2.074224,0.901483
17,0,2,4,0.532280,0.950192,1.785138,0.936347
17,0,2,5,3.849877,4.021305,1.044528,0.989048
17,0,2,6,1.298010,1.475888,1.137039,0.969146
17,0,2,7,0.362363,0.658079,1.816075,0.914250
17,0,2,8,0.679606,0.837332,1.232085,0.973687
17,0,2,9,4.480015,3.741707,0.835200,0.998325
17,0,2,10,0.349398,1.008617,2.886725,0.850244
17,0,2,11,1.676297,2.122631,1.266262,0.984451
17,0,2,12,0.335740,0.737206,2.195764,0.895427
17,0,2,13,0.641814,0.535956,0.835064,0.958728
17,0,2,14,-0.630809,-0.682869,1.082529,0.935289
17,0,2,15,0.230554,0.765947,3.322206,0.803323
17,0,3,0,0.807663,1.082995,1.340900,0.797163
17,0,3,1,2.100612,1.720635,0.819111,0.983793
17,0,3,2,0.905782,0.602301,0.664951,0.897391
17,0,3,3,1.360972,0.954098,0.701041,0.957742
17,0,3,4,2.410700,1.744938,0.723830,0.984290
17,0,3,5,1.428985,1.831282,1.281526,0.978498
17,0,3,6,2.081011,1.851649,0.889783,0.987813
17,0,3,7,0.453632,0.785188,1.730890,0.939457
17,0,3,8,8.308365,8.493253,1.022253,0.997904
17,0,3,9,2.407446,2.682336,1.114183,0.991621
17,0,3,10,3.369987,1.901198,0.564156,0.985324
17,0,3,11,0.385628,1.823421,4.728441,0.741393
17,0,3,12,2.755877,2.744612,0.995913,0.987798
17,0,3,13,6.218983,7.330050,1.178657,0.994174
17,0,3,14,0.998551,0.893216,0.894513,0.924505
17,0,3,15,2.344487,1.950332,0.831880,0.993614
17,0,4,0,2.359353,2.186822,0.926874,0.984987
17,0,4,1,1.947301,2.281570,1.171658,0.982211
17,0,4,2,0.573347,0.801029,1.397110,0.939069
17,0,4,3,2.572361,2.927670,1.138126,0.996230
17,0,4,4,3.564116,3.826699,1.073674,0.992752
17,0,4,5,1.630760,2.588728,1.587437,0.973634
17,0,4,6,1.393365,2.463551,1.768058,0.956481
17,0,4,7,1.724059,1.328772,0.770723,0.982438
17,0,4,8,-0.337566,-0.029738,0.088097,0.875547
17,0,4,9,0.631216,0.688686,1.091047,0.960098
17,0,4,10,7.471590,7.762265,1.038904,0.993089
17,0,4,11,5.273815,4.944374,0.937533,0.996280
17,0,4,12,1.599243,1.410341,0.881881,0.991364
17,0,4,13,2.456805,3.040669,1.237652,0.971596
17,0,4,14,1.393645,1.150112,0.825255,0.985089
17,0,4,15,1.226799,2.028801,1.653736,0.976214
17,0,5,0,10.318625,10.413424,1.009187,0.995214
17,0,5,1,2.964014,1.582312,0.533841,0.856319
17,0,5,2,8.651326,8.282808,0.957403,0.990191
17,0,5,3,3.000156,2.611281,0.870382,0.992065
17,0,5,4,9.390882,9.926285,1.057013,0.997096
17,0,5,5,8.768565,8.973563,1.023379,0.997588
17,0,5,6,15.571135,16.257446,1.044076,0.998702
17,0,5,7,2.373596,3.276461,1.380378,0.953378
17,0,5,8,3.196876,3.933317,1.230363,0.974156
17,0,5,9,4.318272,4.781806,1.107343,0.986327
17,0,5,10,6.228419,4.644861,0.745753,0.997277
17,0,5,11,5.438540,5.427433,0.997958,0.964440
17,0,5,12,1.739592,1.402587,0.806274,0.912191
17,0,5,13,5.857697,5.793123,0.988976,0.999015
17,0,5,14,6.340847,6.262539,0.987650,0.981904
17,0,5,15,1.649687,1.301612,0.789005,0.895197
17,0,6,0,3.168461,3.163981,0.998586,0.955040
17,0,6,1,5.454734,4.506730,0.826205,0.992282
17,0,6,2,5.483584,4.548441,0.829465,0.997738
17,0,6,3,1.746032,1.887895,1.081249,0.881728
17,0,6,4,4.722768,5.748893,1.217272,0.984357
17,0,6,5,3.778270,2.830246,0.749085,0.977784
17,0,6,6,13.448168,13.212770,0.982496,0.994242
17,0,6,7,8.343254,8.466978,1.014829,0.997672
17,0,6,8,5.263294,3.883024,0.737756,0.993221
17,0,6,9,14.440289,13.881769,0.961322,0.998739
17,0,6,10,2.481360,2.509871,1.011490,0.942425
17,0,6,11,2.723422,2.937463,1.078593,0.913478
17,0,6,12,13.195827,12.675035,0.960534,0.997863
17,0,6,13,-0.431168,-0.767155,1.779248,0.729178
17,0,6,14,2.561473,1.903816,0.743250,0.954435
17,0,6,15,4.369852,4.340213,0.993217,0.984824
17,0,7,0,8.421879,8.900670,1.056851,0.992704
17,0,7,1,5.641050,5.678511,1.006641,0.991636
17,0,7,2,3.254409,3.321037,1.020473,0.996624
17,0,7,3,7.133697,6.760386,0.947669,0.980080
17,0,7,4,4.560133,2.911567,0.638483,0.957999
17,0,7,5,3.496638,4.001019,1.144248,0.935029
17,0,7,6,8.773075,8.754442,0.997876,0.979691
17,0,7,7,3.743000,4.787872,1.279154,0.986367
17,0,7,8,6.838079,7.088211,1.036579,0.997517
17,0,7,9,12.114551,11.582191,0.956056,0.998541
17,0,7,10,26.408310,26.580997,1.006539,0.999178
17,0,7,11,5.868249,5.373597,0.915707,0.997524
17,0,7,12,11.486650,11.376379,0.990400,0.993514
17,0,7,13,6.234056,5.610237,0.899934,0.990836
17,0,7,14,4.810727,4.101945,0.852666,0.985835
17,0,7,15,1.402916,0.282266,0.201199,0.606318
17,0,8,0,3.516756,4.277629,1.216357,0.984975
17,0,8,1,4.918982,4.305101,0.875202,0.975577
17,0,8,2,3.024254,2.268235,0.750015,0.888450
17,0,8,3,5.739029,4.922767,0.857770,0.992081
17,0,8,4,11.900978,12.284347,1.032213,0.998682
17,0,8,5,-1.780122,-1.958783,1.100365,0.961450
17,0,8,6,4.156035,4.768230,1.147303,0.989320
17,0,8,7,6.663229,7.822988,1.174054,0.995942
17,0,8,8,5.267600,5.088630,0.966024,0.996305
17,0,8,9,5.471201,5.423467,0.991275,0.995046
17,0,8,10,5.976383,5.694678,0.952864,0.993388
17,0,8,11,5.350945,5.765714,1.077513,0.993485
17,0,8,12,3.624874,3.816773,1.052940,0.968326
17,0,8,13,6.511614,6.346107,0.974583,0.994060
17,0,8,14,4.078537,4.711769,1.155259,0.980899
17,0,8,15,0.990903,1.147612,1.158149,0.572420
17,0,9,0,3.108330,2.836680,0.912606,0.982829
17,0,9,1,1.962529,0.476106,0.242598,0.700372
17,0,9,2,2.394659,1.754759,0.732780,0.976088
17,0,9,3,5.499331,5.849460,1.063668,0.996124
17,0,9,4,6.326811,6.987600,1.104443,0.996097
17,0,9,5,5.184208,6.066981,1.170281,0.992219
17,0,9,6,7.740628,8.694421,1.123219,0.994696
17,0,9,7,5.489882,5.031130,0.916437,0.997862
17,0,9,8,0.861921,0.211882,0.245825,0.656145
17,0,9,9,6.454793,6.649855,1.030220,0.995311
17,0,9,10,7.690183,6.724830,0.874469,0.995639
17,0,9,11,6.198683,4.843200,0.781327,0.995702
17,0,9,12,4.669040,4.995329,1.069883,0.861687
17,0,9,13,2.715708,2.128598,0.783810,0.982805
17,0,9,14,6.086892,6.436349,1.057412,0.997467
17,0,9,15,10.189998,9.733430,0.955195,0.999032
17,0,10,0,3.982983,2.345878,0.588975,0.941016
17,0,10,1,18.197357,17.740931,0.974918,0.997566
17,0,10,2,5.034981,4.144815,0.823204,0.985221
17,0,10,3,4.217433,3.015816,0.715083,0.981312
17,0,10,4,7.478060,6.996700,0.935630,0.999232
17,0,10,5,10.704015,10.860897,1.014656,0.998523
17,0,10,6,10.655206,10.173695,0.954810,0.992610
17,0,10,7,7.617589,6.339356,0.832200,0.999401
17,0,10,8,6.872966,7.051497,1.025976,0.994603
17,0,10,9,6.378086,6.214151,0.974297,0.970394
17,0,10,10,11.738313,11.214306,0.955359,0.984626
17,0,10,11,7.663059,7.352493,0.959472,0.996281
17,0,10,12,4.538378,3.022262,0.665934,0.981825
17,0,10,13,11.360632,11.850745,1.043141,0.997827
17,0,10,14,4.175577,3.329191,0.797301,0.947601
17,0,10,15,4.755938,4.998527,1.051008,0.992465
17,0,11,0,9.156747,9.294190,1.015010,0.999497
17,0,11,1,11.524694,12.680492,1.100289,0.999457
17,0,11,2,4.795502,5.260525,1.096971,0.993717
17,0,11,3,-1.321924,-2.092462,1.582891,0.846325
17,0,11,4,3.744269,2.580817,0.689271,0.952726
17,0,11,5,4.034871,5.085703,1.260438,0.983178
17,0,11,6,6.167881,6.513069,1.055965,0.872622
17,0,11,7,3.912848,3.342664,0.854279,0.916455
17,0,11,8,3.629821,3.480213,0.958784,0.989034
17,0,11,9,5.206882,4.604275,0.884267,0.997599
17,0,11,10,1.900095,1.421093,0.747906,0.837386
17,0,11,11,6.566387,5.418263,0.825151,0.996628
17,0,11,12,3.878037,1.828954,0.471618,0.882589
17,0,11,13,12.151385,13.712725,1.128491,0.999430
17,0,11,14,4.322612,5.144732,1.190190,0.991931
17,0,11,15,11.377352,11.993154,1.054125,0.998929
17,0,12,0,-2.783140,-3.333063,1.197591,0.989770
17,0,12,1,8.979907,9.860863,1.098103,0.989952
17,0,12,2,1.570030,2.870646,1.828402,0.920581
17,0,12,3,-3.340225,-3.623853,1.084913,0.999733
17,0,12,4,3.086786,4.320784,1.399768,0.976585
17,0,12,5,2.377136,2.912791,1.225336,0.895369
17,0,12,6,1.033700,2.359154,2.282242,0.893239
17,0,12,7,5.025240,4.793131,0.953811,0.976729
17,0,12,8,4.189625,3.986308,0.951471,0.931392
17,0,12,9,7.984589,9.263853,1.160217,0.998889
17,0,12,10,4.171623,3.493853,0.837528,0.997161
17,0,12,11,3.623208,4.306595,1.188614,0.944630
17,0,12,12,4.473685,6.119433,1.367873,0.980018
17,0,12,13,2.775204,2.755917,0.993050,0.826937
17,0,12,14,4.943887,5.655805,1.144000,0.960806
17,0,12,15,2.625377,2.501998,0.953005,0.749896
17,0,13,0,4.782767,4.189530,0.875964,0.940632
17,0,13,1,4.188958,4.547215,1.085524,0.947206
17,0,13,2,1.131244,1.728416,1.527890,0.830853
17,0,13,3,4.092236,4.452344,1.087998,0.944353
17,0,13,4,7.922534,7.385551,0.932221,0.978866
17,0,13,5,4.553688,3.061213,0.672249,0.989328
17,0,13,6,7.501680,7.931288,1.057268,0.996290
17,0,13,7,1.931965,1.871804,0.968860,0.936801
17,0,13,8,2.589692,1.008386,0.389385,0.869037
17,0,13,9,3.342990,4.030761,1.205735,0.929548
17,0,13,10,3.086001,3.973566,1.287610,0.938282
17,0,13,11,5.456753,4.900123,0.897992,0.922173
17,0,13,12,5.083152,4.802032,0.944696,0.947995
17,0,13,13,-0.977987,-0.909816,0.930295,0.821093
17,0,13,14,5.059347,5.158496,1.019597,0.954634
17,0,13,15,-1.944155,-2.575005,1.324485,0.995254
17,0,14,0,2.141494,2.094507,0.978059,0.751559
17,0,14,1,9.584515,8.289973,0.864934,0.997141
17,0,14,2,4.612811,5.286326,1.146010,0.960405
17,0,14,3,1.432198,1.611447,1.125157,0.725917
17,0,14,4,5.280373,6.043081,1.144442,0.976589
17,0,14,5,1.377434,0.229880,0.166890,0.398843
17,0,14,6,1.832790,1.840230,1.004059,0.751212
17,0,14,7,5.963805,3.931300,0.659193,0.966073
17,0,14,8,3.041573,3.082550,1.013473,0.884712
17,0,14,9,0.770183,1.917691,2.489916,0.436856
17,0,14,10,1.038484,-0.097094,-0.093496,0.017550
17,0,14,11,2.676090,3.791222,1.416702,0.892559
17,0,14,12,2.438283,2.824879,1.158552,0.895345
17,0,14,13,1.552295,2.109791,1.359143,0.740620
17,0,14,14,4.405502,4.911612,1.114881,0.959321
17,0,14,15,1.429048,2.893655,2.024883,0.784957
17,0,15,0,4.261531,4.758053,1.116513,0.987317
17,0,15,1,2.748685,2.580992,0.938992,0.964360
17,0,15,2,4.822550,3.899812,0.808662,0.988668
17,0,15,3,3.431174,3.359664,0.979159,0.985137
17,0,15,4,-3.245709,-3.239780,0.998173,0.998498
17,0,15,5,3.558449,3.892301,1.093820,0.988701
17,0,15,6,0.290628,1.197518,4.120450,0.660232
17,0,15,7,3.081855,2.542072,0.824851,0.962191
17,0,15,8,3.574454,3.976390,1.112447,0.970701
17,0,15,9,4.001178,3.827254,0.956532,0.988741
17,0,15,10,-2.008106,-1.772866,0.882855,0.987827
17,0,15,11,4.124719,3.635664,0.881433,0.983434
17,0,15,12,6.385597,7.028298,1.100649,0.998157
17,0,15,13,2.427842,1.460962,0.601753,0.890349
17,0,15,14,3.204429,2.531689,0.790059,0.951439
17,0,15,15,1.661955,-0.354184,-0.213113,-0.204022
146,0,0,0,-0.237035,0.707462,-2.984631,0.265060
146,0,0,1,-0.567464,-0.343005,0.604453,0.962156
146,0,0,2,0.092787,0.032714,0.352573,0.963383
146,0,0,3,-0.523289,-0.939289,1.794970,0.951283
146,0,0,4,-0.545754,-0.759913,1.392409,0.934389
146,0,0,5,1.793740,0.799633,0.445791,0.891764
146,0,0,6,1.540593,1.024571,0.665050,0.936542
146,0,0,7,-1.806698,-1.987962,1.100329,0.996590
146,0,0,8,2.334427,1.887350,0.808485,0.993920
146,0,0,9,0.002591,-0.455821,-175.947925,0.863183
146,0,0,10,1.354125,1.202217,0.887818,0.978329
146,0,0,11,-0.104252,1.061297,-10.180153,0.287769
146,0,0,12,1.740118,1.247792,0.717073,0.913919
146,0,0,13,-1.357674,-1.514137,1.115243,0.977136
146,0,0,14,-1.330676,-1.295416,0.973502,0.984001
146,0,0,15,-0.325839,-0.415088,1.273907,0.996784
146,0,1,0,0.555703,0.640094,1.151862,0.990138
146,0,1,1,2.140355,2.051115,0.958306,0.995178
146,0,1,2,1.054115,1.123057,1.065403,0.980222
146,0,1,3,0.337104,1.463702,4.341985,0.802387
146,0,1,4,0.625501,0.713482,1.140656,0.955432
146,0,1,5,1.160326,2.352950,2.027835,0.951067
146,0,1,6,3.318973,3.260284,0.982317,0.998114
146,0,1,7,0.725138,0.908386,1.252708,0.976198
146,0,1,8,0.447044,1.216290,2.720738,0.905229
146,0,1,9,-0.512444,-0.221759,0.432748,0.731047
146,0,1,10,1.065297,0.900371,0.845184,0.975446
146,0,1,11,1.633534,1.128521,0.690847,0.986225
146,0,1,12,-1.205465,-1.534334,1.272815,0.989009
146,0,1,13,1.273372,1.154280,0.906475,0.974071
146,0,1,14,-0.590359,0.219857,-0.372413,0.356617
146,0,1,15,3.167052,4.346979,1.372563,0.979115
146,0,2,0,2.258907,1.986525,0.879419,0.991951
146,0,2,1,2.452199,2.456505,1.001756,0.977995
146,0,2,2,0.321290,0.720556,2.242696,0.876934
146,0,2,3,0.338457,0.715608,2.114327,0.904087
146,0,2,4,0.552355,0.950318,1.720484,0.947926
146,0,2,5,4.090897,4.195376,1.025539,0.987997
146,0,2,6,1.437683,1.682142,1.170037,0.973517
146,0,2,7,0.390479,0.758909,1.943532,0.896500
146,0,2,8,0.004019,0.146894,36.549126,0.938053
146,0,2,9,4.156959,3.439804,0.827481,0.998054
146,0,2,10,0.465499,1.184322,2.544197,0.877127
146,0,2,11,2.125734,2.350599,1.105782,0.991862
146,0,2,12,0.363759,0.798262,2.194483,0.886048
146,0,2,13,0.956210,0.896091,0.937129,0.978133
146,0,2,14,-0.800770,-0.925158,1.155336,0.954661
146,0,2,15,0.260628,0.857589,3.290478,0.802925
146,0,3,0,1.348212,1.461931,1.084348,0.886732
146,0,3,1,2.153965,1.815820,0.843013,0.987157
146,0,3,2,0.982964,0.716958,0.729384,0.912790
146,0,3,3,1.231084,0.793153,0.644272,0.940735
146,0,3,4,2.329851,1.751769,0.751880,0.987992
146,0,3,5,1.326135,1.757036,1.324930,0.970365
146,0,3,6,2.213301,2.025364,0.915087,0.988838
146,0,3,7,0.571833,0.932865,1.631358,0.948593
146,0,3,8,8.477034,8.945814,1.055300,0.997177
146,0,3,9,3.284779,3.472722,1.057216,0.996472
146,0,3,10,3.265630,1.637694,0.501494,0.976427
146,0,3,11,0.475618,1.956106,4.112763,0.770646
146,0,3,12,2.529194,2.519324,0.996098,0.981747
146,0,3,13,6.911829,8.009874,1.158865,0.995521
146,0,3,14,1.132704,1.046235,0.923662,0.948632
146,0,3,15,2.413678,2.102202,0.870954,0.994502
146,0,4,0,2.461848,2.125353,0.863316,0.981480
146,0,4,1,1.791580,2.045154,1.141536,0.976978
146,0,4,2,0.849516,1.061735,1.249812,0.958637
146,0,4,3,2.576322,2.856219,1.108642,0.996723
146,0,4,4,3.891649,4.212372,1.082413,0.992802
146,0,4,5,1.659016,2.589419,1.560816,0.976159
146,0,4,6,1.654686,2.707663,1.636361,0.963001
146,0,4,7,1.926355,1.562907,0.811328,0.986575
146,0,4,8,-0.037563,0.246037,-6.549995,0.828414
146,0,4,9,0.866061,0.892877,1.030963,0.968642
146,0,4,10,8.138709,8.233362,1.011630,0.995490
146,0,4,11,4.629257,4.377354,0.945585,0.994107
146,0,4,12,1.825888,1.658094,0.908103,0.993064
146,0,4,13,4.611706,4.884967,1.059254,0.992925
146,0,4,14,1.620115,1.400562,0.864483,0.988465
146,0,4,15,1.484467,2.244447,1.511955,0.983919
146,0,5,0,11.988588,11.938192,0.995796,0.997288
146,0,5,1,3.871163,2.613757,0.675187,0.939530
146,0,5,2,7.788342,7.421502,0.952899,0.988805
146,0,5,3,2.886723,2.376674,0.823312,0.987486
146,0,5,4,9.549809,10.223238,1.070517,0.997452
146,0,5,5,10.829405,10.918204,1.008200,0.998446
146,0,5,6,15.678236,16.502254,1.052558,0.998741
146,0,5,7,2.236994,3.290353,1.470881,0.947477
146,0,5,8,3.215225,4.002786,1.244947,0.971413
146,0,5,9,4.621640,4.908677,1.062107,0.987195
146,0,5,10,5.784757,4.365200,0.754604,0.996667
146,0,5,11,4.659355,4.415294,0.947619,0.955897
146,0,5,12,2.097303,1.619336,0.772104,0.929286
146,0,5,13,5.605219,5.481954,0.978009,0.998848
146,0,5,14,7.487555,7.312376,0.976604,0.989894
146,0,5,15,1.832610,1.472687,0.803601,0.906970
146,0,6,0,2.665966,2.760189,1.035343,0.929331
146,0,6,1,5.405546,4.598465,0.850694,0.991397
146,0,6,2,5.320430,4.413144,0.829471,0.997668
146,0,6,3,2.323168,2.444093,1.052052,0.941947
146,0,6,4,4.624747,5.659597,1.223764,0.982589
146,0,6,5,3.705284,2.794773,0.754267,0.976338
146,0,6,6,12.959575,12.279892,0.947554,0.994045
146,0,6,7,8.513276,8.787333,1.032192,0.998086
146,0,6,8,5.208104,3.766262,0.723154,0.992116
146,0,6,9,12.253327,11.770123,0.960565,0.998498
146,0,6,10,2.153194,2.242449,1.041452,0.931484
146,0,6,11,3.519028,3.677650,1.045076,0.952338
146,0,6,12,13.562037,13.300245,0.980697,0.997956
146,0,6,13,-0.317022,-0.611653,1.929373,0.770532
146,0,6,14,2.607047,2.193649,0.841431,0.966053
146,0,6,15,4.106345,4.235035,1.031339,0.983419
146,0,7,0,8.838571,9.338538,1.056567,0.994488
146,0,7,1,4.780025,4.847749,1.014168,0.985873
146,0,7,2,3.425597,3.450044,1.007136,0.997011
146,0,7,3,6.806736,6.297483,0.925184,0.979436
146,0,7,4,3.607067,1.830572,0.507496,0.883955
146,0,7,5,2.905662,3.413216,1.174677,0.907026
146,0,7,6,9.265711,9.256139,0.998967,0.983124
146,0,7,7,3.483961,4.481394,1.286293,0.983560
146,0,7,8,6.445968,6.249815,0.969570,0.995592
146,0,7,9,11.227315,11.045178,0.983777,0.998453
146,0,7,10,26.021254,26.298336,1.010648,0.999160
146,0,7,11,6.166088,5.983837,0.970443,0.997797
146,0,7,12,9.962731,9.977237,1.001456,0.990730
146,0,7,13,6.138014,5.389385,0.878034,0.988025
146,0,7,14,3.846351,3.104905,0.807234,0.981091
146,0,7,15,1.021575,-0.106663,-0.104411,0.501839
146,0,8,0,3.363098,3.918567,1.165166,0.980797
146,0,8,1,5.195513,4.455660,0.857598,0.973047
146,0,8,2,2.948742,2.053261,0.696318,0.879466
146,0,8,3,5.241095,4.416698,0.842705,0.989993
146,0,8,4,11.716233,13.043449,1.113280,0.999352
146,0,8,5,-1.748038,-2.026967,1.159567,0.965451
146,0,8,6,3.915042,4.320310,1.103515,0.984293
146,0,8,7,5.930199,7.164418,1.208124,0.992046
146,0,8,8,5.490800,5.240780,0.954466,0.995368
146,0,8,9,5.654994,5.467170,0.966786,0.993748
146,0,8,10,7.329262,7.147081,0.975143,0.994365
146,0,8,11,4.740205,5.255508,1.108709,0.988175
146,0,8,12,3.555696,3.567291,1.003261,0.959934
146,0,8,13,7.578129,7.454199,0.983646,0.995816
146,0,8,14,4.301199,4.539958,1.055510,0.978644
146,0,8,15,0.728669,0.514235,0.705718,0.388761
146,0,9,0,3.129131,2.972423,0.949920,0.985147
146,0,9,1,1.584338,0.278882,0.176025,0.664318
146,0,9,2,2.802033,2.159688,0.770758,0.982441
146,0,9,3,5.885689,6.092726,1.035176,0.995814
146,0,9,4,6.729159,7.701509,1.144498,0.996305
146,0,9,5,5.654497,6.293211,1.112957,0.992940
146,0,9,6,7.685839,8.778092,1.142112,0.993388
146,0,9,7,5.931323,5.421133,0.913984,0.998415
146,0,9,8,1.408907,0.529429,0.375773,0.699507
146,0,9,9,6.805825,6.441945,0.946534,0.993304
146,0,9,10,8.165025,7.425240,0.909396,0.996823
146,0,9,11,5.135103,3.758788,0.731979,0.991589
146,0,9,12,4.369266,4.977103,1.139117,0.842082
146,0,9,13,2.867603,2.339821,0.815950,0.986377
146,0,9,14,5.326899,5.750914,1.079599,0.994973
146,0,9,15,10.008788,9.876709,0.986804,0.999083
146,0,10,0,3.811141,2.119599,0.556159,0.924769
146,0,10,1,17.382217,17.189375,0.988906,0.996254
146,0,10,2,5.334727,4.632834,0.868429,0.988841
146,0,10,3,3.762651,2.586211,0.687338,0.973244
146,0,10,4,7.801120,7.279825,0.933177,0.999389
146,0,10,5,10.402863,10.892173,1.047036,0.998675
146,0,10,6,9.918124,9.907323,0.998911,0.990119
146,0,10,7,7.192070,5.835665,0.811403,0.998996
146,0,10,8,6.998592,7.394025,1.056502,0.994581
146,0,10,9,8.297660,8.401184,1.012476,0.989134
146,0,10,10,12.894887,12.538907,0.972394,0.990434
146,0,10,11,9.263957,9.191292,0.992156,0.997992
146,0,10,12,4.668222,3.285717,0.703848,0.985018
146,0,10,13,10.676363,11.278605,1.056409,0.997472
146,0,10,14,3.322322,1.958832,0.589597,0.875347
146,0,10,15,5.019483,5.384014,1.072623,0.992892
146,0,11,0,8.381503,8.723715,1.040829,0.999410
146,0,11,1,11.087517,12.561536,1.132944,0.999605
146,0,11,2,6.451657,7.180770,1.113012,0.996767
146,0,11,3,-0.917308,-1.689711,1.842033,0.798913
146,0,11,4,3.999031,2.502652,0.625815,0.932325
146,0,11,5,4.023842,4.897924,1.217226,0.980496
146,0,11,6,6.165011,6.708269,1.088119,0.877297
146,0,11,7,4.275079,3.723912,0.871074,0.925341
146,0,11,8,5.015384,5.212227,1.039248,0.995342
146,0,11,9,4.302132,3.807606,0.885051,0.997099
146,0,11,10,1.642419,0.774627,0.471638,0.711491
146,0,11,11,6.015512,4.691501,0.779900,0.994110
146,0,11,12,4.468503,2.621861,0.586743,0.935722
146,0,11,13,10.972383,12.880802,1.173929,0.999463
146,0,11,14,5.571108,6.499609,1.166664,0.994845
146,0,11,15,10.679314,11.800984,1.105032,0.999310
146,0,12,0,-2.710427,-3.256911,1.201623,0.988926
146,0,12,1,8.527859,9.649207,1.131492,0.985779
146,0,12,2,1.379343,2.470350,1.790961,0.919947
146,0,12,3,-3.377248,-3.709706,1.098441,0.999792
146,0,12,4,2.940985,4.125569,1.402785,0.971117
146,0,12,5,2.568426,3.137509,1.221569,0.904671
146,0,12,6,1.054236,2.204346,2.090942,0.903793
146,0,12,7,5.013507,4.510248,0.899619,0.971083
146,0,12,8,4.400311,4.025161,0.914745,0.935898
146,0,12,9,8.085953,9.614788,1.189073,0.998669
146,0,12,10,3.850162,3.271016,0.849579,0.997463
146,0,12,11,3.963325,4.460740,1.125505,0.950609
146,0,12,12,4.251368,5.940552,1.397327,0.978907
146,0,12,13,2.917756,2.920226,1.000847,0.859624
146,0,12,14,5.211838,5.609653,1.076329,0.962537
146,0,12,15,2.395823,2.138842,0.892738,0.720503
146,0,13,0,4.212985,3.609236,0.856693,0.917644
146,0,13,1,4.316826,4.176344,0.967457,0.945760
146,0,13,2,1.301700,1.813188,1.392939,0.862209
146,0,13,3,3.842722,3.859814,1.004448,0.931355
146,0,13,4,8.223106,7.739644,0.941207,0.977590
146,0,13,5,4.015299,2.606004,0.649018,0.983600
146,0,13,6,8.424784,9.237330,1.096447,0.997608
146,0,13,7,2.008253,1.698096,0.845559,0.938095
146,0,13,8,2.765279,1.266852,0.458128,0.908575
146,0,13,9,3.360532,3.583419,1.066325,0.924768
146,0,13,10,2.920496,3.674487,1.258172,0.929098
146,0,13,11,5.203545,4.309791,0.828241,0.903250
146,0,13,12,4.995059,4.363159,0.873495,0.947960
146,0,13,13,-0.606064,-0.624199,1.029923,0.784097
146,0,13,14,4.804309,4.505012,0.937702,0.944959
146,0,13,15,-1.779915,-2.435587,1.368373,0.992729
146,0,14,0,2.121467,1.974626,0.930783,0.780782
146,0,14,1,9.934477,8.967645,0.902679,0.997216
146,0,14,2,4.875460,5.270139,1.080952,0.967336
146,0,14,3,1.602749,1.583724,0.988130,0.768530
146,0,14,4,5.528594,6.058648,1.095875,0.979344
146,0,14,5,1.617041,0.382545,0.236571,0.515816
146,0,14,6,1.840397,1.616536,0.878363,0.751528
146,0,14,7,5.759370,3.594428,0.624101,0.953964
146,0,14,8,3.192110,2.998992,0.939502,0.906331
146,0,14,9,0.826090,1.651102,1.998696,0.484740
146,0,14,10,1.050205,-0.062543,-0.059553,0.077918
146,0,14,11,2.944852,3.815071,1.295505,0.913554
146,0,14,12,2.666370,2.758095,1.034401,0.914801
146,0,14,13,1.642131,2.081067,1.267296,0.774865
146,0,14,14,4.452138,4.629110,1.039750,0.960980
146,0,14,15,1.648595,2.830073,1.716658,0.830318
146,0,15,0,4.274115,4.651284,1.088245,0.988043
146,0,15,1,2.913144,2.698991,0.926487,0.974087
146,0,15,2,4.865435,4.070649,0.836647,0.990873
146,0,15,3,3.547067,3.549184,1.000597,0.987031
146,0,15,4,-3.381270,-3.446181,1.019197,0.999096
146,0,15,5,3.830620,4.222996,1.102432,0.991190
146,0,15,6,0.315460,1.392731,4.414927,0.684979
146,0,15,7,3.167881,2.635669,0.831997,0.966773
146,0,15,8,3.867510,4.203066,1.086763,0.976785
146,0,15,9,3.879697,3.777030,0.973537,0.987661
146,0,15,10,-1.944044,-1.714229,0.881785,0.986807
146,0,15,11,4.135624,3.591765,0.868494,0.985309
146,0,15,12,5.939855,6.418481,1.080579,0.997818
146,0,15,13,2.642962,1.829568,0.692242,0.934100
146,0,15,14,3.627764,3.206802,0.883961,0.971302
146,0,15,15,1.818152,-0.118056,-0.064932,0.131631
281,0,0,0,-0.275611,0.671644,-2.436926,0.254640
281,0,0,1,-0.649397,-0.417426,0.642791,0.970649
281,0,0,2,-0.057488,-0.169069,2.940936,0.963474
281,0,0,3,-1.523537,-1.717436,1.127269,0.992247
281,0,0,4,-0.388501,-0.694105,1.786624,0.892318
281,0,0,5,1.373286,0.368721,0.268496,0.859503
281,0,0,6,1.473476,0.936031,0.635254,0.929811
281,0,0,7,-1.680458,-1.813088,1.078925,0.994553
281,0,0,8,1.783719,1.326808,0.743843,0.984386
281,0,0,9,0.017400,-0.361708,-20.787602,0.892782
281,0,0,10,0.813598,0.763533,0.938464,0.971749
281,0,0,11,-0.106853,1.025166,-9.594189,0.285966
281,0,0,12,0.793392,0.335806,0.423254,0.769156
281,0,0,13,-1.569800,-1.638331,1.043656,0.976912
281,0,0,14,0.619074,0.538295,0.869517,0.968968
281,0,0,15,-0.399559,-0.488954,1.223733,0.996764
281,0,1,0,0.520778,0.590209,1.133323,0.990100
281,0,1,1,1.328296,1.325734,0.998071,0.990723
281,0,1,2,2.148081,2.200264,1.024293,0.989770
281,0,1,3,0.208974,1.291368,6.179556,0.750750
281,0,1,4,0.300048,0.362329,1.207571,0.962766
281,0,1,5,0.992096,2.165917,2.183172,0.936209
281,0,1,6,1.755144,1.818172,1.035910,0.993345
281,0,1,7,0.826122,1.019770,1.234405,0.979584
281,0,1,8,0.456883,1.210889,2.650327,0.905979
281,0,1,9,-0.397292,-0.137506,0.346108,0.691624
281,0,1,10,1.061923,0.850464,0.800872,0.976979
281,0,1,11,1.714387,1.192866,0.695797,0.987613
281,0,1,12,-0.711857,-1.049576,1.474421,0.970949
281,0,1,13,1.436478,1.232947,0.858312,0.976025
281,0,1,14,-0.545635,0.156213,-0.286295,0.475964
281,0,1,15,3.136372,4.069974,1.297669,0.979457
281,0,2,0,2.362415,2.074188,0.877995,0.993282
281,0,2,1,1.537478,1.544095,1.004304,0.947065
281,0,2,2,0.277879,0.617027,2.220492,0.890896
281,0,2,3,0.302109,0.632215,2.092672,0.904177
281,0,2,4,0.567461,0.844532,1.488264,0.961398
281,0,2,5,3.407237,3.345924,0.982005,0.986256
281,0,2,6,1.365037,1.582192,1.159084,0.972254
281,0,2,7,0.359344,0.650469,1.810153,0.912337
281,0,2,8,0.364383,0.432826,1.187835,0.966854
281,0,2,9,4.343337,3.605868,0.830207,0.998269
281,0,2,10,0.422750,1.069106,2.528932,0.874708
281,0,2,11,1.483037,1.814906,1.223777,0.982175
281,0,2,12,0.335749,0.733070,2.183387,0.889303
281,0,2,13,1.386029,1.173291,0.846513,0.978499
281,0,2,14,-0.689099,-0.742145,1.076979,0.933459
281,0,2,15,0.218859,0.766314,3.501406,0.783275
281,0,3,0,1.163397,1.185625,1.019106,0.853425
281,0,3,1,2.364525,1.980494,0.837586,0.989423
281,0,3,2,0.820069,0.510274,0.622233,0.871246
281,0,3,3,1.330761,0.896258,0.673493,0.950987
281,0,3,4,2.480354,1.851784,0.746581,0.988612
281,0,3,5,1.752067,2.182877,1.245887,0.986461
281,0,3,6,2.197934,2.016963,0.917663,0.988959
281,0,3,7,0.741990,1.097862,1.479618,0.957873
281,0,3,8,7.818720,8.010615,1.024543,0.997123
281,0,3,9,2.363970,2.688365,1.137224,0.990945
281,0,3,10,3.305999,1.730121,0.523328,0.979739
281,0,3,11,0.339119,1.792090,5.284541,0.729494
281,0,3,12,2.390933,2.238104,0.936080,0.983115
281,0,3,13,6.125088,6.737418,1.099971,0.995304
281,0,3,14,0.972349,0.825636,0.849115,0.921676
281,0,3,15,2.315424,2.001154,0.864271,0.993950
281,0,4,0,2.680676,2.404807,0.897089,0.987050
281,0,4,1,1.861533,2.071450,1.112765,0.980831
281,0,4,2,0.671584,0.841634,1.253207,0.949391
281,0,4,3,2.534358,2.812017,1.109558,0.996739
281,0,4,4,3.833573,4.095847,1.068415,0.993388
281,0,4,5,1.776824,2.664884,1.499802,0.981797
281,0,4,6,1.547021,2.520552,1.629294,0.966812
281,0,4,7,1.812141,1.419903,0.783550,0.984417
281,0,4,8,-0.358953,-0.002967,0.008267,0.889745
281,0,4,9,0.755871,0.764848,1.011877,0.965100
281,0,4,10,6.822453,6.875578,1.007787,0.992870
281,0,4,11,4.869427,4.538749,0.932091,0.995571
281,0,4,12,1.694483,1.517703,0.895673,0.992380
281,0,4,13,3.512199,3.928969,1.118663,0.987463
281,0,4,14,1.449485,1.213914,0.837480,0.986646
281,0,4,15,1.369415,2.107764,1.539171,0.980851
281,0,5,0,11.127773,11.180586,1.004746,0.996235
281,0,5,1,3.410873,2.070194,0.606940,0.914174
281,0,5,2,8.368371,7.954337,0.950524,0.991726
281,0,5,3,2.900723,2.426981,0.836682,0.989487
281,0,5,4,10.452139,10.779954,1.031363,0.998390
281,0,5,5,8.377400,8.474390,1.011578,0.997630
281,0,5,6,15.370151,15.907070,1.034933,0.998616
281,0,5,7,2.582245,3.520172,1.363221,0.960419
281,0,5,8,3.692887,4.369833,1.183311,0.980703
281,0,5,9,4.431467,4.629697,1.044733,0.986104
281,0,5,10,6.048724,4.509379,0.745509,0.996549
281,0,5,11,4.963317,4.910820,0.989423,0.957693
281,0,5,12,1.455594,0.959323,0.659060,0.879077
281,0,5,13,5.646239,5.529108,0.979255,0.998968
281,0,5,14,6.594550,6.501596,0.985904,0.986836
281,0,5,15,1.751981,1.377544,0.786278,0.901520
281,0,6,0,3.215199,3.180449,0.989192,0.952137
281,0,6,1,5.387601,4.385643,0.814025,0.991018
281,0,6,2,5.308246,4.368166,0.822902,0.997510
281,0,6,3,1.669334,1.827646,1.094835,0.899116
281,0,6,4,4.689115,5.647179,1.204317,0.983421
281,0,6,5,3.676433,2.725201,0.741262,0.978240
281,0,6,6,12.244208,11.630446,0.949873,0.994266
281,0,6,7,6.710907,6.925217,1.031935,0.997010
281,0,6,8,5.199932,3.835246,0.737557,0.992728
281,0,6,9,11.143255,10.518962,0.943976,0.997673
281,0,6,10,2.392759,2.360561,0.986544,0.932289
281,0,6,11,3.131211,3.370460,1.076408,0.940612
281,0,6,12,11.228967,10.646769,0.948152,0.997102
281,0,6,13,-0.465947,-0.783738,1.682031,0.778329
281,0,6,14,2.138241,1.663363,0.777912,0.943354
281,0,6,15,4.266764,4.118294,0.965203,0.984540
281,0,7,0,9.638404,9.938287,1.031113,0.996027
281,0,7,1,4.976063,5.008666,1.006552,0.987366
281,0,7,2,3.259602,3.241652,0.994493,0.996639
281,0,7,3,6.257441,5.737067,0.916839,0.978397
281,0,7,4,3.680216,2.000464,0.543573,0.923469
281,0,7,5,2.566016,3.083266,1.201577,0.884500
281,0,7,6,8.230935,8.053848,0.978485,0.982894
281,0,7,7,3.296309,4.394540,1.333170,0.981201
281,0,7,8,6.426671,6.378145,0.992449,0.996493
281,0,7,9,10.785555,10.330468,0.957806,0.998607
281,0,7,10,26.084288,26.275249,1.007321,0.999310
281,0,7,11,5.711873,5.329058,0.932979,0.997746
281,0,7,12,11.019766,10.686392,0.969748,0.995441
281,0,7,13,6.085056,5.351043,0.879374,0.990220
281,0,7,14,4.158737,3.323229,0.799096,0.985527
281,0,7,15,0.810154,-0.183214,-0.226147,0.529497
281,0,8,0,3.659050,4.381733,1.197506,0.985061
281,0,8,1,5.202574,4.514066,0.867660,0.977325
281,0,8,2,2.978630,2.219107,0.745009,0.891469
281,0,8,3,5.122117,4.290436,0.837629,0.989965
281,0,8,4,9.597227,9.640788,1.004539,0.998369
281,0,8,5,-2.011442,-2.227731,1.107530,0.973823
281,0,8,6,4.254990,4.696189,1.103690,0.988732
281,0,8,7,6.520720,7.620818,1.168708,0.995842
281,0,8,8,5.308364,5.156006,0.971298,0.996140
281,0,8,9,5.085855,5.021904,0.987426,0.992959
281,0,8,10,6.310432,6.009560,0.952321,0.993203
281,0,8,11,4.571382,5.084731,1.112296,0.989957
281,0,8,12,3.626002,3.779178,1.042244,0.967810
281,0,8,13,6.742457,6.575285,0.975206,0.993574
281,0,8,14,4.526923,5.041310,1.113628,0.983181
281,0,8,15,0.703972,0.751337,1.067283,0.442691
281,0,9,0,3.073337,2.954629,0.961375,0.984728
281,0,9,1,1.694353,0.263099,0.155280,0.635406
281,0,9,2,2.583965,1.898177,0.734599,0.977651
281,0,9,3,6.018486,6.357520,1.056332,0.996432
281,0,9,4,5.313290,6.174600,1.162105,0.993997
281,0,9,5,5.359565,6.109989,1.140016,0.992191
281,0,9,6,8.017947,8.969953,1.118734,0.995061
281,0,9,7,5.857904,5.486043,0.936520,0.998554
281,0,9,8,0.679799,0.086436,0.127149,0.652816
281,0,9,9,6.850334,6.908895,1.008549,0.995384
281,0,9,10,7.332956,6.457675,0.880637,0.996154
281,0,9,11,5.541005,4.175029,0.753479,0.993584
281,0,9,12,4.781184,4.983050,1.042221,0.905970
281,0,9,13,2.937933,2.328153,0.792446,0.986717
281,0,9,14,5.332575,5.626785,1.055172,0.996263
281,0,9,15,9.107847,8.616998,0.946107,0.998488
281,0,10,0,3.868182,2.422855,0.626355,0.949375
281,0,10,1,17.677198,17.574364,0.994183,0.997641
281,0,10,2,5.338488,4.474408,0.838141,0.988799
281,0,10,3,3.713312,2.593902,0.698541,0.977590
281,0,10,4,7.263255,6.754239,0.929919,0.999157
281,0,10,5,9.170276,9.325046,1.016877,0.998505
281,0,10,6,8.995545,8.733626,0.970883,0.993049
281,0,10,7,7.070728,5.722004,0.809252,0.999008
281,0,10,8,6.480270,6.832659,1.054379,0.994003
281,0,10,9,6.581177,6.603636,1.003413,0.978588
281,0,10,10,11.066728,10.761644,0.972432,0.981689
281,0,10,11,7.730969,7.483252,0.967958,0.996344
281,0,10,12,4.575628,3.044441,0.665360,0.981145
281,0,10,13,10.542500,10.877761,1.031801,0.997779
281,0,10,14,4.059845,3.138826,0.773139,0.943301
281,0,10,15,4.277221,4.654582,1.088226,0.991680
281,0,11,0,8.803909,8.924774,1.013729,0.999548
281,0,11,1,9.748658,10.518546,1.078974,0.999399
281,0,11,2,4.845799,5.431459,1.120859,0.994463
281,0,11,3,-1.273024,-2.077086,1.631616,0.851904
281,0,11,4,4.009947,2.642217,0.658916,0.947118
281,0,11,5,3.614779,4.668818,1.291591,0.979439
281,0,11,6,5.300184,5.617687,1.059904,0.871455
281,0,11,7,3.701436,3.292023,0.889391,0.906228
281,0,11,8,3.569046,3.360934,0.941690,0.988313
281,0,11,9,4.012819,3.351121,0.835104,0.995555
281,0,11,10,1.643550,1.134153,0.690063,0.770738
281,0,11,11,6.173776,5.175268,0.838266,0.996749
281,0,11,12,4.049931,2.128548,0.525576,0.914124
281,0,11,13,9.901279,10.864912,1.097324,0.999245
281,0,11,14,4.484890,5.479351,1.221736,0.991601
281,0,11,15,9.119875,9.773107,1.071627,0.999117
281,0,12,0,-2.773866,-3.326299,1.199157,0.986829
281,0,12,1,7.754300,8.382636,1.081031,0.990635
281,0,12,2,1.552785,2.743994,1.767144,0.920036
281,0,12,3,-3.416795,-3.733396,1.092660,0.999819
281,0,12,4,3.093412,4.137121,1.337397,0.975559
281,0,12,5,2.367300,2.897374,1.223915,0.891071
281,0,12,6,0.901560,2.072735,2.299053,0.893367
281,0,12,7,5.091780,4.403368,0.864799,0.973844
281,0,12,8,3.875584,3.971592,1.024773,0.922762
281,0,12,9,6.916427,8.276461,1.196638,0.998306
281,0,12,10,3.391514,2.768126,0.816192,0.995641
281,0,12,11,3.107630,3.956900,1.273285,0.923065
281,0,12,12,4.209100,5.788550,1.375247,0.978656
281,0,12,13,2.513133,2.340552,0.931329,0.841902
281,0,12,14,4.617507,5.297879,1.147346,0.952620
281,0,12,15,2.530602,2.575555,1.017764,0.745774
281,0,13,0,4.779374,4.244978,0.888187,0.943368
281,0,13,1,3.846305,4.143045,1.077150,0.935931
281,0,13,2,1.203534,1.774452,1.474368,0.848721
281,0,13,3,3.783447,4.105885,1.085223,0.937299
281,0,13,4,8.239215,7.692433,0.933637,0.987319
281,0,13,5,4.096257,2.710065,0.661595,0.988327
281,0,13,6,7.326273,7.885796,1.076372,0.998193
281,0,13,7,1.835535,1.640214,0.893589,0.926390
281,0,13,8,2.509191,1.124118,0.448000,0.893478
281,0,13,9,3.254862,3.804609,1.168900,0.923941
281,0,13,10,2.981419,3.885052,1.303088,0.932429
281,0,13,11,5.274866,4.897484,0.928457,0.915860
281,0,13,12,5.110403,4.806714,0.940574,0.952213
281,0,13,13,-1.005708,-0.883591,0.878576,0.824308
281,0,13,14,4.778038,4.955462,1.037133,0.947450
281,0,13,15,-2.090909,-2.634578,1.260016,0.997815
281,0,14,0,1.965761,2.106387,1.071538,0.732168
281,0,14,1,9.650690,8.592007,0.890300,0.997111
281,0,14,2,4.432395,4.981397,1.123861,0.955583
281,0,14,3,1.307027,1.468102,1.123238,0.700128
281,0,14,4,5.169590,5.904455,1.142152,0.974084
281,0,14,5,1.419727,0.348358,0.245369,0.481942
281,0,14,6,1.684428,1.784682,1.059518,0.710974
281,0,14,7,5.891529,3.785701,0.642567,0.960723
281,0,14,8,2.914078,2.901901,0.995821,0.878884
281,0,14,9,0.656303,1.758900,2.680012,0.362773
281,0,14,10,0.918423,-0.113906,-0.124023,0.079600
281,0,14,11,2.500499,3.446167,1.378192,0.876587
281,0,14,12,2.420127,2.681616,1.108048,0.897358
281,0,14,13,1.384012,2.059052,1.487741,0.686276
281,0,14,14,4.213330,4.746123,1.126454,0.953683
281,0,14,15,1.232097,2.572183,2.087647,0.747855
281,0,15,0,4.322925,4.786678,1.107278,0.987344
281,0,15,1,2.798146,2.684690,0.959453,0.965012
281,0,15,2,4.642467,3.826835,0.824311,0.988098
281,0,15,3,3.492616,3.387552,0.969918,0.984223
281,0,15,4,-3.362025,-3.436215,1.022067,0.998976
281,0,15,5,3.612076,3.931856,1.088531,0.988980
281,0,15,6,0.254656,1.318383,5.177111,0.630076
281,0,15,7,2.887913,2.408848,0.834114,0.951281
281,0,15,8,3.450083,3.799887,1.101390,0.965091
281,0,15,9,3.819921,3.641397,0.953265,0.986964
281,0,15,10,-2.207217,-1.873556,0.848832,0.988816
281,0,15,11,4.086374,3.617929,0.885364,0.981980
281,0,15,12,6.005483,6.542809,1.089472,0.997801
281,0,15,13,2.357690,1.768633,0.750155,0.916586
281,0,15,14,3.597723,3.229135,0.897550,0.969305
281,0,15,15,1.635188,-0.121745,-0.074453,0.183698
340,0,0,0,-0.201520,0.710127,-3.523861,0.275850
340,0,0,1,-0.666074,-0.444227,0.666934,0.971107
340,0,0,2,-0.159883,-0.241367,1.509645,0.970932
340,0,0,3,-1.517522,-1.720671,1.133869,0.991215
340,0,0,4,-0.843204,-1.064944,1.262973,0.934520
340,0,0,5,1.200193,0.280751,0.233921,0.861860
340,0,0,6,1.511705,0.981114,0.649012,0.933555
340,0,0,7,-1.737345,-1.866264,1.074204,0.995832
340,0,0,8,1.674721,1.256540,0.750298,0.982209
340,0,0,9,-0.260004,-0.657087,2.527214,0.920517
340,0,0,10,0.770639,0.688160,0.892973,0.967839
340,0,0,11,-0.030461,1.073055,-35.227737,0.319782
340,0,0,12,0.984322,0.542461,0.551102,0.818837
340,0,0,13,-1.605146,-1.694476,1.055652,0.978139
340,0,0,14,-0.095591,-0.117559,1.229821,0.967524
340,0,0,15,-0.410628,-0.497384,1.211276,0.996932
340,0,1,0,0.521549,0.587167,1.125813,0.990174
340,0,1,1,1.181282,1.127769,0.954700,0.989469
340,0,1,2,1.867574,1.943534,1.040673,0.987244
340,0,1,3,0.226140,1.332090,5.890543,0.753948
340,0,1,4,0.055225,0.134213,2.430288,0.949862
340,0,1,5,1.013084,2.192013,2.163702,0.937775
340,0,1,6,1.667162,1.683990,1.010094,0.994403
340,0,1,7,0.745980,0.936101,1.254861,0.977387
340,0,1,8,0.444386,1.182802,2.661654,0.904196
340,0,1,9,-0.409342,-0.157041,0.383641,0.693832
340,0,1,10,1.053755,0.859967,0.816098,0.977462
340,0,1,11,1.687255,1.170244,0.693579,0.987754
340,0,1,12,-0.472176,-0.868521,1.839401,0.952595
340,0,1,13,1.046236,0.936166,0.894794,0.969892
340,0,1,14,-0.445632,0.246462,-0.553062,0.456949
340,0,1,15,3.078106,3.937874,1.279317,0.979643
340,0,2,0,2.424092,2.140347,0.882948,0.993375
340,0,2,1,0.924329,0.806613,0.872647,0.913239
340,0,2,2,0.294917,0.635224,2.153906,0.895094
340,0,2,3,0.319009,0.645042,2.022019,0.910002
340,0,2,4,0.751361,1.011397,1.346086,0.971998
340,0,2,5,3.766753,3.635707,0.965210,0.989436
340,0,2,6,1.405111,1.622310,1.154578,0.973428
340,0,2,7,0.376159,0.675882,1.796799,0.915932
340,0,2,8,0.526360,0.641832,1.219380,0.972011
340,0,2,9,4.319253,3.586938,0.830453,0.998236
340,0,2,10,0.372457,1.044818,2.805202,0.860633
340,0,2,11,2.301005,2.492084,1.083042,0.992617
340,0,2,12,0.342585,0.732812,2.139064,0.891087
340,0,2,13,0.870164,0.693689,0.797192,0.963732
340,0,2,14,-0.620985,-0.726373,1.169711,0.932105
340,0,2,15,0.220756,0.770893,3.492067,0.786828
340,0,3,0,1.293120,1.324946,1.024612,0.873887
340,0,3,1,2.338700,1.956721,0.836671,0.989695
340,0,3,2,0.838496,0.523158,0.623924,0.881173
340,0,3,3,1.264515,0.841632,0.665577,0.948212
340,0,3,4,2.422627,1.829907,0.755340,0.989029
340,0,3,5,1.493131,1.972653,1.321152,0.978422
340,0,3,6,2.185244,1.982019,0.907001,0.988779
340,0,3,7,0.661303,0.991741,1.499678,0.955088
340,0,3,8,7.759089,8.012151,1.032615,0.997152
340,0,3,9,2.586861,2.866050,1.107926,0.992172
340,0,3,10,3.169081,1.612033,0.508675,0.976493
340,0,3,11,0.481264,1.965401,4.083827,0.778035
340,0,3,12,2.380372,2.254398,0.947078,0.982353
340,0,3,13,6.463806,7.049533,1.090617,0.996291
340,0,3,14,1.013083,0.878493,0.867148,0.933069
340,0,3,15,2.330468,2.009989,0.862483,0.994236
340,0,4,0,2.668153,2.360243,0.884598,0.986570
340,0,4,1,2.046195,2.221915,1.085876,0.983558
340,0,4,2,0.677416,0.853112,1.259361,0.949924
340,0,4,3,2.498267,2.827163,1.131650,0.996609
340,0,4,4,3.662578,3.986819,1.088528,0.991515
340,0,4,5,1.792642,2.688966,1.500002,0.980564
340,0,4,6,1.537719,2.525843,1.642591,0.964086
340,0,4,7,1.813260,1.392783,0.768110,0.983286
340,0,4,8,-0.373759,-0.050252,0.134450,0.902350
340,0,4,9,0.759986,0.757710,0.997005,0.963637
340,0,4,10,6.726815,6.729974,1.000470,0.992583
340,0,4,11,4.691502,4.421291,0.942404,0.994880
340,0,4,12,1.726759,1.537355,0.890312,0.992198
340,0,4,13,3.785321,4.189962,1.106898,0.989679
340,0,4,14,1.446849,1.206115,0.833615,0.986110
340,0,4,15,1.366483,2.090785,1.530048,0.982043
340,0,5,0,11.237824,11.177573,0.994639,0.996497
340,0,5,1,3.349130,2.118920,0.632678,0.912862
340,0,5,2,8.370461,7.834929,0.936021,0.991292
340,0,5,3,2.903657,2.523930,0.869225,0.990923
340,0,5,4,9.995159,10.364092,1.036911,0.997963
340,0,5,5,8.485942,8.353020,0.984336,0.997713
340,0,5,6,15.164857,15.800327,1.041904,0.998746
340,0,5,7,2.584690,3.424576,1.324946,0.964596
340,0,5,8,3.637706,4.266671,1.172902,0.981568
340,0,5,9,4.314147,4.550211,1.054719,0.986939
340,0,5,10,5.968882,4.447315,0.745083,0.996750
340,0,5,11,5.294206,5.173932,0.977282,0.966794
340,0,5,12,1.382527,0.914715,0.661625,0.870068
340,0,5,13,5.557917,5.398458,0.971310,0.998875
340,0,5,14,6.464442,6.156951,0.952434,0.985979
340,0,5,15,1.405937,1.077857,0.766647,0.865446
340,0,6,0,2.875300,2.872878,0.999158,0.946240
340,0,6,1,5.262027,4.300211,0.817216,0.991017
340,0,6,2,5.327628,4.385889,0.823235,0.997633
340,0,6,3,1.378484,1.461342,1.060108,0.869314
340,0,6,4,4.450460,5.465779,1.228138,0.982087
340,0,6,5,3.620924,2.558356,0.706548,0.976231
340,0,6,6,11.772160,11.279126,0.958119,0.993945
340,0,6,7,7.252081,7.247020,0.999302,0.997836
340,0,6,8,5.240697,3.838374,0.732417,0.992781
340,0,6,9,10.786735,10.067064,0.933282,0.997504
340,0,6,10,2.290217,2.226835,0.972325,0.930267
340,0,6,11,3.129943,3.357570,1.072726,0.941053
340,0,6,12,11.145012,10.354156,0.929040,0.997285
340,0,6,13,-0.421522,-0.767995,1.821958,0.753219
340,0,6,14,2.329414,1.705886,0.732324,0.945047
340,0,6,15,4.033640,3.948485,0.978889,0.983453
340,0,7,0,8.797515,9.227131,1.048834,0.995041
340,0,7,1,4.884143,4.883190,0.999805,0.988244
340,0,7,2,3.277598,3.257458,0.993855,0.996798
340,0,7,3,6.517658,5.862803,0.899526,0.982545
340,0,7,4,3.709224,1.989982,0.536495,0.920284
340,0,7,5,2.699033,2.986245,1.106413,0.898027
340,0,7,6,8.024861,7.567915,0.943059,0.982323
340,0,7,7,3.224893,4.233485,1.312752,0.981796
340,0,7,8,6.422570,6.284144,0.978447,0.996393
340,0,7,9,10.710294,10.210281,0.953315,0.998742
340,0,7,10,25.106380,25.194099,1.003494,0.999245
340,0,7,11,5.697815,5.402568,0.948182,0.997634
340,0,7,12,11.399846,11.045792,0.968942,0.996078
340,0,7,13,5.849397,4.963183,0.848495,0.988942
340,0,7,14,3.907014,2.997457,0.767199,0.982182
340,0,7,15,0.834498,-0.304019,-0.364313,0.461502
340,0,8,0,3.548700,4.252856,1.198426,0.983347
340,0,8,1,5.176073,4.494155,0.868256,0.976902
340,0,8,2,2.819309,1.950461,0.691822,0.870496
340,0,8,3,5.012077,4.150542,0.828108,0.989212
340,0,8,4,10.164946,10.310542,1.014323,0.998869
340,0,8,5,-1.951403,-2.142156,1.097752,0.971560
340,0,8,6,4.011010,4.492882,1.120137,0.986298
340,0,8,7,6.283597,7.406876,1.178764,0.995369
340,0,8,8,5.264851,5.066077,0.962245,0.995920
340,0,8,9,5.103119,4.948048,0.969612,0.992458
340,0,8,10,6.166937,5.981623,0.969950,0.992965
340,0,8,11,4.554015,5.004566,1.098935,0.989520
340,0,8,12,3.394266,3.582509,1.055459,0.961656
340,0,8,13,6.826284,6.756850,0.989828,0.993880
340,0,8,14,4.389579,4.921766,1.121239,0.981530
340,0,8,15,0.707427,0.740119,1.046212,0.412038
340,0,9,0,3.091750,2.982261,0.964587,0.984110
340,0,9,1,1.576288,0.161101,0.102203,0.598236
340,0,9,2,2.591690,1.895813,0.731497,0.977960
340,0,9,3,6.183893,6.597492,1.066883,0.996594
340,0,9,4,5.336338,6.190773,1.160116,0.993458
340,0,9,5,5.285646,6.013875,1.137775,0.991636
340,0,9,6,7.875351,8.908723,1.131216,0.994495
340,0,9,7,5.847216,5.400437,0.923591,0.998322
340,0,9,8,0.796731,0.129262,0.162240,0.650585
340,0,9,9,6.729316,6.811097,1.012153,0.994735
340,0,9,10,7.432594,6.517489,0.876879,0.995985
340,0,9,11,5.505357,4.101498,0.745001,0.993333
340,0,9,12,4.837563,4.924591,1.017990,0.908526
340,0,9,13,2.910269,2.271220,0.780416,0.986338
340,0,9,14,5.557128,5.848488,1.052430,0.996687
340,0,9,15,9.193333,8.648298,0.940714,0.998847
340,0,10,0,3.959656,2.528806,0.638643,0.949567
340,0,10,1,17.910601,17.992647,1.004581,0.997620
340,0,10,2,5.503387,4.612268,0.838078,0.989245
340,0,10,3,3.728516,2.587786,0.694053,0.976954
340,0,10,4,7.540497,7.002223,0.928616,0.999249
340,0,10,5,9.248541,9.350924,1.011070,0.998545
340,0,10,6,9.437422,9.092977,0.963502,0.993714
340,0,10,7,7.125128,5.813296,0.815886,0.998982
340,0,10,8,6.489483,6.989949,1.077120,0.994430
340,0,10,9,6.768521,6.819724,1.007565,0.980942
340,0,10,10,11.440836,11.130419,0.972868,0.983564
340,0,10,11,7.660882,7.525876,0.982377,0.996739
340,0,10,12,4.589980,3.093526,0.673974,0.982511
340,0,10,13,10.711251,11.064887,1.033015,0.998206
340,0,10,14,4.004740,3.026910,0.755832,0.939424
340,0,10,15,4.511326,4.887628,1.083413,0.992454
340,0,11,0,8.926318,9.145132,1.024513,0.999499
340,0,11,1,9.897545,10.700393,1.081116,0.999439
340,0,11,2,5.258691,5.847888,1.112042,0.995033
340,0,11,3,-1.212808,-2.048379,1.688956,0.842249
340,0,11,4,4.019881,2.685445,0.668041,0.948503
340,0,11,5,3.823743,4.881889,1.276731,0.980735
340,0,11,6,5.785828,6.070626,1.049223,0.895898
340,0,11,7,3.890827,3.409292,0.876239,0.909607
340,0,11,8,3.757940,3.600000,0.957972,0.990143
340,0,11,9,3.866478,3.257608,0.842526,0.995933
340,0,11,10,1.537228,0.842643,0.548157,0.706818
340,0,11,11,6.058096,5.002109,0.825690,0.996347
340,0,11,12,4.164059,2.178759,0.523230,0.913443
340,0,11,13,9.799167,10.669803,1.088848,0.999104
340,0,11,14,4.694423,5.801739,1.235879,0.991599
340,0,11,15,9.472554,10.015346,1.057301,0.998987
340,0,12,0,-2.770540,-3.334951,1.203719,0.987091
340,0,12,1,7.786239,8.335978,1.070604,0.991053
340,0,12,2,1.489941,2.680472,1.799046,0.913917
340,0,12,3,-3.430849,-3.749708,1.092939,0.999800
340,0,12,4,3.019355,4.072340,1.348745,0.974992
340,0,12,5,2.394807,2.932097,1.224356,0.893142
340,0,12,6,0.942257,2.158305,2.290568,0.886332
340,0,12,7,4.975314,4.457603,0.895944,0.973060
340,0,12,8,3.729241,3.748834,1.005254,0.917878
340,0,12,9,6.871564,8.121786,1.181941,0.998544
340,0,12,10,3.489699,2.788056,0.798939,0.995020
340,0,12,11,3.071966,3.912813,1.273716,0.923755
340,0,12,12,4.376915,6.006560,1.372327,0.980359
340,0,12,13,2.490417,2.304271,0.925255,0.840902
340,0,12,14,4.678802,5.295492,1.131805,0.953870
340,0,12,15,2.449872,2.343760,0.956687,0.721141
340,0,13,0,4.608338,3.966526,0.860728,0.937390
340,0,13,1,3.893347,4.082611,1.048612,0.935167
340,0,13,2,1.168673,1.641551,1.404628,0.846460
340,0,13,3,3.786471,3.957556,1.045183,0.934978
340,0,13,4,8.144482,7.541167,0.925923,0.987410
340,0,13,5,4.033200,2.664319,0.660597,0.989199
340,0,13,6,7.297788,7.834077,1.073487,0.997720
340,0,13,7,1.864874,1.587512,0.851271,0.925526
340,0,13,8,2.517185,0.985961,0.391692,0.873562
340,0,13,9,3.181131,3.644392,1.145628,0.918086
340,0,13,10,2.998221,3.777221,1.259821,0.932803
340,0,13,11,5.244695,4.714055,0.898824,0.911122
340,0,13,12,5.054870,4.701268,0.930047,0.951340
340,0,13,13,-0.941916,-0.884310,0.938842,0.812567
340,0,13,14,4.841117,4.833140,0.998352,0.947286
340,0,13,15,-2.060216,-2.626087,1.274666,0.997383
340,0,14,0,2.010295,2.112824,1.051002,0.735108
340,0,14,1,9.609579,8.437324,0.878012,0.996818
340,0,14,2,4.465411,4.995670,1.118748,0.956582
340,0,14,3,1.361023,1.505443,1.106112,0.709670
340,0,14,4,5.186846,5.918915,1.141140,0.975459
340,0,14,5,1.466598,0.313494,0.213756,0.444378
340,0,14,6,1.758322,1.861876,1.058894,0.734616
340,0,14,7,5.900378,3.769846,0.638916,0.960080
340,0,14,8,2.963733,2.911305,0.982310,0.877792
340,0,14,9,0.704738,1.828326,2.594336,0.392486
340,0,14,10,0.917880,-0.137884,-0.150220,0.041561
340,0,14,11,2.504112,3.423153,1.367013,0.878890
340,0,14,12,2.429515,2.700082,1.111366,0.897491
340,0,14,13,1.453444,2.082003,1.432462,0.705691
340,0,14,14,4.254592,4.738554,1.113751,0.954172
340,0,14,15,1.282199,2.636132,2.055946,0.757298
340,0,15,0,4.261134,4.767318,1.118791,0.987576
340,0,15,1,2.768656,2.677184,0.966962,0.964921
340,0,15,2,4.614964,3.852918,0.834875,0.987974
340,0,15,3,3.488622,3.428173,0.982672,0.985055
340,0,15,4,-3.365632,-3.412053,1.013793,0.998891
340,0,15,5,3.669369,4.034120,1.099404,0.989738
340,0,15,6,0.297959,1.430487,4.800949,0.626455
340,0,15,7,2.869323,2.446511,0.852644,0.953405
340,0,15,8,3.507843,3.873437,1.104222,0.967753
340,0,15,9,3.757430,3.637960,0.968204,0.986743
340,0,15,10,-2.167236,-1.855164,0.856005,0.988740
340,0,15,11,4.081228,3.661403,0.897133,0.982787
340,0,15,12,6.043766,6.579455,1.088635,0.997814
340,0,15,13,2.404043,1.664968,0.692570,0.909040
340,0,15,14,3.591938,3.108418,0.865387,0.969694
340,0,15,15,1.619615,-0.200398,-0.123732,0.067204
388,0,0,0,-0.184640,0.758039,-4.105490,0.284145
388,0,0,1,-0.559018,-0.369436,0.660866,0.967891
388,0,0,2,0.411127,0.300766,0.731563,0.965319
388,0,0,3,-1.390821,-1.651530,1.187450,0.984854
388,0,0,4,-0.157191,-0.349689,2.224611,0.927456
388,0,0,5,0.920345,0.006329,0.006877,0.806899
388,0,0,6,1.383759,0.828948,0.599055,0.918979
388,0,0,7,-1.836253,-2.003762,1.091223,0.996321
388,0,0,8,1.538873,1.146394,0.744957,0.976857
388,0,0,9,0.139418,-0.336776,-2.415588,0.856565
388,0,0,10,0.110378,0.103958,0.941833,0.968982
388,0,0,11,-0.022646,1.184879,-52.322085,0.332055
388,0,0,12,1.182190,0.725126,0.613375,0.885037
388,0,0,13,-1.823519,-1.977545,1.084466,0.983280
388,0,0,14,0.214589,0.044348,0.206666,0.973498
388,0,0,15,-0.496017,-0.572084,1.153357,0.996816
388,0,1,0,0.676217,0.743906,1.100100,0.990096
388,0,1,1,0.486682,0.382789,0.786528,0.975342
388,0,1,2,1.402438,1.462725,1.042988,0.979668
388,0,1,3,0.264922,1.322233,4.991029,0.777370
388,0,1,4,0.228929,0.269341,1.176527,0.956391
388,0,1,5,0.980413,2.111116,2.153292,0.937533
388,0,1,6,2.208610,2.082892,0.943078,0.996550
388,0,1,7,0.779262,0.995987,1.278115,0.975096
388,0,1,8,0.348418,1.089137,3.125948,0.894995
388,0,1,9,-0.478020,-0.315718,0.660470,0.785468
388,0,1,10,0.951423,0.641695,0.674458,0.964735
388,0,1,11,1.638773,1.083449,0.661134,0.984610
388,0,1,12,-0.316201,-0.597174,1.888590,0.961200
388,0,1,13,1.366892,1.164501,0.851934,0.965136
388,0,1,14,-0.822196,-0.175818,0.213840,0.722194
388,0,1,15,2.995120,3.778827,1.261661,0.976037
388,0,2,0,2.396761,2.054264,0.857100,0.992369
388,0,2,1,1.366926,1.375956,1.006606,0.952986
388,0,2,2,0.293926,0.656822,2.234650,0.886759
388,0,2,3,0.290220,0.630284,2.171750,0.892430
388,0,2,4,0.625415,0.835849,1.336472,0.965820
388,0,2,5,3.818917,3.713267,0.972335,0.989009
388,0,2,6,1.352993,1.535267,1.134719,0.972207
388,0,2,7,0.361473,0.670393,1.854616,0.909044
388,0,2,8,0.432264,0.523110,1.210163,0.959052
388,0,2,9,4.352013,3.606913,0.828792,0.998069
388,0,2,10,0.360371,1.062371,2.947995,0.849298
388,0,2,11,2.468409,2.685611,1.087993,0.993443
388,0,2,12,0.327638,0.744638,2.272745,0.885706
388,0,2,13,0.869298,0.789880,0.908641,0.966249
388,0,2,14,-0.654320,-0.792353,1.210956,0.940781
388,0,2,15,0.243039,0.803714,3.306932,0.805582
388,0,3,0,1.150476,1.299233,1.129300,0.857601
388,0,3,1,2.275391,1.858907,0.816962,0.987101
388,0,3,2,0.889273,0.569007,0.639856,0.885699
388,0,3,3,1.322533,0.900776,0.681100,0.951448
388,0,3,4,2.465750,1.802554,0.731037,0.985705
388,0,3,5,1.842692,2.242475,1.216956,0.985247
388,0,3,6,2.111748,1.870456,0.885738,0.987982
388,0,3,7,0.577380,0.924317,1.600881,0.945937
388,0,3,8,7.635416,7.887621,1.033031,0.997507
388,0,3,9,2.851522,3.012532,1.056465,0.995202
388,0,3,10,3.343804,1.804629,0.539693,0.981677
388,0,3,11,0.523870,1.926754,3.677921,0.802098
388,0,3,12,2.446264,2.298536,0.939611,0.984007
388,0,3,13,6.889804,7.474042,1.084797,0.996253
388,0,3,14,1.060104,0.942542,0.889103,0.932925
388,0,3,15,2.362746,2.005700,0.848885,0.994091
388,0,4,0,2.529576,2.308136,0.912460,0.985998
388,0,4,1,2.241786,2.466441,1.100213,0.987052
388,0,4,2,0.653662,0.867173,1.326638,0.942899
388,0,4,3,2.606216,2.974013,1.141123,0.996379
388,0,4,4,3.964718,4.241561,1.069827,0.994331
388,0,4,5,1.555240,2.474851,1.591298,0.970855
388,0,4,6,1.573771,2.584083,1.641969,0.960300
388,0,4,7,1.827573,1.430809,0.782901,0.984542
388,0,4,8,-0.177345,0.067303,-0.379502,0.886681
388,0,4,9,0.689963,0.723919,1.049214,0.958129
388,0,4,10,7.123456,7.252211,1.018075,0.993723
388,0,4,11,5.015788,4.808985,0.958770,0.995963
388,0,4,12,1.619566,1.437196,0.887396,0.991522
388,0,4,13,3.366042,3.684510,1.094612,0.989015
388,0,4,14,1.419889,1.175598,0.827951,0.984218
388,0,4,15,1.230065,2.015160,1.638255,0.974579
388,0,5,0,11.077811,11.051027,0.997582,0.996994
388,0,5,1,3.393802,1.821772,0.536794,0.896983
388,0,5,2,7.676231,7.116643,0.927101,0.988940
388,0,5,3,3.003880,2.542650,0.846455,0.990464
388,0,5,4,10.085151,10.446388,1.035819,0.998276
388,0,5,5,8.215983,8.255920,1.004861,0.997878
388,0,5,6,16.351934,17.041311,1.042159,0.999067
388,0,5,7,2.400744,3.317737,1.381962,0.954832
388,0,5,8,3.222208,3.866230,1.199870,0.974575
388,0,5,9,4.635571,4.992843,1.077072,0.987219
388,0,5,10,5.995295,4.507659,0.751866,0.997127
388,0,5,11,4.818592,4.669597,0.969079,0.961938
388,0,5,12,1.356478,0.914594,0.674242,0.870767
388,0,5,13,5.875172,5.793088,0.986029,0.999062
388,0,5,14,6.086668,5.941619,0.976169,0.984049
388,0,5,15,1.930020,1.566153,0.811470,0.924674
388,0,6,0,2.545111,2.711301,1.065298,0.939147
388,0,6,1,5.438247,4.637850,0.852821,0.993148
388,0,6,2,5.262341,4.374025,0.831194,0.997811
388,0,6,3,1.726808,1.856383,1.075037,0.909937
388,0,6,4,4.540243,5.674392,1.249799,0.983825
388,0,6,5,3.625681,2.599122,0.716864,0.976466
388,0,6,6,12.232602,11.790681,0.963873,0.994360
388,0,6,7,6.255331,6.476573,1.035369,0.996958
388,0,6,8,5.406767,3.930246,0.726912,0.992342
388,0,6,9,11.015701,10.569551,0.959499,0.997938
388,0,6,10,2.096629,2.166589,1.033368,0.927022
388,0,6,11,3.124951,3.290887,1.053100,0.938650
388,0,6,12,11.523985,10.856652,0.942092,0.997578
388,0,6,13,-0.278377,-0.671479,2.412124,0.692106
388,0,6,14,2.651096,2.076399,0.783223,0.963628
388,0,6,15,4.009471,3.971303,0.990480,0.983186
388,0,7,0,8.691589,8.962083,1.031121,0.994703
388,0,7,1,4.605915,4.906417,1.065243,0.986521
388,0,7,2,3.275267,3.314855,1.012087,0.996793
388,0,7,3,6.418118,5.875509,0.915457,0.980828
388,0,7,4,4.229650,2.536115,0.599604,0.944469
388,0,7,5,3.257612,3.524964,1.082070,0.921665
388,0,7,6,7.527977,7.268089,0.965477,0.978991
388,0,7,7,3.315497,4.465525,1.346865,0.981168
388,0,7,8,6.389783,6.305058,0.986740,0.996879
388,0,7,9,9.873468,9.573076,0.969576,0.998622
388,0,7,10,26.288544,26.439623,1.005747,0.999256
388,0,7,11,5.518785,5.094243,0.923073,0.997193
388,0,7,12,10.332435,10.259396,0.992931,0.994489
388,0,7,13,5.976939,5.161548,0.863577,0.988845
388,0,7,14,4.383804,3.649875,0.832582,0.984376
388,0,7,15,1.185372,0.059633,0.050307,0.548462
388,0,8,0,3.431654,4.051132,1.180519,0.983000
388,0,8,1,5.396507,4.845085,0.897819,0.981127
388,0,8,2,3.578444,2.787382,0.778937,0.919764
388,0,8,3,5.690767,4.839727,0.850453,0.991539
388,0,8,4,10.091730,10.650805,1.055399,0.999154
388,0,8,5,-1.892524,-2.047995,1.082150,0.967575
388,0,8,6,3.823634,4.334472,1.133600,0.986519
388,0,8,7,6.594069,7.740974,1.173930,0.995194
388,0,8,8,5.288589,5.147235,0.973272,0.996520
388,0,8,9,5.840133,5.695983,0.975317,0.995323
388,0,8,10,6.462289,6.242023,0.965915,0.994547
388,0,8,11,5.530863,5.861871,1.059847,0.993539
388,0,8,12,3.502064,3.620065,1.033695,0.964626
388,0,8,13,6.924109,6.613984,0.955211,0.994245
388,0,8,14,4.087731,4.774094,1.167908,0.981477
388,0,8,15,1.175851,1.211583,1.030388,0.616300
388,0,9,0,3.084273,2.811915,0.911695,0.981335
388,0,9,1,1.941939,0.465560,0.239740,0.690986
388,0,9,2,2.463170,1.821601,0.739535,0.976579
388,0,9,3,5.741233,6.104751,1.063317,0.996165
388,0,9,4,5.787877,6.500497,1.123123,0.995645
388,0,9,5,5.302131,6.170323,1.163744,0.992155
388,0,9,6,8.202558,9.040662,1.102176,0.995081
388,0,9,7,5.427826,4.896072,0.902032,0.997705
388,0,9,8,0.944215,0.308068,0.326269,0.657450
388,0,9,9,6.632343,6.518151,0.982783,0.994770
388,0,9,10,8.011819,7.038838,0.878557,0.996669
388,0,9,11,5.995626,4.621464,0.770806,0.994980
388,0,9,12,4.739992,4.929240,1.039926,0.907133
388,0,9,13,2.620255,2.045821,0.780772,0.982168
388,0,9,14,5.839312,6.001992,1.027860,0.997072
388,0,9,15,9.968719,9.499534,0.952934,0.998992
388,0,10,0,4.168725,2.447404,0.587087,0.941120
388,0,10,1,18.320108,18.148352,0.990625,0.997982
388,0,10,2,5.190535,4.277821,0.824158,0.987287
388,0,10,3,4.267076,3.240536,0.759428,0.985788
388,0,10,4,7.493130,6.946941,0.927108,0.999149
388,0,10,5,9.377053,9.911001,1.056942,0.998755
388,0,10,6,9.723292,9.550370,0.982216,0.993873
388,0,10,7,7.530342,6.261933,0.831560,0.999313
388,0,10,8,6.583697,6.961041,1.057315,0.993905
388,0,10,9,6.949556,6.983870,1.004938,0.980456
388,0,10,10,12.198978,11.774571,0.965210,0.988441
388,0,10,11,7.938155,7.525651,0.948035,0.996722
388,0,10,12,4.545144,3.021204,0.664710,0.982257
388,0,10,13,10.889752,11.454781,1.051886,0.998239
388,0,10,14,4.146054,3.193741,0.770309,0.945204
388,0,10,15,4.967105,4.995566,1.005730,0.992897
388,0,11,0,9.132484,9.357927,1.024686,0.999456
388,0,11,1,9.982120,11.232255,1.125237,0.999719
388,0,11,2,5.201410,5.732924,1.102186,0.994750
388,0,11,3,-1.249502,-1.884368,1.508095,0.852595
388,0,11,4,3.948869,2.797734,0.708490,0.959200
388,0,11,5,4.290528,5.194252,1.210632,0.986541
388,0,11,6,5.450524,5.876793,1.078207,0.875987
388,0,11,7,4.036987,3.472044,0.860058,0.920217
388,0,11,8,4.141264,4.074360,0.983845,0.993110
388,0,11,9,4.195917,3.665434,0.873572,0.996965
388,0,11,10,1.978380,1.444963,0.730377,0.843548
388,0,11,11,6.661659,5.446805,0.817635,0.996378
388,0,11,12,3.935456,1.935316,0.491764,0.890786
388,0,11,13,10.402723,11.706625,1.125342,0.999380
388,0,11,14,4.984304,5.831894,1.170052,0.993838
388,0,11,15,10.062477,10.906717,1.083900,0.999304
388,0,12,0,-2.707647,-3.312157,1.223260,0.988649
388,0,12,1,7.886283,8.858957,1.123337,0.990954
388,0,12,2,1.474448,2.751798,1.866324,0.911818
388,0,12,3,-3.245048,-3.553598,1.095083,0.999737
388,0,12,4,2.894753,4.089812,1.412836,0.971717
388,0,12,5,2.311676,2.744087,1.187056,0.893717
388,0,12,6,1.150903,2.470202,2.146318,0.902872
388,0,12,7,4.772284,4.470127,0.936685,0.973468
388,0,12,8,4.090086,3.822550,0.934589,0.932071
388,0,12,9,7.692981,9.040426,1.175153,0.999203
388,0,12,10,4.054230,3.420174,0.843606,0.997454
388,0,12,11,3.471016,4.017713,1.157503,0.942810
388,0,12,12,4.430482,6.003806,1.355113,0.980856
388,0,12,13,2.751493,2.686830,0.976499,0.860520
388,0,12,14,5.057194,5.710799,1.129243,0.963404
388,0,12,15,2.711760,2.350310,0.866710,0.753232
388,0,13,0,4.657721,4.025529,0.864270,0.937260
388,0,13,1,4.278771,4.563133,1.066459,0.952413
388,0,13,2,1.148776,1.679497,1.461988,0.847722
388,0,13,3,3.905822,4.218738,1.080115,0.942295
388,0,13,4,7.725713,7.400026,0.957844,0.984917
388,0,13,5,4.119019,2.840285,0.689554,0.989498
388,0,13,6,7.294396,7.888633,1.081465,0.997795
388,0,13,7,1.992493,1.877439,0.942257,0.940354
388,0,13,8,2.610976,1.161371,0.444803,0.894787
388,0,13,9,3.502974,4.124616,1.177461,0.938008
388,0,13,10,3.183454,4.100657,1.288116,0.942848
388,0,13,11,5.309958,4.640186,0.873865,0.915587
388,0,13,12,4.956406,4.682510,0.944739,0.948443
388,0,13,13,-0.916084,-0.861979,0.940939,0.819121
388,0,13,14,4.954518,4.923396,0.993718,0.952854
388,0,13,15,-2.054795,-2.685692,1.307036,0.996270
388,0,14,0,2.107411,2.024979,0.960884,0.752747
388,0,14,1,9.349536,8.083063,0.864542,0.996714
388,0,14,2,4.769574,5.368214,1.125512,0.965303
388,0,14,3,1.577271,1.695405,1.074898,0.763514
388,0,14,4,5.365204,6.147529,1.145815,0.977915
388,0,14,5,1.418694,0.280385,0.197636,0.431110
388,0,14,6,1.851087,1.814313,0.980134,0.762504
388,0,14,7,6.052173,3.938636,0.650780,0.964624
388,0,14,8,3.100891,3.098505,0.999231,0.894377
388,0,14,9,0.847688,1.889046,2.228469,0.500742
388,0,14,10,0.993832,-0.107943,-0.108613,0.038757
388,0,14,11,2.855042,3.973484,1.391743,0.908972
388,0,14,12,2.572111,2.948232,1.146231,0.908897
388,0,14,13,1.678547,2.222269,1.323924,0.771514
388,0,14,14,4.363369,4.790707,1.097938,0.956804
388,0,14,15,1.462622,2.941670,2.011230,0.799856
388,0,15,0,4.144745,4.586332,1.106542,0.986443
388,0,15,1,2.690027,2.505105,0.931256,0.963542
388,0,15,2,4.768794,3.880796,0.813790,0.988119
388,0,15,3,3.439002,3.402752,0.989459,0.985084
388,0,15,4,-3.289077,-3.290282,1.000366,0.998685
388,0,15,5,3.548318,3.881418,1.093875,0.988856
388,0,15,6,0.207466,1.185089,5.712214,0.590133
388,0,15,7,3.076996,2.605369,0.846725,0.962737
388,0,15,8,3.632201,4.128397,1.136610,0.973051
388,0,15,9,3.895208,3.796887,0.974759,0.987372
388,0,15,10,-2.082289,-1.779729,0.854698,0.988540
388,0,15,11,3.924452,3.471693,0.884631,0.980405
388,0,15,12,6.396726,7.037254,1.100134,0.998139
388,0,15,13,2.399710,1.506897,0.627950,0.895048
388,0,15,14,3.281961,2.682659,0.817395,0.956124
388,0,15,15,1.545515,-0.274568,-0.177655,-0.051653
620,0,0,0,-0.305591,0.627846,-2.054533,0.233584
620,0,0,1,-0.538025,-0.332713,0.618396,0.966156
620,0,0,2,-0.280311,-0.383077,1.366613,0.973933
620,0,0,3,-1.652101,-1.677737,1.015517,0.993737
620,0,0,4,-0.485286,-0.552946,1.139423,0.943316
620,0,0,5,1.222636,0.286288,0.234157,0.860261
620,0,0,6,1.491640,0.982919,0.658952,0.933938
620,0,0,7,-1.589686,-1.729509,1.087956,0.992519
620,0,0,8,1.490604,1.154011,0.774190,0.979225
620,0,0,9,-0.562250,-0.781951,1.390753,0.953424
620,0,0,10,1.223459,1.137564,0.929793,0.977715
620,0,0,11,-0.087833,1.019021,-11.601776,0.301441
620,0,0,12,0.634265,0.254710,0.401584,0.761011
620,0,0,13,-1.305590,-1.479445,1.133162,0.972118
620,0,0,14,-0.447312,-0.502874,1.124214,0.960151
620,0,0,15,-0.326991,-0.390084,1.192951,0.997181
620,0,1,0,0.613240,0.678889,1.107052,0.989973
620,0,1,1,1.592033,1.457040,0.915207,0.991432
620,0,1,2,1.418392,1.527734,1.077089,0.980010
620,0,1,3,0.224420,1.313336,5.852133,0.756226
620,0,1,4,1.438806,1.447901,1.006321,0.980186
620,0,1,5,1.007043,2.150748,2.135705,0.938394
620,0,1,6,1.501874,1.411757,0.939997,0.993703
620,0,1,7,0.870221,1.098409,1.262218,0.981013
620,0,1,8,0.440816,1.224062,2.776811,0.898416
620,0,1,9,-0.439370,-0.152873,0.347937,0.712624
620,0,1,10,1.079696,0.868411,0.804311,0.977945
620,0,1,11,1.687014,1.187357,0.703822,0.988079
620,0,1,12,-0.427666,-0.748024,1.749085,0.960061
620,0,1,13,1.289349,1.203855,0.933692,0.977983
620,0,1,14,-0.272799,0.385791,-1.414195,0.377177
620,0,1,15,2.811536,3.619461,1.287361,0.977706
620,0,2,0,2.413173,2.143164,0.888110,0.993754
620,0,2,1,1.929884,1.834145,0.950391,0.973612
620,0,2,2,0.330908,0.668669,2.020708,0.901252
620,0,2,3,0.313818,0.639884,2.039028,0.904039
620,0,2,4,0.742478,1.013516,1.365045,0.974899
620,0,2,5,3.270532,3.307582,1.011328,0.988781
620,0,2,6,1.424975,1.642337,1.152538,0.974294
620,0,2,7,0.407897,0.707924,1.735547,0.923743
620,0,2,8,0.282435,0.375910,1.330960,0.953428
620,0,2,9,4.306098,3.521869,0.817879,0.998351
620,0,2,10,0.562524,1.230736,2.187883,0.899175
620,0,2,11,1.797625,2.000944,1.113104,0.990807
620,0,2,12,0.356533,0.742420,2.082334,0.905354
620,0,2,13,0.488720,0.376350,0.770072,0.969236
620,0,2,14,-0.651181,-0.769576,1.181816,0.938292
620,0,2,15,0.209126,0.762039,3.643929,0.782503
620,0,3,0,1.151590,1.122166,0.974449,0.852772
620,0,3,1,2.438555,2.103026,0.862407,0.991291
620,0,3,2,0.746005,0.432209,0.579365,0.834982
620,0,3,3,1.277751,0.852265,0.667004,0.949622
620,0,3,4,2.372327,1.809304,0.762670,0.988506
620,0,3,5,1.965588,2.398355,1.220172,0.985107
620,0,3,6,2.232501,2.069341,0.926916,0.990078
620,0,3,7,0.595932,0.948547,1.591703,0.945685
620,0,3,8,7.160738,7.466834,1.042746,0.996602
620,0,3,9,2.166803,2.463374,1.136870,0.989430
620,0,3,10,3.304124,1.704369,0.515831,0.978637
620,0,3,11,0.423816,1.897347,4.476812,0.758526
620,0,3,12,2.339465,2.194840,0.938180,0.987446
620,0,3,13,6.517093,7.074961,1.085601,0.996237
620,0,3,14,0.903599,0.734160,0.812485,0.917591
620,0,3,15,2.395330,2.086171,0.870933,0.994522
620,0,4,0,2.642663,2.335705,0.883845,0.986052
620,0,4,1,1.661561,1.800536,1.083641,0.976854
620,0,4,2,0.640887,0.829286,1.293967,0.943774
620,0,4,3,2.521733,2.755395,1.092659,0.996794
620,0,4,4,3.929418,4.107420,1.045300,0.994513
620,0,4,5,1.428876,2.275745,1.592682,0.970253
620,0,4,6,1.492232,2.497911,1.673943,0.958779
620,0,4,7,1.787934,1.427373,0.798337,0.986372
620,0,4,8,-0.143564,0.126033,-0.877891,0.896381
620,0,4,9,0.762782,0.783346,1.026959,0.966511
620,0,4,10,7.051753,6.909862,0.979879,0.994670
620,0,4,11,4.543136,4.286891,0.943597,0.994778
620,0,4,12,1.695934,1.544252,0.910561,0.993187
620,0,4,13,3.963497,4.291098,1.082655,0.993208
620,0,4,14,1.445107,1.222759,0.846138,0.987111
620,0,4,15,1.059009,1.813232,1.712197,0.969796
620,0,5,0,10.451595,10.357253,0.990973,0.996304
620,0,5,1,3.300869,1.901190,0.575966,0.907045
620,0,5,2,7.299983,6.607322,0.905115,0.988610
620,0,5,3,2.626711,2.142299,0.815582,0.986365
620,0,5,4,9.874412,10.133429,1.026231,0.997944
620,0,5,5,7.933842,7.959957,1.003292,0.997213
620,0,5,6,14.398089,15.192368,1.055166,0.998526
620,0,5,7,2.339671,3.273446,1.399105,0.953447
620,0,5,8,3.204046,3.935714,1.228358,0.974032
620,0,5,9,4.515290,4.818446,1.067140,0.986511
620,0,5,10,5.973745,4.480783,0.750079,0.996839
620,0,5,11,5.091254,4.793114,0.941441,0.966508
620,0,5,12,1.190932,0.727182,0.610599,0.846082
620,0,5,13,5.305379,5.199880,0.980115,0.998809
620,0,5,14,6.284611,5.817691,0.925704,0.986836
620,0,5,15,1.125512,0.763953,0.678761,0.823892
620,0,6,0,2.602525,2.694963,1.035519,0.930101
620,0,6,1,5.386536,4.468419,0.829553,0.990881
620,0,6,2,5.258993,4.374010,0.831720,0.997617
620,0,6,3,1.693423,1.825365,1.077914,0.909584
620,0,6,4,4.494255,5.433693,1.209031,0.980676
620,0,6,5,3.213546,2.154414,0.670417,0.963472
620,0,6,6,11.500508,10.819971,0.940825,0.993927
620,0,6,7,6.602156,6.845744,1.036895,0.996782
620,0,6,8,5.224806,3.856923,0.738194,0.992634
620,0,6,9,11.395918,10.784329,0.946333,0.998219
620,0,6,10,1.665578,1.686611,1.012628,0.889457
620,0,6,11,3.354612,3.410047,1.016525,0.952580
620,0,6,12,10.750794,10.017539,0.931795,0.997039
620,0,6,13,-0.312401,-0.701147,2.244385,0.728249
620,0,6,14,2.272742,1.877954,0.826295,0.954190
620,0,6,15,3.627787,3.631278,1.000962,0.979983
620,0,7,0,9.365457,9.699567,1.035675,0.995338
620,0,7,1,4.555630,4.502709,0.988384,0.984869
620,0,7,2,3.304952,3.285982,0.994260,0.996539
620,0,7,3,6.706194,6.144936,0.916307,0.986366
620,0,7,4,3.476533,1.854727,0.533499,0.904764
620,0,7,5,2.288210,2.650471,1.158316,0.847658
620,0,7,6,7.490795,7.049912,0.941143,0.978235
620,0,7,7,3.456251,4.452664,1.288293,0.981771
620,0,7,8,6.452638,6.341146,0.982722,0.996169
620,0,7,9,10.372206,9.734627,0.938530,0.998609
620,0,7,10,25.819496,26.135412,1.012236,0.999269
620,0,7,11,5.919980,5.600121,0.945970,0.997876
620,0,7,12,10.430090,10.205068,0.978426,0.994549
620,0,7,13,5.967999,5.087906,0.852531,0.987117
620,0,7,14,3.654076,2.879351,0.787983,0.978996
620,0,7,15,0.642240,-0.280904,-0.437381,0.542681
620,0,8,0,3.053010,3.756999,1.230589,0.979196
620,0,8,1,5.122046,4.259035,0.831511,0.971385
620,0,8,2,2.792511,1.781159,0.637834,0.854295
620,0,8,3,4.942434,4.084152,0.826344,0.987711
620,0,8,4,9.555696,9.377887,0.981392,0.998015
620,0,8,5,-1.901191,-2.067818,1.087643,0.972031
620,0,8,6,3.436264,3.874245,1.127459,0.981981
620,0,8,7,6.766329,7.744723,1.144597,0.996285
620,0,8,8,5.374720,5.242439,0.975388,0.995869
620,0,8,9,4.884732,4.772410,0.977006,0.992551
620,0,8,10,6.898858,6.734498,0.976176,0.994898
620,0,8,11,5.036620,5.422983,1.076711,0.992163
620,0,8,12,3.273078,3.335881,1.019188,0.958303
620,0,8,13,5.983941,5.706139,0.953575,0.989936
620,0,8,14,3.890127,4.211848,1.082702,0.975205
620,0,8,15,0.736724,0.802536,1.089330,0.460022
620,0,9,0,3.170108,3.037980,0.958321,0.983630
620,0,9,1,1.629180,0.150903,0.092625,0.576354
620,0,9,2,2.651881,2.030486,0.765678,0.981980
620,0,9,3,4.841938,5.092936,1.051838,0.993958
620,0,9,4,4.157126,4.843967,1.165220,0.988798
620,0,9,5,5.323591,6.224521,1.169234,0.992116
620,0,9,6,8.405737,9.132339,1.086441,0.995812
620,0,9,7,5.865828,5.528681,0.942524,0.998606
620,0,9,8,0.589698,-0.075323,-0.127731,0.615706
620,0,9,9,6.351268,6.424886,1.011591,0.994661
620,0,9,10,7.010876,6.050473,0.863012,0.994916
620,0,9,11,5.260108,3.972558,0.755224,0.992749
620,0,9,12,4.915309,5.030838,1.023504,0.921008
620,0,9,13,2.936389,2.455308,0.836166,0.988473
620,0,9,14,5.819656,5.936465,1.020071,0.996752
620,0,9,15,9.335729,8.693353,0.931192,0.998842
620,0,10,0,3.847265,2.318648,0.602674,0.938713
620,0,10,1,17.621817,17.522507,0.994364,0.997632
620,0,10,2,5.369887,4.508242,0.839541,0.988843
620,0,10,3,3.233820,2.034467,0.629122,0.960468
620,0,10,4,7.344169,6.762606,0.920813,0.999197
620,0,10,5,8.587605,8.622982,1.004120,0.998286
620,0,10,6,8.453384,7.959737,0.941604,0.992222
620,0,10,7,6.945874,5.611342,0.807867,0.999009
620,0,10,8,6.801452,7.043391,1.035572,0.994790
620,0,10,9,6.311348,6.361016,1.007870,0.978974
620,0,10,10,10.963502,10.451793,0.953326,0.981259
620,0,10,11,7.493148,7.163918,0.956062,0.996165
620,0,10,12,4.445158,2.898498,0.652057,0.980803
620,0,10,13,10.686595,11.025202,1.031685,0.998102
620,0,10,14,4.234251,3.230734,0.763000,0.948863
620,0,10,15,4.376915,4.620166,1.055576,0.991743
620,0,11,0,8.660660,8.752959,1.010657,0.999591
620,0,11,1,9.103440,9.546286,1.048646,0.999563
620,0,11,2,4.388785,4.746083,1.081412,0.992149
620,0,11,3,-1.086945,-1.792878,1.649465,0.846303
620,0,11,4,4.038341,2.776199,0.687460,0.957362
620,0,11,5,3.920731,4.966759,1.266794,0.981683
620,0,11,6,5.158347,5.479064,1.062174,0.880763
620,0,11,7,3.671347,3.240488,0.882643,0.897930
620,0,11,8,3.430461,3.164996,0.922615,0.986959
620,0,11,9,3.343838,2.719105,0.813169,0.994402
620,0,11,10,1.790651,1.159213,0.647370,0.763990
620,0,11,11,6.303914,5.184555,0.822434,0.996566
620,0,11,12,3.788816,1.746614,0.460992,0.878789
620,0,11,13,9.613653,10.059622,1.046389,0.998637
620,0,11,14,3.676679,4.540491,1.234944,0.987006
620,0,11,15,8.973226,9.150893,1.019800,0.998927
620,0,12,0,-2.709566,-3.239696,1.195652,0.986419
620,0,12,1,7.480060,8.033659,1.074010,0.990348
620,0,12,2,1.317770,2.331539,1.769307,0.912168
620,0,12,3,-3.359244,-3.646346,1.085466,0.999773
620,0,12,4,2.606483,3.562074,1.366621,0.969599
620,0,12,5,2.218178,2.747287,1.238533,0.880117
620,0,12,6,0.991732,2.232258,2.250869,0.889938
620,0,12,7,4.914578,4.361936,0.887550,0.967859
620,0,12,8,4.132083,4.131015,0.999741,0.930358
620,0,12,9,7.227091,8.374669,1.158788,0.999008
620,0,12,10,2.948872,2.346224,0.795634,0.994344
620,0,12,11,3.073258,3.788470,1.232721,0.923904
620,0,12,12,4.211719,5.635594,1.338075,0.979611
620,0,12,13,2.369268,2.269852,0.958039,0.855480
620,0,12,14,4.500779,5.006340,1.112327,0.948448
620,0,12,15,2.476300,2.434362,0.983064,0.738686
620,0,13,0,4.333061,3.655802,0.843700,0.930690
620,0,13,1,4.070193,4.215195,1.035625,0.941602
620,0,13,2,1.217685,1.792253,1.471853,0.844849
620,0,13,3,3.352799,3.598850,1.073387,0.918959
620,0,13,4,8.582991,8.122289,0.946324,0.989339
620,0,13,5,3.734265,2.378856,0.637034,0.985854
620,0,13,6,7.206331,7.476784,1.037530,0.998362
620,0,13,7,1.964958,1.643399,0.836353,0.934618
620,0,13,8,2.674516,1.296108,0.484614,0.906293
620,0,13,9,3.519009,4.002577,1.137416,0.932193
620,0,13,10,3.169400,4.086097,1.289234,0.937966
620,0,13,11,5.018389,4.551164,0.906897,0.903753
620,0,13,12,4.985327,4.724419,0.947665,0.947226
620,0,13,13,-0.916260,-0.812511,0.886769,0.804965
620,0,13,14,4.465567,4.487331,1.004874,0.935795
620,0,13,15,-2.191617,-2.718637,1.240471,0.997708
620,0,14,0,1.841318,1.812144,0.984156,0.699560
620,0,14,1,9.641621,8.671222,0.899353,0.997236
620,0,14,2,4.318951,4.674082,1.082226,0.953706
620,0,14,3,1.472808,1.576265,1.070245,0.740312
620,0,14,4,5.162123,5.791080,1.121841,0.973536
620,0,14,5,1.402144,0.341743,0.243729,0.497407
620,0,14,6,1.715757,1.787107,1.041585,0.729416
620,0,14,7,5.846529,3.781667,0.646823,0.960719
620,0,14,8,2.816310,2.700377,0.958835,0.873638
620,0,14,9,0.733039,1.741897,2.376267,0.418659
620,0,14,10,0.939945,-0.032832,-0.034930,0.128994
620,0,14,11,2.696479,3.668580,1.360508,0.897592
620,0,14,12,2.526950,2.740816,1.084634,0.907664
620,0,14,13,1.572133,2.180555,1.387004,0.734382
620,0,14,14,4.109610,4.416540,1.074686,0.949910
620,0,14,15,1.305839,2.531287,1.938438,0.761347
620,0,15,0,4.154224,4.442702,1.069442,0.984425
620,0,15,1,2.755092,2.545980,0.924100,0.963733
620,0,15,2,4.719128,3.847262,0.815248,0.987485
620,0,15,3,3.539073,3.443352,0.972953,0.984809
620,0,15,4,-3.428792,-3.475266,1.013554,0.999250
620,0,15,5,3.683709,4.017378,1.090580,0.989661
620,0,15,6,0.332493,1.366117,4.108709,0.688652
620,0,15,7,3.042834,2.540225,0.834822,0.955318
620,0,15,8,3.690369,4.037302,1.094010,0.971316
620,0,15,9,3.788210,3.582195,0.945617,0.985460
620,0,15,10,-2.181224,-1.833148,0.840422,0.987263
620,0,15,11,3.848431,3.294143,0.855971,0.976893
620,0,15,12,5.906646,6.482834,1.097549,0.997720
620,0,15,13,2.396380,1.971654,0.822763,0.934405
620,0,15,14,3.663572,3.460086,0.944457,0.972750
620,0,15,15,1.559602,-0.047630,-0.030540,0.310791
701,0,0,0,-0.363506,0.564123,-1.551895,0.212732
701,0,0,1,-0.632786,-0.384800,0.608104,0.962079
701,0,0,2,0.143921,0.024871,0.172813,0.971905
701,0,0,3,-1.851441,-1.763081,0.952275,0.993213
701,0,0,4,-0.597898,-0.524608,0.877421,0.954864
701,0,0,5,1.325012,0.429496,0.324145,0.867488
701,0,0,6,1.532921,1.027347,0.670189,0.936452
701,0,0,7,-1.588487,-1.750972,1.102289,0.994679
701,0,0,8,1.575583,1.263030,0.801627,0.985541
701,0,0,9,-1.217452,-1.395171,1.145976,0.982373
701,0,0,10,1.578107,1.414938,0.896605,0.987746
701,0,0,11,-0.117978,0.959561,-8.133377,0.270125
701,0,0,12,0.554478,0.044290,0.079877,0.685521
701,0,0,13,-1.473591,-1.601658,1.086908,0.972923
701,0,0,14,-0.408075,-0.653776,1.602098,0.959720
701,0,0,15,-0.292925,-0.368088,1.256595,0.996810
701,0,1,0,0.599321,0.664187,1.108234,0.990178
701,0,1,1,2.611972,2.496725,0.955877,0.997995
701,0,1,2,0.537935,0.738403,1.372662,0.948471
701,0,1,3,0.196004,1.292239,6.592929,0.748915
701,0,1,4,1.378123,1.464953,1.063006,0.984629
701,0,1,5,0.921277,2.089551,2.268104,0.927985
701,0,1,6,1.345086,1.284823,0.955198,0.993946
701,0,1,7,0.886443,1.086319,1.225481,0.981968
701,0,1,8,0.353442,1.143982,3.236688,0.880075
701,0,1,9,-0.520115,-0.194446,0.373853,0.736674
701,0,1,10,1.060300,0.849904,0.801570,0.974734
701,0,1,11,1.613517,1.128190,0.699212,0.986103
701,0,1,12,-0.568983,-0.833407,1.464731,0.972963
701,0,1,13,0.838428,0.801359,0.955786,0.977689
701,0,1,14,-0.209027,0.486455,-2.327235,0.338636
701,0,1,15,2.790734,3.637093,1.303275,0.979135
701,0,2,0,2.323973,2.073521,0.892231,0.993688
701,0,2,1,1.775156,1.801994,1.015118,0.976060
701,0,2,2,0.251111,0.600671,2.392050,0.880057
701,0,2,3,0.253256,0.620512,2.450141,0.860209
701,0,2,4,0.351024,0.623037,1.774911,0.961325
701,0,2,5,2.954372,2.896306,0.980346,0.985235
701,0,2,6,1.416331,1.643568,1.160441,0.974516
701,0,2,7,0.336517,0.675051,2.005996,0.889919
701,0,2,8,0.076889,0.156330,2.033194,0.948788
701,0,2,9,4.092665,3.307366,0.808120,0.997992
701,0,2,10,0.404295,1.085634,2.685252,0.859717
701,0,2,11,1.494396,1.652885,1.106055,0.989892
701,0,2,12,0.296002,0.686743,2.320066,0.884123
701,0,2,13,0.875536,0.832779,0.951164,0.980099
701,0,2,14,-0.709840,-0.812614,1.144785,0.947314
701,0,2,15,0.144805,0.688648,4.755695,0.714249
701,0,3,0,1.295348,1.331086,1.027589,0.883311
701,0,3,1,2.353379,2.030220,0.862683,0.990311
701,0,3,2,0.662088,0.420621,0.635295,0.836544
701,0,3,3,1.253307,0.831889,0.663755,0.946630
701,0,3,4,2.349832,1.809251,0.769949,0.987674
701,0,3,5,1.291859,1.718962,1.330611,0.971396
701,0,3,6,2.269550,2.111911,0.930542,0.991177
701,0,3,7,0.689714,1.064904,1.543978,0.948892
701,0,3,8,7.163195,7.647569,1.067620,0.996775
701,0,3,9,2.300699,2.589690,1.125610,0.992065
701,0,3,10,3.281689,1.664879,0.507324,0.978145
701,0,3,11,0.269868,1.788472,6.627212,0.683996
701,0,3,12,1.987853,1.835404,0.923310,0.984192
701,0,3,13,6.027821,6.435601,1.067650,0.995936
701,0,3,14,0.785147,0.674384,0.858927,0.907192
701,0,3,15,2.412711,2.103995,0.872046,0.995189
701,0,4,0,2.762391,2.436464,0.882013,0.986967
701,0,4,1,1.779466,1.886376,1.060080,0.979201
701,0,4,2,0.725192,0.926596,1.277726,0.952296
701,0,4,3,2.425605,2.625373,1.082358,0.996621
701,0,4,4,3.686436,4.018354,1.090038,0.993188
701,0,4,5,1.738471,2.586151,1.487601,0.982940
701,0,4,6,1.358177,2.353728,1.733005,0.951278
701,0,4,7,1.803486,1.416422,0.785380,0.985124
701,0,4,8,-0.242160,0.009199,-0.037987,0.900202
701,0,4,9,0.668311,0.670333,1.003025,0.960463
701,0,4,10,6.710104,6.584562,0.981291,0.993785
701,0,4,11,4.338578,4.052530,0.934069,0.994090
701,0,4,12,1.720744,1.528752,0.888425,0.991875
701,0,4,13,3.999673,4.276746,1.069274,0.993566
701,0,4,14,1.408121,1.175653,0.834909,0.985445
701,0,4,15,1.182743,1.927986,1.630097,0.976713
701,0,5,0,10.814348,10.608871,0.981000,0.996369
701,0,5,1,3.445311,2.187743,0.634991,0.920285
701,0,5,2,6.913845,6.164646,0.891638,0.987037
701,0,5,3,2.797734,2.346992,0.838890,0.988813
701,0,5,4,10.680492,10.965816,1.026714,0.998412
701,0,5,5,8.063229,8.021136,0.994780,0.997280
701,0,5,6,13.638630,14.470735,1.061011,0.998264
701,0,5,7,2.970455,4.013552,1.351157,0.968730
701,0,5,8,2.589153,3.291091,1.271107,0.965527
701,0,5,9,4.078215,4.293971,1.052905,0.983667
701,0,5,10,5.923617,4.486495,0.757391,0.996716
701,0,5,11,4.688141,4.319693,0.921408,0.961659
701,0,5,12,1.632754,1.116203,0.683632,0.889843
701,0,5,13,5.308745,5.145113,0.969177,0.998820
701,0,5,14,5.973930,5.682325,0.951187,0.985569
701,0,5,15,0.759446,0.447295,0.588975,0.759915
701,0,6,0,2.473981,2.679186,1.082945,0.930924
701,0,6,1,4.520128,3.575596,0.791039,0.987748
701,0,6,2,5.195641,4.295359,0.826724,0.997442
701,0,6,3,1.806656,1.973864,1.092551,0.907220
701,0,6,4,4.799542,5.867575,1.222528,0.985361
701,0,6,5,3.977543,3.154722,0.793133,0.982069
701,0,6,6,11.202114,10.598496,0.946116,0.993506
701,0,6,7,6.821477,7.096391,1.040301,0.995767
701,0,6,8,5.248398,3.908151,0.744637,0.993235
701,0,6,9,10.886530,10.299866,0.946111,0.997873
701,0,6,10,1.735913,1.787934,1.029967,0.903253
701,0,6,11,2.881477,3.036374,1.053756,0.935517
701,0,6,12,11.680934,11.167712,0.956063,0.997248
701,0,6,13,-0.410141,-0.592389,1.444355,0.756802
701,0,6,14,2.336165,2.013261,0.861780,0.958133
701,0,6,15,4.403356,4.281806,0.972396,0.985915
701,0,7,0,9.694761,10.047338,1.036368,0.995706
701,0,7,1,4.225451,4.185836,0.990625,0.983779
701,0,7,2,3.412639,3.376174,0.989315,0.996607
701,0,7,3,6.128593,5.423302,0.884918,0.980417
701,0,7,4,3.473946,1.755662,0.505380,0.899396
701,0,7,5,2.822126,3.181723,1.127421,0.905116
701,0,7,6,7.169475,6.727776,0.938392,0.974107
701,0,7,7,2.660741,3.667361,1.378323,0.973322
701,0,7,8,6.450088,6.198211,0.960950,0.996226
701,0,7,9,9.420613,8.884714,0.943114,0.996835
701,0,7,10,24.154089,24.511419,1.014794,0.998994
701,0,7,11,5.777880,5.507663,0.953232,0.997529
701,0,7,12,9.638709,9.304646,0.965341,0.992742
701,0,7,13,6.023547,5.160833,0.856776,0.989567
701,0,7,14,3.139081,2.242683,0.714439,0.965424
701,0,7,15,0.588148,-0.273310,-0.464696,0.545212
701,0,8,0,3.507166,4.277758,1.219719,0.983525
701,0,8,1,5.239472,4.750743,0.906722,0.978971
701,0,8,2,2.946564,2.028183,0.688321,0.878762
701,0,8,3,4.667792,3.861531,0.827271,0.987104
701,0,8,4,8.810831,8.977570,1.018924,0.996857
701,0,8,5,-2.003035,-2.187943,1.092314,0.979537
701,0,8,6,4.051470,4.486688,1.107422,0.985909
701,0,8,7,5.692631,6.910525,1.213942,0.993108
701,0,8,8,5.504354,5.282128,0.959627,0.995946
701,0,8,9,5.029028,4.897408,0.973828,0.992664
701,0,8,10,5.828548,5.592880,0.959567,0.991681
701,0,8,11,4.805614,5.398404,1.123353,0.991270
701,0,8,12,3.163305,3.219793,1.017857,0.955185
701,0,8,13,6.678556,6.413898,0.960372,0.993229
701,0,8,14,4.283798,4.961360,1.158168,0.983327
701,0,8,15,0.727375,0.874157,1.201797,0.501269
701,0,9,0,3.046688,3.041800,0.998396,0.980004
701,0,9,1,1.447120,0.112476,0.077724,0.589877
701,0,9,2,2.694001,2.039136,0.756917,0.981548
701,0,9,3,5.442485,5.697183,1.046798,0.994828
701,0,9,4,5.202016,5.743564,1.104103,0.993353
701,0,9,5,5.387407,6.159359,1.143288,0.991637
701,0,9,6,7.991280,9.086418,1.137042,0.994832
701,0,9,7,5.856821,5.562469,0.949742,0.998617
701,0,9,8,0.816905,0.156948,0.192125,0.667412
701,0,9,9,7.058945,7.216522,1.022323,0.995608
701,0,9,10,7.118332,6.127760,0.860842,0.995444
701,0,9,11,4.922587,3.586722,0.728625,0.990480
701,0,9,12,3.888233,4.152452,1.067953,0.872528
701,0,9,13,3.038518,2.473039,0.813896,0.987382
701,0,9,14,4.905422,5.138711,1.047557,0.994570
701,0,9,15,9.070559,8.564989,0.944263,0.998628
701,0,10,0,3.944840,2.579552,0.653905,0.951139
701,0,10,1,17.020826,16.399139,0.963475,0.996832
701,0,10,2,5.148538,4.303304,0.835830,0.987406
701,0,10,3,2.582415,1.371528,0.531103,0.925052
701,0,10,4,7.183366,6.486620,0.903006,0.998950
701,0,10,5,7.894234,8.025694,1.016653,0.997733
701,0,10,6,7.566270,7.087693,0.936749,0.988620
701,0,10,7,6.675033,5.430327,0.813528,0.998902
701,0,10,8,6.449339,6.749321,1.046514,0.993681
701,0,10,9,6.291627,6.248852,0.993201,0.977565
701,0,10,10,10.592701,10.211015,0.963967,0.981277
701,0,10,11,7.800716,7.549641,0.967814,0.996955
701,0,10,12,4.533981,3.088796,0.681255,0.984498
701,0,10,13,9.716027,10.161333,1.045832,0.997522
701,0,10,14,4.008618,3.201903,0.798755,0.945148
701,0,10,15,4.874790,5.120737,1.050453,0.993284
701,0,11,0,7.500003,7.536887,1.004918,0.999270
701,0,11,1,7.583956,8.295525,1.093825,0.997571
701,0,11,2,5.151582,5.440578,1.056099,0.995124
701,0,11,3,-0.986935,-1.616798,1.638201,0.855347
701,0,11,4,4.165590,2.831944,0.679842,0.954995
701,0,11,5,3.947923,4.891606,1.239033,0.981618
701,0,11,6,4.365736,4.525673,1.036635,0.834720
701,0,11,7,3.869773,3.453161,0.892342,0.905126
701,0,11,8,3.633300,3.349420,0.921867,0.989102
701,0,11,9,2.715891,2.055075,0.756685,0.983539
701,0,11,10,1.941151,1.293075,0.666138,0.785327
701,0,11,11,6.107836,5.013288,0.820796,0.996302
701,0,11,12,4.094493,2.218998,0.541947,0.918571
701,0,11,13,8.157601,8.801939,1.078986,0.997465
701,0,11,14,4.246813,5.049394,1.188984,0.990367
701,0,11,15,7.602247,7.887903,1.037575,0.996881
701,0,12,0,-2.735265,-3.197691,1.169060,0.986856
701,0,12,1,6.284918,6.825251,1.085973,0.983643
701,0,12,2,1.016325,2.027394,1.994829,0.906313
701,0,12,3,-3.457906,-3.749195,1.084239,0.999795
701,0,12,4,2.879901,3.862026,1.341028,0.971830
701,0,12,5,2.408561,2.830051,1.174997,0.893100
701,0,12,6,0.383426,1.473944,3.844144,0.859851
701,0,12,7,4.804999,4.413288,0.918478,0.966417
701,0,12,8,3.532648,3.444519,0.975053,0.904945
701,0,12,9,5.891771,6.910899,1.172975,0.997863
701,0,12,10,2.536235,1.930745,0.761264,0.990400
701,0,12,11,3.502189,4.188375,1.195931,0.938072
701,0,12,12,3.798142,5.254508,1.383442,0.974691
701,0,12,13,2.087715,1.993794,0.955012,0.847663
701,0,12,14,4.485186,4.942782,1.102024,0.947735
701,0,12,15,2.437963,2.531800,1.038490,0.734473
701,0,13,0,4.494491,3.860556,0.858953,0.938605
701,0,13,1,4.198332,4.246507,1.011475,0.943425
701,0,13,2,1.595462,2.202132,1.380248,0.883644
701,0,13,3,3.918754,4.113705,1.049748,0.940991
701,0,13,4,7.740919,7.151260,0.923826,0.985116
701,0,13,5,3.165640,1.848943,0.584066,0.970474
701,0,13,6,6.493486,6.836987,1.052899,0.996868
701,0,13,7,1.610425,1.245628,0.773477,0.901892
701,0,13,8,2.593123,1.407469,0.542770,0.917168
701,0,13,9,3.093359,3.460749,1.118767,0.907467
701,0,13,10,2.539188,3.393330,1.336384,0.905533
701,0,13,11,4.957416,4.431993,0.894013,0.899422
701,0,13,12,4.365652,4.015622,0.919822,0.932427
701,0,13,13,-0.823473,-0.740118,0.898776,0.794120
701,0,13,14,4.956795,4.983740,1.005436,0.949971
701,0,13,15,-2.260248,-2.790237,1.234483,0.997565
701,0,14,0,1.959847,1.995173,1.018025,0.740467
701,0,14,1,9.726254,8.780792,0.902793,0.997320
701,0,14,2,4.623581,5.021393,1.086040,0.960748
701,0,14,3,1.505005,1.545828,1.027125,0.751252
701,0,14,4,4.672360,4.951533,1.059750,0.965339
701,0,14,5,1.524317,0.527131,0.345815,0.603815
701,0,14,6,1.456999,1.227917,0.842771,0.613898
701,0,14,7,5.794515,3.772336,0.651019,0.959394
701,0,14,8,3.136184,3.031344,0.966571,0.906045
701,0,14,9,0.828394,1.836699,2.217180,0.473381
701,0,14,10,0.974452,0.086310,0.088573,0.213468
701,0,14,11,2.619613,3.408142,1.301010,0.888396
701,0,14,12,2.226636,2.124275,0.954029,0.872750
701,0,14,13,1.400165,1.961208,1.400698,0.697452
701,0,14,14,4.158683,4.355736,1.047384,0.949525
701,0,14,15,1.500378,2.722438,1.814502,0.805677
701,0,15,0,4.394725,4.760705,1.083277,0.988596
701,0,15,1,2.801241,2.633775,0.940217,0.968502
701,0,15,2,4.826935,4.023590,0.833570,0.989571
701,0,15,3,3.431785,3.332522,0.971076,0.983731
701,0,15,4,-3.434183,-3.501576,1.019624,0.999453
701,0,15,5,3.276744,3.427702,1.046070,0.986003
701,0,15,6,0.148024,1.061605,7.171827,0.618884
701,0,15,7,2.774650,2.159009,0.778120,0.944328
701,0,15,8,3.332667,3.476844,1.043262,0.962985
701,0,15,9,3.710001,3.397254,0.915702,0.986268
701,0,15,10,-2.214038,-1.879303,0.848812,0.987938
701,0,15,11,4.142319,3.525481,0.851089,0.979840
701,0,15,12,5.845338,6.290993,1.076241,0.997368
701,0,15,13,2.472939,2.057775,0.832117,0.943724
701,0,15,14,3.848906,3.750625,0.974465,0.978757
701,0,15,15,1.681639,0.067916,0.040387,0.434683
933,0,0,0,-0.195797,0.742060,-3.789946,0.277155
933,0,0,1,-0.725153,-0.493982,0.681211,0.970149
933,0,0,2,0.852723,0.681714,0.799455,0.969764
933,0,0,3,-1.062055,-1.390358,1.309120,0.980354
933,0,0,4,-0.523840,-0.735981,1.404973,0.908911
933,0,0,5,1.405039,0.373761,0.266015,0.825548
933,0,0,6,1.386887,0.808858,0.583218,0.919902
933,0,0,7,-1.887589,-1.981078,1.049528,0.994599
933,0,0,8,1.812151,1.363604,0.752478,0.984220
933,0,0,9,0.542807,0.075552,0.139187,0.807183
933,0,0,10,-0.145112,-0.147314,1.015174,0.952535
933,0,0,11,-0.049040,1.082901,-22.082201,0.312698
933,0,0,12,0.890712,0.421932,0.473702,0.780988
933,0,0,13,-2.006933,-2.059591,1.026238,0.985988
933,0,0,14,1.726261,1.463909,0.848023,0.983830
933,0,0,15,-0.412490,-0.496691,1.204129,0.996848
933,0,1,0,0.730052,0.809902,1.109376,0.990601
933,0,1,1,2.124036,1.823651,0.858578,0.993085
933,0,1,2,1.918946,1.918560,0.999799,0.986915
933,0,1,3,0.356908,1.458094,4.085350,0.815731
933,0,1,4,-0.160203,-0.094929,0.592558,0.971982
933,0,1,5,1.071096,2.250548,2.101164,0.943495
933,0,1,6,1.737271,1.589726,0.915071,0.994652
933,0,1,7,0.805176,1.075993,1.336344,0.977475
933,0,1,8,0.323451,1.064569,3.291285,0.893448
933,0,1,9,-0.484189,-0.386374,0.797982,0.820395
933,0,1,10,0.906855,0.548120,0.604418,0.961738
933,0,1,11,1.585758,1.017750,0.641807,0.981695
933,0,1,12,-0.462598,-0.842809,1.821905,0.955380
933,0,1,13,1.343231,0.978570,0.728519,0.944043
933,0,1,14,-0.665540,-0.036124,0.054277,0.629179
933,0,1,15,3.403635,4.014584,1.179499,0.984889
933,0,2,0,2.392205,2.076873,0.868184,0.993418
933,0,2,1,2.464856,2.423984,0.983418,0.975788
933,0,2,2,0.312014,0.643888,2.063648,0.905899
933,0,2,3,0.362985,0.696189,1.917952,0.917783
933,0,2,4,0.506826,0.826669,1.631069,0.945658
933,0,2,5,4.115075,4.079149,0.991270,0.992201
933,0,2,6,1.417973,1.585955,1.118466,0.974189
933,0,2,7,0.406190,0.690302,1.699454,0.928682
933,0,2,8,0.203161,0.360698,1.775426,0.949877
933,0,2,9,4.496161,3.747201,0.833422,0.998314
933,0,2,10,0.392517,1.070706,2.727792,0.863249
933,0,2,11,3.250333,3.440169,1.058405,0.996201
933,0,2,12,0.361092,0.763530,2.114504,0.906996
933,0,2,13,0.550097,0.417217,0.758442,0.957045
933,0,2,14,-0.688404,-0.763925,1.109704,0.955206
933,0,2,15,0.273669,0.830244,3.033758,0.808419
933,0,3,0,1.670237,1.733990,1.038170,0.918198
933,0,3,1,2.212878,1.808825,0.817408,0.985295
933,0,3,2,0.953472,0.593821,0.622799,0.898281
933,0,3,3,1.319839,0.913340,0.692008,0.953970
933,0,3,4,2.486571,1.837780,0.739082,0.985676
933,0,3,5,2.448640,2.811267,1.148093,0.994176
933,0,3,6,2.005116,1.741750,0.868653,0.986590
933,0,3,7,0.835540,1.153299,1.380304,0.962856
933,0,3,8,7.291365,7.602367,1.042653,0.996550
933,0,3,9,2.426228,2.824203,1.164030,0.990542
933,0,3,10,3.443332,1.965602,0.570843,0.986704
933,0,3,11,0.433082,1.865429,4.307331,0.765468
933,0,3,12,2.841828,2.711166,0.954022,0.989549
933,0,3,13,6.412833,7.369905,1.149243,0.995066
933,0,3,14,1.119133,1.020729,0.912071,0.941056
933,0,3,15,2.283655,1.898453,0.831322,0.993762
933,0,4,0,2.623373,2.446851,0.932712,0.987971
933,0,4,1,2.469654,2.762055,1.118398,0.990077
933,0,4,2,0.608898,0.864936,1.420494,0.945507
933,0,4,3,2.561031,2.937492,1.146996,0.996216
933,0,4,4,3.923102,4.267578,1.087807,0.992967
933,0,4,5,1.806407,2.734373,1.513708,0.979277
933,0,4,6,1.511802,2.545005,1.683424,0.964275
933,0,4,7,1.841124,1.459228,0.792574,0.986073
933,0,4,8,-0.365820,-0.054154,0.148036,0.873519
933,0,4,9,0.675912,0.711978,1.053358,0.961232
933,0,4,10,7.396507,7.567223,1.023081,0.993933
933,0,4,11,5.074262,4.783743,0.942747,0.996149
933,0,4,12,1.599493,1.440741,0.900749,0.992454
933,0,4,13,2.543453,3.269958,1.285637,0.973875
933,0,4,14,1.425848,1.229339,0.862181,0.987968
933,0,4,15,1.354158,2.157551,1.593278,0.981361
933,0,5,0,11.198565,11.255471,1.005082,0.996307
933,0,5,1,3.778416,2.479193,0.656146,0.933852
933,0,5,2,8.116632,7.648991,0.942385,0.990333
933,0,5,3,2.825752,2.401208,0.849759,0.990466
933,0,5,4,11.567018,11.925155,1.030962,0.998588
933,0,5,5,7.573797,7.788165,1.028304,0.996746
933,0,5,6,14.381744,15.386029,1.069831,0.998458
933,0,5,7,2.542248,3.339047,1.313423,0.956306
933,0,5,8,3.526633,4.181633,1.185730,0.978543
933,0,5,9,4.178870,4.520597,1.081775,0.985663
933,0,5,10,5.922363,4.419407,0.746224,0.997093
933,0,5,11,5.146095,5.106956,0.992395,0.962158
933,0,5,12,1.702184,1.334904,0.784230,0.905710
933,0,5,13,5.665128,5.620822,0.992179,0.999041
933,0,5,14,6.594335,6.297318,0.954959,0.986312
933,0,5,15,2.027895,1.611287,0.794562,0.912007
933,0,6,0,3.265073,3.372183,1.032805,0.958598
933,0,6,1,5.792382,4.868381,0.840480,0.993457
933,0,6,2,5.288599,4.390610,0.830203,0.997427
933,0,6,3,2.659667,2.849089,1.071220,0.943596
933,0,6,4,4.911308,5.947969,1.211076,0.985318
933,0,6,5,4.043054,3.054923,0.755598,0.980984
933,0,6,6,12.909193,12.309314,0.953531,0.995067
933,0,6,7,7.390212,7.468013,1.010528,0.997340
933,0,6,8,5.416096,3.969645,0.732935,0.993412
933,0,6,9,12.022731,11.458634,0.953081,0.998240
933,0,6,10,2.504517,2.559421,1.021922,0.946256
933,0,6,11,3.427978,3.527702,1.029091,0.952887
933,0,6,12,12.350951,11.648645,0.943138,0.997409
933,0,6,13,-0.300455,-0.646052,2.150245,0.721054
933,0,6,14,2.741273,2.092849,0.763459,0.963941
933,0,6,15,4.520421,4.446756,0.983704,0.985214
933,0,7,0,10.021511,10.536795,1.051418,0.995598
933,0,7,1,5.547140,5.457526,0.983845,0.992001
933,0,7,2,3.208695,3.308655,1.031153,0.996376
933,0,7,3,6.813586,6.103047,0.895717,0.978479
933,0,7,4,4.416290,2.641089,0.598034,0.950825
933,0,7,5,3.327106,3.722629,1.118879,0.927592
933,0,7,6,7.738225,7.484882,0.967261,0.975266
933,0,7,7,3.584990,4.689795,1.308175,0.984161
933,0,7,8,6.359071,6.381138,1.003470,0.997432
933,0,7,9,10.970675,10.533205,0.960124,0.998516
933,0,7,10,25.384977,25.830044,1.017533,0.999205
933,0,7,11,5.549799,5.161564,0.930045,0.997407
933,0,7,12,10.491004,10.500430,1.000898,0.994106
933,0,7,13,6.335319,5.465725,0.862739,0.990128
933,0,7,14,4.303702,3.500698,0.813416,0.983934
933,0,7,15,1.135416,-0.042818,-0.037711,0.541108
933,0,8,0,3.575252,4.345010,1.215302,0.984736
933,0,8,1,5.215930,4.424764,0.848317,0.975118
933,0,8,2,3.248263,2.484433,0.764850,0.910851
933,0,8,3,5.508199,4.547120,0.825518,0.990699
933,0,8,4,11.017383,11.028094,1.000972,0.998787
933,0,8,5,-1.886301,-2.147922,1.138695,0.969401
933,0,8,6,4.209562,4.799545,1.140153,0.989563
933,0,8,7,6.379096,7.560277,1.185164,0.995279
933,0,8,8,5.168767,5.021737,0.971554,0.996026
933,0,8,9,5.437376,5.300943,0.974908,0.994122
933,0,8,10,7.217433,6.780181,0.939417,0.995525
933,0,8,11,4.700797,5.183868,1.102764,0.991225
933,0,8,12,3.909294,3.933130,1.006097,0.971854
933,0,8,13,7.083718,6.910040,0.975482,0.995665
933,0,8,14,4.506087,4.919456,1.091736,0.983178
933,0,8,15,1.130120,1.132738,1.002317,0.581384
933,0,9,0,3.366234,2.946053,0.875178,0.983718
933,0,9,1,1.920735,0.549341,0.286005,0.727989
933,0,9,2,2.513414,1.806848,0.718882,0.975977
933,0,9,3,5.697638,6.071762,1.065663,0.996115
933,0,9,4,5.859415,6.721072,1.147055,0.995640
933,0,9,5,5.463868,6.218549,1.138122,0.992788
933,0,9,6,8.179701,8.948639,1.094006,0.994973
933,0,9,7,5.054410,4.531253,0.896495,0.997147
933,0,9,8,0.798016,0.236638,0.296533,0.690952
933,0,9,9,7.036492,7.032796,0.999475,0.995412
933,0,9,10,7.722754,6.748049,0.873788,0.996026
933,0,9,11,6.267061,4.866313,0.776491,0.995647
933,0,9,12,4.612303,4.980970,1.079931,0.892523
933,0,9,13,2.681969,2.137979,0.797168,0.984258
933,0,9,14,5.751164,5.999584,1.043195,0.996915
933,0,9,15,10.102536,9.717107,0.961848,0.999172
933,0,10,0,3.995751,2.426983,0.607391,0.945457
933,0,10,1,17.948036,17.787218,0.991040,0.997466
933,0,10,2,5.013782,4.023798,0.802547,0.983399
933,0,10,3,4.195944,3.024204,0.720744,0.983163
933,0,10,4,7.429121,6.880683,0.926177,0.999207
933,0,10,5,9.695137,9.994424,1.030870,0.998705
933,0,10,6,9.730186,9.457084,0.971932,0.993848
933,0,10,7,7.790184,6.518286,0.836731,0.999381
933,0,10,8,6.820835,7.038631,1.031931,0.994146
933,0,10,9,6.841465,7.178487,1.049262,0.979310
933,0,10,10,11.818278,11.336117,0.959202,0.985759
933,0,10,11,8.384276,8.076683,0.963313,0.997393
933,0,10,12,4.629975,3.077126,0.664610,0.981975
933,0,10,13,10.831109,11.306623,1.043903,0.998106
933,0,10,14,3.906184,3.043551,0.779162,0.937350
933,0,10,15,4.772405,5.000022,1.047694,0.992928
933,0,11,0,9.110496,9.338966,1.025078,0.999498
933,0,11,1,10.462582,11.453836,1.094743,0.999726
933,0,11,2,5.434415,5.976874,1.099819,0.995325
933,0,11,3,-1.303373,-2.021581,1.551038,0.857567
933,0,11,4,4.059287,2.864264,0.705608,0.957659
933,0,11,5,3.878891,4.856554,1.252047,0.980680
933,0,11,6,5.405731,5.666258,1.048195,0.858815
933,0,11,7,3.996690,3.491766,0.873664,0.914869
933,0,11,8,4.096167,3.944465,0.962965,0.992267
933,0,11,9,4.385899,3.889594,0.886841,0.997695
933,0,11,10,1.744500,1.266300,0.725882,0.801186
933,0,11,11,6.434338,5.389611,0.837633,0.996750
933,0,11,12,4.341530,2.384966,0.549338,0.927936
933,0,11,13,10.182823,11.332817,1.112935,0.999359
933,0,11,14,4.266611,5.205787,1.220122,0.989745
933,0,11,15,10.428164,11.070157,1.061563,0.999312
933,0,12,0,-2.744216,-3.356209,1.223012,0.987583
933,0,12,1,8.053148,8.858027,1.099946,0.991758
933,0,12,2,1.514757,2.783041,1.837285,0.918253
933,0,12,3,-3.277618,-3.579983,1.092251,0.999688
933,0,12,4,2.857769,4.035470,1.412105,0.972991
933,0,12,5,2.508301,2.898002,1.155364,0.900052
933,0,12,6,0.851269,2.113230,2.482445,0.881528
933,0,12,7,4.749818,4.138773,0.871354,0.967998
933,0,12,8,4.190602,4.118574,0.982812,0.932100
933,0,12,9,7.741570,9.079554,1.172831,0.999115
933,0,12,10,3.793966,3.221129,0.849014,0.997344
933,0,12,11,3.439524,4.221566,1.227369,0.936645
933,0,12,12,4.122723,5.619467,1.363047,0.976941
933,0,12,13,2.841519,2.720888,0.957547,0.872465
933,0,12,14,4.719245,5.396184,1.143442,0.954018
933,0,12,15,2.584305,2.173226,0.840932,0.727558
933,0,13,0,4.621868,4.149521,0.897802,0.935093
933,0,13,1,4.159201,4.497219,1.081270,0.948658
933,0,13,2,1.044247,1.574776,1.508050,0.824810
933,0,13,3,3.870682,4.330350,1.118756,0.940038
933,0,13,4,8.318139,7.902730,0.950060,0.989710
933,0,13,5,4.413543,3.153373,0.714476,0.993332
933,0,13,6,7.401616,7.910366,1.068735,0.997754
933,0,13,7,1.704730,1.613540,0.946507,0.921951
933,0,13,8,2.562218,1.017317,0.397046,0.870304
933,0,13,9,3.073628,3.806291,1.238371,0.920915
933,0,13,10,2.811323,3.779976,1.344554,0.924366
933,0,13,11,5.263362,5.029983,0.955660,0.913548
933,0,13,12,4.902957,4.744191,0.967618,0.944698
933,0,13,13,-0.979594,-0.910133,0.929092,0.825540
933,0,13,14,4.842071,5.118094,1.057005,0.949915
933,0,13,15,-2.118752,-2.674733,1.262410,0.996384
933,0,14,0,2.139082,2.107018,0.985010,0.759157
933,0,14,1,9.404264,7.950844,0.845451,0.996648
933,0,14,2,4.566206,5.165826,1.131317,0.959629
933,0,14,3,1.422649,1.538225,1.081240,0.722919
933,0,14,4,5.292087,6.090695,1.150906,0.977010
933,0,14,5,1.306850,0.204192,0.156247,0.379220
933,0,14,6,1.795267,1.774951,0.988683,0.736042
933,0,14,7,6.067135,4.041310,0.666099,0.968522
933,0,14,8,3.031308,3.067056,1.011793,0.884816
933,0,14,9,0.749650,1.800327,2.401556,0.439337
933,0,14,10,1.042235,-0.087540,-0.083992,0.029034
933,0,14,11,2.587234,3.566634,1.378551,0.884927
933,0,14,12,2.456625,2.784645,1.133525,0.895240
933,0,14,13,1.493749,1.994837,1.335457,0.738716
933,0,14,14,4.439833,4.976264,1.120822,0.960586
933,0,14,15,1.383995,2.856394,2.063876,0.777972
933,0,15,0,4.226999,4.777110,1.130142,0.987346
933,0,15,1,2.778285,2.667849,0.960250,0.965497
933,0,15,2,4.696380,3.819751,0.813339,0.987533
933,0,15,3,3.411010,3.414277,1.000958,0.983865
933,0,15,4,-3.311180,-3.333758,1.006819,0.998543
933,0,15,5,3.575554,3.920130,1.096370,0.988677
933,0,15,6,0.200685,1.312674,6.540965,0.484751
933,0,15,7,3.030128,2.513409,0.829473,0.961419
933,0,15,8,3.482156,3.850128,1.105674,0.968636
933,0,15,9,3.848090,3.690785,0.959121,0.989038
933,0,15,10,-2.115313,-1.804861,0.853236,0.987791
933,0,15,11,4.143163,3.752611,0.905736,0.983813
933,0,15,12,6.502002,7.162998,1.101660,0.998313
933,0,15,13,2.426921,1.473735,0.607245,0.887578
933,0,15,14,3.256293,2.625994,0.806437,0.957174
933,0,15,15,1.575252,-0.270932,-0.171993,-0.046010
72,0,0,0,-0.097650,0.760866,-7.791796,0.340150
72,0,0,1,-0.683490,-0.461619,0.675385,0.968030
72,0,0,2,0.585620,0.443685,0.757634,0.961831
72,0,0,3,-1.079903,-1.439883,1.333345,0.979214
72,0,0,4,-0.318412,-0.712295,2.237022,0.900231
72,0,0,5,1.814546,0.674923,0.371951,0.852279
72,0,0,6,1.349375,0.787826,0.583845,0.911321
72,0,0,7,-2.466423,-2.498537,1.013021,0.997434
72,0,0,8,2.337100,1.819419,0.778494,0.991926
72,0,0,9,0.534333,0.052849,0.098907,0.758323
72,0,0,10,0.299854,0.186513,0.622013,0.961118
72,0,0,11,-0.008469,1.078755,-127.376829,0.348889
72,0,0,12,1.793794,1.369109,0.763247,0.929001
72,0,0,13,-1.457651,-1.721820,1.181230,0.987841
72,0,0,14,2.697200,2.091078,0.775277,0.994641
72,0,0,15,-0.401919,-0.479069,1.191954,0.996836
72,0,1,0,0.695476,0.789463,1.135140,0.990192
72,0,1,1,2.442485,2.244141,0.918794,0.996523
72,0,1,2,1.013817,1.131184,1.115768,0.975656
72,0,1,3,0.263991,1.365353,5.171965,0.765486
72,0,1,4,0.328916,0.432918,1.316193,0.976904
72,0,1,5,1.072128,2.211546,2.062764,0.944032
72,0,1,6,3.102343,2.972085,0.958013,0.998559
72,0,1,7,0.724995,0.960146,1.324349,0.971158
72,0,1,8,0.276557,0.993394,3.592000,0.892380
72,0,1,9,-0.508622,-0.407067,0.800334,0.821925
72,0,1,10,0.854533,0.543267,0.635748,0.956966
72,0,1,11,1.601897,1.034982,0.646098,0.982648
72,0,1,12,-0.534888,-0.810825,1.515878,0.970082
72,0,1,13,1.185374,0.770921,0.650361,0.941841
72,0,1,14,-1.004511,-0.421981,0.420086,0.852464
72,0,1,15,4.058810,4.899967,1.207242,0.989274
72,0,2,0,2.275697,1.959619,0.861107,0.992052
72,0,2,1,1.662056,1.614363,0.971305,0.960801
72,0,2,2,0.251540,0.628599,2.499005,0.873190
72,0,2,3,0.234795,0.599476,2.553188,0.865849
72,0,2,4,0.142114,0.477561,3.360420,0.920094
72,0,2,5,4.497966,4.575897,1.017326,0.993064
72,0,2,6,1.362903,1.527353,1.120661,0.971735
72,0,2,7,0.345272,0.656525,1.901471,0.907221
72,0,2,8,0.652060,0.774885,1.188365,0.973115
72,0,2,9,4.486318,3.758197,0.837702,0.998300
72,0,2,10,0.224264,0.921730,4.110026,0.808154
72,0,2,11,2.011207,2.370780,1.178785,0.991961
72,0,2,12,0.283209,0.692097,2.443764,0.873193
72,0,2,13,0.528006,0.526993,0.998083,0.961974
72,0,2,14,-0.923976,-1.000872,1.083223,0.962399
72,0,2,15,0.177792,0.735899,4.139092,0.768601
72,0,3,0,1.189497,1.430374,1.202503,0.872325
72,0,3,1,2.093100,1.679101,0.802208,0.982218
72,0,3,2,0.960390,0.692103,0.720648,0.914767
72,0,3,3,1.343228,0.962009,0.716192,0.959161
72,0,3,4,2.291500,1.671600,0.729478,0.982778
72,0,3,5,1.702653,2.060844,1.210372,0.981236
72,0,3,6,1.980948,1.772939,0.894995,0.986281
72,0,3,7,0.623488,0.942020,1.510888,0.952288
72,0,3,8,8.783999,8.850913,1.007618,0.998240
72,0,3,9,3.049823,3.355962,1.100379,0.995667
72,0,3,10,3.387969,1.921932,0.567281,0.984096
72,0,3,11,0.761773,2.186236,2.869932,0.863430
72,0,3,12,2.977280,3.037673,1.020285,0.990776
72,0,3,13,7.709536,8.494657,1.101838,0.997012
72,0,3,14,1.139302,1.035430,0.908828,0.942224
72,0,3,15,2.292072,1.902255,0.829928,0.993224
72,0,4,0,2.359328,2.150140,0.911336,0.984105
72,0,4,1,2.121175,2.449259,1.154671,0.985205
72,0,4,2,0.576128,0.826231,1.434112,0.941730
72,0,4,3,2.634316,3.042214,1.154840,0.995904
72,0,4,4,3.918401,4.263027,1.087951,0.993768
72,0,4,5,1.635235,2.569036,1.571050,0.977669
72,0,4,6,1.519329,2.558543,1.683996,0.962259
72,0,4,7,1.818358,1.439823,0.791826,0.985393
72,0,4,8,0.057943,0.271206,4.680595,0.876060
72,0,4,9,0.597209,0.669721,1.121418,0.955386
72,0,4,10,7.997289,8.376450,1.047411,0.994711
72,0,4,11,5.168226,4.929279,0.953766,0.996017
72,0,4,12,1.594767,1.420420,0.890676,0.991726
72,0,4,13,4.087711,4.569530,1.117870,0.991038
72,0,4,14,1.427638,1.217216,0.852608,0.986647
72,0,4,15,1.232249,2.056384,1.668805,0.977405
72,0,5,0,10.935909,10.968575,1.002987,0.996616
72,0,5,1,3.140113,1.668779,0.531439,0.882248
72,0,5,2,7.694014,7.434149,0.966225,0.988412
72,0,5,3,3.048684,2.664753,0.874067,0.991959
72,0,5,4,9.965549,10.689165,1.072612,0.998069
72,0,5,5,9.155477,9.469518,1.034301,0.998047
72,0,5,6,14.893324,15.791063,1.060278,0.998503
72,0,5,7,2.329319,3.273820,1.405484,0.955023
72,0,5,8,3.038260,3.798055,1.250075,0.973531
72,0,5,9,4.235247,4.714524,1.113164,0.986493
72,0,5,10,5.996009,4.493138,0.749355,0.997279
72,0,5,11,5.213332,5.137100,0.985377,0.962419
72,0,5,12,1.440141,1.122476,0.779421,0.881881
72,0,5,13,5.761146,5.707069,0.990613,0.998943
72,0,5,14,6.692220,6.480382,0.968346,0.985158
72,0,5,15,1.758060,1.483764,0.843978,0.911683
72,0,6,0,2.721295,2.870447,1.054809,0.942850
72,0,6,1,5.271785,4.489430,0.851596,0.992607
72,0,6,2,5.407604,4.541031,0.839749,0.997994
72,0,6,3,1.912868,2.087773,1.091436,0.919523
72,0,6,4,4.475711,5.532656,1.236151,0.982722
72,0,6,5,3.586185,2.793620,0.778995,0.973517
72,0,6,6,13.144679,12.782457,0.972443,0.994400
72,0,6,7,7.304700,7.478438,1.023784,0.997477
72,0,6,8,5.386970,3.943531,0.732050,0.992864
72,0,6,9,13.657043,13.410547,0.981951,0.998823
72,0,6,10,2.026544,2.195117,1.083183,0.927046
72,0,6,11,3.434134,3.469188,1.010208,0.954675
72,0,6,12,13.021434,12.669248,0.972953,0.998047
72,0,6,13,-0.276640,-0.649608,2.348209,0.712963
72,0,6,14,2.868351,2.150434,0.749711,0.964502
72,0,6,15,4.158817,4.320405,1.038854,0.983502
72,0,7,0,8.870588,8.976993,1.011995,0.994297
72,0,7,1,5.378693,5.388459,1.001816,0.989999
72,0,7,2,3.295497,3.431718,1.041336,0.996844
72,0,7,3,6.471631,5.933684,0.916876,0.975515
72,0,7,4,4.614452,2.953398,0.640032,0.959336
72,0,7,5,3.376196,3.784647,1.120980,0.931753
72,0,7,6,8.932364,8.750002,0.979584,0.981562
72,0,7,7,3.893301,4.931294,1.266610,0.986990
72,0,7,8,6.643349,6.818022,1.026293,0.996939
72,0,7,9,10.774733,10.265924,0.952778,0.998364
72,0,7,10,26.381773,26.569244,1.007106,0.999208
72,0,7,11,5.926668,5.483154,0.925166,0.997871
72,0,7,12,10.820062,10.651169,0.984391,0.993772
72,0,7,13,6.141521,5.385727,0.876937,0.990225
72,0,7,14,4.437708,3.627845,0.817504,0.985667
72,0,7,15,1.423074,0.400772,0.281624,0.633165
72,0,8,0,3.322018,4.072211,1.225825,0.984653
72,0,8,1,5.061410,4.406114,0.870531,0.977856
72,0,8,2,3.073506,2.204136,0.717141,0.878832
72,0,8,3,5.769129,4.912109,0.851447,0.991843
72,0,8,4,12.018639,12.692953,1.056106,0.999031
72,0,8,5,-1.544365,-1.753947,1.135708,0.949994
72,0,8,6,4.004450,4.721663,1.179104,0.987772
72,0,8,7,7.001941,8.109492,1.158178,0.996494
72,0,8,8,5.342715,5.100169,0.954602,0.996442
72,0,8,9,5.182256,5.177806,0.999141,0.994506
72,0,8,10,6.248874,5.970763,0.955494,0.993312
72,0,8,11,5.588416,5.928627,1.060878,0.993882
72,0,8,12,3.688362,3.919854,1.062763,0.972027
72,0,8,13,6.460910,6.162696,0.953843,0.993475
72,0,8,14,4.305547,4.815585,1.118461,0.982344
72,0,8,15,1.015319,1.025790,1.010313,0.560479
72,0,9,0,3.103093,2.769570,0.892519,0.983186
72,0,9,1,2.115127,0.628884,0.297327,0.746532
72,0,9,2,2.358024,1.747877,0.741246,0.977083
72,0,9,3,5.691800,5.868830,1.031103,0.996192
72,0,9,4,6.033532,6.590478,1.092308,0.995653
72,0,9,5,5.215834,6.040029,1.158018,0.992266
72,0,9,6,8.135997,8.833018,1.085671,0.994988
72,0,9,7,5.091451,4.548251,0.893311,0.997053
72,0,9,8,1.046736,0.428963,0.409810,0.688633
72,0,9,9,6.238600,6.121743,0.981269,0.994367
72,0,9,10,7.738685,6.604392,0.853426,0.996264
72,0,9,11,6.107905,4.728819,0.774213,0.995433
72,0,9,12,4.697146,4.912037,1.045749,0.868922
72,0,9,13,2.537258,1.947377,0.767512,0.979683
72,0,9,14,6.203026,6.363924,1.025939,0.997358
72,0,9,15,9.985786,9.634079,0.964779,0.998843
72,0,10,0,4.136263,2.412845,0.583339,0.941720
72,0,10,1,18.890503,18.173527,0.962046,0.998075
72,0,10,2,4.962951,4.034816,0.812987,0.984646
72,0,10,3,4.279785,2.931603,0.684988,0.979776
72,0,10,4,7.159231,6.598369,0.921659,0.999078
72,0,10,5,10.828998,11.324732,1.045778,0.998644
72,0,10,6,11.025803,10.707233,0.971107,0.993135
72,0,10,7,7.688804,6.502969,0.845771,0.999487
72,0,10,8,7.347159,7.520329,1.023570,0.995706
72,0,10,9,6.300479,6.134468,0.973651,0.971168
72,0,10,10,12.158514,11.358100,0.934168,0.986241
72,0,10,11,8.058052,7.683598,0.953530,0.996830
72,0,10,12,4.507966,3.036968,0.673689,0.982629
72,0,10,13,11.371262,11.625958,1.022398,0.997712
72,0,10,14,4.228342,3.331764,0.787960,0.950169
72,0,10,15,5.133358,5.321114,1.036576,0.993577
72,0,11,0,9.014329,9.116179,1.011299,0.999402
72,0,11,1,11.494085,13.102679,1.139950,0.999537
72,0,11,2,5.141874,5.698766,1.108305,0.995010
72,0,11,3,-1.137453,-1.803192,1.585289,0.829975
72,0,11,4,4.022813,2.992172,0.743801,0.967886
72,0,11,5,4.576578,5.621204,1.228255,0.988525
72,0,11,6,5.754651,6.058614,1.052820,0.845460
72,0,11,7,4.215705,3.586172,0.850670,0.925927
72,0,11,8,4.215993,4.139814,0.981931,0.992971
72,0,11,9,4.963940,4.420043,0.890430,0.998143
72,0,11,10,2.363994,1.825549,0.772231,0.893771
72,0,11,11,6.945585,5.705385,0.821440,0.997046
72,0,11,12,3.860488,1.880471,0.487107,0.891604
72,0,11,13,12.067513,13.753734,1.139732,0.999444
72,0,11,14,4.993621,5.863155,1.174129,0.993842
72,0,11,15,11.253191,12.231105,1.086901,0.999279
72,0,12,0,-2.678043,-3.256762,1.216098,0.987685
72,0,12,1,9.518911,10.527749,1.105982,0.990776
72,0,12,2,1.403117,2.805245,1.999296,0.906276
72,0,12,3,-3.287366,-3.571613,1.086466,0.999705
72,0,12,4,3.030268,4.382769,1.446330,0.973933
72,0,12,5,2.719424,3.178125,1.168675,0.914194
72,0,12,6,1.145920,2.467694,2.153461,0.902637
72,0,12,7,5.003825,4.821476,0.963558,0.974809
72,0,12,8,4.199666,3.862733,0.919772,0.930649
72,0,12,9,8.117901,9.692919,1.194018,0.998990
72,0,12,10,4.254413,3.660661,0.860439,0.997998
72,0,12,11,3.937466,4.446900,1.129381,0.953563
72,0,12,12,4.665528,6.328763,1.356495,0.981734
72,0,12,13,3.068883,3.177356,1.035346,0.866269
72,0,12,14,5.118392,5.808845,1.134897,0.961697
72,0,12,15,2.829088,2.510586,0.887419,0.757614
72,0,13,0,4.634220,4.252295,0.917586,0.940533
72,0,13,1,4.162954,4.597752,1.104445,0.950482
72,0,13,2,1.129141,1.815676,1.608015,0.835208
72,0,13,3,4.002577,4.485613,1.120681,0.944064
72,0,13,4,8.632512,8.200845,0.949995,0.984651
72,0,13,5,4.878694,3.602461,0.738407,0.992889
72,0,13,6,8.349827,9.137397,1.094322,0.997154
72,0,13,7,1.939706,1.971434,1.016357,0.939340
72,0,13,8,2.573734,1.232351,0.478818,0.905323
72,0,13,9,3.385545,4.108365,1.213502,0.936395
72,0,13,10,3.043640,4.002569,1.315060,0.941475
72,0,13,11,5.514584,5.008698,0.908264,0.923710
72,0,13,12,4.884431,4.741072,0.970650,0.947591
72,0,13,13,-0.865532,-0.773177,0.893296,0.811870
72,0,13,14,4.981433,5.109587,1.025726,0.956318
72,0,13,15,-1.788149,-2.422614,1.354817,0.992371
72,0,14,0,2.272928,2.142362,0.942556,0.788864
72,0,14,1,9.486525,8.055940,0.849198,0.996654
72,0,14,2,4.814844,5.493591,1.140970,0.966582
72,0,14,3,1.620297,1.753206,1.082028,0.777181
72,0,14,4,5.491117,6.256039,1.139302,0.980994
72,0,14,5,1.355487,0.199316,0.147044,0.373424
72,0,14,6,2.020112,2.027354,1.003585,0.808068
72,0,14,7,6.006212,3.985701,0.663597,0.967542
72,0,14,8,3.192665,3.275917,1.026076,0.903161
72,0,14,9,0.961079,2.071924,2.155831,0.563753
72,0,14,10,1.055248,-0.149203,-0.141391,-0.013278
72,0,14,11,2.875109,4.028734,1.401245,0.910495
72,0,14,12,2.574858,3.049442,1.184315,0.910381
72,0,14,13,1.673535,2.155036,1.287715,0.782942
72,0,14,14,4.549593,5.063372,1.112929,0.964200
72,0,14,15,1.516919,3.021024,1.991553,0.810915
72,0,15,0,4.296651,4.838064,1.126008,0.988995
72,0,15,1,2.814044,2.691024,0.956283,0.967645
72,0,15,2,4.921950,3.992479,0.811158,0.990201
72,0,15,3,3.432292,3.401435,0.991010,0.986606
72,0,15,4,-3.243587,-3.217562,0.991977,0.998449
72,0,15,5,3.529738,3.825144,1.083690,0.989885
72,0,15,6,0.313514,1.228391,3.918137,0.661470
72,0,15,7,3.209369,2.742406,0.854500,0.969950
72,0,15,8,3.658822,4.131296,1.129133,0.975301
72,0,15,9,4.046144,3.974746,0.982354,0.990561
72,0,15,10,-1.933499,-1.718177,0.888636,0.986055
72,0,15,11,4.219117,3.797912,0.900167,0.986806
72,0,15,12,6.411009,7.125126,1.111389,0.998063
72,0,15,13,2.494442,1.230060,0.493120,0.868160
72,0,15,14,3.112138,2.260081,0.726215,0.946588
72,0,15,15,1.583982,-0.502593,-0.317297,-0.366501
291,0,0,0,-0.149373,0.771355,-5.163959,0.296690
291,0,0,1,-0.498600,-0.305741,0.613199,0.965872
291,0,0,2,0.104459,0.000356,0.003406,0.966534
291,0,0,3,-0.977863,-1.417407,1.449495,0.970771
291,0,0,4,0.174557,-0.281323,-1.611638,0.712426
291,0,0,5,1.327121,0.314563,0.237026,0.827580
291,0,0,6,1.429982,0.874991,0.611890,0.923271
291,0,0,7,-1.992021,-2.067157,1.037718,0.996180
291,0,0,8,1.809671,1.340114,0.740529,0.983441
291,0,0,9,-0.083754,-0.531755,6.348978,0.878888
291,0,0,10,0.316176,0.261764,0.827904,0.957816
291,0,0,11,0.043654,1.167959,26.754849,0.369594
291,0,0,12,1.830189,1.255021,0.685733,0.927459
291,0,0,13,-1.813393,-1.874461,1.033676,0.981897
291,0,0,14,0.993100,0.795242,0.800768,0.975036
291,0,0,15,-0.408852,-0.498445,1.219134,0.996667
291,0,1,0,0.664601,0.720949,1.084784,0.990800
291,0,1,1,1.307513,1.210796,0.926030,0.989809
291,0,1,2,1.273389,1.455552,1.143054,0.976308
291,0,1,3,0.294218,1.394349,4.739172,0.786101
291,0,1,4,0.335859,0.426715,1.270516,0.944456
291,0,1,5,1.106292,2.267843,2.049950,0.947189
291,0,1,6,2.051630,2.065555,1.006787,0.995497
291,0,1,7,0.779653,0.985690,1.264268,0.976070
291,0,1,8,0.425604,1.200149,2.819871,0.897323
291,0,1,9,-0.441601,-0.262092,0.593503,0.759889
291,0,1,10,0.976371,0.708304,0.725446,0.971124
291,0,1,11,1.645406,1.102312,0.669933,0.985051
291,0,1,12,-0.371900,-0.694226,1.866700,0.956446
291,0,1,13,1.456315,1.217566,0.836059,0.968917
291,0,1,14,-0.814388,-0.127264,0.156269,0.684198
291,0,1,15,2.838477,3.773453,1.329394,0.971513
291,0,2,0,2.406507,2.101378,0.873207,0.992991
291,0,2,1,1.016419,0.999661,0.983513,0.925308
291,0,2,2,0.281088,0.655877,2.333353,0.879848
291,0,2,3,0.296711,0.634639,2.138917,0.892745
291,0,2,4,0.620568,0.863100,1.390822,0.963058
291,0,2,5,3.959242,3.895407,0.983877,0.989299
291,0,2,6,1.401600,1.602942,1.143651,0.972281
291,0,2,7,0.374619,0.671311,1.791980,0.914372
291,0,2,8,0.725109,0.873766,1.205014,0.976158
291,0,2,9,4.449568,3.751959,0.843219,0.998394
291,0,2,10,0.307229,0.966566,3.146077,0.848815
291,0,2,11,1.914791,2.241990,1.170880,0.990444
291,0,2,12,0.338064,0.752807,2.226818,0.886313
291,0,2,13,0.954509,0.754009,0.789945,0.959408
291,0,2,14,-0.612353,-0.686734,1.121467,0.942684
291,0,2,15,0.215258,0.747518,3.472657,0.789886
291,0,3,0,1.185377,1.291669,1.089669,0.859210
291,0,3,1,2.342414,1.931494,0.824574,0.987250
291,0,3,2,0.912087,0.615092,0.674379,0.902504
291,0,3,3,1.364766,0.947315,0.694123,0.954893
291,0,3,4,2.447378,1.793273,0.732732,0.985777
291,0,3,5,2.060161,2.413209,1.171369,0.989318
291,0,3,6,2.181783,1.933245,0.886085,0.988379
291,0,3,7,0.623218,0.971155,1.558292,0.948757
291,0,3,8,7.861133,8.083366,1.028270,0.997354
291,0,3,9,2.851902,3.085744,1.081995,0.995381
291,0,3,10,3.323985,1.792559,0.539280,0.981481
291,0,3,11,0.468612,1.914236,4.084905,0.776764
291,0,3,12,2.711359,2.647220,0.976345,0.987482
291,0,3,13,6.867751,7.760644,1.130013,0.996248
291,0,3,14,1.038893,0.963639,0.927563,0.928971
291,0,3,15,2.416605,2.059165,0.852090,0.994177
291,0,4,0,2.696272,2.482008,0.920533,0.988355
291,0,4,1,1.818019,2.087544,1.148252,0.979687
291,0,4,2,0.668292,0.884265,1.323173,0.948586
291,0,4,3,2.540728,2.844364,1.119508,0.996452
291,0,4,4,3.301748,3.611866,1.093925,0.990707
291,0,4,5,1.769066,2.700580,1.526556,0.980128
291,0,4,6,1.491529,2.528305,1.695110,0.961556
291,0,4,7,1.847725,1.477950,0.799875,0.986314
291,0,4,8,-0.154454,0.113094,-0.732216,0.872269
291,0,4,9,0.741446,0.770603,1.039325,0.963988
291,0,4,10,7.262948,7.345935,1.011426,0.993870
291,0,4,11,4.987160,4.731182,0.948673,0.995677
291,0,4,12,1.801417,1.587590,0.881301,0.992559
291,0,4,13,3.210340,3.496098,1.089012,0.986953
291,0,4,14,1.560040,1.328961,0.851876,0.988351
291,0,4,15,1.416053,2.186916,1.544374,0.982822
291,0,5,0,11.250700,11.245458,0.999534,0.996775
291,0,5,1,3.380202,1.875705,0.554909,0.895416
291,0,5,2,7.697592,7.204200,0.935903,0.988687
291,0,5,3,3.068705,2.663169,0.867848,0.991485
291,0,5,4,8.800996,9.530321,1.082868,0.996824
291,0,5,5,8.114263,8.163568,1.006076,0.997643
291,0,5,6,14.553745,15.617029,1.073059,0.998479
291,0,5,7,2.591036,3.418636,1.319409,0.961352
291,0,5,8,3.360701,4.041675,1.202629,0.977243
291,0,5,9,4.014272,4.470726,1.113708,0.984761
291,0,5,10,5.981451,4.460203,0.745672,0.996854
291,0,5,11,5.613901,5.515288,0.982434,0.970685
291,0,5,12,1.491796,1.126467,0.755108,0.890749
291,0,5,13,5.733295,5.590188,0.975039,0.999038
291,0,5,14,6.458361,6.245169,0.966990,0.985581
291,0,5,15,1.471637,1.239693,0.842390,0.890746
291,0,6,0,3.143416,3.171314,1.008875,0.954137
291,0,6,1,5.149488,4.232402,0.821907,0.990463
291,0,6,2,5.306209,4.383085,0.826030,0.997729
291,0,6,3,1.758008,1.854263,1.054752,0.917827
291,0,6,4,4.740343,5.767045,1.216588,0.984884
291,0,6,5,3.764786,2.812999,0.747187,0.980984
291,0,6,6,12.385361,11.872593,0.958599,0.994645
291,0,6,7,7.023300,6.988321,0.995020,0.997664
291,0,6,8,5.286177,3.893205,0.736488,0.993067
291,0,6,9,11.304256,10.779208,0.953553,0.998313
291,0,6,10,2.225505,2.297639,1.032412,0.936132
291,0,6,11,3.445138,3.490646,1.013209,0.953926
291,0,6,12,11.211529,10.673449,0.952007,0.997778
291,0,6,13,-0.432242,-0.778792,1.801750,0.773539
291,0,6,14,2.428274,1.919214,0.790361,0.961965
291,0,6,15,3.987819,4.214727,1.056900,0.983595
291,0,7,0,8.634810,9.025640,1.045262,0.994497
291,0,7,1,5.199571,5.233394,1.006505,0.989424
291,0,7,2,3.409695,3.423054,1.003918,0.996896
291,0,7,3,6.560870,5.979768,0.911429,0.981718
291,0,7,4,4.424965,2.736021,0.618315,0.951351
291,0,7,5,3.218374,3.537462,1.099146,0.923950
291,0,7,6,7.672259,7.637851,0.995515,0.980968
291,0,7,7,3.420623,4.405794,1.288009,0.983627
291,0,7,8,6.583769,6.728093,1.021921,0.996941
291,0,7,9,10.138935,9.721190,0.958798,0.998769
291,0,7,10,24.988586,25.227568,1.009564,0.999264
291,0,7,11,5.835782,5.435133,0.931346,0.997801
291,0,7,12,11.536396,11.250468,0.975215,0.996047
291,0,7,13,6.085955,5.234259,0.860055,0.989109
291,0,7,14,4.306939,3.587086,0.832862,0.984784
291,0,7,15,1.351175,0.225758,0.167083,0.610837
291,0,8,0,3.765216,4.484466,1.191025,0.986612
291,0,8,1,5.251123,4.607637,0.877457,0.977880
291,0,8,2,3.050572,2.301119,0.754324,0.895302
291,0,8,3,5.323479,4.559299,0.856451,0.991070
291,0,8,4,9.754156,10.187202,1.044396,0.998872
291,0,8,5,-1.799061,-1.870898,1.039931,0.965037
291,0,8,6,4.127632,4.670609,1.131547,0.988026
291,0,8,7,6.527727,7.518208,1.151734,0.995514
291,0,8,8,5.376043,5.225811,0.972055,0.996377
291,0,8,9,5.322550,5.110056,0.960077,0.993357
291,0,8,10,6.859466,6.504162,0.948202,0.994578
291,0,8,11,5.311613,5.574741,1.049538,0.993591
291,0,8,12,3.722742,3.933338,1.056570,0.970573
291,0,8,13,6.898115,6.885052,0.998106,0.994871
291,0,8,14,4.488391,5.069521,1.129474,0.982929
291,0,8,15,0.997849,1.052787,1.055056,0.575697
291,0,9,0,3.210174,2.899250,0.903144,0.983036
291,0,9,1,2.242019,0.899885,0.401373,0.818623
291,0,9,2,2.568640,1.879952,0.731886,0.977480
291,0,9,3,6.131753,6.421006,1.047173,0.996575
291,0,9,4,5.721166,6.542907,1.143632,0.995289
291,0,9,5,5.251689,6.048347,1.151695,0.991741
291,0,9,6,8.270095,8.999201,1.088162,0.995425
291,0,9,7,5.663729,5.125409,0.904953,0.998114
291,0,9,8,1.325171,0.705748,0.532571,0.763764
291,0,9,9,6.547841,6.505845,0.993586,0.994330
291,0,9,10,7.807560,6.792557,0.869997,0.996272
291,0,9,11,5.818918,4.454411,0.765505,0.994542
291,0,9,12,4.646053,4.948922,1.065188,0.907915
291,0,9,13,2.802917,2.175502,0.776156,0.984435
291,0,9,14,6.330954,6.419950,1.014057,0.997229
291,0,9,15,10.156928,9.738429,0.958797,0.999112
291,0,10,0,4.137746,2.692191,0.650642,0.955663
291,0,10,1,18.027613,17.906649,0.993290,0.997610
291,0,10,2,5.208486,4.416028,0.847853,0.987400
291,0,10,3,4.025192,2.986898,0.742051,0.982981
291,0,10,4,7.228871,6.732546,0.931341,0.999173
291,0,10,5,9.082918,9.414001,1.036451,0.998667
291,0,10,6,9.379778,9.211966,0.982109,0.993771
291,0,10,7,7.349613,6.015018,0.818413,0.999187
291,0,10,8,7.401071,7.593058,1.025940,0.995418
291,0,10,9,7.545774,7.526433,0.997437,0.986489
291,0,10,10,12.277623,11.974617,0.975320,0.987705
291,0,10,11,7.832438,7.460709,0.952540,0.996615
291,0,10,12,4.584829,3.112482,0.678865,0.983739
291,0,10,13,10.427537,10.872046,1.042628,0.997946
291,0,10,14,4.355844,3.379463,0.775846,0.951194
291,0,10,15,5.475274,5.680583,1.037497,0.994744
291,0,11,0,8.292790,8.577806,1.034369,0.999347
291,0,11,1,9.445455,10.681751,1.130888,0.999168
291,0,11,2,5.323449,5.897878,1.107905,0.994992
291,0,11,3,-1.163284,-1.837501,1.579581,0.828852
291,0,11,4,4.221606,2.974084,0.704491,0.960206
291,0,11,5,4.539042,5.461538,1.203236,0.986742
291,0,11,6,5.303244,5.775684,1.089085,0.870851
291,0,11,7,4.237783,3.767416,0.889006,0.926517
291,0,11,8,4.023284,4.010978,0.996941,0.993627
291,0,11,9,4.240924,3.755677,0.885580,0.997720
291,0,11,10,1.952931,1.254615,0.642427,0.798206
291,0,11,11,6.152389,4.997866,0.812346,0.995612
291,0,11,12,4.055124,2.049421,0.505390,0.901688
291,0,11,13,9.849868,10.925015,1.109154,0.999142
291,0,11,14,4.949179,5.799620,1.171835,0.993295
291,0,11,15,9.299191,10.068406,1.082718,0.999295
291,0,12,0,-2.719124,-3.255099,1.197113,0.988239
291,0,12,1,7.667652,8.433240,1.099846,0.989604
291,0,12,2,1.765643,2.933446,1.661404,0.932944
291,0,12,3,-3.380998,-3.649019,1.079273,0.999768
291,0,12,4,3.292184,4.487095,1.362954,0.977248
291,0,12,5,2.413712,2.885654,1.195526,0.891211
291,0,12,6,1.138456,2.354496,2.068148,0.907473
291,0,12,7,5.219847,4.850567,0.929255,0.979973
291,0,12,8,4.298769,3.995737,0.929507,0.935132
291,0,12,9,6.858309,8.247152,1.202505,0.998509
291,0,12,10,3.623031,3.116569,0.860210,0.997128
291,0,12,11,4.057910,4.680699,1.153475,0.955081
291,0,12,12,4.828433,6.441749,1.334128,0.983959
291,0,12,13,2.700824,2.642326,0.978341,0.852379
291,0,12,14,5.085938,5.624335,1.105860,0.964403
291,0,12,15,2.717494,2.480273,0.912706,0.761657
291,0,13,0,4.971570,4.338919,0.872746,0.949353
291,0,13,1,4.194848,4.429674,1.055980,0.948517
291,0,13,2,1.233363,1.783051,1.445682,0.854958
291,0,13,3,4.141929,4.405718,1.063688,0.947035
291,0,13,4,7.545689,7.401911,0.980946,0.983189
291,0,13,5,4.244462,3.041760,0.716642,0.990403
291,0,13,6,7.280266,7.994461,1.098100,0.998098
291,0,13,7,1.835871,1.649394,0.898426,0.931148
291,0,13,8,2.608633,1.141062,0.437417,0.889994
291,0,13,9,3.326025,3.864352,1.161853,0.931854
291,0,13,10,2.896670,3.756180,1.296723,0.929593
291,0,13,11,5.793289,5.047128,0.871203,0.932622
291,0,13,12,5.102550,4.725205,0.926048,0.950489
291,0,13,13,-0.780777,-0.727003,0.931127,0.808188
291,0,13,14,5.076180,5.154967,1.015521,0.956134
291,0,13,15,-1.999046,-2.602464,1.301853,0.996316
291,0,14,0,2.281400,2.222832,0.974328,0.790441
291,0,14,1,9.527513,8.308936,0.872099,0.997081
291,0,14,2,4.828458,5.397290,1.117808,0.965026
291,0,14,3,1.495471,1.596104,1.067292,0.746758
291,0,14,4,5.407121,6.142456,1.135994,0.977829
291,0,14,5,1.485241,0.254932,0.171644,0.440085
291,0,14,6,1.952487,1.901417,0.973844,0.773806
291,0,14,7,5.966529,3.817677,0.639849,0.961505
291,0,14,8,3.237195,3.208505,0.991138,0.904510
291,0,14,9,0.902801,1.926749,2.134190,0.511363
291,0,14,10,0.985564,-0.132304,-0.134242,0.032701
291,0,14,11,2.745463,3.700794,1.347967,0.902203
291,0,14,12,2.539530,2.808413,1.105879,0.905163
291,0,14,13,1.612246,2.099989,1.302524,0.754837
291,0,14,14,4.567210,5.009269,1.096790,0.963428
291,0,14,15,1.468699,2.896597,1.972220,0.797648
291,0,15,0,4.318493,4.795361,1.110424,0.988678
291,0,15,1,2.850793,2.697458,0.946213,0.969063
291,0,15,2,4.892376,3.991036,0.815767,0.990034
291,0,15,3,3.525042,3.445476,0.977428,0.986308
291,0,15,4,-3.343220,-3.324809,0.994493,0.998738
291,0,15,5,3.693872,3.996288,1.081870,0.990213
291,0,15,6,0.259563,1.217808,4.691765,0.665772
291,0,15,7,3.070340,2.483644,0.808915,0.962921
291,0,15,8,3.593371,3.924824,1.092240,0.971742
291,0,15,9,3.855851,3.673880,0.952807,0.987842
291,0,15,10,-2.123228,-1.860872,0.876435,0.988702
291,0,15,11,4.278812,3.775937,0.882473,0.985194
291,0,15,12,6.144873,6.792984,1.105472,0.998074
291,0,15,13,2.470611,1.530858,0.619627,0.900509
291,0,15,14,3.417909,2.775918,0.812169,0.961178
291,0,15,15,1.611025,-0.327235,-0.203122,-0.109234
980,1,0,0,-0.297227,0.601741,-2.024518,0.224990
980,1,0,1,-0.578712,-0.301403,0.520817,0.953981
980,1,0,2,-0.678793,-0.874889,1.288890,0.970207
980,1,0,3,-1.153399,-1.265572,1.097255,0.991172
980,1,0,4,-0.856702,-0.941327,1.098780,0.961888
980,1,0,5,2.046587,1.030325,0.503436,0.901281
980,1,0,6,1.576401,1.105634,0.701366,0.940647
980,1,0,7,-1.931939,-2.051963,1.062126,0.995336
980,1,0,8,2.339658,1.983039,0.847576,0.994952
980,1,0,9,-1.496336,-1.663298,1.111581,0.987421
980,1,0,10,2.907354,2.502431,0.860724,0.991621
980,1,0,11,-0.112144,1.004163,-8.954225,0.276254
980,1,0,12,1.115217,0.709598,0.636287,0.818115
980,1,0,13,-1.075538,-1.325220,1.232146,0.969087
980,1,0,14,-1.297169,-1.453373,1.120420,0.986774
980,1,0,15,-0.339741,-0.407297,1.198846,0.996897
980,1,1,0,0.469670,0.564755,1.202452,0.989041
980,1,1,1,3.256294,3.220521,0.989014,0.999284
980,1,1,2,0.403819,0.554796,1.373872,0.956362
980,1,1,3,0.197816,1.275791,6.449388,0.746961
980,1,1,4,1.574643,1.625175,1.032091,0.986870
980,1,1,5,1.029869,2.156333,2.093794,0.940866
980,1,1,6,2.244239,2.208116,0.983904,0.995837
980,1,1,7,0.774735,0.923605,1.192157,0.979622
980,1,1,8,0.335537,1.119235,3.335655,0.879588
980,1,1,9,-0.615508,-0.205240,0.333448,0.725293
980,1,1,10,1.205504,1.123472,0.931952,0.982051
980,1,1,11,1.616280,1.161238,0.718463,0.986868
980,1,1,12,-0.996345,-1.348168,1.353113,0.980671
980,1,1,13,0.430673,0.444938,1.033123,0.977395
980,1,1,14,0.059728,0.814027,13.628955,0.528512
980,1,1,15,2.409777,3.413834,1.416659,0.966929
980,1,2,0,2.359795,2.118737,0.897848,0.993569
980,1,2,1,2.153563,2.090863,0.970885,0.982170
980,1,2,2,0.258688,0.644775,2.492479,0.873388
980,1,2,3,0.255536,0.662561,2.592833,0.872201
980,1,2,4,0.324234,0.629448,1.941338,0.950271
980,1,2,5,3.455858,3.344037,0.967643,0.987488
980,1,2,6,1.450989,1.746281,1.203511,0.974552
980,1,2,7,0.353121,0.764506,2.164993,0.885489
980,1,2,8,-0.084378,-0.016828,0.199436,0.946636
980,1,2,9,3.849863,3.109289,0.807636,0.997841
980,1,2,10,0.405184,1.170111,2.887851,0.847144
980,1,2,11,1.690916,1.765511,1.044115,0.992302
980,1,2,12,0.291177,0.721493,2.477853,0.884291
980,1,2,13,0.302625,0.253293,0.836988,0.969642
980,1,2,14,-0.830730,-0.929504,1.118900,0.959765
980,1,2,15,0.071936,0.686490,9.543008,0.704906
980,1,3,0,1.438807,1.370484,0.952514,0.893926
980,1,3,1,2.407472,2.150843,0.893403,0.992510
980,1,3,2,0.739188,0.562624,0.761139,0.886700
980,1,3,3,1.250367,0.817336,0.653677,0.941271
980,1,3,4,2.330526,1.812089,0.777545,0.988684
980,1,3,5,2.169447,2.479253,1.142804,0.990772
980,1,3,6,2.420090,2.293267,0.947596,0.991925
980,1,3,7,0.605498,0.955725,1.578411,0.949897
980,1,3,8,8.682569,8.904741,1.025588,0.997893
980,1,3,9,2.336082,2.481979,1.062454,0.992151
980,1,3,10,3.371725,1.673020,0.496191,0.975659
980,1,3,11,0.404330,2.034797,5.032521,0.723541
980,1,3,12,2.700442,2.580651,0.955640,0.991938
980,1,3,13,5.781706,6.219109,1.075653,0.995795
980,1,3,14,1.012944,0.951571,0.939412,0.959870
980,1,3,15,2.359927,2.077506,0.880326,0.994578
980,1,4,0,2.632497,2.229089,0.846758,0.983498
980,1,4,1,1.682289,1.735019,1.031344,0.972712
980,1,4,2,0.887197,1.074981,1.211659,0.962800
980,1,4,3,2.326781,2.447402,1.051840,0.996112
980,1,4,4,3.986953,4.235889,1.062438,0.994356
980,1,4,5,1.298421,2.107997,1.623508,0.963358
980,1,4,6,1.579910,2.622575,1.659952,0.959161
980,1,4,7,1.834262,1.473212,0.803164,0.986416
980,1,4,8,0.047116,0.273708,5.809299,0.889543
980,1,4,9,0.816842,0.827859,1.013486,0.971135
980,1,4,10,6.760274,6.629500,0.980655,0.994758
980,1,4,11,4.004625,3.684693,0.920109,0.992476
980,1,4,12,1.808972,1.635328,0.904010,0.993271
980,1,4,13,4.930081,5.011284,1.016471,0.995842
980,1,4,14,1.525996,1.307757,0.856985,0.988029
980,1,4,15,1.035104,1.689809,1.632503,0.971007
980,1,5,0,11.045031,10.914085,0.988144,0.997078
980,1,5,1,3.806270,2.641583,0.694008,0.948467
980,1,5,2,7.432674,6.750200,0.908179,0.990426
980,1,5,3,2.722742,2.205399,0.809992,0.986556
980,1,5,4,10.411115,10.915550,1.048452,0.998144
980,1,5,5,8.903900,8.893547,0.998837,0.997731
980,1,5,6,14.994644,15.694757,1.046691,0.998688
980,1,5,7,2.868651,3.991179,1.391309,0.967078
980,1,5,8,2.544172,3.312927,1.302163,0.963051
980,1,5,9,5.012780,5.013779,1.000199,0.989149
980,1,5,10,5.649078,4.228149,0.748467,0.995339
980,1,5,11,4.696439,4.330945,0.922176,0.961501
980,1,5,12,1.696738,1.101079,0.648939,0.882036
980,1,5,13,5.209272,5.058527,0.971062,0.998814
980,1,5,14,6.599516,6.194847,0.938682,0.988612
980,1,5,15,1.064803,0.788430,0.740447,0.828322
980,1,6,0,1.886308,2.063320,1.093840,0.899681
980,1,6,1,5.220476,4.356960,0.834591,0.992828
980,1,6,2,5.216050,4.333538,0.830808,0.997308
980,1,6,3,2.068955,2.131991,1.030468,0.929081
980,1,6,4,4.836884,5.789686,1.196987,0.984724
980,1,6,5,3.313152,2.463823,0.743649,0.967635
980,1,6,6,11.598164,10.953064,0.944379,0.994605
980,1,6,7,7.867083,8.147429,1.035635,0.997275
980,1,6,8,5.191265,3.863413,0.744214,0.992259
980,1,6,9,10.069309,9.524207,0.945865,0.997777
980,1,6,10,1.427618,1.379129,0.966035,0.854994
980,1,6,11,4.016732,4.001223,0.996139,0.969573
980,1,6,12,11.794865,11.220677,0.951319,0.997540
980,1,6,13,-0.181056,-0.447587,2.472093,0.753968
980,1,6,14,2.662809,2.533426,0.951411,0.969741
980,1,6,15,3.986567,3.886133,0.974807,0.982010
980,1,7,0,9.564547,10.095178,1.055479,0.995030
980,1,7,1,4.214430,4.154617,0.985807,0.983036
980,1,7,2,3.539495,3.508456,0.991231,0.996837
980,1,7,3,5.801646,4.902543,0.845026,0.977296
980,1,7,4,3.258898,1.409254,0.432433,0.862663
980,1,7,5,2.530276,2.909080,1.149709,0.880711
980,1,7,6,8.286564,7.830133,0.944919,0.985574
980,1,7,7,3.071866,4.086472,1.330290,0.978538
980,1,7,8,6.245071,5.768755,0.923729,0.994715
980,1,7,9,10.971798,10.272812,0.936292,0.998590
980,1,7,10,25.375931,25.524200,1.005843,0.999258
980,1,7,11,6.175630,6.160726,0.997587,0.998339
980,1,7,12,10.729866,10.650393,0.992593,0.994703
980,1,7,13,6.321846,5.485802,0.867753,0.989469
980,1,7,14,3.473749,2.629586,0.756988,0.976725
980,1,7,15,0.563689,-0.371999,-0.659935,0.534899
980,1,8,0,2.582558,3.226282,1.249258,0.971704
980,1,8,1,5.384573,4.657425,0.864957,0.978756
980,1,8,2,2.915538,1.908860,0.654720,0.865834
980,1,8,3,4.433094,3.672901,0.828519,0.986335
980,1,8,4,10.527387,10.647007,1.011363,0.998858
980,1,8,5,-1.772304,-2.061248,1.163032,0.975277
980,1,8,6,3.134785,3.347944,1.067998,0.976853
980,1,8,7,6.107892,7.084080,1.159824,0.993749
980,1,8,8,5.557259,5.402542,0.972159,0.996538
980,1,8,9,5.468152,5.446961,0.996125,0.994086
980,1,8,10,6.383674,6.365309,0.997123,0.993766
980,1,8,11,5.253788,5.855212,1.114474,0.992635
980,1,8,12,2.974516,3.090024,1.038832,0.951327
980,1,8,13,6.434707,6.171623,0.959115,0.991289
980,1,8,14,3.887572,4.462101,1.147786,0.978226
980,1,8,15,0.652478,0.551135,0.844681,0.486742
980,1,9,0,3.289651,3.427137,1.041793,0.984155
980,1,9,1,1.438436,0.106472,0.074019,0.597438
980,1,9,2,2.960012,2.412934,0.815177,0.987878
980,1,9,3,4.999582,5.068080,1.013701,0.992283
980,1,9,4,4.967088,5.368383,1.080791,0.992008
980,1,9,5,5.825238,6.609286,1.134595,0.993532
980,1,9,6,8.064463,9.044903,1.121575,0.994779
980,1,9,7,6.506454,6.214059,0.955061,0.999096
980,1,9,8,1.077313,0.086780,0.080552,0.629509
980,1,9,9,6.889635,6.690547,0.971103,0.994755
980,1,9,10,7.787410,7.019886,0.901440,0.996354
980,1,9,11,4.113865,2.854359,0.693839,0.985117
980,1,9,12,4.933865,4.983988,1.010159,0.915172
980,1,9,13,3.257740,2.794352,0.857758,0.991461
980,1,9,14,5.129286,5.307508,1.034746,0.994841
980,1,9,15,9.597348,9.043394,0.942281,0.998694
980,1,10,0,4.238167,2.686435,0.633867,0.945713
980,1,10,1,18.622438,18.224871,0.978651,0.997297
980,1,10,2,5.451229,4.905628,0.899912,0.991573
980,1,10,3,3.329218,2.104387,0.632096,0.960965
980,1,10,4,7.594715,6.931378,0.912658,0.999214
980,1,10,5,9.012865,8.860337,0.983077,0.998391
980,1,10,6,8.464688,8.034318,0.949157,0.991563
980,1,10,7,6.276918,4.938360,0.786749,0.998336
980,1,10,8,6.981765,7.129565,1.021169,0.994628
980,1,10,9,7.132442,7.072481,0.991593,0.983937
980,1,10,10,11.988346,11.311045,0.943503,0.985207
980,1,10,11,8.443142,8.213543,0.972806,0.997454
980,1,10,12,4.512251,3.218107,0.713193,0.987069
980,1,10,13,10.409610,10.736812,1.031433,0.997793
980,1,10,14,3.885273,2.903884,0.747408,0.939179
980,1,10,15,4.887957,5.084538,1.040217,0.992808
980,1,11,0,7.833745,7.885282,1.006579,0.999364
980,1,11,1,8.685731,9.309894,1.071861,0.999446
980,1,11,2,5.279704,5.446685,1.031627,0.994120
980,1,11,3,-0.608108,-1.245458,2.048086,0.821151
980,1,11,4,4.048150,2.478095,0.612155,0.939348
980,1,11,5,4.109055,5.033130,1.224888,0.982156
980,1,11,6,5.390317,5.557201,1.030960,0.889067
980,1,11,7,3.728765,3.171252,0.850483,0.900798
980,1,11,8,4.122341,4.000547,0.970455,0.991848
980,1,11,9,3.580747,2.823415,0.788499,0.993735
980,1,11,10,2.044854,1.004501,0.491233,0.724334
980,1,11,11,6.146515,4.955589,0.806244,0.995972
980,1,11,12,4.125792,2.189665,0.530726,0.915176
980,1,11,13,10.103792,10.862210,1.075063,0.999310
980,1,11,14,4.612042,5.464109,1.184748,0.991387
980,1,11,15,9.171659,9.683151,1.055769,0.999236
980,1,12,0,-2.661340,-3.144773,1.181650,0.986176
980,1,12,1,7.595126,8.069100,1.062405,0.989039
980,1,12,2,0.658604,1.398865,2.123985,0.905161
980,1,12,3,-3.441249,-3.732284,1.084572,0.999802
980,1,12,4,2.459891,3.316875,1.348383,0.967449
980,1,12,5,2.451778,2.982756,1.216569,0.899444
980,1,12,6,0.718701,1.744468,2.427253,0.884779
980,1,12,7,4.946293,4.294194,0.868164,0.966570
980,1,12,8,3.917145,3.761372,0.960233,0.923116
980,1,12,9,7.236950,8.385515,1.158708,0.998523
980,1,12,10,2.931697,2.216089,0.755907,0.991648
980,1,12,11,3.188299,3.774002,1.183704,0.930566
980,1,12,12,4.043767,5.522727,1.365738,0.977152
980,1,12,13,2.731684,2.666705,0.976213,0.898012
980,1,12,14,4.748383,5.081856,1.070229,0.957117
980,1,12,15,2.379422,2.405884,1.011121,0.742590
980,1,13,0,4.057287,3.383366,0.833898,0.920922
980,1,13,1,4.499873,4.602107,1.022719,0.953130
980,1,13,2,1.646123,2.323378,1.411424,0.884526
980,1,13,3,3.557541,3.670376,1.031717,0.926188
980,1,13,4,8.865652,8.326620,0.939200,0.988566
980,1,13,5,3.694284,2.358868,0.638518,0.985388
980,1,13,6,7.987328,8.309205,1.040299,0.998818
980,1,13,7,1.962856,1.598947,0.814602,0.921898
980,1,13,8,2.749022,1.748896,0.636188,0.935635
980,1,13,9,3.674991,4.008598,1.090778,0.932289
980,1,13,10,3.123754,4.084476,1.307554,0.932328
980,1,13,11,4.564273,3.824988,0.838028,0.871119
980,1,13,12,4.466002,4.125885,0.923843,0.936537
980,1,13,13,-0.537109,-0.469077,0.873336,0.763857
980,1,13,14,4.370071,4.159053,0.951713,0.928377
980,1,13,15,-1.941744,-2.505397,1.290282,0.996693
980,1,14,0,1.742690,1.662700,0.954099,0.732227
980,1,14,1,10.075926,9.471800,0.940043,0.997800
980,1,14,2,4.794624,5.191081,1.082688,0.967311
980,1,14,3,1.736059,1.820006,1.048355,0.805680
980,1,14,4,4.803729,5.204829,1.083498,0.969010
980,1,14,5,1.761213,0.856600,0.486369,0.744529
980,1,14,6,1.500611,1.314553,0.876012,0.679110
980,1,14,7,5.719914,3.653012,0.638648,0.953138
980,1,14,8,3.112632,2.930773,0.941574,0.914872
980,1,14,9,0.868968,1.779297,2.047597,0.514534
980,1,14,10,0.872661,0.108259,0.124057,0.254369
980,1,14,11,2.995620,4.003994,1.336616,0.921020
980,1,14,12,2.552326,2.623950,1.028062,0.915726
980,1,14,13,1.647858,2.314046,1.404275,0.780120
980,1,14,14,3.929480,3.836560,0.976353,0.946359
980,1,14,15,1.704435,2.915184,1.710352,0.844139
980,1,15,0,4.369189,4.517817,1.034017,0.988093
980,1,15,1,2.984154,2.698513,0.904281,0.976229
980,1,15,2,5.072591,4.420609,0.871470,0.992032
980,1,15,3,3.780702,3.739478,0.989096,0.988150
980,1,15,4,-3.422126,-3.565658,1.041942,0.999507
980,1,15,5,3.644882,3.836609,1.052602,0.989700
980,1,15,6,0.109734,1.223282,11.147752,0.544965
980,1,15,7,3.166569,2.679521,0.846191,0.963508
980,1,15,8,4.067293,4.372016,1.074920,0.979397
980,1,15,9,3.788313,3.784618,0.999025,0.988920
980,1,15,10,-2.231458,-1.971344,0.883433,0.984638
980,1,15,11,3.960668,3.131503,0.790650,0.977523
980,1,15,12,5.635962,5.945606,1.054941,0.996540
980,1,15,13,2.851803,2.684967,0.941498,0.973331
980,1,15,14,4.307816,4.386163,1.018187,0.985609
980,1,15,15,1.765905,0.455748,0.258082,0.770794
437,1,0,0,-0.294698,0.589554,-2.000536,0.239928
437,1,0,1,-0.629533,-0.381624,0.606202,0.964864
437,1,0,2,-0.033863,-0.194596,5.746522,0.964759
437,1,0,3,-1.913255,-1.925259,1.006274,0.994587
437,1,0,4,0.311424,0.100111,0.321461,0.920858
437,1,0,5,1.542907,0.562164,0.364354,0.884046
437,1,0,6,1.534954,1.036084,0.674993,0.937712
437,1,0,7,-1.805580,-1.955927,1.083268,0.994682
437,1,0,8,1.772966,1.459154,0.823001,0.989031
437,1,0,9,-1.399586,-1.655418,1.182792,0.983925
437,1,0,10,1.800859,1.625903,0.902849,0.986676
437,1,0,11,-0.065929,1.005826,-15.256303,0.305697
437,1,0,12,1.197110,0.684293,0.571621,0.806573
437,1,0,13,-1.317167,-1.455803,1.105253,0.970246
437,1,0,14,-1.166103,-1.301202,1.115855,0.986564
437,1,0,15,-0.284846,-0.351359,1.233506,0.997067
437,1,1,0,0.586970,0.646518,1.101449,0.990054
437,1,1,1,2.851679,2.774256,0.972850,0.998659
437,1,1,2,0.573264,0.755590,1.318048,0.954744
437,1,1,3,0.209672,1.288546,6.145545,0.755811
437,1,1,4,1.641542,1.664847,1.014197,0.988776
437,1,1,5,1.013335,2.155045,2.126687,0.941220
437,1,1,6,1.228387,1.215193,0.989259,0.994085
437,1,1,7,0.831737,1.036847,1.246604,0.980439
437,1,1,8,0.399017,1.193335,2.990687,0.890336
437,1,1,9,-0.507900,-0.149488,0.294326,0.706925
437,1,1,10,1.123064,0.968070,0.861990,0.979830
437,1,1,11,1.664910,1.189395,0.714390,0.988595
437,1,1,12,-0.568869,-0.894325,1.572111,0.964870
437,1,1,13,0.941724,0.933604,0.991378,0.970373
437,1,1,14,-0.148417,0.559655,-3.770829,0.384630
437,1,1,15,2.293503,3.224558,1.405953,0.964281
437,1,2,0,2.469729,2.212174,0.895715,0.993835
437,1,2,1,1.715591,1.733922,1.010685,0.970969
437,1,2,2,0.321471,0.670804,2.086668,0.880352
437,1,2,3,0.298152,0.609544,2.044407,0.894773
437,1,2,4,0.501026,0.726781,1.450587,0.967219
437,1,2,5,3.284706,3.334648,1.015204,0.988097
437,1,2,6,1.440705,1.676832,1.163896,0.973609
437,1,2,7,0.447816,0.756519,1.689352,0.914536
437,1,2,8,0.095256,0.131337,1.378779,0.940778
437,1,2,9,4.170260,3.323841,0.797034,0.998133
437,1,2,10,0.503274,1.207587,2.399464,0.877974
437,1,2,11,1.372161,1.576007,1.148559,0.987669
437,1,2,12,0.371686,0.746735,2.009047,0.897557
437,1,2,13,1.015349,0.928132,0.914101,0.977451
437,1,2,14,-0.743377,-0.846815,1.139145,0.949429
437,1,2,15,0.160591,0.715743,4.456936,0.753779
437,1,3,0,1.266659,1.224945,0.967068,0.866210
437,1,3,1,2.477861,2.172570,0.876793,0.992287
437,1,3,2,0.690474,0.432884,0.626938,0.840355
437,1,3,3,1.334942,0.911605,0.682880,0.951954
437,1,3,4,2.356572,1.785095,0.757497,0.988690
437,1,3,5,1.389945,1.789876,1.287732,0.969268
437,1,3,6,2.462453,2.311464,0.938683,0.991095
437,1,3,7,0.617952,0.971915,1.572800,0.952015
437,1,3,8,6.433269,6.851629,1.065031,0.994871
437,1,3,9,1.809231,1.955379,1.080779,0.986761
437,1,3,10,3.274873,1.625097,0.496232,0.974814
437,1,3,11,0.411736,2.016364,4.897222,0.731608
437,1,3,12,2.073343,1.977702,0.953871,0.983314
437,1,3,13,6.017653,6.418257,1.066571,0.994742
437,1,3,14,0.935651,0.790630,0.845006,0.938850
437,1,3,15,2.551823,2.245818,0.880084,0.995451
437,1,4,0,2.661979,2.360960,0.886919,0.986348
437,1,4,1,1.497471,1.591885,1.063049,0.971448
437,1,4,2,0.647766,0.800487,1.235766,0.942123
437,1,4,3,2.345649,2.488533,1.060915,0.996304
437,1,4,4,3.502585,3.740365,1.067887,0.992197
437,1,4,5,1.271916,2.081588,1.636577,0.966158
437,1,4,6,1.466989,2.524518,1.720884,0.956349
437,1,4,7,1.742943,1.302825,0.747486,0.981439
437,1,4,8,-0.089130,0.075352,-0.845412,0.926895
437,1,4,9,0.828435,0.817583,0.986900,0.970258
437,1,4,10,7.143502,6.913700,0.967831,0.994808
437,1,4,11,4.342019,4.012030,0.924001,0.994335
437,1,4,12,1.746884,1.530186,0.875951,0.991668
437,1,4,13,3.892739,4.011092,1.030403,0.991350
437,1,4,14,1.474810,1.183176,0.802257,0.983397
437,1,4,15,0.842520,1.554280,1.844799,0.959905
437,1,5,0,10.057019,9.658904,0.960414,0.995616
437,1,5,1,3.309963,1.917926,0.579440,0.913760
437,1,5,2,6.751756,5.863223,0.868400,0.983115
437,1,5,3,2.667147,2.130954,0.798964,0.986492
437,1,5,4,9.844034,10.068597,1.022812,0.997666
437,1,5,5,8.504171,8.175447,0.961345,0.996873
437,1,5,6,11.201907,12.495847,1.115511,0.996869
437,1,5,7,2.180790,3.118203,1.429850,0.950405
437,1,5,8,2.984678,3.673874,1.230911,0.969547
437,1,5,9,4.835050,4.953159,1.024428,0.989287
437,1,5,10,5.859871,4.453504,0.760000,0.995906
437,1,5,11,4.421684,4.138379,0.935928,0.952301
437,1,5,12,1.679316,1.088305,0.648064,0.878998
437,1,5,13,5.365992,5.195070,0.968147,0.999029
437,1,5,14,6.162176,5.785600,0.938889,0.984802
437,1,5,15,0.638000,0.273047,0.427973,0.744551
437,1,6,0,2.109255,2.247240,1.065419,0.904945
437,1,6,1,5.011618,4.230402,0.844119,0.989685
437,1,6,2,5.380655,4.521398,0.840306,0.997926
437,1,6,3,2.169290,2.173756,1.002059,0.946799
437,1,6,4,4.136957,5.045267,1.219560,0.979133
437,1,6,5,2.783397,1.734323,0.623096,0.929570
437,1,6,6,11.475636,10.616110,0.925100,0.993822
437,1,6,7,6.381300,6.517097,1.021280,0.996563
437,1,6,8,5.112921,3.715560,0.726700,0.990523
437,1,6,9,11.590846,10.749879,0.927446,0.998452
437,1,6,10,1.448931,1.402659,0.968065,0.834103
437,1,6,11,3.098449,3.201638,1.033303,0.945800
437,1,6,12,11.606934,10.753777,0.926496,0.997431
437,1,6,13,-0.310104,-0.631405,2.036107,0.730574
437,1,6,14,2.375941,2.014967,0.848071,0.954137
437,1,6,15,3.566491,3.486058,0.977448,0.977401
437,1,7,0,8.473982,8.739143,1.031291,0.994122
437,1,7,1,4.468110,4.467377,0.999836,0.983334
437,1,7,2,3.379330,3.295053,0.975061,0.996244
437,1,7,3,5.357205,4.521952,0.844088,0.974512
437,1,7,4,3.444596,1.716723,0.498381,0.901773
437,1,7,5,1.962708,2.290548,1.167034,0.830245
437,1,7,6,6.880885,6.304589,0.916247,0.970956
437,1,7,7,3.059452,4.019980,1.313954,0.977104
437,1,7,8,6.595117,6.418275,0.973186,0.996160
437,1,7,9,8.386745,7.611577,0.907572,0.996315
437,1,7,10,22.221302,22.522339,1.013547,0.998821
437,1,7,11,6.090299,5.871327,0.964046,0.997816
437,1,7,12,9.445229,9.028036,0.955830,0.992330
437,1,7,13,5.701325,4.890464,0.857777,0.987205
437,1,7,14,2.947964,1.907821,0.647166,0.959532
437,1,7,15,0.794937,-0.184256,-0.231787,0.557206
437,1,8,0,2.694013,3.304920,1.226765,0.974920
437,1,8,1,5.284582,4.455227,0.843061,0.972051
437,1,8,2,3.060106,2.232697,0.729614,0.898576
437,1,8,3,4.731170,3.889413,0.822083,0.988743
437,1,8,4,9.744885,9.219042,0.946039,0.996168
437,1,8,5,-1.883308,-2.056475,1.091948,0.979477
437,1,8,6,3.150308,3.513695,1.115350,0.977309
437,1,8,7,6.531623,7.525303,1.152134,0.995197
437,1,8,8,5.578108,5.491287,0.984435,0.997165
437,1,8,9,5.161492,4.975272,0.963921,0.993629
437,1,8,10,7.025536,6.821713,0.970988,0.995247
437,1,8,11,4.776107,5.147717,1.077806,0.990657
437,1,8,12,3.482401,3.591115,1.031218,0.962190
437,1,8,13,5.831804,5.523068,0.947060,0.987940
437,1,8,14,3.480234,3.841193,1.103717,0.967862
437,1,8,15,0.710039,0.720275,1.014415,0.476178
437,1,9,0,3.049207,3.126293,1.025281,0.982950
437,1,9,1,1.764956,0.517637,0.293286,0.735314
437,1,9,2,2.767092,2.193132,0.792577,0.986185
437,1,9,3,5.170242,5.423944,1.049070,0.993658
437,1,9,4,4.294775,4.670455,1.087473,0.989976
437,1,9,5,5.747727,6.691311,1.164167,0.992911
437,1,9,6,8.486690,9.402596,1.107923,0.995767
437,1,9,7,6.300623,6.075518,0.964273,0.999011
437,1,9,8,1.097638,0.251187,0.228843,0.659071
437,1,9,9,6.472386,6.432833,0.993889,0.994366
437,1,9,10,7.160185,6.402063,0.894120,0.995346
437,1,9,11,4.914204,3.645294,0.741787,0.990932
437,1,9,12,4.073795,4.214156,1.034454,0.888631
437,1,9,13,3.146355,2.590574,0.823357,0.989887
437,1,9,14,5.227948,5.523431,1.056520,0.995192
437,1,9,15,9.782458,9.174210,0.937823,0.998762
437,1,10,0,4.065971,2.640073,0.649309,0.946046
437,1,10,1,16.551699,16.169050,0.976882,0.996856
437,1,10,2,5.205040,4.512555,0.866959,0.989823
437,1,10,3,2.750243,1.451084,0.527621,0.921558
437,1,10,4,7.181034,6.577754,0.915990,0.999104
437,1,10,5,7.590993,7.516972,0.990249,0.996330
437,1,10,6,8.129127,7.656252,0.941830,0.989629
437,1,10,7,6.525221,5.290877,0.810835,0.998891
437,1,10,8,7.064412,7.395217,1.046827,0.995249
437,1,10,9,6.607458,6.302183,0.953798,0.982730
437,1,10,10,9.816670,9.054411,0.922351,0.973938
437,1,10,11,8.005148,7.686472,0.960191,0.997173
437,1,10,12,4.568620,3.074573,0.672976,0.984069
437,1,10,13,8.244380,8.664073,1.050907,0.995484
437,1,10,14,4.204749,3.317651,0.789025,0.952609
437,1,10,15,4.856867,5.072837,1.044467,0.993199
437,1,11,0,7.050778,7.147334,1.013694,0.999384
437,1,11,1,8.005024,8.509046,1.062963,0.999091
437,1,11,2,4.786633,5.050033,1.055028,0.993281
437,1,11,3,-0.900431,-1.580334,1.755086,0.839588
437,1,11,4,4.194576,2.903361,0.692170,0.960935
437,1,11,5,3.714768,4.699536,1.265096,0.980011
437,1,11,6,3.669649,3.810703,1.038438,0.768816
437,1,11,7,3.771673,3.511826,0.931106,0.904977
437,1,11,8,3.792525,3.697120,0.974844,0.990931
437,1,11,9,3.301352,2.615524,0.792259,0.992799
437,1,11,10,2.039577,1.336700,0.655381,0.796124
437,1,11,11,6.388422,5.337274,0.835460,0.996629
437,1,11,12,4.162597,2.213433,0.531743,0.919164
437,1,11,13,8.283314,8.566682,1.034210,0.996880
437,1,11,14,4.238335,4.942247,1.166082,0.990715
437,1,11,15,7.907544,8.031533,1.015680,0.998113
437,1,12,0,-2.607667,-3.074823,1.179147,0.985550
437,1,12,1,6.444636,6.977118,1.082624,0.983045
437,1,12,2,1.072253,1.904016,1.775716,0.917665
437,1,12,3,-3.345531,-3.593046,1.073984,0.999767
437,1,12,4,2.427469,3.324899,1.369698,0.963799
437,1,12,5,2.265615,2.739779,1.209287,0.892894
437,1,12,6,0.892639,1.936808,2.169755,0.890541
437,1,12,7,4.862833,4.567274,0.939221,0.968155
437,1,12,8,4.090362,3.965925,0.969578,0.931004
437,1,12,9,6.407504,7.322943,1.142870,0.998433
437,1,12,10,2.893862,2.127617,0.735217,0.990938
437,1,12,11,3.196791,3.777956,1.181796,0.928587
437,1,12,12,3.956017,5.477935,1.384710,0.977980
437,1,12,13,2.497481,2.313708,0.926417,0.871856
437,1,12,14,4.765071,5.205280,1.092383,0.956163
437,1,12,15,2.391549,2.631950,1.100521,0.744921
437,1,13,0,4.245717,3.604925,0.849073,0.934202
437,1,13,1,4.074558,4.132376,1.014190,0.944041
437,1,13,2,1.479402,2.038701,1.378057,0.883078
437,1,13,3,3.246983,3.391951,1.044647,0.916033
437,1,13,4,7.672254,7.002139,0.912657,0.983564
437,1,13,5,3.380279,1.947335,0.576087,0.972022
437,1,13,6,7.157017,7.299745,1.019942,0.997994
437,1,13,7,2.021085,1.696675,0.839487,0.938134
437,1,13,8,2.871380,1.624715,0.565831,0.932975
437,1,13,9,3.609363,4.134530,1.145501,0.933370
437,1,13,10,3.352533,4.297167,1.281767,0.944095
437,1,13,11,4.985738,4.328971,0.868271,0.903228
437,1,13,12,5.153441,4.745660,0.920872,0.955154
437,1,13,13,-0.663466,-0.632986,0.954059,0.771015
437,1,13,14,4.445253,4.266117,0.959702,0.934299
437,1,13,15,-2.192801,-2.701551,1.232009,0.997126
437,1,14,0,1.757436,1.522185,0.866140,0.691586
437,1,14,1,9.687883,8.819563,0.910370,0.997287
437,1,14,2,4.276066,4.325914,1.011657,0.949091
437,1,14,3,1.557457,1.536095,0.986284,0.754015
437,1,14,4,5.073154,5.424122,1.069181,0.971851
437,1,14,5,1.503341,0.518474,0.344881,0.604080
437,1,14,6,1.640852,1.492947,0.909861,0.692706
437,1,14,7,5.777330,3.816679,0.660630,0.960988
437,1,14,8,2.858730,2.459469,0.860336,0.880684
437,1,14,9,0.779902,1.567418,2.009763,0.439475
437,1,14,10,0.970369,0.174237,0.179557,0.254191
437,1,14,11,2.853562,3.639592,1.275456,0.906234
437,1,14,12,2.620900,2.635220,1.005464,0.913930
437,1,14,13,1.666812,2.245031,1.346901,0.756073
437,1,14,14,4.048464,4.063789,1.003785,0.947347
437,1,14,15,1.395996,2.352699,1.685319,0.785170
437,1,15,0,4.215475,4.239799,1.005770,0.984508
437,1,15,1,2.747042,2.410975,0.877662,0.963937
437,1,15,2,4.711792,3.776297,0.801457,0.988137
437,1,15,3,3.631001,3.482388,0.959071,0.985611
437,1,15,4,-3.432751,-3.504781,1.020983,0.999559
437,1,15,5,3.685368,3.865163,1.048786,0.988521
437,1,15,6,0.056214,0.973756,17.322334,0.578122
437,1,15,7,3.047609,2.465199,0.808896,0.954623
437,1,15,8,3.841978,4.076816,1.061124,0.973201
437,1,15,9,3.806140,3.518632,0.924462,0.987324
437,1,15,10,-2.336182,-1.996658,0.854667,0.985784
437,1,15,11,3.792636,3.001010,0.791273,0.971061
437,1,15,12,5.768239,6.193819,1.073780,0.997488
437,1,15,13,2.580948,2.327718,0.901885,0.956022
437,1,15,14,3.987901,3.971495,0.995886,0.979629
437,1,15,15,1.725238,0.321414,0.186301,0.673690
500,1,0,0,-0.163451,0.722423,-4.419811,0.296014
500,1,0,1,-0.612865,-0.398736,0.650610,0.966304
500,1,0,2,0.529756,0.388913,0.734137,0.978317
500,1,0,3,-1.601236,-1.670891,1.043501,0.992745
500,1,0,4,-0.680549,-0.702089,1.031651,0.942175
500,1,0,5,1.184997,0.251453,0.212197,0.831311
500,1,0,6,1.437509,0.892917,0.621156,0.924671
500,1,0,7,-1.603172,-1.771353,1.104905,0.994572
500,1,0,8,1.647802,1.298748,0.788170,0.984784
500,1,0,9,-0.949302,-1.258864,1.326095,0.967471
500,1,0,10,-0.206271,-0.185884,0.901160,0.966825
500,1,0,11,0.016066,1.080497,67.252590,0.360829
500,1,0,12,0.849155,0.367921,0.433280,0.786038
500,1,0,13,-1.728909,-1.788820,1.034652,0.980493
500,1,0,14,0.542723,0.232116,0.427687,0.948214
500,1,0,15,-0.338362,-0.416460,1.230812,0.997073
500,1,1,0,0.603024,0.667886,1.107562,0.989927
500,1,1,1,3.574615,3.351702,0.937640,0.998569
500,1,1,2,1.162974,1.294523,1.113114,0.972613
500,1,1,3,0.323750,1.481615,4.576421,0.800923
500,1,1,4,-0.424923,-0.287454,0.676484,0.960265
500,1,1,5,1.060612,2.276288,2.146202,0.942579
500,1,1,6,1.786549,1.713348,0.959027,0.995100
500,1,1,7,0.822720,1.057674,1.285582,0.978349
500,1,1,8,0.430594,1.199404,2.785464,0.898283
500,1,1,9,-0.485279,-0.262814,0.541573,0.757732
500,1,1,10,1.033648,0.781057,0.755632,0.973262
500,1,1,11,1.638551,1.107742,0.676050,0.984729
500,1,1,12,-0.612090,-0.934235,1.526304,0.975363
500,1,1,13,1.077145,0.959550,0.890827,0.971014
500,1,1,14,-0.523282,0.162639,-0.310805,0.479276
500,1,1,15,3.180809,4.085046,1.284279,0.980621
500,1,2,0,2.336944,2.028850,0.868164,0.992779
500,1,2,1,1.786566,1.672628,0.936225,0.958623
500,1,2,2,0.346846,0.700868,2.020689,0.907547
500,1,2,3,0.360915,0.709302,1.965291,0.910765
500,1,2,4,0.452171,0.716359,1.584263,0.956583
500,1,2,5,3.880200,3.872550,0.998028,0.989873
500,1,2,6,1.445401,1.649493,1.141201,0.975210
500,1,2,7,0.423503,0.761485,1.798063,0.911751
500,1,2,8,0.438916,0.523358,1.192388,0.971288
500,1,2,9,4.254062,3.499952,0.822732,0.998055
500,1,2,10,0.432881,1.163027,2.686713,0.856121
500,1,2,11,2.763642,2.831896,1.024697,0.995894
500,1,2,12,0.390356,0.794200,2.034552,0.908702
500,1,2,13,0.340778,0.202859,0.595281,0.960204
500,1,2,14,-0.755776,-0.871665,1.153338,0.949967
500,1,2,15,0.203153,0.789126,3.884387,0.768305
500,1,3,0,1.350588,1.385833,1.026096,0.885114
500,1,3,1,2.306886,1.910233,0.828057,0.987023
500,1,3,2,1.049626,0.732038,0.697428,0.924874
500,1,3,3,1.210883,0.795760,0.657173,0.941994
500,1,3,4,2.341311,1.686278,0.720228,0.984113
500,1,3,5,1.955023,2.429494,1.242693,0.984748
500,1,3,6,2.068324,1.842609,0.890870,0.987660
500,1,3,7,0.746301,1.067271,1.430081,0.958957
500,1,3,8,8.231589,8.531069,1.036382,0.997556
500,1,3,9,2.363184,2.733505,1.156704,0.990846
500,1,3,10,3.309828,1.756760,0.530771,0.980888
500,1,3,11,0.288860,1.802382,6.239649,0.691906
500,1,3,12,2.497040,2.331724,0.933795,0.989110
500,1,3,13,6.055050,6.738237,1.112829,0.995584
500,1,3,14,1.179177,1.078200,0.914367,0.950963
500,1,3,15,2.278080,1.942183,0.852553,0.993632
500,1,4,0,2.578661,2.304533,0.893694,0.985626
500,1,4,1,2.300866,2.479895,1.077810,0.987191
500,1,4,2,0.687445,0.937658,1.363976,0.951952
500,1,4,3,2.562591,2.910100,1.135609,0.996419
500,1,4,4,4.283580,4.604888,1.075009,0.994946
500,1,4,5,1.704258,2.555653,1.499569,0.977787
500,1,4,6,1.739568,2.706706,1.555965,0.973604
500,1,4,7,1.880260,1.497558,0.796463,0.987208
500,1,4,8,-0.321608,0.010278,-0.031958,0.857082
500,1,4,9,0.718431,0.762724,1.061653,0.962849
500,1,4,10,6.943928,7.038776,1.013659,0.993943
500,1,4,11,4.718750,4.504746,0.954648,0.995441
500,1,4,12,1.715819,1.555445,0.906533,0.993557
500,1,4,13,4.168516,4.577466,1.098105,0.992448
500,1,4,14,1.467682,1.241895,0.846161,0.987042
500,1,4,15,1.351002,2.106899,1.559508,0.981355
500,1,5,0,11.235915,11.067166,0.984981,0.996942
500,1,5,1,3.540967,2.256491,0.637253,0.919180
500,1,5,2,8.998727,8.614009,0.957248,0.993783
500,1,5,3,2.863952,2.463897,0.860314,0.989901
500,1,5,4,11.522778,11.952530,1.037296,0.998493
500,1,5,5,9.297129,9.313248,1.001734,0.998232
500,1,5,6,15.055296,15.718382,1.044043,0.998588
500,1,5,7,2.556689,3.576505,1.398882,0.964197
500,1,5,8,3.268931,4.010753,1.226931,0.976535
500,1,5,9,4.418324,4.789099,1.083918,0.987935
500,1,5,10,6.029305,4.523022,0.750173,0.997039
500,1,5,11,5.267929,4.994617,0.948118,0.972795
500,1,5,12,1.237752,0.724626,0.585437,0.822078
500,1,5,13,5.629512,5.536517,0.983481,0.998999
500,1,5,14,6.749857,6.399012,0.948022,0.989993
500,1,5,15,2.061605,1.612446,0.782132,0.909520
500,1,6,0,2.730247,2.827166,1.035498,0.942766
500,1,6,1,5.639387,4.795537,0.850365,0.992858
500,1,6,2,5.374707,4.402991,0.819206,0.997625
500,1,6,3,2.930770,2.891163,0.986486,0.958432
500,1,6,4,4.620108,5.773832,1.249718,0.983779
500,1,6,5,3.885195,2.838572,0.730613,0.978012
500,1,6,6,11.145230,10.580214,0.949304,0.993879
500,1,6,7,7.837369,7.784951,0.993312,0.998042
500,1,6,8,5.282507,3.788522,0.717183,0.992352
500,1,6,9,11.055769,10.579659,0.956936,0.998190
500,1,6,10,2.193051,2.261334,1.031136,0.930048
500,1,6,11,2.865531,3.051354,1.064848,0.936396
500,1,6,12,11.708295,11.125367,0.950212,0.997131
500,1,6,13,-0.325664,-0.664027,2.038990,0.708519
500,1,6,14,2.724113,2.209538,0.811104,0.966260
500,1,6,15,4.287580,4.204071,0.980523,0.983621
500,1,7,0,10.104267,10.467454,1.035944,0.995917
500,1,7,1,5.079270,5.143581,1.012662,0.989786
500,1,7,2,3.199288,3.244346,1.014084,0.996281
500,1,7,3,6.587549,5.997369,0.910410,0.980312
500,1,7,4,4.066622,2.424330,0.596153,0.928969
500,1,7,5,3.315866,3.641653,1.098251,0.927638
500,1,7,6,8.261729,7.956981,0.963113,0.981707
500,1,7,7,3.622092,4.671344,1.289681,0.984366
500,1,7,8,6.507389,6.560620,1.008180,0.996632
500,1,7,9,11.502421,11.073769,0.962734,0.998717
500,1,7,10,25.624165,25.639017,1.000580,0.999257
500,1,7,11,6.077649,5.767136,0.948909,0.998061
500,1,7,12,10.816159,10.817571,1.000130,0.994339
500,1,7,13,6.520485,5.667454,0.869177,0.990419
500,1,7,14,3.973604,3.253455,0.818767,0.980174
500,1,7,15,1.048637,-0.046202,-0.044059,0.529665
500,1,8,0,3.283988,3.951828,1.203362,0.980922
500,1,8,1,5.286610,4.655418,0.880606,0.975484
500,1,8,2,2.655362,1.664936,0.627009,0.833093
500,1,8,3,5.237996,4.322296,0.825181,0.990127
500,1,8,4,10.967384,11.415592,1.040867,0.998888
500,1,8,5,-1.876043,-2.076936,1.107083,0.967180
500,1,8,6,3.616275,4.201753,1.161901,0.983839
500,1,8,7,6.328539,7.454469,1.177913,0.994932
500,1,8,8,5.436199,5.358388,0.985686,0.996788
500,1,8,9,5.155956,5.102809,0.989692,0.993470
500,1,8,10,6.841601,6.527121,0.954034,0.994949
500,1,8,11,5.035556,5.565814,1.105303,0.992200
500,1,8,12,3.332397,3.419642,1.026181,0.957300
500,1,8,13,6.871560,6.698797,0.974858,0.994781
500,1,8,14,3.997055,4.475413,1.119677,0.979290
500,1,8,15,0.935522,1.011760,1.081492,0.523487
500,1,9,0,3.137470,2.905206,0.925971,0.982106
500,1,9,1,1.821248,0.422216,0.231828,0.689563
500,1,9,2,2.559825,1.883901,0.735949,0.978434
500,1,9,3,6.058945,6.369689,1.051287,0.996980
500,1,9,4,5.529793,6.178475,1.117307,0.995775
500,1,9,5,5.432961,6.353046,1.169352,0.992631
500,1,9,6,8.064841,8.997424,1.115636,0.995302
500,1,9,7,5.462960,4.998737,0.915024,0.997934
500,1,9,8,0.842609,0.094470,0.112116,0.602735
500,1,9,9,6.834305,6.887932,1.007847,0.995411
500,1,9,10,7.716090,6.848570,0.887570,0.996063
500,1,9,11,5.653284,4.340693,0.767818,0.994112
500,1,9,12,4.366413,4.583923,1.049814,0.875443
500,1,9,13,2.791910,2.245512,0.804292,0.984701
500,1,9,14,5.781741,6.181722,1.069180,0.997023
500,1,9,15,10.140414,9.744927,0.960999,0.999097
500,1,10,0,4.099225,2.390570,0.583176,0.938445
500,1,10,1,18.469114,18.242868,0.987750,0.997550
500,1,10,2,5.407384,4.505278,0.833171,0.987879
500,1,10,3,3.665414,2.523088,0.688350,0.972820
500,1,10,4,7.599265,7.065720,0.929790,0.999260
500,1,10,5,10.108289,10.546668,1.043368,0.998653
500,1,10,6,8.579721,8.356422,0.973974,0.992412
500,1,10,7,7.516261,6.214829,0.826851,0.999276
500,1,10,8,7.080152,7.574703,1.069850,0.995474
500,1,10,9,7.763780,7.915356,1.019523,0.985304
500,1,10,10,11.979423,11.536168,0.962999,0.985062
500,1,10,11,8.250197,8.121452,0.984395,0.997165
500,1,10,12,4.753440,3.275091,0.688994,0.985152
500,1,10,13,11.403132,11.870386,1.040976,0.998158
500,1,10,14,3.921518,2.931383,0.747512,0.932942
500,1,10,15,5.108573,5.369765,1.051128,0.993773
500,1,11,0,9.585995,9.864079,1.029009,0.999612
500,1,11,1,10.052189,11.134398,1.107659,0.999721
500,1,11,2,5.488256,6.006009,1.094338,0.995474
500,1,11,3,-1.357331,-2.163030,1.593591,0.857868
500,1,11,4,4.133316,2.872841,0.695045,0.958385
500,1,11,5,4.411096,5.395262,1.223112,0.986715
500,1,11,6,5.628530,6.054271,1.075640,0.878119
500,1,11,7,3.878916,3.368585,0.868435,0.905584
500,1,11,8,4.040324,4.095430,1.013639,0.993240
500,1,11,9,3.822058,3.286821,0.859961,0.996218
500,1,11,10,1.868716,1.151340,0.616113,0.806413
500,1,11,11,6.769849,5.606759,0.828196,0.996869
500,1,11,12,3.885667,1.927789,0.496128,0.891784
500,1,11,13,10.543112,11.776958,1.117029,0.999376
500,1,11,14,4.937569,5.829122,1.180565,0.993719
500,1,11,15,9.637495,10.414142,1.080586,0.999363
500,1,12,0,-2.785121,-3.367690,1.209172,0.989120
500,1,12,1,7.711741,8.575253,1.111974,0.990265
500,1,12,2,1.352345,2.600874,1.923232,0.909791
500,1,12,3,-3.369114,-3.671959,1.089889,0.999720
500,1,12,4,2.859292,3.958876,1.384565,0.970027
500,1,12,5,2.565462,3.037864,1.184139,0.905939
500,1,12,6,0.999194,2.212185,2.213970,0.896303
500,1,12,7,4.754111,4.235972,0.891012,0.969910
500,1,12,8,3.901834,3.822213,0.979594,0.923656
500,1,12,9,7.067666,8.436325,1.193651,0.998602
500,1,12,10,3.368474,2.818183,0.836635,0.996200
500,1,12,11,3.382030,3.951134,1.168273,0.942454
500,1,12,12,4.371725,5.967604,1.365046,0.980154
500,1,12,13,2.265774,2.297541,1.014020,0.822042
500,1,12,14,5.025516,5.579245,1.110183,0.962084
500,1,12,15,2.569138,2.240376,0.872034,0.742058
500,1,13,0,4.515931,3.893221,0.862108,0.932903
500,1,13,1,4.259530,4.563070,1.071262,0.952133
500,1,13,2,1.099629,1.721968,1.565953,0.831861
500,1,13,3,3.879530,4.195911,1.081551,0.940489
500,1,13,4,7.934950,7.517845,0.947434,0.985212
500,1,13,5,3.810318,2.607350,0.684287,0.988267
500,1,13,6,7.207163,7.762957,1.077117,0.997185
500,1,13,7,1.993608,1.725280,0.865406,0.940585
500,1,13,8,2.525071,1.096891,0.434400,0.890935
500,1,13,9,3.307629,3.887539,1.175325,0.928251
500,1,13,10,2.991060,3.913968,1.308555,0.936111
500,1,13,11,5.087006,4.546498,0.893747,0.906113
500,1,13,12,4.758815,4.560247,0.958274,0.942640
500,1,13,13,-0.919102,-0.851279,0.926207,0.812132
500,1,13,14,4.860196,4.985563,1.025795,0.951684
500,1,13,15,-2.026739,-2.620929,1.293175,0.996320
500,1,14,0,2.047065,1.986013,0.970176,0.753256
500,1,14,1,9.346272,8.173321,0.874501,0.996741
500,1,14,2,4.639953,5.281822,1.138335,0.961601
500,1,14,3,1.521453,1.643261,1.080060,0.750583
500,1,14,4,5.226114,6.064691,1.160459,0.976643
500,1,14,5,1.371267,0.262595,0.191498,0.429905
500,1,14,6,1.793799,1.802706,1.004966,0.750989
500,1,14,7,5.977815,3.852293,0.644432,0.962076
500,1,14,8,2.994476,3.016109,1.007224,0.890645
500,1,14,9,0.838201,1.852711,2.210343,0.483668
500,1,14,10,0.879377,-0.166753,-0.189627,0.013440
500,1,14,11,2.707881,3.827192,1.413353,0.900273
500,1,14,12,2.452659,2.813402,1.147083,0.901717
500,1,14,13,1.630309,2.166174,1.328689,0.766830
500,1,14,14,4.246169,4.734433,1.114989,0.956666
500,1,14,15,1.337604,2.844533,2.126589,0.769426
500,1,15,0,4.181562,4.622267,1.105393,0.986508
500,1,15,1,2.775866,2.591496,0.933581,0.965468
500,1,15,2,4.864495,3.981476,0.818477,0.988837
500,1,15,3,3.430057,3.376908,0.984505,0.984614
500,1,15,4,-3.377339,-3.381975,1.001373,0.998813
500,1,15,5,3.581861,3.923822,1.095470,0.989490
500,1,15,6,0.313402,1.423442,4.541906,0.630506
500,1,15,7,3.110315,2.599188,0.835667,0.963847
500,1,15,8,3.678607,4.079343,1.108937,0.973278
500,1,15,9,3.816851,3.707302,0.971298,0.987559
500,1,15,10,-2.126496,-1.851962,0.870898,0.988441
500,1,15,11,4.073225,3.566191,0.875520,0.982413
500,1,15,12,6.117802,6.743746,1.102315,0.998025
500,1,15,13,2.458055,1.589430,0.646621,0.906069
500,1,15,14,3.371226,2.746119,0.814576,0.963194
500,1,15,15,1.538075,-0.286631,-0.186357,-0.047266
1,1,0,0,-0.227363,0.694308,-3.053745,0.289108
1,1,0,1,-0.712895,-0.492581,0.690959,0.971408
1,1,0,2,1.299928,1.161325,0.893377,0.981716
1,1,0,3,-0.750133,-0.952570,1.269868,0.975576
1,1,0,4,-0.243911,-0.636083,2.607851,0.819676
1,1,0,5,1.197942,0.423687,0.353679,0.877119
1,1,0,6,1.463405,0.897766,0.613478,0.928877
1,1,0,7,-1.636503,-1.818540,1.111236,0.996491
1,1,0,8,1.778568,1.434110,0.806329,0.988713
1,1,0,9,0.129945,-0.341915,-2.631228,0.865193
1,1,0,10,-0.090929,-0.205158,2.256253,0.956533
1,1,0,11,-0.105017,1.005177,-9.571558,0.305464
1,1,0,12,0.112472,-0.141744,-1.260266,0.759717
1,1,0,13,-1.105922,-1.250409,1.130648,0.975997
1,1,0,14,1.414006,1.195065,0.845162,0.987318
1,1,0,15,-0.250938,-0.314410,1.252939,0.997159
1,1,1,0,0.725409,0.788075,1.086387,0.990997
1,1,1,1,2.723073,2.579975,0.947450,0.997557
1,1,1,2,1.462042,1.479700,1.012078,0.984152
1,1,1,3,0.413363,1.528335,3.697318,0.830047
1,1,1,4,0.562202,0.663686,1.180512,0.980781
1,1,1,5,1.148259,2.311350,2.012916,0.950847
1,1,1,6,1.770521,1.740409,0.982992,0.996346
1,1,1,7,0.875030,1.105063,1.262887,0.981161
1,1,1,8,0.374884,1.103122,2.942570,0.900589
1,1,1,9,-0.492845,-0.293146,0.594804,0.784105
1,1,1,10,1.029726,0.762633,0.740617,0.968024
1,1,1,11,1.612639,1.079918,0.669659,0.984182
1,1,1,12,-0.388889,-0.693456,1.783173,0.969704
1,1,1,13,1.139417,1.010120,0.886523,0.975998
1,1,1,14,-0.289630,0.281140,-0.970686,0.463936
1,1,1,15,3.603384,4.132564,1.146856,0.988467
1,1,2,0,2.294662,1.981053,0.863331,0.992339
1,1,2,1,2.564056,2.448621,0.954980,0.981039
1,1,2,2,0.327549,0.645099,1.969473,0.907799
1,1,2,3,0.348364,0.688628,1.976745,0.916662
1,1,2,4,0.505531,0.903452,1.787136,0.955692
1,1,2,5,3.299928,3.131953,0.949097,0.988055
1,1,2,6,1.480703,1.690792,1.141885,0.975231
1,1,2,7,0.431276,0.726922,1.685514,0.928126
1,1,2,8,0.024182,0.093692,3.874418,0.939716
1,1,2,9,4.163082,3.433837,0.824831,0.998095
1,1,2,10,0.495751,1.141193,2.301947,0.891489
1,1,2,11,3.219350,3.328140,1.033793,0.997479
1,1,2,12,0.349185,0.740929,2.121880,0.903071
1,1,2,13,0.332654,0.351200,1.055751,0.973705
1,1,2,14,-0.681252,-0.782800,1.149060,0.944720
1,1,2,15,0.274541,0.825799,3.007922,0.819477
1,1,3,0,1.659153,1.596162,0.962034,0.909282
1,1,3,1,2.197012,1.849057,0.841624,0.987654
1,1,3,2,0.901271,0.653653,0.725257,0.908976
1,1,3,3,1.215328,0.798278,0.656841,0.944079
1,1,3,4,2.345930,1.662606,0.708719,0.984006
1,1,3,5,2.029511,2.479412,1.221679,0.986901
1,1,3,6,2.063181,1.852336,0.897806,0.987680
1,1,3,7,0.711700,1.075957,1.511813,0.954624
1,1,3,8,7.789968,8.162347,1.047802,0.997207
1,1,3,9,2.748265,3.044860,1.107921,0.992613
1,1,3,10,3.243281,1.638536,0.505210,0.980188
1,1,3,11,0.427481,1.886059,4.412026,0.758170
1,1,3,12,1.946390,1.819375,0.934743,0.983198
1,1,3,13,6.598739,7.215001,1.093391,0.996495
1,1,3,14,1.026606,0.933405,0.909214,0.939593
1,1,3,15,2.335910,1.989654,0.851769,0.993697
1,1,4,0,2.723526,2.474699,0.908638,0.987444
1,1,4,1,2.987084,3.178676,1.064140,0.992444
1,1,4,2,0.710771,0.923248,1.298940,0.954099
1,1,4,3,2.479746,2.820893,1.137573,0.996236
1,1,4,4,4.713840,4.937236,1.047391,0.995781
1,1,4,5,1.621754,2.500583,1.541901,0.974289
1,1,4,6,1.637085,2.677633,1.635610,0.965134
1,1,4,7,1.898322,1.514346,0.797729,0.986061
1,1,4,8,-0.161058,0.098487,-0.611499,0.876891
1,1,4,9,0.728813,0.754036,1.034609,0.963252
1,1,4,10,7.092906,7.125894,1.004651,0.993883
1,1,4,11,4.625834,4.367383,0.944129,0.994912
1,1,4,12,1.710405,1.545922,0.903834,0.993021
1,1,4,13,5.217125,5.402173,1.035469,0.995911
1,1,4,14,1.475115,1.236868,0.838490,0.985536
1,1,4,15,1.393547,2.126035,1.525628,0.980617
1,1,5,0,10.852135,10.849378,0.999746,0.997217
1,1,5,1,3.638233,2.162595,0.594408,0.921920
1,1,5,2,7.571555,7.048879,0.930969,0.991163
1,1,5,3,3.068591,2.612059,0.851224,0.991108
1,1,5,4,11.539732,11.910316,1.032114,0.998903
1,1,5,5,9.112172,9.211104,1.010857,0.998426
1,1,5,6,16.132311,16.673496,1.033547,0.999016
1,1,5,7,2.444285,3.520182,1.440169,0.959165
1,1,5,8,3.032820,3.890480,1.282793,0.968067
1,1,5,9,4.246586,4.799213,1.130134,0.984711
1,1,5,10,6.108617,4.700524,0.769491,0.997361
1,1,5,11,4.870408,4.668250,0.958493,0.967432
1,1,5,12,1.881051,1.326161,0.705011,0.910314
1,1,5,13,5.589814,5.421423,0.969876,0.998883
1,1,5,14,6.593747,6.197587,0.939919,0.989380
1,1,5,15,2.128854,1.756141,0.824923,0.942826
1,1,6,0,2.701361,2.859053,1.058375,0.942714
1,1,6,1,5.514051,4.732357,0.858236,0.991913
1,1,6,2,5.271595,4.301225,0.815925,0.997314
1,1,6,3,2.406162,2.515824,1.045575,0.951189
1,1,6,4,4.769262,5.799413,1.215998,0.985117
1,1,6,5,3.638047,2.872030,0.789443,0.980667
1,1,6,6,12.300202,11.774137,0.957231,0.995205
1,1,6,7,8.460639,8.578518,1.013933,0.998558
1,1,6,8,5.235786,3.852671,0.735834,0.993554
1,1,6,9,11.795954,11.427832,0.968793,0.998538
1,1,6,10,2.088407,2.222990,1.064443,0.925431
1,1,6,11,3.485808,3.573318,1.025105,0.960838
1,1,6,12,12.610292,12.174410,0.965434,0.997938
1,1,6,13,-0.212581,-0.529299,2.489871,0.704717
1,1,6,14,2.775267,2.303164,0.829889,0.968387
1,1,6,15,3.987554,4.217771,1.057734,0.982931
1,1,7,0,10.122252,10.435081,1.030905,0.996687
1,1,7,1,5.301356,5.446254,1.027332,0.987650
1,1,7,2,3.240299,3.286722,1.014327,0.996242
1,1,7,3,6.697529,6.312477,0.942508,0.985940
1,1,7,4,4.195687,2.524976,0.601803,0.943090
1,1,7,5,3.267421,3.711491,1.135908,0.921848
1,1,7,6,7.760685,7.615874,0.981340,0.982062
1,1,7,7,3.737290,4.783166,1.279849,0.984638
1,1,7,8,6.544829,6.737243,1.029399,0.996844
1,1,7,9,9.993279,9.667983,0.967449,0.998520
1,1,7,10,26.149065,26.372946,1.008562,0.999359
1,1,7,11,5.748648,5.505200,0.957651,0.997848
1,1,7,12,9.909925,9.914121,1.000423,0.994230
1,1,7,13,6.525660,5.812370,0.890695,0.989883
1,1,7,14,3.712443,3.036261,0.817861,0.983205
1,1,7,15,0.991803,-0.071266,-0.071855,0.519559
1,1,8,0,3.614197,4.346151,1.202522,0.984042
1,1,8,1,5.475123,4.862164,0.888046,0.979235
1,1,8,2,2.667590,1.831041,0.686403,0.860920
1,1,8,3,4.915858,3.930350,0.799525,0.986449
1,1,8,4,9.690493,10.232542,1.055936,0.998737
1,1,8,5,-1.876090,-2.106213,1.122661,0.964739
1,1,8,6,4.083472,4.581794,1.122034,0.985386
1,1,8,7,6.295391,7.530163,1.196139,0.994559
1,1,8,8,5.319102,5.245069,0.986082,0.996796
1,1,8,9,5.579453,5.575408,0.999275,0.993909
1,1,8,10,6.686652,6.504061,0.972693,0.993928
1,1,8,11,5.056171,5.602155,1.107984,0.991977
1,1,8,12,3.518417,3.688443,1.048325,0.963783
1,1,8,13,7.038842,6.861809,0.974849,0.993774
1,1,8,14,4.526225,5.060383,1.118014,0.981361
1,1,8,15,0.904947,1.043585,1.153201,0.486801
1,1,9,0,3.005305,2.842682,0.945888,0.982002
1,1,9,1,1.825892,0.295595,0.161890,0.604057
1,1,9,2,2.652072,1.951885,0.735985,0.979424
1,1,9,3,5.963713,6.334394,1.062156,0.995582
1,1,9,4,5.521700,6.316066,1.143862,0.994536
1,1,9,5,5.523313,6.424166,1.163100,0.992159
1,1,9,6,8.001418,9.083515,1.135238,0.994355
1,1,9,7,5.582184,5.097489,0.913171,0.998191
1,1,9,8,0.718218,-0.103059,-0.143493,0.550724
1,1,9,9,6.646997,6.853325,1.031041,0.994586
1,1,9,10,7.909291,7.031053,0.888961,0.996436
1,1,9,11,5.637579,4.318613,0.766040,0.993828
1,1,9,12,4.333489,4.692979,1.082956,0.882510
1,1,9,13,3.039889,2.405201,0.791213,0.986430
1,1,9,14,5.352205,5.839980,1.091135,0.996231
1,1,9,15,9.572202,9.243061,0.965615,0.998819
1,1,10,0,4.143270,2.456163,0.592808,0.941297
1,1,10,1,18.338312,18.070478,0.985395,0.997723
1,1,10,2,5.452180,4.660600,0.854814,0.989339
1,1,10,3,3.289527,2.235698,0.679641,0.971210
1,1,10,4,7.371188,6.756913,0.916665,0.999147
1,1,10,5,8.500023,8.780065,1.032946,0.998365
1,1,10,6,8.601393,8.272945,0.961815,0.993567
1,1,10,7,6.972028,5.675870,0.814092,0.998962
1,1,10,8,6.978829,7.359645,1.054567,0.994825
1,1,10,9,6.614104,6.524651,0.986475,0.977452
1,1,10,10,10.884933,10.427969,0.958019,0.980077
1,1,10,11,8.596494,8.347498,0.971035,0.997243
1,1,10,12,4.770162,3.251045,0.681538,0.984472
1,1,10,13,10.316489,10.814019,1.048227,0.998225
1,1,10,14,3.891320,3.022629,0.776762,0.937995
1,1,10,15,5.100975,5.362893,1.051347,0.993647
1,1,11,0,8.226579,8.416555,1.023093,0.999461
1,1,11,1,8.820474,9.871500,1.119158,0.999591
1,1,11,2,5.424641,5.865716,1.081309,0.995433
1,1,11,3,-1.155509,-1.948916,1.686629,0.829807
1,1,11,4,4.189835,2.850833,0.680416,0.955346
1,1,11,5,3.982381,5.070629,1.273265,0.981543
1,1,11,6,5.834262,6.156125,1.055168,0.893567
1,1,11,7,3.932976,3.342220,0.849794,0.904585
1,1,11,8,4.186258,4.027254,0.962017,0.992175
1,1,11,9,3.672008,3.203436,0.872394,0.996695
1,1,11,10,2.371186,1.608946,0.678541,0.847891
1,1,11,11,6.517219,5.322955,0.816753,0.996471
1,1,11,12,4.056036,2.077471,0.512192,0.905188
1,1,11,13,8.889158,10.088431,1.134914,0.999349
1,1,11,14,5.338235,6.206845,1.162715,0.994114
1,1,11,15,8.847134,9.513854,1.075360,0.999204
1,1,12,0,-2.694870,-3.288618,1.220325,0.987273
1,1,12,1,7.034478,7.804367,1.109445,0.989779
1,1,12,2,1.455728,2.664962,1.830673,0.912915
1,1,12,3,-3.406075,-3.732443,1.095819,0.999707
1,1,12,4,2.823651,3.976845,1.408405,0.969897
1,1,12,5,2.590462,3.132926,1.209408,0.902015
1,1,12,6,1.112845,2.343537,2.105897,0.900376
1,1,12,7,4.786535,4.315457,0.901583,0.966894
1,1,12,8,4.192127,4.129939,0.985165,0.922290
1,1,12,9,6.402456,7.665340,1.197250,0.998833
1,1,12,10,3.255682,2.601525,0.799072,0.994950
1,1,12,11,3.437251,3.997985,1.163135,0.938621
1,1,12,12,4.116249,5.779618,1.404098,0.975919
1,1,12,13,2.444692,2.372970,0.970662,0.856364
1,1,12,14,4.918896,5.498204,1.117772,0.956530
1,1,12,15,2.669190,2.448570,0.917346,0.731297
1,1,13,0,4.458385,3.780023,0.847846,0.927036
1,1,13,1,4.349702,4.598523,1.057204,0.950366
1,1,13,2,1.326948,1.838883,1.385799,0.863720
1,1,13,3,4.182170,4.366547,1.044086,0.947168
1,1,13,4,8.003750,7.441071,0.929698,0.986746
1,1,13,5,3.855146,2.574796,0.667885,0.990453
1,1,13,6,6.696523,7.275839,1.086510,0.997850
1,1,13,7,1.994331,1.729099,0.867007,0.936242
1,1,13,8,2.646441,1.083282,0.409336,0.883148
1,1,13,9,3.462384,3.925630,1.133794,0.929928
1,1,13,10,3.124019,3.914742,1.253111,0.934763
1,1,13,11,5.146315,4.591552,0.892202,0.903796
1,1,13,12,4.804808,4.466956,0.929685,0.942607
1,1,13,13,-0.897052,-0.853827,0.951815,0.816887
1,1,13,14,4.981061,4.975633,0.998910,0.952060
1,1,13,15,-2.062510,-2.629184,1.274749,0.996456
1,1,14,0,2.128553,2.075308,0.974985,0.775227
1,1,14,1,9.626967,8.420602,0.874689,0.996741
1,1,14,2,4.698479,5.331388,1.134705,0.964970
1,1,14,3,1.636716,1.708247,1.043704,0.780669
1,1,14,4,5.331321,5.959724,1.117870,0.978240
1,1,14,5,1.480738,0.326977,0.220820,0.463372
1,1,14,6,1.840537,1.823196,0.990579,0.767263
1,1,14,7,5.846323,3.784757,0.647374,0.962403
1,1,14,8,3.170891,3.130154,0.987153,0.903968
1,1,14,9,0.861767,1.888653,2.191604,0.500908
1,1,14,10,0.945061,-0.119576,-0.126527,0.055195
1,1,14,11,2.812093,3.786289,1.346431,0.908757
1,1,14,12,2.580817,2.810238,1.088894,0.913113
1,1,14,13,1.617205,2.182725,1.349690,0.775976
1,1,14,14,4.307913,4.613137,1.070852,0.957679
1,1,14,15,1.510489,2.948507,1.952022,0.805549
1,1,15,0,4.131621,4.567788,1.105568,0.987368
1,1,15,1,2.778343,2.619106,0.942686,0.969544
1,1,15,2,4.720909,3.978245,0.842686,0.989962
1,1,15,3,3.428460,3.433523,1.001477,0.986320
1,1,15,4,-3.374012,-3.398235,1.007179,0.998862
1,1,15,5,3.612966,3.987630,1.103700,0.989959
1,1,15,6,0.330565,1.420153,4.296142,0.676901
1,1,15,7,3.035965,2.646613,0.871753,0.966466
1,1,15,8,3.506962,3.996874,1.139697,0.972868
1,1,15,9,3.831888,3.734106,0.974482,0.989252
1,1,15,10,-2.064465,-1.800562,0.872169,0.989682
1,1,15,11,3.989674,3.555766,0.891242,0.983714
1,1,15,12,6.106527,6.670632,1.092377,0.998021
1,1,15,13,2.431664,1.536220,0.631757,0.905965
1,1,15,14,3.459478,2.841127,0.821259,0.966302
1,1,15,15,1.727908,-0.190975,-0.110524,0.042043
