class_id,seed,block,head,cosine,ls_scale,ratio,mean8_up,mean9
980,0,0,0,0.761014,0.716227,0.015913,1.491696,0.023737
980,0,0,1,0.986584,0.983832,0.991555,-1.144765,-1.135098
980,0,0,2,0.919695,0.687607,0.468561,1.344048,0.629768
980,0,0,3,0.970102,1.092246,1.204429,-1.840090,-2.216257
980,0,0,4,0.944550,1.047106,1.185508,-1.243703,-1.474420
980,0,0,5,0.602219,0.727295,-4.501387,0.221638,-0.997679
980,0,0,6,0.905047,0.987267,0.698376,0.608251,0.424788
980,0,0,7,0.985058,1.040466,1.087962,-1.401071,-1.524312
980,0,0,8,0.967122,0.930734,0.916132,1.443102,1.322072
980,0,0,9,0.966332,1.053847,1.301601,-0.941132,-1.224978
980,0,0,10,0.992501,0.759993,0.747459,3.373219,2.521343
980,0,0,11,0.793248,0.787385,-0.014238,1.089131,-0.015507
980,0,0,12,0.851005,0.420581,0.325472,3.273253,1.065353
980,0,0,13,0.940002,1.042081,2.328793,-0.503139,-1.171706
980,0,0,14,0.948302,1.120917,1.503907,-0.778566,-1.170890
980,0,0,15,0.996198,0.988730,0.972548,-3.132616,-3.046618
980,0,1,0,0.956074,1.006604,1.681067,-0.319763,-0.537544
980,0,1,1,0.988692,0.964478,0.975859,2.761042,2.694388
980,0,1,2,0.941521,0.689243,0.569931,1.906070,1.086329
980,0,1,3,0.900961,0.976580,-0.216687,0.394512,-0.085486
980,0,1,4,0.953354,0.710985,0.579704,2.211052,1.281756
980,0,1,5,0.872723,0.938364,0.450544,0.985333,0.443936
980,0,1,6,0.994698,0.960077,0.936165,3.507612,3.283703
980,0,1,7,0.953761,0.930980,0.498458,0.359411,0.179152
980,0,1,8,0.871319,0.931917,-2.306674,0.271094,-0.625326
980,0,1,9,0.936845,0.955401,1.348462,0.549339,0.740762
980,0,1,10,0.932374,0.962855,1.036644,1.302383,1.350107
980,0,1,11,0.952704,1.026620,-142.450280,-0.001790,0.254964
980,0,1,12,0.916373,0.922887,1.365858,-0.390899,-0.533912
980,0,1,13,0.956086,0.724543,0.602265,2.362362,1.422768
980,0,1,14,0.068067,0.026494,-0.015550,1.323418,-0.020580
980,0,1,15,0.989805,0.859525,0.842858,6.492099,5.471916
980,0,2,0,0.947559,0.977665,0.933764,1.535790,1.434066
980,0,2,1,0.986592,0.873739,0.808376,2.174432,1.757759
980,0,2,2,0.951337,0.993312,-1.715813,0.191792,-0.329079
980,0,2,3,0.962152,1.002767,-0.806589,0.192960,-0.155639
980,0,2,4,0.783616,0.374066,0.283095,2.081585,0.589286
980,0,2,5,0.981510,0.703862,0.664520,6.729175,4.471670
980,0,2,6,0.938963,0.978104,0.657978,1.159538,0.762950
980,0,2,7,0.945704,0.974285,-0.525543,0.319413,-0.167865
980,0,2,8,0.880268,0.492463,0.396122,1.526084,0.604515
980,0,2,9,0.954213,0.930685,0.858408,3.284201,2.819185
980,0,2,10,0.905936,0.917678,-0.121943,0.557856,-0.068027
980,0,2,11,0.980545,0.798943,0.736112,3.590240,2.642820
980,0,2,12,0.955659,0.998280,-3.211993,0.107864,-0.346458
980,0,2,13,0.842951,0.702318,0.200018,0.921358,0.184288
980,0,2,14,0.878182,0.899653,-3.423895,0.136085,-0.465941
980,0,2,15,0.947162,1.003754,-1.590946,0.216874,-0.345035
980,0,3,0,0.678659,0.465508,0.069655,3.495184,0.243457
980,0,3,1,0.954247,0.918748,0.745477,2.247231,1.675259
980,0,3,2,0.893784,0.885378,-0.000921,1.031544,-0.000950
980,0,3,3,0.920597,0.958978,10.103442,-0.067508,-0.682061
980,0,3,4,0.930208,0.927773,0.834081,2.404747,2.005754
980,0,3,5,0.990974,0.769417,0.758203,3.776125,2.863070
980,0,3,6,0.952019,0.977519,0.894653,1.383638,1.237876
980,0,3,7,0.933398,0.865482,0.428953,1.163291,0.498997
980,0,3,8,0.995220,0.978884,0.977459,9.763638,9.543559
980,0,3,9,0.985412,0.702901,0.677968,4.563636,3.093997
980,0,3,10,0.953761,1.126622,1.152382,1.067215,1.229839
980,0,3,11,0.814808,0.863165,-0.468291,0.900099,-0.421508
980,0,3,12,0.972039,0.746065,0.676888,4.359000,2.950554
980,0,3,13,0.978488,0.726058,0.683461,9.971115,6.814866
980,0,3,14,0.884569,0.866809,0.206988,1.196254,0.247610
980,0,3,15,0.957388,0.988283,0.850674,1.777628,1.512181
980,0,4,0,0.966407,0.932087,0.880458,2.074305,1.826338
980,0,4,1,0.871806,0.763649,0.301445,3.106564,0.936457
980,0,4,2,0.963403,0.968636,0.742113,0.834857,0.619558
980,0,4,3,0.958011,0.988008,1.008828,1.699853,1.714858
980,0,4,4,0.981492,0.737247,0.682916,5.332623,3.641732
980,0,4,5,0.949589,0.855855,0.596746,2.029805,1.211278
980,0,4,6,0.898102,0.791939,0.181494,1.789921,0.324860
980,0,4,7,0.972269,0.961828,0.727376,1.427093,1.038034
980,0,4,8,0.867964,0.383124,0.338641,2.225307,0.753580
980,0,4,9,0.956502,0.980247,0.647111,0.589979,0.381782
980,0,4,10,0.977533,0.753427,0.678048,8.166389,5.537200
980,0,4,11,0.920063,1.036765,1.743557,1.350564,2.354786
980,0,4,12,0.935253,0.922778,0.757014,1.439744,1.089906
980,0,4,13,0.965952,0.694191,0.626478,5.563046,3.485129
980,0,4,14,0.967264,0.973448,0.660697,1.045261,0.690601
980,0,4,15,0.947200,0.886681,0.467719,1.390344,0.650290
980,0,5,0,0.994986,0.818799,0.811806,14.027848,11.387887
980,0,5,1,0.930153,0.624362,0.512373,6.209802,3.181733
980,0,5,2,0.985745,0.677598,0.654349,10.580075,6.923062
980,0,5,3,0.960732,0.883687,0.721363,3.308051,2.386306
980,0,5,4,0.997842,0.894216,0.886403,11.660670,10.336049
980,0,5,5,0.983171,0.830791,0.790867,9.288103,7.345656
980,0,5,6,0.997912,0.909549,0.907145,18.143461,16.458755
980,0,5,7,0.881145,0.661157,0.398430,3.470235,1.382647
980,0,5,8,0.866243,0.624396,0.374204,4.003066,1.497962
980,0,5,9,0.952619,0.733557,0.645394,4.771809,3.079696
980,0,5,10,0.912159,0.836990,0.761885,4.099620,3.123439
980,0,5,11,0.946610,0.543897,0.496639,8.234400,4.089524
980,0,5,12,0.910419,0.562132,0.430520,4.223418,1.818267
980,0,5,13,0.976088,0.913553,0.806736,5.166119,4.167693
980,0,5,14,0.978422,0.676231,0.635523,8.483480,5.391448
980,0,5,15,0.847188,0.465004,0.332444,3.529950,1.173510
980,0,6,0,0.895501,0.617232,0.406977,4.211328,1.713912
980,0,6,1,0.935784,0.669015,0.580737,6.200656,3.600951
980,0,6,2,0.967550,0.875775,0.747259,4.717152,3.524933
980,0,6,3,0.940143,0.521578,0.473728,4.472938,2.118958
980,0,6,4,0.975191,0.730819,0.685263,6.583972,4.511754
980,0,6,5,0.912562,0.679376,0.528626,4.666818,2.467001
980,0,6,6,0.984351,0.769357,0.724740,12.604164,9.134741
980,0,6,7,0.990271,0.829229,0.804477,9.261547,7.450700
980,0,6,8,0.901814,0.761024,0.523052,4.379930,2.290929
980,0,6,9,0.987778,0.817188,0.769309,11.397485,8.768193
980,0,6,10,0.911272,0.771409,0.470162,2.888806,1.358206
980,0,6,11,0.978694,0.565585,0.556488,6.858835,3.816859
980,0,6,12,0.983039,0.835523,0.753192,12.838228,9.669654
980,0,6,13,0.501008,0.407045,-0.391889,1.757908,-0.688904
980,0,6,14,0.894200,0.705446,0.400101,3.506515,1.402961
980,0,6,15,0.941156,0.759557,0.522635,4.489939,2.346598
980,0,7,0,0.994481,0.815129,0.807460,11.754069,9.490938
980,0,7,1,0.932860,0.684205,0.594715,5.896025,3.506457
980,0,7,2,0.974473,0.954216,0.956588,3.480543,3.329446
980,0,7,3,0.984040,0.673621,0.647188,8.854434,5.730480
980,0,7,4,0.805082,0.463845,0.292202,6.492809,1.897212
980,0,7,5,0.899699,0.632405,0.487485,4.857881,2.368144
980,0,7,6,0.964529,0.709206,0.635391,9.931880,6.310630
980,0,7,7,0.976013,0.771245,0.711059,5.168301,3.674966
980,0,7,8,0.961057,0.881011,0.804275,7.064663,5.681932
980,0,7,9,0.991699,0.830603,0.814234,11.729383,9.550467
980,0,7,10,0.998628,0.912170,0.909233,27.101143,24.641266
980,0,7,11,0.977733,1.111562,1.206627,4.007393,4.835429
980,0,7,12,0.985337,0.719702,0.697385,12.879944,8.982275
980,0,7,13,0.950429,0.671191,0.635632,7.101511,4.513945
980,0,7,14,0.969721,0.695370,0.624062,5.794151,3.615909
980,0,7,15,0.560895,0.345067,-0.015754,4.273979,-0.067333
980,0,8,0,0.946821,0.733336,0.615745,4.758160,2.929811
980,0,8,1,0.941431,0.662105,0.561140,6.666100,3.740615
980,0,8,2,0.920998,0.598075,0.469422,5.617459,2.636960
980,0,8,3,0.933231,0.666108,0.560521,6.223693,3.488508
980,0,8,4,0.992092,0.992146,0.981802,12.502343,12.274826
980,0,8,5,-0.369599,-0.488400,-1.484480,0.936640,-1.390423
980,0,8,6,0.970297,0.765557,0.702270,5.561592,3.905741
980,0,8,7,0.987035,0.874669,0.822418,6.779268,5.575391
980,0,8,8,0.977988,0.918453,0.856701,5.305055,4.544848
980,0,8,9,0.951957,0.747786,0.627622,6.033740,3.786905
980,0,8,10,0.974595,0.760917,0.720154,7.839785,5.645854
980,0,8,11,0.973990,0.825894,0.752052,5.895543,4.433756
980,0,8,12,0.922613,0.624607,0.479494,5.377156,2.578313
980,0,8,13,0.978921,0.862193,0.810409,7.008738,5.679946
980,0,8,14,0.965812,0.740940,0.665121,5.696759,3.789036
980,0,8,15,0.533748,0.316849,-0.031792,3.345959,-0.106375
980,0,9,0,0.870477,0.683808,0.333737,3.602850,1.202404
980,0,9,1,0.586953,0.400831,-0.057083,3.245588,-0.185269
980,0,9,2,0.868085,0.738542,0.467524,2.707363,1.265757
980,0,9,3,0.971930,0.807744,0.748241,6.371468,4.767395
980,0,9,4,0.974280,0.845427,0.810674,6.168969,5.001020
980,0,9,5,0.979081,0.829370,0.803880,6.605265,5.309842
980,0,9,6,0.981945,0.847472,0.774218,8.213819,6.359282
980,0,9,7,0.985522,0.923403,0.905242,5.104971,4.621232
980,0,9,8,0.745404,0.384544,0.214099,4.948462,1.059460
980,0,9,9,0.966264,0.795962,0.663324,7.104257,4.712420
980,0,9,10,0.966589,0.771544,0.727889,7.812879,5.686908
980,0,9,11,0.925117,0.813100,0.679385,3.542747,2.406890
980,0,9,12,0.940319,0.590605,0.520527,8.183235,4.259596
980,0,9,13,0.906653,0.756467,0.568322,2.993903,1.701501
980,0,9,14,0.963380,0.832836,0.751715,5.885706,4.424374
980,0,9,15,0.988488,0.898492,0.834977,10.733210,8.961986
980,0,10,0,0.875439,0.554757,0.390704,6.301254,2.461924
980,0,10,1,0.997436,0.886818,0.885835,21.513180,19.057137
980,0,10,2,0.982490,0.895032,0.854190,6.504682,5.556234
980,0,10,3,0.983442,0.800298,0.749616,5.298981,3.972199
980,0,10,4,0.996252,0.896826,0.896740,7.682127,6.888872
980,0,10,5,0.990897,0.881447,0.864599,11.162634,9.651207
980,0,10,6,0.975619,0.780565,0.719962,10.330879,7.437845
980,0,10,7,0.985187,0.943043,0.909515,4.866381,4.426048
980,0,10,8,0.955845,0.778290,0.701453,6.648832,4.663846
980,0,10,9,0.991624,0.736291,0.725430,9.763035,7.082397
980,0,10,10,0.995204,0.794761,0.790305,15.369788,12.146821
980,0,10,11,0.969587,0.813902,0.748163,8.040853,6.015868
980,0,10,12,0.976238,0.862255,0.823940,6.470840,5.331584
980,0,10,13,0.993482,0.898323,0.890505,12.266964,10.923795
980,0,10,14,0.854471,0.509682,0.348084,6.789508,2.363320
980,0,10,15,0.933497,0.742251,0.675186,4.635740,3.129988
980,0,11,0,0.994461,0.983926,0.985321,8.596812,8.470618
980,0,11,1,0.988875,0.999300,0.986154,11.233801,11.078261
980,0,11,2,0.959691,0.808859,0.722966,5.945364,4.298293
980,0,11,3,0.013471,0.007126,-0.255804,2.318906,-0.593185
980,0,11,4,0.955774,0.682589,0.582283,5.655909,3.293338
980,0,11,5,0.956341,0.801473,0.702673,4.854450,3.411091
980,0,11,6,0.973989,0.619749,0.586260,10.431026,6.115295
980,0,11,7,0.899465,0.561054,0.427754,7.354172,3.145776
980,0,11,8,0.928782,0.734934,0.654495,4.785624,3.132165
980,0,11,9,0.990375,0.925245,0.890966,5.122944,4.564369
980,0,11,10,0.587994,0.343929,0.042888,4.160439,0.178432
980,0,11,11,0.967927,0.706515,0.664089,6.113138,4.059668
980,0,11,12,0.864384,0.505504,0.362165,6.900529,2.499130
980,0,11,13,0.990648,1.038933,1.037306,11.514444,11.944007
980,0,11,14,0.975381,0.837667,0.801505,6.157409,4.935195
980,0,11,15,0.990093,1.008708,1.001862,10.897269,10.917559
980,0,12,0,0.989438,1.802519,1.849995,-1.370071,-2.534624
980,0,12,1,0.982311,0.868596,0.824075,10.149301,8.363786
980,0,12,2,0.939704,0.716078,0.537799,3.458830,1.860156
980,0,12,3,0.998427,1.079023,1.080412,-3.707282,-4.005391
980,0,12,4,0.968320,0.742514,0.669997,5.082579,3.405313
980,0,12,5,0.861774,0.585770,0.425624,4.616171,1.964751
980,0,12,6,0.909817,0.664290,0.429392,3.375297,1.449326
980,0,12,7,0.814327,0.477736,0.321993,6.723922,2.165056
980,0,12,8,0.892436,0.545419,0.420742,6.835992,2.876187
980,0,12,9,0.988656,1.031314,1.033005,8.866778,9.159426
980,0,12,10,0.981445,0.866665,0.818402,3.839028,3.141870
980,0,12,11,0.927067,0.608466,0.526220,6.884457,3.622738
980,0,12,12,0.928851,0.697945,0.602004,5.567735,3.351802
980,0,12,13,0.924616,0.520827,0.448901,5.944038,2.668283
980,0,12,14,0.937624,0.623438,0.542076,7.401221,4.012026
980,0,12,15,0.690195,0.397400,0.178175,5.983892,1.066178
980,0,13,0,0.596557,0.286239,0.122210,7.014791,0.857280
980,0,13,1,0.878622,0.527138,0.398671,6.342300,2.528491
980,0,13,2,0.880215,0.654607,0.397127,3.783205,1.502412
980,0,13,3,0.840145,0.464067,0.328580,6.419641,2.109364
980,0,13,4,0.980694,0.718677,0.692661,11.087380,7.679801
980,0,13,5,0.963482,0.609005,0.558236,5.881660,3.283352
980,0,13,6,0.988201,0.943842,0.930205,9.298800,8.649788
980,0,13,7,0.687432,0.443007,0.097239,4.133924,0.401980
980,0,13,8,0.721674,0.501931,0.117253,4.158117,0.487554
980,0,13,9,0.803215,0.453835,0.290742,6.035371,1.754738
980,0,13,10,0.831972,0.513508,0.337798,4.881371,1.648918
980,0,13,11,0.764246,0.370071,0.257832,8.080626,2.083440
980,0,13,12,0.835537,0.433246,0.321868,7.247574,2.332761
980,0,13,13,0.606068,0.464082,-0.138966,2.397313,-0.333145
980,0,13,14,0.847622,0.454160,0.344024,7.004588,2.409748
980,0,13,15,0.976897,1.336644,1.413399,-1.662542,-2.349835
980,0,14,0,0.816922,0.564176,0.270804,4.250587,1.151076
980,0,14,1,0.977072,0.835695,0.814454,10.795995,8.792843
980,0,14,2,0.940587,0.589403,0.527307,7.598784,4.006896
980,0,14,3,0.820540,0.580772,0.312678,3.715473,1.161745
980,0,14,4,0.937782,0.563967,0.504173,8.396730,4.233402
980,0,14,5,0.610730,0.336852,0.108790,4.278964,0.465507
980,0,14,6,0.750737,0.512249,0.181932,4.036903,0.734442
980,0,14,7,0.910056,0.605068,0.565837,6.046928,3.421575
980,0,14,8,0.928831,0.651044,0.542864,5.476311,2.972891
980,0,14,9,0.769856,0.556608,0.159161,3.432751,0.546359
980,0,14,10,0.556367,0.355852,-0.036698,3.363457,-0.123431
980,0,14,11,0.932953,0.619049,0.520882,5.633267,2.934265
980,0,14,12,0.912124,0.669458,0.493442,4.527658,2.234138
980,0,14,13,0.813400,0.580686,0.237088,3.757430,0.890842
980,0,14,14,0.932797,0.588570,0.510446,6.821712,3.482113
980,0,14,15,0.908850,0.640191,0.460324,4.058066,1.868025
980,0,15,0,0.985453,0.866392,0.837211,5.963378,4.992604
980,0,15,1,0.962802,0.831795,0.747117,4.328622,3.233989
980,0,15,2,0.970324,0.794793,0.740181,6.178780,4.573417
980,0,15,3,0.969881,0.822236,0.762983,5.049994,3.853062
980,0,15,4,0.997734,1.064979,1.068335,-3.379498,-3.610436
980,0,15,5,0.974371,0.853338,0.843650,5.335028,4.500895
980,0,15,6,0.932664,1.427836,1.585446,1.757827,2.786939
980,0,15,7,0.938683,0.741795,0.622281,4.586789,2.854272
980,0,15,8,0.961791,0.787103,0.749855,5.554909,4.165373
980,0,15,9,0.970772,0.828113,0.752772,5.304794,3.993302
980,0,15,10,0.928222,1.071658,1.539781,-0.642432,-0.989205
980,0,15,11,0.961932,0.725986,0.661541,5.982538,3.957692
980,0,15,12,0.970906,0.968888,0.898971,6.230065,5.600645
980,0,15,13,0.928351,0.669667,0.534310,4.432951,2.368572
980,0,15,14,0.964730,0.751122,0.697863,5.423331,3.784741
980,0,15,15,0.739853,0.482708,0.237159,3.767014,0.893381
437,0,0,0,0.763237,0.720536,0.011173,1.469330,0.016418
437,0,0,1,0.985014,1.011273,1.037551,-1.044374,-1.083591
437,0,0,2,0.932181,0.718388,0.442478,1.264703,0.559603
437,0,0,3,0.987294,1.003117,1.028829,-2.700020,-2.777860
437,0,0,4,0.952385,0.912995,0.975156,-1.384249,-1.349859
437,0,0,5,0.635823,0.879295,-22.226522,0.054265,-1.206111
437,0,0,6,0.905724,0.987817,0.732908,0.634809,0.465257
437,0,0,7,0.982522,1.040246,1.115304,-1.287205,-1.435625
437,0,0,8,0.959182,0.959209,0.940745,1.335219,1.256100
437,0,0,9,0.970514,1.110661,1.279720,-1.065809,-1.363936
437,0,0,10,0.991721,0.762918,0.745887,3.611299,2.693623
437,0,0,11,0.789445,0.780334,0.004209,1.131317,0.004762
437,0,0,12,0.884173,0.448225,0.371759,3.482077,1.294494
437,0,0,13,0.935875,1.029155,2.807790,-0.377797,-1.060775
437,0,0,14,0.970207,1.104923,1.237649,-1.389919,-1.720231
437,0,0,15,0.996058,0.986392,0.968647,-3.101483,-3.004244
437,0,1,0,0.956293,1.001859,1.532538,-0.400733,-0.614139
437,0,1,1,0.992109,0.981208,0.974729,2.974047,2.898889
437,0,1,2,0.947739,0.676957,0.590558,2.088916,1.233626
437,0,1,3,0.899665,0.976148,-0.192529,0.416525,-0.080193
437,0,1,4,0.980009,0.768823,0.714080,3.296644,2.354067
437,0,1,5,0.869363,0.930483,0.446589,1.067089,0.476550
437,0,1,6,0.991802,0.973724,0.952546,2.946837,2.806999
437,0,1,7,0.954837,0.930330,0.656721,0.456262,0.299637
437,0,1,8,0.871762,0.933275,-2.160268,0.280870,-0.606755
437,0,1,9,0.935511,0.949824,1.420329,0.547364,0.777437
437,0,1,10,0.934433,0.965711,1.069490,1.407485,1.505290
437,0,1,11,0.952648,1.022632,-36.130895,-0.006737,0.243404
437,0,1,12,0.884775,0.869083,1.246048,-0.416274,-0.518698
437,0,1,13,0.964097,0.733738,0.624893,2.230094,1.393571
437,0,1,14,0.205774,0.079205,0.051554,1.357539,0.069987
437,0,1,15,0.984654,0.825924,0.808724,6.209353,5.021653
437,0,2,0,0.948907,0.979748,0.946815,1.566240,1.482940
437,0,2,1,0.991402,0.887722,0.865151,3.332523,2.883135
437,0,2,2,0.952186,0.990679,-1.119285,0.234991,-0.263022
437,0,2,3,0.961838,0.999000,-0.203229,0.294546,-0.059860
437,0,2,4,0.929273,0.583565,0.513915,3.032428,1.558411
437,0,2,5,0.982559,0.733103,0.694694,6.447825,4.479263
437,0,2,6,0.938885,0.976866,0.664133,1.182388,0.785263
437,0,2,7,0.946960,0.972882,-0.222003,0.381392,-0.084670
437,0,2,8,0.780872,0.515650,0.242059,1.207858,0.292373
437,0,2,9,0.952528,0.923156,0.841271,3.256647,2.739722
437,0,2,10,0.906064,0.898818,0.133534,0.731454,0.097674
437,0,2,11,0.974204,0.768755,0.689516,3.382610,2.332363
437,0,2,12,0.955884,0.992556,-1.261577,0.204704,-0.258250
437,0,2,13,0.906665,0.731184,0.497630,1.208675,0.601473
437,0,2,14,0.868499,0.852939,-0.771317,0.334761,-0.258207
437,0,2,15,0.947129,1.001045,-1.248174,0.245932,-0.306966
437,0,3,0,0.702317,0.473498,0.106734,3.599031,0.384141
437,0,3,1,0.957188,0.914069,0.765188,2.400545,1.836868
437,0,3,2,0.897466,0.889723,0.025755,0.999724,0.025748
437,0,3,3,0.917387,0.946702,24.972767,-0.026545,-0.662912
437,0,3,4,0.932222,0.936078,0.855508,2.360477,2.019408
437,0,3,5,0.988807,0.798079,0.777395,3.513522,2.731393
437,0,3,6,0.953695,0.973325,0.913128,1.514789,1.383196
437,0,3,7,0.935595,0.871494,0.434717,1.134086,0.493006
437,0,3,8,0.994216,0.979069,0.976770,9.297827,9.081840
437,0,3,9,0.984036,0.700037,0.672781,4.306104,2.897065
437,0,3,10,0.955358,1.121397,1.151336,1.066236,1.227596
437,0,3,11,0.813035,0.856801,-0.478781,0.901407,-0.431577
437,0,3,12,0.973486,0.746276,0.700303,4.349207,3.045762
437,0,3,13,0.985870,0.760818,0.735600,10.201124,7.503946
437,0,3,14,0.889809,0.867525,0.262417,1.219041,0.319897
437,0,3,15,0.959479,0.986954,0.868253,1.831967,1.590611
437,0,4,0,0.965826,0.923133,0.847162,2.187849,1.853463
437,0,4,1,0.874018,0.776520,0.284167,2.949089,0.838034
437,0,4,2,0.960058,0.961045,0.684422,0.795973,0.544781
437,0,4,3,0.957748,0.991775,1.027714,1.596702,1.640953
437,0,4,4,0.984880,0.736423,0.700939,5.402738,3.786992
437,0,4,5,0.943480,0.858041,0.554210,1.866070,1.034194
437,0,4,6,0.900036,0.802978,0.172597,1.691863,0.292011
437,0,4,7,0.971552,0.961668,0.714388,1.399908,1.000077
437,0,4,8,0.934263,0.452740,0.421226,2.501651,1.053761
437,0,4,9,0.954871,0.973746,0.616124,0.603441,0.371794
437,0,4,10,0.983647,0.743606,0.704031,9.024481,6.353511
437,0,4,11,0.917920,1.027711,1.875679,1.160450,2.176632
437,0,4,12,0.934619,0.928503,0.726912,1.327986,0.965328
437,0,4,13,0.977703,0.748668,0.711060,6.559134,4.663937
437,0,4,14,0.965200,0.971563,0.613185,1.027562,0.630086
437,0,4,15,0.945954,0.893960,0.408785,1.230057,0.502829
437,0,5,0,0.992421,0.806038,0.798072,13.622221,10.871518
437,0,5,1,0.923768,0.624008,0.503126,6.112175,3.075192
437,0,5,2,0.985146,0.682973,0.659975,10.678144,7.047312
437,0,5,3,0.960654,0.889364,0.717727,3.225153,2.314780
437,0,5,4,0.996752,0.881675,0.872650,11.729649,10.235880
437,0,5,5,0.988444,0.846926,0.828385,10.896212,9.026258
437,0,5,6,0.997558,0.910270,0.908461,17.815849,16.185007
437,0,5,7,0.870597,0.657636,0.368188,3.338734,1.229280
437,0,5,8,0.860627,0.633914,0.355788,3.755304,1.336091
437,0,5,9,0.947645,0.726886,0.624052,4.617910,2.881816
437,0,5,10,0.917709,0.850326,0.779674,4.056033,3.162385
437,0,5,11,0.951804,0.568328,0.516934,7.769861,4.016507
437,0,5,12,0.961010,0.579543,0.535134,4.979991,2.664961
437,0,5,13,0.975523,0.916977,0.801972,5.012308,4.019731
437,0,5,14,0.981732,0.686458,0.654727,8.999501,5.892215
437,0,5,15,0.813818,0.436199,0.294670,3.206093,0.944739
437,0,6,0,0.867968,0.607148,0.348227,3.928737,1.368093
437,0,6,1,0.921262,0.660139,0.555100,5.716725,3.173351
437,0,6,2,0.967827,0.876368,0.749856,4.730638,3.547297
437,0,6,3,0.956304,0.568925,0.533761,4.913591,2.622683
437,0,6,4,0.966208,0.704357,0.647835,6.327952,4.099472
437,0,6,5,0.892300,0.667318,0.489681,4.313738,2.112355
437,0,6,6,0.990240,0.789221,0.766753,13.706599,10.509580
437,0,6,7,0.984913,0.816721,0.799247,9.426136,7.533806
437,0,6,8,0.907684,0.763863,0.540196,4.490170,2.425570
437,0,6,9,0.994311,0.847729,0.831300,13.350813,11.098533
437,0,6,10,0.902550,0.785852,0.435802,2.619542,1.141602
437,0,6,11,0.980501,0.602631,0.587231,6.744956,3.960845
437,0,6,12,0.991256,0.822217,0.795251,14.254361,11.335801
437,0,6,13,0.508042,0.398126,-0.310527,1.861254,-0.577969
437,0,6,14,0.889179,0.713186,0.396556,3.340971,1.324883
437,0,6,15,0.928994,0.736631,0.483024,4.369273,2.110465
437,0,7,0,0.991595,0.796751,0.785510,12.065631,9.477670
437,0,7,1,0.912061,0.666598,0.546628,5.360479,2.930189
437,0,7,2,0.968252,0.923599,0.891155,3.204879,2.856044
437,0,7,3,0.984262,0.705881,0.684681,9.538674,6.530947
437,0,7,4,0.823579,0.479321,0.315440,6.504110,2.051658
437,0,7,5,0.864126,0.607170,0.405734,4.333765,1.758357
437,0,7,6,0.976926,0.726351,0.687183,11.319465,7.778548
437,0,7,7,0.965218,0.746223,0.661502,5.002271,3.309015
437,0,7,8,0.961477,0.859483,0.784425,7.442515,5.838091
437,0,7,9,0.988340,0.823839,0.812003,12.544493,10.186168
437,0,7,10,0.998652,0.911626,0.910435,28.413528,25.868670
437,0,7,11,0.972256,1.129665,1.255650,3.930794,4.935702
437,0,7,12,0.984472,0.727536,0.711326,13.683454,9.733401
437,0,7,13,0.937074,0.657313,0.610092,6.656189,4.060886
437,0,7,14,0.978241,0.697393,0.661668,6.381057,4.222141
437,0,7,15,0.616726,0.372802,0.048351,4.401322,0.212810
437,0,8,0,0.932781,0.712081,0.570963,4.437520,2.533657
437,0,8,1,0.926002,0.629459,0.516610,6.582910,3.400794
437,0,8,2,0.914992,0.589714,0.455539,5.551647,2.528994
437,0,8,3,0.930755,0.668421,0.554763,6.087920,3.377354
437,0,8,4,0.987804,0.978134,0.968108,13.801609,13.361443
437,0,8,5,-0.260054,-0.198305,-0.609279,1.276176,-0.777547
437,0,8,6,0.953122,0.732726,0.649101,4.918383,3.192527
437,0,8,7,0.984634,0.858870,0.796311,7.177712,5.715694
437,0,8,8,0.978503,0.920169,0.863469,5.412927,4.673892
437,0,8,9,0.949954,0.738093,0.617960,5.876671,3.631550
437,0,8,10,0.966688,0.741195,0.690524,7.505597,5.182795
437,0,8,11,0.965920,0.802728,0.723374,5.932329,4.291292
437,0,8,12,0.916212,0.631844,0.484675,5.209575,2.524951
437,0,8,13,0.968202,0.846724,0.760158,5.782698,4.395763
437,0,8,14,0.951327,0.714975,0.626177,5.340638,3.344186
437,0,8,15,0.483713,0.282918,-0.037826,3.455472,-0.130705
437,0,9,0,0.874758,0.694580,0.329248,3.451445,1.136383
437,0,9,1,0.561367,0.382427,-0.084980,3.236760,-0.275061
437,0,9,2,0.880493,0.744726,0.506297,2.842329,1.439063
437,0,9,3,0.969964,0.782031,0.728658,6.591893,4.803235
437,0,9,4,0.962684,0.817186,0.769706,5.677193,4.369772
437,0,9,5,0.977699,0.811435,0.782519,6.349595,4.968678
437,0,9,6,0.983302,0.845624,0.781542,8.764601,6.849904
437,0,9,7,0.985487,0.922278,0.902096,5.249204,4.735284
437,0,9,8,0.749901,0.366434,0.225860,5.171772,1.168096
437,0,9,9,0.973298,0.798160,0.698653,7.712888,5.388629
437,0,9,10,0.956471,0.744230,0.684467,7.158949,4.900066
437,0,9,11,0.924274,0.804745,0.668092,3.544971,2.368366
437,0,9,12,0.963087,0.636427,0.597766,9.194832,5.496357
437,0,9,13,0.907550,0.744587,0.570667,3.123532,1.782495
437,0,9,14,0.970074,0.828653,0.775037,6.318560,4.897120
437,0,9,15,0.989460,0.889449,0.841719,10.979430,9.241595
437,0,10,0,0.869758,0.543557,0.377346,6.273297,2.367207
437,0,10,1,0.996755,0.863816,0.862200,21.262987,18.332956
437,0,10,2,0.981567,0.899424,0.855612,6.466385,5.532716
437,0,10,3,0.978539,0.783905,0.746721,5.359895,4.002345
437,0,10,4,0.995224,0.884094,0.883528,7.279537,6.431675
437,0,10,5,0.985907,0.866560,0.851562,11.150606,9.495434
437,0,10,6,0.982112,0.766431,0.739187,11.834215,8.747701
437,0,10,7,0.987129,0.952617,0.925839,4.502209,4.168320
437,0,10,8,0.958212,0.794098,0.725201,6.732140,4.882152
437,0,10,9,0.988367,0.695459,0.685040,10.438256,7.150624
437,0,10,10,0.994917,0.776233,0.772790,15.366412,11.875012
437,0,10,11,0.973117,0.824820,0.766259,7.835292,6.003867
437,0,10,12,0.977018,0.868363,0.830183,6.419010,5.328953
437,0,10,13,0.992010,0.891897,0.886054,12.667772,11.224327
437,0,10,14,0.903638,0.550105,0.430286,7.293138,3.138135
437,0,10,15,0.942216,0.749194,0.695667,4.740603,3.297879
437,0,11,0,0.992754,0.981598,0.984429,7.781283,7.660120
437,0,11,1,0.984093,1.014897,0.997489,11.399216,11.370597
437,0,11,2,0.956434,0.802367,0.701567,5.489680,3.851380
437,0,11,3,0.422028,0.164455,0.048995,2.734016,0.133953
437,0,11,4,0.957923,0.681131,0.590182,5.939787,3.505556
437,0,11,5,0.956012,0.800058,0.708996,4.845921,3.435737
437,0,11,6,0.976977,0.624348,0.600924,10.943278,6.576080
437,0,11,7,0.898281,0.560947,0.428790,7.362873,3.157128
437,0,11,8,0.915410,0.708584,0.597910,4.425891,2.646286
437,0,11,9,0.983257,0.898344,0.867688,5.192482,4.505454
437,0,11,10,0.580055,0.336090,0.044525,4.197189,0.186881
437,0,11,11,0.960295,0.697930,0.647027,5.843312,3.780782
437,0,11,12,0.865836,0.500730,0.362235,6.906146,2.501645
437,0,11,13,0.983987,1.023105,1.018825,12.299555,12.531093
437,0,11,14,0.974812,0.825565,0.790728,6.170854,4.879468
437,0,11,15,0.985278,1.001503,0.986162,10.960563,10.808888
437,0,12,0,0.984704,1.805392,1.878218,-1.302989,-2.447298
437,0,12,1,0.983546,0.866030,0.838004,11.153091,9.346337
437,0,12,2,0.921505,0.690346,0.467404,3.346368,1.564106
437,0,12,3,0.998408,1.082558,1.083547,-3.623717,-3.926468
437,0,12,4,0.954804,0.713822,0.616149,4.849869,2.988243
437,0,12,5,0.872221,0.593898,0.449032,4.717984,2.118527
437,0,12,6,0.888904,0.636785,0.374365,3.377154,1.264288
437,0,12,7,0.808545,0.478386,0.316301,6.438450,2.036486
437,0,12,8,0.880257,0.528226,0.406942,6.929263,2.819807
437,0,12,9,0.983984,1.023726,1.019858,9.303397,9.488143
437,0,12,10,0.977940,0.862817,0.824054,3.849024,3.171805
437,0,12,11,0.912458,0.596101,0.499061,6.585233,3.286436
437,0,12,12,0.916802,0.697285,0.577959,5.221344,3.017723
437,0,12,13,0.946636,0.570376,0.520724,6.194949,3.225856
437,0,12,14,0.915692,0.595692,0.499252,7.056903,3.523174
437,0,12,15,0.730891,0.420220,0.223259,6.129549,1.368477
437,0,13,0,0.604549,0.291644,0.128967,7.016815,0.904938
437,0,13,1,0.828872,0.493029,0.330634,6.067738,2.006202
437,0,13,2,0.865048,0.640042,0.368488,3.789577,1.396414
437,0,13,3,0.780884,0.428739,0.262209,6.163466,1.616113
437,0,13,4,0.983565,0.726472,0.707446,11.693188,8.272304
437,0,13,5,0.968392,0.615315,0.582652,6.169735,3.594808
437,0,13,6,0.987596,0.930172,0.922003,9.806497,9.041617
437,0,13,7,0.666290,0.423610,0.076141,4.209733,0.320531
437,0,13,8,0.733738,0.504238,0.156770,4.294075,0.673180
437,0,13,9,0.787017,0.444993,0.274015,6.088709,1.668396
437,0,13,10,0.827809,0.508591,0.334122,4.980054,1.663947
437,0,13,11,0.751775,0.363510,0.248918,8.052487,2.004413
437,0,13,12,0.805655,0.416735,0.293409,7.073105,2.075315
437,0,13,13,0.609817,0.453523,-0.094781,2.495286,-0.236507
437,0,13,14,0.811982,0.423563,0.304403,6.941166,2.112913
437,0,13,15,0.973786,1.336170,1.432286,-1.566623,-2.243852
437,0,14,0,0.818930,0.573362,0.269917,4.170718,1.125746
437,0,14,1,0.976562,0.837715,0.815148,10.707994,8.728603
437,0,14,2,0.924182,0.567923,0.495266,7.478082,3.703637
437,0,14,3,0.821109,0.590739,0.305362,3.625408,1.107062
437,0,14,4,0.931970,0.558111,0.495836,8.329082,4.129861
437,0,14,5,0.653318,0.355775,0.145284,4.282729,0.622211
437,0,14,6,0.748933,0.520368,0.168369,3.901038,0.656812
437,0,14,7,0.915377,0.612009,0.569940,6.032751,3.438308
437,0,14,8,0.921862,0.646760,0.526436,5.361439,2.822456
437,0,14,9,0.768431,0.562612,0.146302,3.359065,0.491437
437,0,14,10,0.591076,0.380963,-0.007546,3.314863,-0.025014
437,0,14,11,0.927251,0.619253,0.512891,5.560848,2.852112
437,0,14,12,0.909161,0.667962,0.488192,4.515101,2.204237
437,0,14,13,0.818013,0.588267,0.248480,3.785820,0.940701
437,0,14,14,0.923475,0.578425,0.493429,6.692214,3.302130
437,0,14,15,0.888403,0.617785,0.420691,4.065702,1.710406
437,0,15,0,0.985936,0.864247,0.834104,6.003298,5.007374
437,0,15,1,0.963118,0.826482,0.738510,4.328846,3.196895
437,0,15,2,0.969392,0.791468,0.733181,6.160918,4.517067
437,0,15,3,0.971274,0.820864,0.762141,5.145758,3.921792
437,0,15,4,0.998004,1.057210,1.059991,-3.470201,-3.678383
437,0,15,5,0.974354,0.849085,0.835751,5.391962,4.506338
437,0,15,6,0.940484,1.426762,1.560133,1.839936,2.870544
437,0,15,7,0.936824,0.741016,0.611791,4.500066,2.753100
437,0,15,8,0.963388,0.789175,0.752768,5.594543,4.211394
437,0,15,9,0.971756,0.827679,0.753044,5.331920,4.015172
437,0,15,10,0.928209,1.054096,1.514566,-0.649044,-0.983021
437,0,15,11,0.960858,0.719011,0.650785,5.949985,3.872163
437,0,15,12,0.971673,0.973748,0.904961,6.141477,5.557796
437,0,15,13,0.947225,0.707632,0.593322,4.456278,2.644010
437,0,15,14,0.977288,0.804082,0.768541,5.563153,4.275510
437,0,15,15,0.794368,0.517885,0.302373,3.766682,1.138942
1,0,0,0,0.763362,0.720740,0.004382,1.459461,0.006395
1,0,0,1,0.983562,0.983822,1.010378,-0.997101,-1.007449
1,0,0,2,0.856195,0.680009,0.096726,0.876984,0.084827
1,0,0,3,0.976834,1.009318,1.066802,-2.252099,-2.402544
1,0,0,4,0.950117,1.034740,1.161823,-1.388357,-1.613025
1,0,0,5,0.739443,0.980162,5.082790,-0.240277,-1.221276
1,0,0,6,0.903765,0.988311,0.640168,0.582183,0.372695
1,0,0,7,0.983763,1.050126,1.120326,-1.382058,-1.548355
1,0,0,8,0.945513,0.895893,0.862789,1.150118,0.992310
1,0,0,9,0.888707,0.837755,-1.468894,0.179937,-0.264309
1,0,0,10,0.971007,0.716821,0.629300,1.961528,1.234390
1,0,0,11,0.793402,0.786081,0.007371,1.108922,0.008174
1,0,0,12,0.865581,0.461652,0.359221,3.136814,1.126810
1,0,0,13,0.957811,1.050129,1.707953,-0.778812,-1.330174
1,0,0,14,0.966823,0.829589,0.517704,0.477545,0.247227
1,0,0,15,0.995824,0.983709,0.964229,-3.077165,-2.967092
1,0,1,0,0.952685,1.001653,4.976082,-0.073029,-0.363396
1,0,1,1,0.981007,0.953365,0.904921,1.280470,1.158725
1,0,1,2,0.978513,0.736022,0.694165,3.000882,2.083106
1,0,1,3,0.898562,0.963762,0.119017,0.508749,0.060550
1,0,1,4,0.968321,0.718029,0.650212,2.614803,1.700177
1,0,1,5,0.872685,0.926796,0.519155,1.115048,0.578882
1,0,1,6,0.993943,0.969033,0.962974,3.236498,3.116663
1,0,1,7,0.952817,0.927316,0.374755,0.330128,0.123717
1,0,1,8,0.872199,0.930857,-2.280837,0.271199,-0.618560
1,0,1,9,0.939286,0.961285,1.208236,0.578236,0.698646
1,0,1,10,0.926753,0.956471,0.914647,1.016802,0.930015
1,0,1,11,0.952471,1.027877,6.782836,0.045769,0.310441
1,0,1,12,0.919512,0.900520,1.159627,-0.340084,-0.394371
1,0,1,13,0.971388,0.727956,0.684673,3.141211,2.150701
1,0,1,14,-0.415111,-0.286288,-0.550909,0.912986,-0.502972
1,0,1,15,0.990798,0.864043,0.851672,6.570205,5.595661
1,0,2,0,0.947005,0.977725,0.882849,1.555926,1.373647
1,0,2,1,0.991088,0.851897,0.831106,3.472257,2.885813
1,0,2,2,0.950675,0.998073,-2.246157,0.160311,-0.360084
1,0,2,3,0.959800,1.005501,-0.800153,0.208672,-0.166970
1,0,2,4,0.939143,0.517306,0.479118,3.071276,1.471504
1,0,2,5,0.980851,0.749684,0.702099,6.466163,4.539886
1,0,2,6,0.937227,0.982172,0.615132,1.137004,0.699408
1,0,2,7,0.943107,0.974143,-0.507826,0.335230,-0.170239
1,0,2,8,0.899624,0.522029,0.449506,1.924255,0.864965
1,0,2,9,0.955851,0.920481,0.850074,3.458774,2.940213
1,0,2,10,0.901064,0.907714,-0.143852,0.591233,-0.085050
1,0,2,11,0.984599,0.807603,0.762586,3.860672,2.944095
1,0,2,12,0.955086,1.000188,-2.901543,0.119238,-0.345973
1,0,2,13,0.853841,0.681763,0.374287,0.993223,0.371751
1,0,2,14,0.876495,0.861622,-0.842664,0.327268,-0.275777
1,0,2,15,0.941063,0.995443,-1.317714,0.265682,-0.350093
1,0,3,0,0.677430,0.464948,0.070810,3.557061,0.251875
1,0,3,1,0.952654,0.926967,0.734383,2.196109,1.612784
1,0,3,2,0.896136,0.877070,0.126736,1.131293,0.143376
1,0,3,3,0.920058,0.958492,44.303339,-0.014506,-0.642657
1,0,3,4,0.926216,0.908844,0.794379,2.481618,1.971345
1,0,3,5,0.991177,0.795888,0.783567,4.320963,3.385766
1,0,3,6,0.947843,0.982601,0.800472,1.175688,0.941105
1,0,3,7,0.935547,0.867265,0.455373,1.185704,0.539938
1,0,3,8,0.992539,0.952560,0.948556,8.871006,8.414642
1,0,3,9,0.986201,0.714873,0.688582,4.782075,3.292853
1,0,3,10,0.952804,1.113492,1.047448,1.104180,1.156570
1,0,3,11,0.803531,0.837852,-0.350050,1.018844,-0.356646
1,0,3,12,0.976593,0.741747,0.699388,4.240169,2.965523
1,0,3,13,0.985361,0.737500,0.714576,10.451838,7.468637
1,0,3,14,0.886041,0.855241,0.292082,1.316709,0.384587
1,0,3,15,0.952747,0.976964,0.776284,1.744997,1.354613
1,0,4,0,0.965340,0.925685,0.866319,2.181958,1.890273
1,0,4,1,0.899199,0.781088,0.408473,3.362690,1.373568
1,0,4,2,0.962315,0.964685,0.714104,0.788249,0.562892
1,0,4,3,0.958683,0.993641,1.046197,1.861157,1.947136
1,0,4,4,0.978054,0.731251,0.674987,5.401325,3.645823
1,0,4,5,0.945257,0.841954,0.585075,2.075789,1.214493
1,0,4,6,0.898546,0.771148,0.279084,2.062600,0.575640
1,0,4,7,0.970579,0.959739,0.709445,1.444953,1.025115
1,0,4,8,0.901859,0.439715,0.394544,2.585353,1.020035
1,0,4,9,0.955296,0.981434,0.604316,0.553480,0.334477
1,0,4,10,0.987422,0.719872,0.696763,9.568858,6.667222
1,0,4,11,0.928008,1.044942,1.565338,1.572463,2.461437
1,0,4,12,0.935071,0.926605,0.757178,1.401170,1.060935
1,0,4,13,0.977300,0.691271,0.668343,6.752539,4.513010
1,0,4,14,0.965467,0.972836,0.618799,1.021634,0.632186
1,0,4,15,0.947019,0.883879,0.498775,1.405283,0.700920
1,0,5,0,0.994550,0.811428,0.806471,14.300285,11.532761
1,0,5,1,0.903186,0.592000,0.452518,5.992295,2.711624
1,0,5,2,0.984591,0.670337,0.649905,10.665669,6.931675
1,0,5,3,0.963807,0.895611,0.739829,3.256865,2.409522
1,0,5,4,0.996422,0.890169,0.879566,11.624460,10.224480
1,0,5,5,0.986363,0.815699,0.796925,10.081305,8.034045
1,0,5,6,0.996771,0.898819,0.894927,17.013311,15.225671
1,0,5,7,0.889158,0.668300,0.423669,3.544340,1.501626
1,0,5,8,0.887233,0.635260,0.432990,4.293940,1.859233
1,0,5,9,0.962739,0.761596,0.693515,4.949741,3.432718
1,0,5,10,0.908236,0.821886,0.730416,4.137979,3.022447
1,0,5,11,0.961049,0.505160,0.487011,8.894152,4.331547
1,0,5,12,0.912997,0.509509,0.428418,4.455670,1.908889
1,0,5,13,0.977178,0.909816,0.813125,5.348326,4.348858
1,0,5,14,0.987757,0.679757,0.661255,9.638124,6.373258
1,0,5,15,0.780558,0.407376,0.262113,3.328646,0.872482
1,0,6,0,0.896153,0.607723,0.421197,4.375738,1.843050
1,0,6,1,0.943453,0.686466,0.611264,6.228599,3.807319
1,0,6,2,0.965841,0.877883,0.741839,4.565530,3.386887
1,0,6,3,0.941836,0.522325,0.479476,4.506762,2.160885
1,0,6,4,0.978701,0.747385,0.707000,6.676413,4.720224
1,0,6,5,0.908323,0.666712,0.519919,4.714633,2.451227
1,0,6,6,0.994573,0.764687,0.755216,15.250587,11.517490
1,0,6,7,0.991546,0.816864,0.803479,10.087179,8.104836
1,0,6,8,0.907090,0.762414,0.542054,4.510811,2.445104
1,0,6,9,0.992930,0.833486,0.808960,12.783720,10.341513
1,0,6,10,0.916731,0.766875,0.517021,3.061396,1.582807
1,0,6,11,0.970979,0.505002,0.495785,6.917235,3.429460
1,0,6,12,0.988190,0.829628,0.784415,13.796981,10.822559
1,0,6,13,0.517466,0.397665,-0.270107,1.895468,-0.511980
1,0,6,14,0.903374,0.708952,0.447326,3.640515,1.628497
1,0,6,15,0.941502,0.748360,0.536778,4.711157,2.528847
1,0,7,0,0.993902,0.805908,0.798561,12.111538,9.671803
1,0,7,1,0.950734,0.703617,0.639304,6.496938,4.153517
1,0,7,2,0.973333,0.934186,0.926667,3.452701,3.199506
1,0,7,3,0.989076,0.693156,0.681930,9.527030,6.496765
1,0,7,4,0.867202,0.508805,0.375029,6.975600,2.616050
1,0,7,5,0.912636,0.639390,0.511614,5.083262,2.600666
1,0,7,6,0.987000,0.717378,0.697006,11.756503,8.194359
1,0,7,7,0.983397,0.802276,0.761577,5.714255,4.351848
1,0,7,8,0.968480,0.899904,0.839997,7.555073,6.346236
1,0,7,9,0.992724,0.829360,0.822037,12.731714,10.465944
1,0,7,10,0.998252,0.914425,0.912638,28.045141,25.595062
1,0,7,11,0.976108,1.104263,1.197059,3.720818,4.454040
1,0,7,12,0.993381,0.756059,0.748866,14.643594,10.966096
1,0,7,13,0.959635,0.688820,0.660533,7.490675,4.947836
1,0,7,14,0.986034,0.712401,0.685473,6.680856,4.579549
1,0,7,15,0.645223,0.376536,0.095055,4.618163,0.438979
1,0,8,0,0.949851,0.721869,0.614515,4.928567,3.028677
1,0,8,1,0.945571,0.667348,0.572949,6.765631,3.876359
1,0,8,2,0.928405,0.610711,0.488112,5.765704,2.814311
1,0,8,3,0.939809,0.670575,0.579185,6.515219,3.773516
1,0,8,4,0.993200,0.984354,0.980517,13.463382,13.201074
1,0,8,5,-0.480646,-0.415596,-0.811210,1.372403,-1.113307
1,0,8,6,0.968060,0.752001,0.691601,5.442111,3.763769
1,0,8,7,0.985926,0.869004,0.810229,6.935576,5.619408
1,0,8,8,0.976771,0.935328,0.875207,5.197299,4.548711
1,0,8,9,0.955808,0.758432,0.649906,6.301597,4.095448
1,0,8,10,0.970830,0.752243,0.703612,7.956851,5.598536
1,0,8,11,0.968718,0.799954,0.716051,6.183153,4.427452
1,0,8,12,0.932818,0.635867,0.516902,5.719013,2.956171
1,0,8,13,0.974474,0.836966,0.770596,6.685616,5.151911
1,0,8,14,0.970103,0.751374,0.689915,5.882340,4.058312
1,0,8,15,0.582362,0.333273,0.041680,3.532288,0.147225
1,0,9,0,0.860279,0.671708,0.319151,3.673152,1.172289
1,0,9,1,0.645803,0.415565,0.059814,3.587687,0.214595
1,0,9,2,0.852079,0.721859,0.396055,2.639147,1.045247
1,0,9,3,0.974169,0.816997,0.768826,6.483984,4.985054
1,0,9,4,0.978717,0.861861,0.841117,6.644367,5.588688
1,0,9,5,0.979822,0.834502,0.813988,6.859814,5.583805
1,0,9,6,0.981803,0.846306,0.775981,8.508850,6.602703
1,0,9,7,0.979165,0.922078,0.893689,4.343109,3.881388
1,0,9,8,0.699734,0.361496,0.176495,4.889588,0.862987
1,0,9,9,0.973664,0.799240,0.700166,7.711409,5.399270
1,0,9,10,0.967349,0.761553,0.716872,8.026503,5.753976
1,0,9,11,0.935063,0.811841,0.707817,4.029270,2.851988
1,0,9,12,0.974848,0.600755,0.581165,9.754587,5.669022
1,0,9,13,0.893424,0.745804,0.515124,2.870525,1.478676
1,0,9,14,0.969466,0.839029,0.777268,6.370871,4.951872
1,0,9,15,0.989008,0.902640,0.843918,10.853353,9.159345
1,0,10,0,0.869840,0.550949,0.380762,6.219463,2.368134
1,0,10,1,0.997116,0.879609,0.879313,21.789429,19.159725
1,0,10,2,0.977364,0.875583,0.822590,6.179006,5.082791
1,0,10,3,0.990642,0.822641,0.801574,6.023959,4.828647
1,0,10,4,0.995478,0.905129,0.905532,7.301017,6.611305
1,0,10,5,0.993988,0.899376,0.893525,11.834301,10.574249
1,0,10,6,0.990344,0.787238,0.775017,12.320784,9.548819
1,0,10,7,0.987273,0.949160,0.923018,5.289520,4.882323
1,0,10,8,0.957487,0.775304,0.705569,6.934628,4.892857
1,0,10,9,0.988435,0.698755,0.685647,9.839941,6.746729
1,0,10,10,0.994292,0.770067,0.765190,15.100096,11.554448
1,0,10,11,0.969049,0.813401,0.750039,8.210044,6.157855
1,0,10,12,0.972632,0.843179,0.798986,6.231568,4.978937
1,0,10,13,0.994671,0.894246,0.891055,13.122806,11.693142
1,0,10,14,0.908279,0.555879,0.440238,7.379924,3.248921
1,0,10,15,0.940584,0.732893,0.679742,5.150040,3.500701
1,0,11,0,0.993969,0.986404,0.989295,8.102895,8.016150
1,0,11,1,0.992055,1.017192,1.012727,11.885602,12.036876
1,0,11,2,0.956676,0.808371,0.717833,5.691149,4.085295
1,0,11,3,-0.121618,-0.056162,-0.231711,2.486173,-0.576075
1,0,11,4,0.963412,0.699798,0.612938,5.890295,3.610383
1,0,11,5,0.952829,0.798822,0.689063,4.781939,3.295056
1,0,11,6,0.987828,0.636449,0.624166,11.537483,7.201305
1,0,11,7,0.905146,0.573005,0.440228,7.340421,3.231460
1,0,11,8,0.916178,0.712515,0.602237,4.560634,2.746583
1,0,11,9,0.992276,0.929901,0.910913,5.676087,5.170424
1,0,11,10,0.613988,0.367975,0.062139,4.092934,0.254333
1,0,11,11,0.966595,0.703524,0.659347,5.962605,3.931427
1,0,11,12,0.877453,0.525022,0.382744,6.895400,2.639173
1,0,11,13,0.991666,1.037054,1.036247,12.159567,12.600320
1,0,11,14,0.974914,0.842103,0.807993,6.120420,4.945256
1,0,11,15,0.992466,1.021369,1.019542,11.875546,12.107620
1,0,12,0,0.986882,1.909774,1.971802,-1.237180,-2.439475
1,0,12,1,0.988670,0.868822,0.850947,11.019902,9.377353
1,0,12,2,0.949056,0.730395,0.583005,3.630663,2.116693
1,0,12,3,0.998508,1.078209,1.079399,-3.706535,-4.000830
1,0,12,4,0.966816,0.744829,0.673159,5.019686,3.379047
1,0,12,5,0.884883,0.602516,0.473212,4.911819,2.324331
1,0,12,6,0.928042,0.682576,0.484378,3.555867,1.722383
1,0,12,7,0.845093,0.508683,0.362796,6.692542,2.428028
1,0,12,8,0.899275,0.562554,0.442212,6.851991,3.030034
1,0,12,9,0.990792,1.058823,1.059825,9.353224,9.912782
1,0,12,10,0.987198,0.893546,0.872758,4.207146,3.671822
1,0,12,11,0.924650,0.612685,0.523119,6.709340,3.509781
1,0,12,12,0.928012,0.700491,0.602552,5.680890,3.423030
1,0,12,13,0.945167,0.512454,0.471019,6.206972,2.923604
1,0,12,14,0.939402,0.637441,0.554687,7.343412,4.073294
1,0,12,15,0.740500,0.423574,0.237228,6.331694,1.502052
1,0,13,0,0.630490,0.300963,0.150850,7.197147,1.085690
1,0,13,1,0.887127,0.544579,0.417785,6.353924,2.654574
1,0,13,2,0.864437,0.643804,0.362210,3.734329,1.352610
1,0,13,3,0.840178,0.467201,0.330711,6.391154,2.113623
1,0,13,4,0.990449,0.755418,0.744738,11.476408,8.546917
1,0,13,5,0.980088,0.646334,0.622371,6.395658,3.980472
1,0,13,6,0.988948,0.958665,0.953410,9.152294,8.725890
1,0,13,7,0.713674,0.462012,0.129167,4.185697,0.540652
1,0,13,8,0.717398,0.507374,0.107646,4.117883,0.443272
1,0,13,9,0.825487,0.473528,0.321440,6.166253,1.982078
1,0,13,10,0.845314,0.525990,0.358007,5.006914,1.792508
1,0,13,11,0.794354,0.393782,0.286887,8.112616,2.327407
1,0,13,12,0.845167,0.443289,0.334245,7.286337,2.435419
1,0,13,13,0.590131,0.465655,-0.190326,2.324407,-0.442394
1,0,13,14,0.853316,0.459121,0.352841,7.047078,2.486501
1,0,13,15,0.979171,1.323071,1.386951,-1.736229,-2.408065
1,0,14,0,0.810564,0.540709,0.268640,4.425046,1.188742
1,0,14,1,0.972733,0.816444,0.794590,10.753705,8.544783
1,0,14,2,0.947016,0.599894,0.542286,7.757751,4.206919
1,0,14,3,0.822708,0.570786,0.317722,3.855534,1.224987
1,0,14,4,0.948761,0.582078,0.528898,8.485002,4.487697
1,0,14,5,0.545144,0.314185,0.042916,4.117587,0.176711
1,0,14,6,0.769479,0.515992,0.215303,4.170771,0.897980
1,0,14,7,0.919833,0.622287,0.594605,6.222991,3.700224
1,0,14,8,0.927159,0.638119,0.531411,5.566278,2.957984
1,0,14,9,0.769528,0.546401,0.171269,3.549742,0.607961
1,0,14,10,0.561089,0.355874,-0.030634,3.389275,-0.103826
1,0,14,11,0.940533,0.629867,0.539119,5.730520,3.089435
1,0,14,12,0.924025,0.678865,0.524449,4.677767,2.453250
1,0,14,13,0.820246,0.571688,0.262417,3.972216,1.042378
1,0,14,14,0.933995,0.586647,0.512187,6.844087,3.505451
1,0,14,15,0.915331,0.647849,0.475976,4.098980,1.951017
1,0,15,0,0.982161,0.841462,0.803255,5.879921,4.723078
1,0,15,1,0.956386,0.807455,0.708993,4.360293,3.091418
1,0,15,2,0.967171,0.778283,0.718886,6.208902,4.463491
1,0,15,3,0.969352,0.812759,0.751385,5.090024,3.824567
1,0,15,4,0.997348,1.050128,1.053852,-3.275829,-3.452238
1,0,15,5,0.976107,0.849740,0.839221,5.491949,4.608958
1,0,15,6,0.931485,1.189324,1.295818,1.854885,2.403594
1,0,15,7,0.939843,0.734652,0.622650,4.803321,2.990788
1,0,15,8,0.962088,0.785791,0.748895,5.653980,4.234237
1,0,15,9,0.967661,0.803987,0.723990,5.373780,3.890563
1,0,15,10,0.922703,1.081606,1.642684,-0.638513,-1.048875
1,0,15,11,0.958858,0.719416,0.652477,5.964665,3.891809
1,0,15,12,0.976042,0.978912,0.921100,6.321405,5.822648
1,0,15,13,0.893920,0.618480,0.445355,4.409088,1.963609
1,0,15,14,0.949407,0.706461,0.631867,5.209796,3.291899
1,0,15,15,0.701316,0.466562,0.182158,3.680337,0.670404
88,0,0,0,0.771260,0.719115,0.083227,1.522588,0.126720
88,0,0,1,0.987338,0.996487,1.016099,-1.120177,-1.138210
88,0,0,2,0.977376,0.705051,0.663581,2.389962,1.585932
88,0,0,3,0.970381,1.122708,1.222546,-1.944204,-2.376879
88,0,0,4,0.871312,0.909215,1.968322,-0.432915,-0.852116
88,0,0,5,0.646122,0.945625,15.281664,-0.084859,-1.296788
88,0,0,6,0.904514,0.990937,0.588771,0.489849,0.288409
88,0,0,7,0.986675,1.028814,1.092869,-1.649760,-1.802972
88,0,0,8,0.941493,0.862384,0.811047,1.402425,1.137433
88,0,0,9,0.808986,0.754218,-0.467415,0.407518,-0.190480
88,0,0,10,0.906681,0.673577,0.352629,0.937041,0.330428
88,0,0,11,0.802666,0.785738,0.134670,1.196418,0.161121
88,0,0,12,0.877090,0.453420,0.369681,3.321492,1.227894
88,0,0,13,0.966455,1.110545,1.486863,-1.223756,-1.819558
88,0,0,14,0.934360,0.730867,0.518215,0.899453,0.466110
88,0,0,15,0.996177,0.993700,0.978070,-3.165889,-3.096462
88,0,1,0,0.950405,1.001800,492.490095,-0.000603,-0.296947
88,0,1,1,0.982695,0.947693,0.953851,1.796065,1.713178
88,0,1,2,0.977699,0.732835,0.701353,2.730286,1.914894
88,0,1,3,0.891574,0.959066,-0.095512,0.442767,-0.042289
88,0,1,4,0.918895,0.562304,0.475729,2.065284,0.982515
88,0,1,5,0.866212,0.924126,0.500981,1.055095,0.528583
88,0,1,6,0.994672,0.965859,0.964893,3.755804,3.623949
88,0,1,7,0.949611,0.925125,-0.212752,0.221244,-0.047070
88,0,1,8,0.865857,0.922793,-2.041835,0.297558,-0.607564
88,0,1,9,0.938400,0.959695,1.193192,0.558484,0.666378
88,0,1,10,0.923510,0.955050,0.855929,0.939966,0.804544
88,0,1,11,0.951998,1.030835,4.235900,0.077840,0.329720
88,0,1,12,0.889137,0.872354,1.506416,-0.062089,-0.093532
88,0,1,13,0.965025,0.714425,0.675248,3.210129,2.167633
88,0,1,14,-0.375703,-0.592924,-2.606218,0.350015,-0.912215
88,0,1,15,0.989065,0.857264,0.848811,6.779025,5.754109
88,0,2,0,0.942261,0.969651,0.827270,1.468574,1.214907
88,0,2,1,0.980053,0.834845,0.806514,2.920256,2.355227
88,0,2,2,0.949696,1.000148,-7.939944,0.058455,-0.464128
88,0,2,3,0.960127,1.009358,-3.660822,0.077403,-0.283357
88,0,2,4,0.885853,0.439396,0.385432,2.516507,0.969943
88,0,2,5,0.977646,0.730451,0.684742,6.661722,4.561561
88,0,2,6,0.934618,0.983644,0.530782,0.978983,0.519626
88,0,2,7,0.942864,0.978920,-1.319205,0.212918,-0.280883
88,0,2,8,0.936821,0.587152,0.529751,1.976831,1.047228
88,0,2,9,0.958359,0.913782,0.849986,3.704623,3.148877
88,0,2,10,0.901992,0.928008,-0.539553,0.420181,-0.226710
88,0,2,11,0.984357,0.808267,0.775398,3.629343,2.814186
88,0,2,12,0.953207,1.003477,-22.793894,0.020173,-0.459816
88,0,2,13,0.877372,0.628654,0.495116,1.506184,0.745736
88,0,2,14,0.868728,0.879064,-1.759496,0.218796,-0.384971
88,0,2,15,0.940291,1.004751,-2.954589,0.156640,-0.462807
88,0,3,0,0.657356,0.472634,0.009855,3.297950,0.032501
88,0,3,1,0.946223,0.931496,0.689694,1.912847,1.319279
88,0,3,2,0.890225,0.879978,0.006788,1.008231,0.006844
88,0,3,3,0.918846,0.951387,-7.729892,0.072893,-0.563458
88,0,3,4,0.919314,0.897731,0.765136,2.413458,1.846624
88,0,3,5,0.988828,0.788106,0.775361,3.829587,2.969314
88,0,3,6,0.944121,0.987320,0.746268,0.964636,0.719877
88,0,3,7,0.927637,0.876090,0.306673,0.945914,0.290086
88,0,3,8,0.992118,0.960901,0.958806,9.478683,9.088217
88,0,3,9,0.982522,0.725924,0.695375,4.429543,3.080192
88,0,3,10,0.952441,1.117365,1.095907,1.093886,1.198797
88,0,3,11,0.817640,0.854390,-0.273823,1.014995,-0.277929
88,0,3,12,0.985010,0.756537,0.738735,4.784250,3.534294
88,0,3,13,0.987343,0.725959,0.716396,11.072570,7.932350
88,0,3,14,0.880093,0.862181,0.222435,1.186048,0.263818
88,0,3,15,0.948539,0.971774,0.743400,1.703322,1.266250
88,0,4,0,0.962104,0.933331,0.917231,1.909430,1.751388
88,0,4,1,0.900032,0.795178,0.416208,3.246533,1.351233
88,0,4,2,0.958695,0.972129,0.692419,0.671431,0.464911
88,0,4,3,0.958393,0.991872,1.049235,2.036458,2.136722
88,0,4,4,0.984103,0.729713,0.703066,5.778129,4.062405
88,0,4,5,0.944450,0.856123,0.595773,1.977354,1.178054
88,0,4,6,0.898368,0.777351,0.286808,1.994990,0.572179
88,0,4,7,0.968810,0.963825,0.721013,1.393900,1.005020
88,0,4,8,0.884662,0.410149,0.368063,2.338919,0.860871
88,0,4,9,0.952323,0.985521,0.573429,0.429683,0.246393
88,0,4,10,0.993691,0.759415,0.749280,10.408032,7.798532
88,0,4,11,0.936709,1.065099,1.444663,1.986771,2.870215
88,0,4,12,0.928896,0.929389,0.709155,1.224763,0.868547
88,0,4,13,0.953558,0.630783,0.604402,6.225135,3.762482
88,0,4,14,0.963022,0.973701,0.589233,0.973351,0.573530
88,0,4,15,0.946891,0.894411,0.498153,1.332229,0.663654
88,0,5,0,0.991940,0.784227,0.780326,14.188064,11.071319
88,0,5,1,0.861133,0.562073,0.376217,5.550380,2.088150
88,0,5,2,0.988314,0.677926,0.665746,11.438219,7.614954
88,0,5,3,0.966506,0.897938,0.774106,3.434135,2.658384
88,0,5,4,0.995022,0.883818,0.871050,11.529931,10.043145
88,0,5,5,0.988472,0.824598,0.814239,11.078239,9.020333
88,0,5,6,0.997666,0.905515,0.904173,18.688215,16.897375
88,0,5,7,0.868248,0.653346,0.366207,3.370318,1.234232
88,0,5,8,0.890378,0.642620,0.440890,4.242949,1.870673
88,0,5,9,0.959787,0.768220,0.698033,4.660288,3.253035
88,0,5,10,0.898484,0.800525,0.701671,4.100584,2.877261
88,0,5,11,0.983236,0.592975,0.584278,9.806437,5.729689
88,0,5,12,0.943538,0.517138,0.475134,4.951438,2.352597
88,0,5,13,0.979570,0.914351,0.833895,5.631834,4.696356
88,0,5,14,0.989749,0.657239,0.649395,9.897619,6.427464
88,0,5,15,0.920873,0.521397,0.463204,3.977570,1.842426
88,0,6,0,0.892740,0.610046,0.413341,4.261455,1.761433
88,0,6,1,0.944478,0.695225,0.621636,6.263741,3.893769
88,0,6,2,0.966465,0.876496,0.741668,4.625631,3.430682
88,0,6,3,0.925395,0.480421,0.444704,4.672491,2.077873
88,0,6,4,0.972888,0.730640,0.684068,6.504941,4.449819
88,0,6,5,0.900616,0.659205,0.504337,4.530608,2.284952
88,0,6,6,0.996701,0.793667,0.790314,16.340469,12.914097
88,0,6,7,0.987056,0.800752,0.792488,10.165488,8.056023
88,0,6,8,0.906446,0.750666,0.536062,4.551095,2.439667
88,0,6,9,0.995664,0.854295,0.845687,15.733842,13.305910
88,0,6,10,0.920575,0.783747,0.529746,2.950876,1.563213
88,0,6,11,0.971362,0.515671,0.507147,7.128188,3.615041
88,0,6,12,0.992481,0.824538,0.808560,15.060635,12.177432
88,0,6,13,0.512921,0.388653,-0.260168,1.922042,-0.500053
88,0,6,14,0.890083,0.696967,0.427315,3.646904,1.558377
88,0,6,15,0.933392,0.743816,0.505066,4.475872,2.260612
88,0,7,0,0.986992,0.762860,0.750682,11.227684,8.428416
88,0,7,1,0.952097,0.720696,0.664237,6.379549,4.237535
88,0,7,2,0.970480,0.937195,0.937330,3.241933,3.038760
88,0,7,3,0.988881,0.659423,0.653513,9.563859,6.250109
88,0,7,4,0.902010,0.544684,0.435722,7.141266,3.111605
88,0,7,5,0.925627,0.668167,0.553182,4.940096,2.732773
88,0,7,6,0.987761,0.711196,0.700490,11.851347,8.301756
88,0,7,7,0.980397,0.794651,0.747052,5.421941,4.050469
88,0,7,8,0.970866,0.934539,0.882448,7.412086,6.540780
88,0,7,9,0.991946,0.819810,0.816756,13.107900,10.705955
88,0,7,10,0.998731,0.914725,0.913995,28.820583,26.341881
88,0,7,11,0.973827,1.106741,1.199178,3.794352,4.550103
88,0,7,12,0.989722,0.719526,0.713109,14.720624,10.497402
88,0,7,13,0.946950,0.670638,0.630975,6.957960,4.390299
88,0,7,14,0.989316,0.713241,0.700369,7.136266,4.998022
88,0,7,15,0.699248,0.390358,0.165282,4.877917,0.806230
88,0,8,0,0.949637,0.726171,0.620910,4.861016,3.018252
88,0,8,1,0.940090,0.675931,0.567743,6.401674,3.634506
88,0,8,2,0.906247,0.604514,0.446282,5.307772,2.368762
88,0,8,3,0.952135,0.697179,0.622504,6.844979,4.261027
88,0,8,4,0.990960,0.984546,0.981530,14.083072,13.822959
88,0,8,5,-0.543562,-0.587232,-1.093315,1.191115,-1.302264
88,0,8,6,0.970030,0.768222,0.714437,5.282551,3.774049
88,0,8,7,0.987516,0.877890,0.833003,7.395394,6.160384
88,0,8,8,0.978148,0.933417,0.878322,5.160223,4.532339
88,0,8,9,0.947851,0.752811,0.628858,5.764953,3.625335
88,0,8,10,0.970761,0.760570,0.715671,7.585581,5.428779
88,0,8,11,0.976958,0.838276,0.785816,6.557231,5.152779
88,0,8,12,0.943518,0.658154,0.548922,5.727723,3.144076
88,0,8,13,0.974435,0.868921,0.809136,6.145241,4.972338
88,0,8,14,0.968545,0.764327,0.700363,5.559527,3.893685
88,0,8,15,0.641996,0.368149,0.093620,3.527374,0.330231
88,0,9,0,0.839506,0.657065,0.260151,3.544294,0.922050
88,0,9,1,0.653210,0.421133,0.074715,3.596747,0.268732
88,0,9,2,0.836398,0.728195,0.322857,2.321318,0.749454
88,0,9,3,0.970532,0.835155,0.770738,6.014302,4.635449
88,0,9,4,0.973933,0.857671,0.833290,6.153752,5.127863
88,0,9,5,0.975476,0.829017,0.802437,6.534682,5.243670
88,0,9,6,0.982882,0.856110,0.791362,8.593412,6.800501
88,0,9,7,0.974630,0.922360,0.896068,3.992416,3.577475
88,0,9,8,0.769810,0.384647,0.240612,5.073928,1.220848
88,0,9,9,0.963385,0.777535,0.652621,7.130524,4.653530
88,0,9,10,0.968769,0.787196,0.744909,7.742679,5.767589
88,0,9,11,0.933713,0.808925,0.712547,4.121723,2.936924
88,0,9,12,0.961738,0.530547,0.515844,9.230271,4.761383
88,0,9,13,0.882177,0.758955,0.467617,2.509936,1.173688
88,0,9,14,0.977588,0.874238,0.843327,6.848565,5.775578
88,0,9,15,0.990076,0.902032,0.863494,11.277972,9.738460
88,0,10,0,0.874704,0.556154,0.391749,6.198730,2.428345
88,0,10,1,0.996324,0.877067,0.875891,21.290680,18.648308
88,0,10,2,0.975528,0.866396,0.812472,5.918529,4.808637
88,0,10,3,0.991344,0.809500,0.797193,6.225913,4.963252
88,0,10,4,0.994588,0.907630,0.908934,7.155739,6.504095
88,0,10,5,0.991157,0.886144,0.882686,12.204743,10.772951
88,0,10,6,0.989691,0.749382,0.741907,13.296488,9.864760
88,0,10,7,0.987606,0.947563,0.928696,5.601785,5.202357
88,0,10,8,0.964226,0.807505,0.757732,7.063182,5.352001
88,0,10,9,0.984761,0.660106,0.649707,9.906649,6.436417
88,0,10,10,0.995256,0.782999,0.781201,15.544663,12.143510
88,0,10,11,0.962052,0.812400,0.738249,7.493320,5.531934
88,0,10,12,0.971766,0.845790,0.803316,6.086898,4.889700
88,0,10,13,0.992669,0.875434,0.873011,13.165500,11.493628
88,0,10,14,0.913733,0.564074,0.454061,7.407325,3.363375
88,0,10,15,0.947661,0.765868,0.726169,5.065820,3.678643
88,0,11,0,0.994234,0.987665,0.989502,8.496099,8.406909
88,0,11,1,0.990130,1.004539,1.004347,13.356012,13.414067
88,0,11,2,0.957609,0.820955,0.733107,5.536172,4.058609
88,0,11,3,-0.408358,-0.224784,-0.409720,2.163002,-0.886226
88,0,11,4,0.968859,0.716029,0.641721,5.908653,3.791704
88,0,11,5,0.964723,0.834329,0.768340,5.177433,3.978027
88,0,11,6,0.983396,0.580644,0.572212,11.622537,6.650556
88,0,11,7,0.924086,0.598803,0.481110,7.515245,3.615663
88,0,11,8,0.922778,0.724908,0.630527,4.616079,2.910562
88,0,11,9,0.992136,0.944330,0.933848,6.473896,6.045635
88,0,11,10,0.698853,0.406630,0.155877,4.189531,0.653052
88,0,11,11,0.957941,0.694518,0.644307,5.708866,3.678261
88,0,11,12,0.836309,0.500341,0.324656,6.466490,2.099385
88,0,11,13,0.990673,1.054688,1.054484,13.984293,14.746214
88,0,11,14,0.963418,0.821614,0.764609,5.601145,4.282686
88,0,11,15,0.990747,0.997689,0.997338,13.281966,13.246605
88,0,12,0,0.989122,1.773667,1.822539,-1.340059,-2.442310
88,0,12,1,0.986470,0.835706,0.824222,11.794986,9.721682
88,0,12,2,0.955574,0.748588,0.620331,3.598953,2.232541
88,0,12,3,0.998557,1.081718,1.083406,-3.624363,-3.926656
88,0,12,4,0.971145,0.772411,0.716591,5.042346,3.613299
88,0,12,5,0.865770,0.587026,0.439954,4.792096,2.108303
88,0,12,6,0.936429,0.691483,0.517051,3.599125,1.860931
88,0,12,7,0.875892,0.553795,0.421625,6.748971,2.845534
88,0,12,8,0.889647,0.540002,0.417569,6.786037,2.833639
88,0,12,9,0.986974,1.033960,1.033429,9.695849,10.019970
88,0,12,10,0.987847,0.905314,0.893979,4.664471,4.169938
88,0,12,11,0.928599,0.617586,0.538415,6.791174,3.656471
88,0,12,12,0.942711,0.724249,0.651678,5.921308,3.858787
88,0,12,13,0.944686,0.447114,0.423272,6.590482,2.789565
88,0,12,14,0.937316,0.640635,0.557735,7.304192,4.073806
88,0,12,15,0.730450,0.422173,0.225541,6.217654,1.402338
88,0,13,0,0.608520,0.288795,0.132487,7.082615,0.938356
88,0,13,1,0.886470,0.545456,0.416779,6.252716,2.606001
88,0,13,2,0.858773,0.643030,0.343052,3.626407,1.244046
88,0,13,3,0.837574,0.464650,0.326717,6.321128,2.065221
88,0,13,4,0.982650,0.668301,0.658196,11.475427,7.553084
88,0,13,5,0.982629,0.608178,0.593298,6.562075,3.893268
88,0,13,6,0.984399,0.941845,0.936151,9.411382,8.810471
88,0,13,7,0.731876,0.477093,0.148924,4.134980,0.615797
88,0,13,8,0.709739,0.510707,0.092078,4.034036,0.371445
88,0,13,9,0.830626,0.480751,0.327659,6.088996,1.995117
88,0,13,10,0.835948,0.523848,0.341299,4.826197,1.647175
88,0,13,11,0.790712,0.392459,0.281852,8.003837,2.255895
88,0,13,12,0.847243,0.448043,0.335464,7.090801,2.378706
88,0,13,13,0.580607,0.455708,-0.202589,2.303329,-0.466630
88,0,13,14,0.847711,0.453669,0.346280,6.938240,2.402576
88,0,13,15,0.972490,1.358189,1.446795,-1.544043,-2.233914
88,0,14,0,0.806630,0.535785,0.260363,4.352913,1.133340
88,0,14,1,0.967754,0.797347,0.772684,10.603640,8.193266
88,0,14,2,0.948748,0.606643,0.552134,7.671733,4.235823
88,0,14,3,0.819914,0.569543,0.313151,3.764006,1.178701
88,0,14,4,0.950182,0.585298,0.535269,8.474962,4.536387
88,0,14,5,0.528355,0.311926,0.022607,4.029187,0.091089
88,0,14,6,0.781047,0.522712,0.233615,4.119133,0.962290
88,0,14,7,0.915728,0.626249,0.605237,6.071998,3.674999
88,0,14,8,0.925062,0.634170,0.524394,5.417810,2.841067
88,0,14,9,0.779474,0.554980,0.175753,3.426194,0.602165
88,0,14,10,0.537540,0.340911,-0.051763,3.399202,-0.175952
88,0,14,11,0.939811,0.623682,0.533735,5.688453,3.036125
88,0,14,12,0.923501,0.680822,0.528583,4.601081,2.432052
88,0,14,13,0.811564,0.559542,0.246436,3.918594,0.965681
88,0,14,14,0.940890,0.595027,0.527602,6.851199,3.614707
88,0,14,15,0.916444,0.651393,0.482248,4.042324,1.949404
88,0,15,0,0.983468,0.854034,0.822834,5.810574,4.781139
88,0,15,1,0.954856,0.809204,0.714412,4.255291,3.040032
88,0,15,2,0.964988,0.767347,0.707660,6.219283,4.401138
88,0,15,3,0.969144,0.815100,0.756526,5.031619,3.806552
88,0,15,4,0.996670,1.046822,1.052176,-3.220430,-3.388460
88,0,15,5,0.975774,0.851501,0.846501,5.442082,4.606730
88,0,15,6,0.925482,1.217991,1.334440,1.820092,2.428804
88,0,15,7,0.939900,0.736442,0.627987,4.750586,2.983305
88,0,15,8,0.961021,0.784428,0.749221,5.511277,4.129166
88,0,15,9,0.967694,0.804634,0.729837,5.367420,3.917344
88,0,15,10,0.913265,1.090593,1.830888,-0.548536,-1.004308
88,0,15,11,0.962394,0.731082,0.670243,5.935549,3.978262
88,0,15,12,0.976290,0.989118,0.934314,6.346005,5.929163
88,0,15,13,0.864292,0.574973,0.382088,4.364711,1.667702
88,0,15,14,0.923445,0.654076,0.556560,4.981064,2.772263
88,0,15,15,0.606231,0.400793,0.081541,3.683129,0.300325
207,0,0,0,0.761282,0.714655,0.012860,1.479446,0.019025
207,0,0,1,0.984876,0.994401,1.021419,-1.085869,-1.109127
207,0,0,2,0.947540,0.725468,0.507231,1.467854,0.744541
207,0,0,3,0.979475,1.064611,1.119885,-2.316921,-2.594686
207,0,0,4,0.942206,0.963677,1.124679,-1.399020,-1.573449
207,0,0,5,0.703633,0.921153,10.843073,-0.110718,-1.200523
207,0,0,6,0.904948,0.990240,0.663813,0.564187,0.374514
207,0,0,7,0.978281,1.045914,1.169945,-1.051661,-1.230386
207,0,0,8,0.947809,0.918176,0.891807,1.220493,1.088445
207,0,0,9,0.871438,0.831916,-0.785019,0.284878,-0.223635
207,0,0,10,0.979574,0.737148,0.680460,2.226998,1.515383
207,0,0,11,0.795915,0.787091,0.021034,1.098937,0.023115
207,0,0,12,0.857107,0.433409,0.337917,3.172064,1.071894
207,0,0,13,0.948720,1.049210,1.982641,-0.633557,-1.256117
207,0,0,14,0.969432,0.896365,-20.488094,0.012312,-0.252255
207,0,0,15,0.996158,0.990762,0.974437,-3.137632,-3.057424
207,0,1,0,0.953418,1.004370,2.143454,-0.249987,-0.535836
207,0,1,1,0.983632,0.971875,0.979408,1.378602,1.350215
207,0,1,2,0.981634,0.741267,0.717851,3.221882,2.312831
207,0,1,3,0.896360,0.970401,-0.220720,0.413275,-0.091218
207,0,1,4,0.921440,0.629252,0.481975,2.021366,0.974248
207,0,1,5,0.869918,0.931944,0.426515,1.005656,0.428927
207,0,1,6,0.992715,0.985859,0.976888,3.089319,3.017919
207,0,1,7,0.953173,0.926948,0.397805,0.385090,0.153191
207,0,1,8,0.868909,0.922777,-1.705469,0.336802,-0.574405
207,0,1,9,0.938245,0.958468,1.273706,0.584603,0.744613
207,0,1,10,0.928893,0.955199,0.966591,1.182681,1.143169
207,0,1,11,0.952767,1.026900,5.491957,0.056615,0.310925
207,0,1,12,0.893471,0.844837,3.445292,-0.038895,-0.134003
207,0,1,13,0.966444,0.722585,0.652469,2.851408,1.860456
207,0,1,14,-0.256808,-0.154982,-0.360945,0.991168,-0.357757
207,0,1,15,0.986768,0.838340,0.821340,6.039714,4.960660
207,0,2,0,0.947954,0.977764,0.912327,1.499112,1.367681
207,0,2,1,0.987365,0.869082,0.832762,2.888343,2.405302
207,0,2,2,0.951689,0.996884,-2.059468,0.166204,-0.342293
207,0,2,3,0.961791,1.004721,-0.728866,0.206267,-0.150341
207,0,2,4,0.913427,0.490058,0.445221,2.896606,1.289630
207,0,2,5,0.972347,0.718452,0.659284,5.941357,3.917039
207,0,2,6,0.939311,0.982771,0.624459,1.096931,0.684988
207,0,2,7,0.945473,0.976104,-0.687713,0.294419,-0.202476
207,0,2,8,0.921000,0.559800,0.496694,1.908196,0.947789
207,0,2,9,0.955281,0.919777,0.845018,3.419908,2.889883
207,0,2,10,0.905771,0.912965,-0.190750,0.549650,-0.104846
207,0,2,11,0.980691,0.813690,0.744823,3.798771,2.829413
207,0,2,12,0.954871,0.999852,-2.099316,0.150423,-0.315786
207,0,2,13,0.922594,0.681369,0.566136,1.632758,0.924364
207,0,2,14,0.869158,0.856920,-0.721129,0.361217,-0.260484
207,0,2,15,0.944865,1.000583,-1.204856,0.265411,-0.319782
207,0,3,0,0.694567,0.481715,0.082344,3.508085,0.288869
207,0,3,1,0.953269,0.919690,0.732084,2.234295,1.635692
207,0,3,2,0.893785,0.884178,0.018566,1.027257,0.019072
207,0,3,3,0.917665,0.950917,-50.488267,0.012351,-0.623569
207,0,3,4,0.928357,0.920811,0.808595,2.374686,1.920160
207,0,3,5,0.989254,0.792958,0.772724,3.950700,3.052799
207,0,3,6,0.949693,0.980280,0.847210,1.230234,1.042266
207,0,3,7,0.939486,0.879106,0.468795,1.118522,0.524358
207,0,3,8,0.994475,0.972125,0.968212,9.375148,9.077132
207,0,3,9,0.986941,0.725163,0.698388,4.730130,3.303465
207,0,3,10,0.953238,1.117016,1.122867,1.054918,1.184533
207,0,3,11,0.816549,0.850694,-0.274073,1.020279,-0.279631
207,0,3,12,0.969314,0.709686,0.663718,4.216317,2.798446
207,0,3,13,0.985300,0.747887,0.724056,10.251369,7.422562
207,0,3,14,0.882838,0.865444,0.202538,1.142034,0.231305
207,0,3,15,0.956823,0.982264,0.819183,1.750937,1.434338
207,0,4,0,0.966739,0.928790,0.882514,2.260437,1.994868
207,0,4,1,0.899925,0.774420,0.414117,3.437422,1.423496
207,0,4,2,0.961890,0.970389,0.657551,0.753541,0.495491
207,0,4,3,0.959450,0.990519,1.024798,1.887771,1.934583
207,0,4,4,0.989942,0.770368,0.743200,6.019807,4.473923
207,0,4,5,0.949252,0.851936,0.603585,2.076244,1.253190
207,0,4,6,0.900253,0.785602,0.234962,1.887222,0.443425
207,0,4,7,0.971402,0.961208,0.713724,1.438247,1.026512
207,0,4,8,0.911313,0.433106,0.396247,2.561673,1.015056
207,0,4,9,0.957337,0.984531,0.623931,0.572886,0.357441
207,0,4,10,0.989229,0.739268,0.717466,9.603848,6.890434
207,0,4,11,0.925554,1.049185,1.617151,1.555129,2.514877
207,0,4,12,0.936205,0.933786,0.723948,1.284093,0.929616
207,0,4,13,0.977599,0.720138,0.689983,6.293725,4.342565
207,0,4,14,0.965807,0.975019,0.603044,0.992122,0.598293
207,0,4,15,0.948811,0.888684,0.513213,1.442409,0.740263
207,0,5,0,0.993505,0.789402,0.782915,13.663320,10.697219
207,0,5,1,0.912812,0.602207,0.473898,6.124999,2.902626
207,0,5,2,0.985767,0.679733,0.657405,10.646733,6.999221
207,0,5,3,0.963741,0.886915,0.734604,3.389191,2.489714
207,0,5,4,0.996780,0.894285,0.883359,11.998273,10.598777
207,0,5,5,0.988361,0.824374,0.803210,10.280221,8.257181
207,0,5,6,0.997967,0.913232,0.911113,18.191568,16.574568
207,0,5,7,0.864162,0.645182,0.354214,3.457477,1.224688
207,0,5,8,0.905056,0.646596,0.466816,4.498101,2.099787
207,0,5,9,0.955859,0.739707,0.651776,4.757533,3.100843
207,0,5,10,0.913322,0.820252,0.737301,4.316792,3.182776
207,0,5,11,0.969233,0.554946,0.531875,9.014192,4.794427
207,0,5,12,0.903275,0.499965,0.410670,4.422272,1.816093
207,0,5,13,0.977970,0.910347,0.815227,5.436905,4.432310
207,0,5,14,0.988298,0.673739,0.656373,9.560725,6.275404
207,0,5,15,0.874865,0.489457,0.380506,3.620765,1.377721
207,0,6,0,0.902493,0.616030,0.430528,4.426621,1.905784
207,0,6,1,0.937590,0.681526,0.596067,6.120968,3.648507
207,0,6,2,0.965426,0.874967,0.736128,4.606740,3.391151
207,0,6,3,0.909218,0.510423,0.431856,4.300745,1.857302
207,0,6,4,0.973912,0.726360,0.677207,6.524871,4.418688
207,0,6,5,0.896246,0.643936,0.484817,4.688142,2.272892
207,0,6,6,0.993086,0.756265,0.743509,14.833551,11.028881
207,0,6,7,0.991457,0.816526,0.804972,9.767188,7.862315
207,0,6,8,0.906590,0.754956,0.537415,4.595872,2.469892
207,0,6,9,0.992056,0.815020,0.792010,12.523664,9.918863
207,0,6,10,0.921041,0.771641,0.530246,3.105967,1.646927
207,0,6,11,0.983504,0.563828,0.556537,7.365718,4.099298
207,0,6,12,0.989169,0.809088,0.771848,13.798830,10.650599
207,0,6,13,0.519977,0.387217,-0.224076,2.014729,-0.451452
207,0,6,14,0.879685,0.691833,0.367996,3.512871,1.292722
207,0,6,15,0.936481,0.737900,0.512635,4.614102,2.365349
207,0,7,0,0.990842,0.788556,0.775016,11.814691,9.156569
207,0,7,1,0.944008,0.699426,0.628427,6.163755,3.873472
207,0,7,2,0.970969,0.932873,0.908728,3.298094,2.997070
207,0,7,3,0.983236,0.652295,0.634583,9.131576,5.794746
207,0,7,4,0.862040,0.503414,0.367130,6.919880,2.540492
207,0,7,5,0.886033,0.610534,0.449280,4.727601,2.124017
207,0,7,6,0.980118,0.688862,0.658757,11.041178,7.273452
207,0,7,7,0.978753,0.781248,0.724729,5.400235,3.913706
207,0,7,8,0.965674,0.890776,0.824796,7.485830,6.174283
207,0,7,9,0.991907,0.828335,0.820389,12.171342,9.985234
207,0,7,10,0.998699,0.907378,0.905846,27.946970,25.315655
207,0,7,11,0.971377,1.121456,1.251609,3.554511,4.448859
207,0,7,12,0.988573,0.736447,0.720818,13.579578,9.788405
207,0,7,13,0.945359,0.654942,0.614658,7.144244,4.391267
207,0,7,14,0.974678,0.663472,0.623092,6.037373,3.761842
207,0,7,15,0.639439,0.379551,0.081467,4.599930,0.374742
207,0,8,0,0.952366,0.729326,0.623990,4.899624,3.057317
207,0,8,1,0.929302,0.646245,0.526696,6.455025,3.399839
207,0,8,2,0.912419,0.598760,0.452086,5.511273,2.491571
207,0,8,3,0.939412,0.675995,0.575223,6.378178,3.668877
207,0,8,4,0.989379,0.954103,0.943441,12.545719,11.836143
207,0,8,5,-0.440189,-0.546099,-1.319477,1.078785,-1.423432
207,0,8,6,0.969611,0.762307,0.701656,5.336823,3.744615
207,0,8,7,0.986120,0.866059,0.807332,6.893556,5.565392
207,0,8,8,0.977179,0.925681,0.863947,5.278202,4.560086
207,0,8,9,0.939329,0.727592,0.585919,5.882999,3.446963
207,0,8,10,0.972252,0.751582,0.704913,7.836499,5.524050
207,0,8,11,0.964716,0.805329,0.700445,5.723312,4.008866
207,0,8,12,0.935996,0.645974,0.523996,5.651355,2.961288
207,0,8,13,0.972761,0.845626,0.775707,6.242747,4.842545
207,0,8,14,0.965984,0.750208,0.678048,5.555102,3.766627
207,0,8,15,0.532274,0.303086,0.001001,3.662153,0.003666
207,0,9,0,0.853509,0.668053,0.288361,3.621984,1.044438
207,0,9,1,0.588932,0.392303,-0.033587,3.441258,-0.115582
207,0,9,2,0.856621,0.733104,0.410827,2.576420,1.058464
207,0,9,3,0.976443,0.825563,0.781822,6.612659,5.169924
207,0,9,4,0.972717,0.846445,0.808747,6.010075,4.860631
207,0,9,5,0.973508,0.803017,0.764034,6.407996,4.895929
207,0,9,6,0.982105,0.845229,0.772804,8.486278,6.558225
207,0,9,7,0.981632,0.927798,0.905043,4.587346,4.151747
207,0,9,8,0.706230,0.360125,0.182001,4.992210,0.908588
207,0,9,9,0.972314,0.782953,0.682021,7.598525,5.182354
207,0,9,10,0.955601,0.744465,0.684459,7.357468,5.035883
207,0,9,11,0.929888,0.805740,0.683057,3.855258,2.633360
207,0,9,12,0.954418,0.578498,0.537590,8.864331,4.765376
207,0,9,13,0.899746,0.758259,0.539699,2.843079,1.534406
207,0,9,14,0.972128,0.834690,0.783586,6.346004,4.972641
207,0,9,15,0.987963,0.887814,0.829208,10.848035,8.995281
207,0,10,0,0.883104,0.552126,0.400961,6.433720,2.579670
207,0,10,1,0.997042,0.873170,0.871928,21.175192,18.463243
207,0,10,2,0.979452,0.884226,0.834866,6.256547,5.223379
207,0,10,3,0.984992,0.787492,0.753386,5.669094,4.271018
207,0,10,4,0.995476,0.898127,0.897563,7.088198,6.362102
207,0,10,5,0.990682,0.877831,0.865315,11.013197,9.529881
207,0,10,6,0.984029,0.746468,0.722346,11.770449,8.502341
207,0,10,7,0.986808,0.949327,0.925211,5.100704,4.719229
207,0,10,8,0.955656,0.773161,0.697414,6.543862,4.563781
207,0,10,9,0.980719,0.673838,0.646746,9.330663,6.034568
207,0,10,10,0.993869,0.763868,0.758765,15.002147,11.383106
207,0,10,11,0.964704,0.787904,0.715955,7.821609,5.599920
207,0,10,12,0.975437,0.857541,0.818319,6.422363,5.255539
207,0,10,13,0.992995,0.879301,0.874701,12.550810,10.978208
207,0,10,14,0.915747,0.556364,0.449975,7.631091,3.433799
207,0,10,15,0.932369,0.722591,0.657963,4.775579,3.142154
207,0,11,0,0.993244,0.969578,0.969220,8.118689,7.868795
207,0,11,1,0.989282,1.001046,0.990559,11.198074,11.092350
207,0,11,2,0.952422,0.795278,0.696866,5.416536,3.774601
207,0,11,3,-0.223853,-0.120243,-0.332991,2.274764,-0.757475
207,0,11,4,0.960842,0.684836,0.598780,5.917392,3.543213
207,0,11,5,0.949558,0.803043,0.678768,4.374640,2.969367
207,0,11,6,0.973654,0.598197,0.572184,10.671365,6.105981
207,0,11,7,0.897753,0.559885,0.422082,7.334987,3.095966
207,0,11,8,0.901651,0.698259,0.560882,4.214323,2.363738
207,0,11,9,0.986127,0.918090,0.883973,5.193309,4.590744
207,0,11,10,0.572664,0.344885,0.018861,3.981797,0.075101
207,0,11,11,0.958332,0.680884,0.629114,5.703685,3.588271
207,0,11,12,0.858711,0.502528,0.353237,6.869719,2.426641
207,0,11,13,0.990563,1.024466,1.016749,11.807172,12.004935
207,0,11,14,0.968600,0.831742,0.787266,5.587725,4.399026
207,0,11,15,0.990379,0.997372,0.986620,10.886172,10.740517
207,0,12,0,0.986432,1.798145,1.860740,-1.307374,-2.432682
207,0,12,1,0.985025,0.841943,0.813428,10.766430,8.757720
207,0,12,2,0.952914,0.734190,0.598006,3.728316,2.229555
207,0,12,3,0.998262,1.070401,1.071642,-3.666126,-3.928776
207,0,12,4,0.964815,0.737738,0.665551,5.068327,3.373231
207,0,12,5,0.861375,0.586067,0.432571,4.633244,2.004207
207,0,12,6,0.921773,0.674840,0.460734,3.509257,1.616835
207,0,12,7,0.827667,0.504336,0.343280,6.535918,2.243650
207,0,12,8,0.894816,0.555811,0.431152,6.751187,2.910790
207,0,12,9,0.987652,1.036625,1.028970,8.690679,8.942451
207,0,12,10,0.979300,0.860509,0.817310,3.775121,3.085446
207,0,12,11,0.931657,0.621654,0.536989,6.665939,3.579535
207,0,12,12,0.916790,0.678163,0.570597,5.309178,3.029403
207,0,12,13,0.913551,0.478319,0.422179,5.919125,2.498932
207,0,12,14,0.923705,0.611626,0.518091,7.130917,3.694467
207,0,12,15,0.735222,0.420084,0.229699,6.272392,1.440765
207,0,13,0,0.641014,0.301403,0.157881,7.228313,1.141214
207,0,13,1,0.844474,0.508615,0.351412,6.060677,2.129793
207,0,13,2,0.855202,0.639816,0.333101,3.633815,1.210426
207,0,13,3,0.805656,0.442965,0.286302,6.190698,1.772409
207,0,13,4,0.980042,0.710202,0.693946,11.396056,7.908248
207,0,13,5,0.969706,0.614941,0.583482,6.167416,3.598575
207,0,13,6,0.987463,0.931362,0.918763,9.353278,8.593449
207,0,13,7,0.689727,0.448442,0.099442,4.159895,0.413670
207,0,13,8,0.712137,0.507402,0.097644,4.104788,0.400808
207,0,13,9,0.784250,0.450011,0.269510,5.918074,1.594980
207,0,13,10,0.821658,0.515652,0.325571,4.848339,1.578479
207,0,13,11,0.824379,0.412967,0.316020,8.242254,2.604717
207,0,13,12,0.851489,0.451565,0.343176,7.284014,2.499698
207,0,13,13,0.591783,0.467718,-0.197517,2.301933,-0.454671
207,0,13,14,0.835511,0.442653,0.330538,6.937740,2.293189
207,0,13,15,0.980336,1.302806,1.363151,-1.776772,-2.422009
207,0,14,0,0.814309,0.553965,0.269597,4.332456,1.168016
207,0,14,1,0.973780,0.826024,0.803281,10.743460,8.630017
207,0,14,2,0.928508,0.569536,0.498532,7.474031,3.726046
207,0,14,3,0.803713,0.568248,0.276395,3.671681,1.014835
207,0,14,4,0.945873,0.581847,0.524980,8.442025,4.431892
207,0,14,5,0.583541,0.333192,0.079191,4.161479,0.329553
207,0,14,6,0.768692,0.527069,0.207662,4.066294,0.844415
207,0,14,7,0.917472,0.613816,0.579068,6.187661,3.583075
207,0,14,8,0.917180,0.625590,0.503152,5.394419,2.714212
207,0,14,9,0.760745,0.551829,0.139025,3.413065,0.474501
207,0,14,10,0.563611,0.362944,-0.033884,3.368793,-0.114147
207,0,14,11,0.920430,0.601270,0.488559,5.498432,2.686310
207,0,14,12,0.914269,0.679860,0.506137,4.518796,2.287132
207,0,14,13,0.806183,0.573762,0.222401,3.789919,0.842883
207,0,14,14,0.940305,0.603286,0.531846,6.838663,3.637118
207,0,14,15,0.888515,0.625957,0.413096,3.946828,1.630418
207,0,15,0,0.984094,0.858760,0.826942,5.903017,4.881453
207,0,15,1,0.959582,0.818889,0.725993,4.305017,3.125412
207,0,15,2,0.966859,0.776111,0.713487,6.174593,4.405494
207,0,15,3,0.970375,0.811878,0.750539,5.161802,3.874135
207,0,15,4,0.997166,1.054456,1.058857,-3.329509,-3.525474
207,0,15,5,0.977320,0.851806,0.842385,5.564640,4.687566
207,0,15,6,0.937966,1.272562,1.384973,1.887692,2.614402
207,0,15,7,0.936026,0.732230,0.607734,4.629445,2.813470
207,0,15,8,0.958611,0.779614,0.736622,5.520226,4.066322
207,0,15,9,0.967976,0.812636,0.728324,5.300051,3.860152
207,0,15,10,0.930409,1.070229,1.474608,-0.683590,-1.008028
207,0,15,11,0.961732,0.724095,0.659464,5.998160,3.955573
207,0,15,12,0.975172,0.978914,0.918506,6.299710,5.786323
207,0,15,13,0.914106,0.645731,0.492440,4.429678,2.181349
207,0,15,14,0.957155,0.737486,0.674606,5.275547,3.558917
207,0,15,15,0.718168,0.480510,0.206139,3.680143,0.758619
323,0,0,0,0.761000,0.706588,0.064667,1.569925,0.101522
323,0,0,1,0.984515,0.981175,1.000056,-1.027590,-1.027647
323,0,0,2,0.966210,0.707705,0.632053,2.077944,1.313370
323,0,0,3,0.968199,1.129233,1.240256,-1.889317,-2.343238
323,0,0,4,0.886837,1.017648,1.890981,-0.542517,-1.025889
323,0,0,5,0.664513,0.851407,-12.456693,0.079323,-0.988100
323,0,0,6,0.904000,0.991749,0.562206,0.460136,0.258691
323,0,0,7,0.990838,1.006861,1.029186,-1.969517,-2.027000
323,0,0,8,0.952576,0.879522,0.841687,1.543246,1.298929
323,0,0,9,0.839593,0.754973,0.026574,0.461560,0.012266
323,0,0,10,0.921116,0.688618,0.410533,0.993414,0.407829
323,0,0,11,0.794509,0.776467,0.102668,1.226328,0.125905
323,0,0,12,0.917758,0.493534,0.430419,3.406330,1.466150
323,0,0,13,0.958793,1.113685,1.596157,-1.031315,-1.646141
323,0,0,14,0.978023,0.726963,0.691774,1.922539,1.329962
323,0,0,15,0.995747,0.984948,0.965469,-3.091412,-2.984663
323,0,1,0,0.949670,0.994270,-0.419871,0.213734,-0.089741
323,0,1,1,0.990284,0.930987,0.928861,2.855024,2.651919
323,0,1,2,0.976064,0.735123,0.694785,2.633923,1.830009
323,0,1,3,0.892088,0.954585,0.046817,0.431901,0.020220
323,0,1,4,0.972773,0.693776,0.636702,2.564206,1.632635
323,0,1,5,0.868808,0.922933,0.551743,1.071238,0.591048
323,0,1,6,0.994168,0.940368,0.936792,3.848581,3.605319
323,0,1,7,0.949367,0.922831,-0.577182,0.172313,-0.099456
323,0,1,8,0.864789,0.937160,-4.874823,0.156769,-0.764221
323,0,1,9,0.938568,0.959592,1.128877,0.579488,0.654171
323,0,1,10,0.917918,0.957510,0.656263,0.661797,0.434313
323,0,1,11,0.951749,1.032003,4.032844,0.086141,0.347395
323,0,1,12,0.902325,0.871873,2.762570,-0.054998,-0.151935
323,0,1,13,0.962995,0.678879,0.631871,3.239423,2.046898
323,0,1,14,-0.083337,-0.170813,-8.361564,0.133488,-1.116168
323,0,1,15,0.991973,0.865755,0.859556,7.379679,6.343246
323,0,2,0,0.940570,0.972382,0.787172,1.400890,1.102742
323,0,2,1,0.985060,0.843983,0.816727,2.836422,2.316583
323,0,2,2,0.949834,1.000391,-16.959633,0.029126,-0.493966
323,0,2,3,0.959768,1.011894,-38.563074,0.009568,-0.368958
323,0,2,4,0.745870,0.330472,0.255010,1.982634,0.505592
323,0,2,5,0.985884,0.758140,0.725261,7.622146,5.528047
323,0,2,6,0.935455,0.991664,0.498252,0.888201,0.442548
323,0,2,7,0.941877,0.981039,-2.998401,0.130569,-0.391498
323,0,2,8,0.891170,0.518965,0.438517,1.837998,0.805993
323,0,2,9,0.956777,0.910975,0.842708,3.669234,3.092092
323,0,2,10,0.902679,0.944013,-1.429096,0.259336,-0.370616
323,0,2,11,0.984344,0.806878,0.767802,3.772879,2.896823
323,0,2,12,0.952461,1.003709,-76.122073,0.006509,-0.495448
323,0,2,13,0.798428,0.571469,0.322559,1.138389,0.367197
323,0,2,14,0.870508,0.923243,-10.143959,0.052492,-0.532473
323,0,2,15,0.935432,1.000007,-3.622915,0.144791,-0.524566
323,0,3,0,0.671994,0.477997,0.045659,3.396017,0.155059
323,0,3,1,0.943271,0.938678,0.660462,1.755518,1.159453
323,0,3,2,0.887220,0.883004,-0.078412,0.934923,-0.073309
323,0,3,3,0.919624,0.973018,-59.651097,0.010284,-0.613428
323,0,3,4,0.916465,0.884282,0.746319,2.506726,1.870818
323,0,3,5,0.984755,0.770351,0.740943,3.408293,2.525352
323,0,3,6,0.939995,0.990731,0.623912,0.815902,0.509051
323,0,3,7,0.926413,0.868815,0.301239,0.931088,0.280480
323,0,3,8,0.994044,0.943207,0.938220,10.068390,9.446366
323,0,3,9,0.988954,0.761287,0.737872,4.903379,3.618065
323,0,3,10,0.950530,1.125617,1.064003,1.143407,1.216588
323,0,3,11,0.814193,0.850445,-0.294630,1.014974,-0.299042
323,0,3,12,0.989821,0.759958,0.748907,4.947929,3.705541
323,0,3,13,0.987134,0.709747,0.698844,11.336855,7.922698
323,0,3,14,0.872477,0.859450,0.090563,1.053452,0.095404
323,0,3,15,0.945829,0.975019,0.709122,1.574473,1.116494
323,0,4,0,0.956392,0.930996,0.881343,1.600173,1.410302
323,0,4,1,0.910299,0.802408,0.459259,3.323498,1.526348
323,0,4,2,0.955918,0.963046,0.512593,0.528471,0.270891
323,0,4,3,0.960106,1.002626,1.072715,2.272892,2.438166
323,0,4,4,0.985270,0.741265,0.712271,5.755245,4.099295
323,0,4,5,0.938619,0.841920,0.562929,1.939225,1.091646
323,0,4,6,0.883152,0.759620,0.212150,1.950019,0.413696
323,0,4,7,0.964183,0.957832,0.643594,1.267636,0.815843
323,0,4,8,0.928840,0.446863,0.415258,2.368044,0.983349
323,0,4,9,0.949037,0.983626,0.157293,0.268807,0.042281
323,0,4,10,0.994269,0.770573,0.759735,10.509445,7.984397
323,0,4,11,0.939253,1.071559,1.401973,2.116668,2.967511
323,0,4,12,0.921728,0.927564,0.648124,0.984008,0.637760
323,0,4,13,0.978494,0.713806,0.692080,6.617711,4.579985
323,0,4,14,0.960224,0.977435,0.439875,0.753291,0.331354
323,0,4,15,0.943368,0.885493,0.459949,1.248800,0.574384
323,0,5,0,0.994252,0.795383,0.792434,14.681728,11.634305
323,0,5,1,0.857964,0.547287,0.374402,5.773108,2.161463
323,0,5,2,0.989857,0.683501,0.671439,11.319510,7.600360
323,0,5,3,0.966533,0.894723,0.773165,3.515569,2.718116
323,0,5,4,0.996047,0.897672,0.887275,11.567595,10.263636
323,0,5,5,0.991074,0.836118,0.829555,11.919224,9.887650
323,0,5,6,0.997772,0.890718,0.889300,19.009918,16.905527
323,0,5,7,0.855043,0.641994,0.341192,3.365060,1.148130
323,0,5,8,0.878301,0.635506,0.412961,4.022580,1.661168
323,0,5,9,0.955643,0.767635,0.685793,4.431464,3.039067
323,0,5,10,0.900991,0.805947,0.708280,4.230197,2.996165
323,0,5,11,0.971914,0.560100,0.543129,9.531925,5.177068
323,0,5,12,0.909599,0.485820,0.422581,4.420267,1.867920
323,0,5,13,0.979127,0.912474,0.834105,5.712785,4.765061
323,0,5,14,0.992487,0.687060,0.679491,10.015370,6.805354
323,0,5,15,0.926105,0.524350,0.459804,4.122008,1.895314
323,0,6,0,0.891627,0.615306,0.407427,4.082776,1.663435
323,0,6,1,0.936290,0.691314,0.608595,5.837995,3.552976
323,0,6,2,0.966578,0.880845,0.749744,4.631168,3.472191
323,0,6,3,0.921455,0.461001,0.415103,4.630781,1.922251
323,0,6,4,0.974126,0.742141,0.695388,6.320041,4.394882
323,0,6,5,0.889071,0.661076,0.486414,4.335237,2.108721
323,0,6,6,0.995491,0.768933,0.762970,15.915238,12.142848
323,0,6,7,0.985942,0.790921,0.779596,9.699025,7.561326
323,0,6,8,0.900266,0.749892,0.527937,4.521231,2.386926
323,0,6,9,0.995240,0.851369,0.837827,15.551506,13.029476
323,0,6,10,0.919910,0.785813,0.534984,2.841661,1.520243
323,0,6,11,0.984488,0.550684,0.545128,7.413682,4.041404
323,0,6,12,0.990202,0.822672,0.794901,14.863508,11.815019
323,0,6,13,0.494320,0.362834,-0.223534,2.037559,-0.455463
323,0,6,14,0.879577,0.680004,0.400366,3.673573,1.470773
323,0,6,15,0.937489,0.744425,0.538271,4.662183,2.509518
323,0,7,0,0.989438,0.771152,0.761320,11.652190,8.871047
323,0,7,1,0.959327,0.740960,0.691136,6.523738,4.508787
323,0,7,2,0.967721,0.947847,0.961953,3.107475,2.989245
323,0,7,3,0.988215,0.652368,0.643034,9.390758,6.038574
323,0,7,4,0.912244,0.545869,0.450783,7.480726,3.372186
323,0,7,5,0.932417,0.675589,0.575200,5.248257,3.018800
323,0,7,6,0.989806,0.718891,0.708067,12.740528,9.021151
323,0,7,7,0.983695,0.813705,0.777633,5.521663,4.293828
323,0,7,8,0.973132,0.953518,0.905057,7.380134,6.679442
323,0,7,9,0.991911,0.831255,0.826301,13.879313,11.468495
323,0,7,10,0.998723,0.902259,0.901829,29.412268,26.524836
323,0,7,11,0.974278,1.068639,1.137778,3.897922,4.434971
323,0,7,12,0.991351,0.723072,0.715897,15.110669,10.817686
323,0,7,13,0.956283,0.696358,0.668409,7.243540,4.841645
323,0,7,14,0.989127,0.702653,0.687546,7.252643,4.986526
323,0,7,15,0.712239,0.389861,0.188789,5.037751,0.951069
323,0,8,0,0.956634,0.752705,0.657269,4.717484,3.100654
323,0,8,1,0.938119,0.671617,0.565153,6.418177,3.627250
323,0,8,2,0.924360,0.617047,0.487374,5.530983,2.695659
323,0,8,3,0.955867,0.691765,0.625815,7.072329,4.425967
323,0,8,4,0.991295,1.002396,0.999103,14.722120,14.708914
323,0,8,5,-0.592139,-0.551068,-0.915710,1.362899,-1.248020
323,0,8,6,0.977358,0.805965,0.767427,5.459162,4.189506
323,0,8,7,0.987440,0.882632,0.842377,7.160111,6.031514
323,0,8,8,0.974673,0.954503,0.894625,4.733821,4.234994
323,0,8,9,0.947328,0.748370,0.632032,6.056693,3.828026
323,0,8,10,0.965369,0.756403,0.706468,7.538713,5.325857
323,0,8,11,0.968361,0.818181,0.738797,6.104027,4.509634
323,0,8,12,0.953857,0.685251,0.588606,5.743858,3.380871
323,0,8,13,0.973320,0.854621,0.800015,6.540870,5.232796
323,0,8,14,0.973844,0.792715,0.740162,5.518567,4.084633
323,0,8,15,0.674362,0.377116,0.131869,3.647631,0.481011
323,0,9,0,0.836806,0.646213,0.277764,3.723924,1.034372
323,0,9,1,0.645857,0.405780,0.085436,3.716751,0.317544
323,0,9,2,0.824699,0.732027,0.274904,2.184097,0.600417
323,0,9,3,0.966257,0.823834,0.760647,5.775828,4.393369
323,0,9,4,0.978473,0.858347,0.841068,6.910921,5.812551
323,0,9,5,0.974799,0.834906,0.813881,6.357721,5.174430
323,0,9,6,0.980210,0.845502,0.770881,8.473649,6.532176
323,0,9,7,0.965975,0.922859,0.891730,3.304058,2.946328
323,0,9,8,0.807639,0.408474,0.279405,5.135880,1.434989
323,0,9,9,0.963378,0.777528,0.655185,7.177391,4.702522
323,0,9,10,0.965339,0.765692,0.723346,8.000382,5.787045
323,0,9,11,0.936195,0.805202,0.720334,4.392494,3.164064
323,0,9,12,0.959882,0.503513,0.482909,9.889985,4.775964
323,0,9,13,0.871935,0.763749,0.423501,2.315889,0.980781
323,0,9,14,0.969620,0.846776,0.795665,6.501724,5.173192
323,0,9,15,0.987324,0.896666,0.842458,11.151083,9.394320
323,0,10,0,0.868522,0.547013,0.385484,6.294035,2.426249
323,0,10,1,0.996189,0.851099,0.850439,21.606739,18.375214
323,0,10,2,0.964888,0.837321,0.759654,5.311021,4.034538
323,0,10,3,0.991120,0.799905,0.788290,6.783059,5.347021
323,0,10,4,0.994279,0.896399,0.897190,7.209087,6.467924
323,0,10,5,0.991885,0.911021,0.907845,13.652367,12.394239
323,0,10,6,0.989239,0.771434,0.761814,14.276591,10.876110
323,0,10,7,0.990067,0.952040,0.939428,6.229686,5.852345
323,0,10,8,0.955055,0.773691,0.706521,6.856893,4.844535
323,0,10,9,0.976963,0.596345,0.585214,9.780291,5.723560
323,0,10,10,0.993421,0.753703,0.750671,15.206776,11.415285
323,0,10,11,0.961689,0.794168,0.721213,8.081107,5.828197
323,0,10,12,0.969090,0.826467,0.783936,6.031510,4.728315
323,0,10,13,0.992389,0.872753,0.869533,13.803119,12.002261
323,0,10,14,0.902637,0.554161,0.436734,7.284695,3.181476
323,0,10,15,0.929619,0.725107,0.668684,5.002204,3.344894
323,0,11,0,0.994132,0.979496,0.980625,8.759514,8.589798
323,0,11,1,0.991103,1.033365,1.032640,13.943075,14.398182
323,0,11,2,0.951780,0.813977,0.718831,5.519997,3.967943
323,0,11,3,-0.406823,-0.207501,-0.370449,2.197536,-0.814076
323,0,11,4,0.964108,0.708169,0.623516,5.692849,3.549584
323,0,11,5,0.952278,0.806862,0.699080,4.771398,3.335587
323,0,11,6,0.972037,0.494267,0.482338,11.433473,5.514801
323,0,11,7,0.922456,0.592592,0.478509,7.582988,3.628530
323,0,11,8,0.913341,0.702814,0.607289,4.666301,2.833795
323,0,11,9,0.993316,0.948192,0.939459,6.460647,6.069511
323,0,11,10,0.753534,0.444200,0.214586,4.187855,0.898654
323,0,11,11,0.968960,0.708999,0.672242,6.291870,4.229658
323,0,11,12,0.863197,0.514010,0.364391,6.760434,2.463443
323,0,11,13,0.991130,1.070794,1.072967,14.555297,15.617355
323,0,11,14,0.962519,0.814876,0.758492,5.537039,4.199801
323,0,11,15,0.991168,1.013152,1.012061,13.556553,13.720052
323,0,12,0,0.986253,1.871308,1.935062,-1.241891,-2.403137
323,0,12,1,0.989169,0.845824,0.835374,12.800458,10.693171
323,0,12,2,0.961334,0.763325,0.654446,3.631818,2.376827
323,0,12,3,0.998744,1.078913,1.080461,-3.655262,-3.949367
323,0,12,4,0.972891,0.775107,0.722639,4.996127,3.610397
323,0,12,5,0.838295,0.561143,0.400618,4.698348,1.882242
323,0,12,6,0.937756,0.697038,0.518975,3.529533,1.831740
323,0,12,7,0.851947,0.528871,0.378216,6.430507,2.432121
323,0,12,8,0.885231,0.536891,0.410923,6.673347,2.742229
323,0,12,9,0.988825,1.046285,1.047647,10.357152,10.850636
323,0,12,10,0.990567,0.901195,0.892372,5.016080,4.476208
323,0,12,11,0.931341,0.624041,0.544620,6.767796,3.685878
323,0,12,12,0.918905,0.684122,0.584036,5.566658,3.251131
323,0,12,13,0.950104,0.445072,0.422571,6.832133,2.887062
323,0,12,14,0.934742,0.637779,0.556218,7.176353,3.991617
323,0,12,15,0.728456,0.409829,0.226655,6.412159,1.453350
323,0,13,0,0.613360,0.295974,0.136349,7.031849,0.958785
323,0,13,1,0.875705,0.546048,0.402725,5.979505,2.408095
323,0,13,2,0.856083,0.649128,0.333974,3.511125,1.172625
323,0,13,3,0.842504,0.478554,0.334820,6.178436,2.068666
323,0,13,4,0.989059,0.695083,0.687449,12.198345,8.385741
323,0,13,5,0.988909,0.646952,0.636369,7.049179,4.485878
323,0,13,6,0.987651,0.956343,0.952924,10.343153,9.856237
323,0,13,7,0.724715,0.487212,0.125188,3.915188,0.490134
323,0,13,8,0.703257,0.507537,0.078824,4.011461,0.316200
323,0,13,9,0.813750,0.479577,0.307541,5.769440,1.774342
323,0,13,10,0.831692,0.530402,0.334634,4.639545,1.552549
323,0,13,11,0.824943,0.421256,0.319195,8.044525,2.567775
323,0,13,12,0.848873,0.453010,0.338703,6.980337,2.364260
323,0,13,13,0.575618,0.463367,-0.243322,2.205412,-0.536624
323,0,13,14,0.860859,0.475576,0.366038,6.824788,2.498129
323,0,13,15,0.969498,1.405658,1.507649,-1.502225,-2.264828
323,0,14,0,0.805487,0.523807,0.264936,4.462906,1.182387
323,0,14,1,0.955150,0.757781,0.725978,10.193723,7.400419
323,0,14,2,0.947720,0.602842,0.547349,7.607412,4.163911
323,0,14,3,0.809777,0.559420,0.295211,3.713658,1.096312
323,0,14,4,0.956049,0.597766,0.551195,8.414553,4.638062
323,0,14,5,0.486075,0.298398,-0.026760,3.883612,-0.103924
323,0,14,6,0.778593,0.516022,0.235997,4.151127,0.979655
323,0,14,7,0.920903,0.635635,0.623619,6.261661,3.904892
323,0,14,8,0.925735,0.630710,0.523434,5.441882,2.848467
323,0,14,9,0.774195,0.547512,0.173030,3.434331,0.594242
323,0,14,10,0.524112,0.326966,-0.056645,3.418009,-0.193613
323,0,14,11,0.937869,0.622816,0.530328,5.561228,2.949273
323,0,14,12,0.927823,0.687525,0.544663,4.583262,2.496333
323,0,14,13,0.809781,0.557629,0.242224,3.859354,0.934826
323,0,14,14,0.949467,0.612854,0.551273,6.869328,3.786872
323,0,14,15,0.923823,0.666351,0.503124,3.970891,1.997849
323,0,15,0,0.983575,0.857378,0.829536,5.835563,4.840807
323,0,15,1,0.955157,0.813572,0.723605,4.254168,3.078339
323,0,15,2,0.962528,0.759432,0.698346,6.157346,4.299955
323,0,15,3,0.968293,0.815527,0.759395,4.980484,3.782153
323,0,15,4,0.995927,1.041774,1.047084,-3.135243,-3.282864
323,0,15,5,0.973659,0.843745,0.837697,5.350501,4.482096
323,0,15,6,0.910110,1.097464,1.203038,1.756939,2.113665
323,0,15,7,0.938438,0.732943,0.628478,4.753417,2.987420
323,0,15,8,0.958034,0.784479,0.748325,5.397593,4.039155
323,0,15,9,0.968683,0.805856,0.737177,5.387276,3.971376
323,0,15,10,0.900121,1.089339,2.150695,-0.440592,-0.947579
323,0,15,11,0.962683,0.732258,0.674282,5.965087,4.022152
323,0,15,12,0.978302,0.988048,0.941644,6.584210,6.199983
323,0,15,13,0.832126,0.543479,0.330046,4.285076,1.414271
323,0,15,14,0.894192,0.609065,0.487118,4.797358,2.336881
323,0,15,15,0.579689,0.386065,0.053378,3.637949,0.194187
500,0,0,0,0.757269,0.699512,0.058651,1.577282,0.092509
500,0,0,1,0.987198,1.018880,1.040379,-1.037804,-1.079709
500,0,0,2,0.967812,0.724927,0.654770,2.156829,1.412228
500,0,0,3,0.975182,1.052848,1.114116,-2.155659,-2.401654
500,0,0,4,0.946158,0.943493,1.072255,-1.198322,-1.284907
500,0,0,5,0.612792,0.745993,-5.668617,0.173999,-0.986332
500,0,0,6,0.903904,0.989631,0.632270,0.521762,0.329895
500,0,0,7,0.980467,1.065302,1.163771,-1.185451,-1.379593
500,0,0,8,0.954173,0.911822,0.891299,1.322913,1.179112
500,0,0,9,0.868879,1.039008,2.882891,-0.241620,-0.696565
500,0,0,10,0.885888,0.654046,0.251363,0.851476,0.214029
500,0,0,11,0.784906,0.767083,0.055974,1.222116,0.068406
500,0,0,12,0.876863,0.441789,0.360023,3.362602,1.210615
500,0,0,13,0.959810,1.073683,1.614734,-0.924721,-1.493178
500,0,0,14,0.897949,0.724121,0.277689,0.703061,0.195232
500,0,0,15,0.996160,0.992812,0.975901,-3.117985,-3.042845
500,0,1,0,0.952172,1.004846,2.797964,-0.162242,-0.453948
500,0,1,1,0.996212,0.943198,0.935603,4.813093,4.503145
500,0,1,2,0.966312,0.712545,0.650724,2.445808,1.591547
500,0,1,3,0.898527,0.964852,0.025907,0.440526,0.011413
500,0,1,4,0.849254,0.601828,0.290426,1.386525,0.402683
500,0,1,5,0.872628,0.926091,0.509027,1.092035,0.555875
500,0,1,6,0.994908,0.975975,0.975516,3.771528,3.679185
500,0,1,7,0.952425,0.925977,0.316655,0.321719,0.101874
500,0,1,8,0.870192,0.927069,-2.156580,0.283950,-0.612360
500,0,1,9,0.938600,0.959663,1.209921,0.555623,0.672261
500,0,1,10,0.926993,0.953387,0.913226,1.062782,0.970561
500,0,1,11,0.952404,1.029694,9.774774,0.030777,0.300837
500,0,1,12,0.929796,0.910122,1.142006,-0.394938,-0.451022
500,0,1,13,0.963037,0.718773,0.656385,2.868719,1.882985
500,0,1,14,-0.455545,-0.367563,-0.703475,0.774999,-0.545192
500,0,1,15,0.988281,0.842266,0.833623,6.410447,5.343897
500,0,2,0,0.945565,0.971876,0.853379,1.511640,1.290002
500,0,2,1,0.987897,0.878326,0.833393,2.673651,2.228203
500,0,2,2,0.951895,0.997013,-2.175776,0.157473,-0.342626
500,0,2,3,0.961950,1.002857,-0.812168,0.197186,-0.160148
500,0,2,4,0.838540,0.429149,0.343971,2.148435,0.738999
500,0,2,5,0.983671,0.728550,0.695997,6.721092,4.677862
500,0,2,6,0.939215,0.983399,0.632390,1.143609,0.723207
500,0,2,7,0.945187,0.973081,-0.577194,0.316217,-0.182519
500,0,2,8,0.893911,0.589101,0.442213,1.740056,0.769476
500,0,2,9,0.954872,0.920343,0.844366,3.419656,2.887443
500,0,2,10,0.905170,0.920474,-0.297086,0.488154,-0.145024
500,0,2,11,0.989666,0.806609,0.774477,4.464374,3.457554
500,0,2,12,0.956470,0.999417,-2.456804,0.125144,-0.307454
500,0,2,13,0.855803,0.648954,0.392253,1.120024,0.439332
500,0,2,14,0.878008,0.911949,-5.747397,0.089441,-0.514050
500,0,2,15,0.942795,0.995977,-1.181798,0.276724,-0.327032
500,0,3,0,0.699896,0.483830,0.097568,3.516998,0.343145
500,0,3,1,0.949778,0.926504,0.707403,2.066050,1.461529
500,0,3,2,0.895872,0.883792,0.072385,1.066842,0.077224
500,0,3,3,0.917927,0.958062,-50.643237,0.012936,-0.655140
500,0,3,4,0.926132,0.913949,0.790654,2.377033,1.879410
500,0,3,5,0.988983,0.767923,0.757045,3.833131,2.901851
500,0,3,6,0.947363,0.984912,0.787504,1.048801,0.825935
500,0,3,7,0.935080,0.873210,0.432165,1.098093,0.474558
500,0,3,8,0.994583,0.960905,0.958396,9.716783,9.312529
500,0,3,9,0.985239,0.723269,0.689134,4.537576,3.126999
500,0,3,10,0.953126,1.123451,1.091975,1.049611,1.146148
500,0,3,11,0.819147,0.876621,-0.590532,0.811030,-0.478939
500,0,3,12,0.978203,0.717754,0.683080,4.390719,2.999213
500,0,3,13,0.985425,0.724168,0.703455,10.279366,7.231071
500,0,3,14,0.887912,0.863651,0.298468,1.261085,0.376393
500,0,3,15,0.952712,0.979280,0.762901,1.642868,1.253346
500,0,4,0,0.962833,0.935350,0.872485,1.883584,1.643399
500,0,4,1,0.898262,0.782046,0.401676,3.277363,1.316438
500,0,4,2,0.962570,0.975298,0.688769,0.693618,0.477742
500,0,4,3,0.961470,1.005229,1.068103,1.969135,2.103239
500,0,4,4,0.984543,0.767579,0.716115,5.639885,4.038808
500,0,4,5,0.948051,0.851170,0.597526,2.030309,1.213162
500,0,4,6,0.897714,0.781123,0.233110,1.895356,0.441827
500,0,4,7,0.970409,0.962058,0.707603,1.414217,1.000704
500,0,4,8,0.845617,0.359808,0.311713,2.079710,0.648273
500,0,4,9,0.956682,0.989032,0.598331,0.524642,0.313909
500,0,4,10,0.989920,0.752368,0.726997,9.500076,6.906531
500,0,4,11,0.927914,1.064003,1.593773,1.614994,2.573934
500,0,4,12,0.932957,0.929720,0.720188,1.280063,0.921886
500,0,4,13,0.984506,0.703319,0.684329,6.340331,4.338874
500,0,4,14,0.966189,0.974422,0.606969,0.994490,0.603625
500,0,4,15,0.949103,0.889353,0.516493,1.422352,0.734634
500,0,5,0,0.995180,0.802743,0.798914,14.683392,11.730766
500,0,5,1,0.922605,0.619477,0.497828,6.083411,3.028495
500,0,5,2,0.995229,0.738372,0.729735,12.028224,8.777417
500,0,5,3,0.964457,0.895638,0.745813,3.262248,2.433027
500,0,5,4,0.997610,0.897713,0.889402,12.341995,10.976993
500,0,5,5,0.992424,0.830116,0.816314,11.431035,9.331318
500,0,5,6,0.997678,0.901178,0.898953,18.115480,16.284971
500,0,5,7,0.867252,0.675296,0.339420,3.079893,1.045377
500,0,5,8,0.899630,0.653130,0.457403,4.218381,1.929500
500,0,5,9,0.954819,0.756689,0.663470,4.463944,2.961695
500,0,5,10,0.907390,0.821105,0.719989,3.982760,2.867543
500,0,5,11,0.970249,0.582869,0.557154,8.965738,4.995301
500,0,5,12,0.896668,0.487266,0.394417,4.324358,1.705600
500,0,5,13,0.977628,0.914324,0.819534,5.363998,4.395977
500,0,5,14,0.993362,0.700526,0.689311,9.988051,6.884871
500,0,5,15,0.927490,0.530306,0.453580,4.280536,1.941564
500,0,6,0,0.896192,0.614136,0.411591,4.238487,1.744524
500,0,6,1,0.945013,0.692913,0.617423,6.177567,3.814170
500,0,6,2,0.966397,0.880590,0.743780,4.567497,3.397212
500,0,6,3,0.969466,0.564652,0.531673,5.188382,2.758520
500,0,6,4,0.973780,0.739103,0.686766,6.138741,4.215876
500,0,6,5,0.909905,0.662688,0.516578,4.756709,2.457210
500,0,6,6,0.992029,0.764008,0.746304,14.290687,10.665190
500,0,6,7,0.988848,0.791285,0.773636,9.132995,7.065612
500,0,6,8,0.901628,0.755777,0.523165,4.448133,2.327108
500,0,6,9,0.990294,0.811653,0.777898,11.759204,9.147456
500,0,6,10,0.926708,0.785578,0.543636,3.017204,1.640259
500,0,6,11,0.983939,0.615263,0.598923,7.153657,4.284487
500,0,6,12,0.985912,0.815190,0.758394,13.323995,10.104839
500,0,6,13,0.499189,0.397166,-0.356839,1.790906,-0.639064
500,0,6,14,0.887423,0.695656,0.392315,3.535406,1.386992
500,0,6,15,0.948297,0.753518,0.563380,4.822051,2.716645
500,0,7,0,0.993784,0.809152,0.801333,12.254301,9.819780
500,0,7,1,0.951156,0.723874,0.655332,6.170942,4.044016
500,0,7,2,0.969065,0.935451,0.926832,3.169369,2.937473
500,0,7,3,0.990650,0.672138,0.660282,9.413227,6.215383
500,0,7,4,0.868183,0.525042,0.378113,6.658866,2.517807
500,0,7,5,0.912550,0.642701,0.509846,5.018059,2.558438
500,0,7,6,0.987610,0.719900,0.701251,12.132931,8.508231
500,0,7,7,0.977566,0.785839,0.726276,5.151788,3.741621
500,0,7,8,0.966802,0.910165,0.842959,7.184229,6.056010
500,0,7,9,0.993819,0.837525,0.830154,12.330926,10.236567
500,0,7,10,0.998812,0.912340,0.910466,27.797056,25.308262
500,0,7,11,0.976615,1.104062,1.194250,4.009472,4.788312
500,0,7,12,0.992737,0.749917,0.741505,14.024941,10.399567
500,0,7,13,0.951746,0.675523,0.638376,7.162778,4.572545
500,0,7,14,0.984630,0.694250,0.665998,6.564946,4.372238
500,0,7,15,0.671746,0.396234,0.118404,4.597286,0.544339
500,0,8,0,0.942706,0.725363,0.600589,4.651646,2.793726
500,0,8,1,0.932644,0.656727,0.536759,6.391108,3.430482
500,0,8,2,0.935048,0.622099,0.502988,5.718012,2.876091
500,0,8,3,0.946856,0.683815,0.595286,6.577531,3.915512
500,0,8,4,0.992808,0.996746,0.993571,13.129762,13.045357
500,0,8,5,-0.563522,-0.510909,-0.865325,1.339432,-1.159044
500,0,8,6,0.963768,0.760088,0.690079,5.189104,3.580891
500,0,8,7,0.986763,0.869932,0.813428,6.731486,5.475583
500,0,8,8,0.976492,0.929533,0.867603,5.157599,4.474746
500,0,8,9,0.952624,0.746157,0.627222,6.138588,3.850256
500,0,8,10,0.978295,0.777746,0.739554,8.184575,6.052937
500,0,8,11,0.974685,0.818752,0.740044,6.139316,4.543365
500,0,8,12,0.927792,0.638698,0.502493,5.546629,2.787143
500,0,8,13,0.980982,0.866760,0.822191,7.070397,5.813215
500,0,8,14,0.961696,0.735621,0.651509,5.422465,3.532786
500,0,8,15,0.565872,0.323288,0.020913,3.600597,0.075299
500,0,9,0,0.845185,0.662926,0.261308,3.521984,0.920322
500,0,9,1,0.650696,0.434288,0.037064,3.401291,0.126066
500,0,9,2,0.849294,0.726125,0.386820,2.556625,0.988953
500,0,9,3,0.977938,0.829470,0.784666,6.664496,5.229406
500,0,9,4,0.982532,0.877480,0.858823,6.837315,5.872044
500,0,9,5,0.978651,0.828209,0.796327,6.572659,5.233985
500,0,9,6,0.984176,0.854394,0.784890,8.524630,6.690894
500,0,9,7,0.977160,0.913362,0.879274,4.263667,3.748930
500,0,9,8,0.787790,0.409064,0.257752,5.021223,1.294228
500,0,9,9,0.969211,0.794515,0.682389,7.688871,5.246801
500,0,9,10,0.974452,0.788612,0.754494,8.185083,6.175596
500,0,9,11,0.927918,0.811170,0.692590,3.760880,2.604747
500,0,9,12,0.968401,0.584959,0.558306,9.016788,5.034128
500,0,9,13,0.891191,0.752933,0.500701,2.747166,1.375508
500,0,9,14,0.974925,0.855141,0.809349,6.707758,5.428916
500,0,9,15,0.991806,0.914002,0.865431,11.258627,9.743565
500,0,10,0,0.880203,0.555273,0.396298,6.384793,2.530278
500,0,10,1,0.997582,0.871314,0.870118,21.689177,18.872137
500,0,10,2,0.976804,0.864231,0.811960,6.161555,5.002934
500,0,10,3,0.991963,0.817856,0.798828,6.110144,4.880957
500,0,10,4,0.996045,0.901768,0.901802,7.578525,6.834332
500,0,10,5,0.993708,0.903633,0.899424,11.791239,10.605325
500,0,10,6,0.990258,0.785245,0.768077,13.168929,10.114748
500,0,10,7,0.988179,0.952263,0.930389,5.480264,5.098777
500,0,10,8,0.967833,0.792311,0.740616,7.308529,5.412814
500,0,10,9,0.993239,0.728574,0.718774,10.499242,7.546584
500,0,10,10,0.996410,0.794815,0.791238,15.666029,12.395557
500,0,10,11,0.974929,0.823574,0.775420,8.580220,6.653278
500,0,10,12,0.973825,0.853660,0.814592,6.359241,5.180189
500,0,10,13,0.995065,0.900189,0.896850,13.037060,11.692284
500,0,10,14,0.873001,0.519239,0.375980,7.080231,2.662026
500,0,10,15,0.953377,0.749467,0.710972,5.488806,3.902386
500,0,11,0,0.994295,0.988003,0.989582,8.629115,8.539216
500,0,11,1,0.991837,1.022185,1.021547,11.525002,11.773336
500,0,11,2,0.968821,0.830576,0.773766,6.414195,4.963088
500,0,11,3,-0.244167,-0.121654,-0.311439,2.267859,-0.706301
500,0,11,4,0.961743,0.694184,0.606413,6.023146,3.652511
500,0,11,5,0.964709,0.806182,0.730451,5.225834,3.817218
500,0,11,6,0.986666,0.617610,0.606218,11.255230,6.823120
500,0,11,7,0.924847,0.590819,0.475902,7.622515,3.627573
500,0,11,8,0.944097,0.751528,0.689953,5.117154,3.530594
500,0,11,9,0.992124,0.934219,0.918495,5.570343,5.116334
500,0,11,10,0.567746,0.346429,-0.002140,3.961232,-0.008477
500,0,11,11,0.958236,0.673982,0.621820,5.868712,3.649280
500,0,11,12,0.880210,0.522916,0.387639,6.990253,2.709698
500,0,11,13,0.992484,1.078082,1.076875,11.821965,12.730781
500,0,11,14,0.973671,0.830493,0.792222,5.960810,4.722288
500,0,11,15,0.992232,1.034947,1.033490,11.407383,11.789415
500,0,12,0,0.988222,1.862392,1.916440,-1.285499,-2.463582
500,0,12,1,0.989551,0.879499,0.861155,10.883177,9.372102
500,0,12,2,0.951195,0.734341,0.590322,3.589095,2.118721
500,0,12,3,0.998778,1.083732,1.085066,-3.637008,-3.946395
500,0,12,4,0.970312,0.753923,0.689462,5.054063,3.484583
500,0,12,5,0.869126,0.594178,0.448341,4.680858,2.098621
500,0,12,6,0.926914,0.675587,0.479301,3.593260,1.722252
500,0,12,7,0.842781,0.513030,0.358278,6.584714,2.359157
500,0,12,8,0.895387,0.556877,0.428468,6.651405,2.849913
500,0,12,9,0.990378,1.047943,1.047770,9.263313,9.705824
500,0,12,10,0.987609,0.888518,0.867121,4.159195,3.606526
500,0,12,11,0.925935,0.616999,0.526300,6.670364,3.510611
500,0,12,12,0.941594,0.712690,0.634579,5.835659,3.703188
500,0,12,13,0.943621,0.480179,0.443303,6.139710,2.721754
500,0,12,14,0.923563,0.610962,0.513254,7.062800,3.625012
500,0,12,15,0.694052,0.400910,0.183466,6.064818,1.112690
500,0,13,0,0.606510,0.292416,0.133708,7.072015,0.945585
500,0,13,1,0.866557,0.530140,0.385538,6.102192,2.352627
500,0,13,2,0.850891,0.642863,0.320812,3.555556,1.140665
500,0,13,3,0.815440,0.455931,0.301268,6.174383,1.860142
500,0,13,4,0.987806,0.700083,0.688978,11.607841,7.997546
500,0,13,5,0.978293,0.606638,0.582241,6.225040,3.624471
500,0,13,6,0.989181,0.954818,0.949763,9.372124,8.901295
500,0,13,7,0.719913,0.473813,0.128331,4.049242,0.519643
500,0,13,8,0.717690,0.509053,0.106074,4.112684,0.436250
500,0,13,9,0.797578,0.463218,0.285289,5.832268,1.663883
500,0,13,10,0.828683,0.522014,0.329173,4.739981,1.560272
500,0,13,11,0.800993,0.403164,0.294110,8.003567,2.353933
500,0,13,12,0.855263,0.459269,0.346233,7.169275,2.482242
500,0,13,13,0.607919,0.473724,-0.156013,2.336566,-0.364535
500,0,13,14,0.843919,0.453115,0.341842,6.937100,2.371391
500,0,13,15,0.972654,1.380197,1.481041,-1.542902,-2.285101
500,0,14,0,0.820543,0.553973,0.281900,4.343583,1.224457
500,0,14,1,0.970374,0.808188,0.783004,10.551425,8.261809
500,0,14,2,0.941115,0.594193,0.530937,7.518923,3.992076
500,0,14,3,0.815755,0.572445,0.300385,3.703974,1.112617
500,0,14,4,0.955212,0.599137,0.548512,8.475944,4.649156
500,0,14,5,0.543770,0.319350,0.036922,4.046626,0.149409
500,0,14,6,0.787959,0.539831,0.237877,4.074056,0.969126
500,0,14,7,0.910391,0.607960,0.573362,6.056575,3.472610
500,0,14,8,0.924795,0.637103,0.526741,5.450005,2.870742
500,0,14,9,0.764073,0.552754,0.142358,3.371361,0.479942
500,0,14,10,0.538010,0.351808,-0.074744,3.262022,-0.243818
500,0,14,11,0.936667,0.622010,0.527011,5.594507,2.948367
500,0,14,12,0.925398,0.688906,0.533128,4.554520,2.428140
500,0,14,13,0.816979,0.572849,0.249759,3.850483,0.961692
500,0,14,14,0.947872,0.616943,0.551506,6.936028,3.825258
500,0,14,15,0.909382,0.648003,0.461619,3.975193,1.835023
500,0,15,0,0.983397,0.853437,0.820474,5.891494,4.833816
500,0,15,1,0.959030,0.818190,0.727926,4.335238,3.155732
500,0,15,2,0.966661,0.773545,0.715291,6.222480,4.450886
500,0,15,3,0.969875,0.817846,0.759899,5.067484,3.850777
500,0,15,4,0.997177,1.049187,1.053131,-3.323916,-3.500518
500,0,15,5,0.976858,0.859383,0.856084,5.517927,4.723807
500,0,15,6,0.935581,1.269917,1.386413,1.914272,2.653972
500,0,15,7,0.939682,0.738050,0.626315,4.706616,2.947824
500,0,15,8,0.960689,0.788758,0.753502,5.517180,4.157208
500,0,15,9,0.967245,0.809657,0.728192,5.293875,3.854958
500,0,15,10,0.921437,1.089307,1.676577,-0.581566,-0.975039
500,0,15,11,0.962476,0.729412,0.668305,6.015378,4.020107
500,0,15,12,0.974688,0.981528,0.921734,6.350010,5.853023
500,0,15,13,0.890763,0.605709,0.437706,4.461648,1.952890
500,0,15,14,0.941991,0.690053,0.608945,5.161527,3.143087
500,0,15,15,0.670913,0.441692,0.156311,3.723677,0.582051
849,0,0,0,0.765256,0.722934,0.019739,1.450205,0.028625
849,0,0,1,0.985313,0.952102,0.979561,-1.136047,-1.112827
849,0,0,2,0.940921,0.680365,0.512817,1.566352,0.803252
849,0,0,3,0.982070,1.054508,1.101143,-2.352188,-2.590096
849,0,0,4,0.962582,0.884762,0.919248,-1.640838,-1.508337
849,0,0,5,0.498279,0.707647,-4.907308,0.234413,-1.150335
849,0,0,6,0.904634,0.988313,0.652430,0.575893,0.375730
849,0,0,7,0.983317,1.020372,1.092275,-1.419096,-1.550043
849,0,0,8,0.957384,0.893209,0.854152,1.540218,1.315581
849,0,0,9,0.851789,0.740755,-0.032189,0.519994,-0.016738
849,0,0,10,0.980197,0.706719,0.662549,2.426371,1.607591
849,0,0,11,0.797504,0.790085,0.026742,1.076252,0.028781
849,0,0,12,0.834862,0.409800,0.310714,3.163268,0.982872
849,0,0,13,0.954861,1.064921,1.803958,-0.761808,-1.374269
849,0,0,14,0.925513,0.647395,0.524919,1.167828,0.613015
849,0,0,15,0.996258,0.991350,0.975502,-3.184868,-3.106846
849,0,1,0,0.954689,1.003981,1.755057,-0.329362,-0.578049
849,0,1,1,0.987073,0.959803,0.966654,2.437695,2.356408
849,0,1,2,0.979070,0.721106,0.694064,3.104420,2.154665
849,0,1,3,0.897580,0.975603,-0.343942,0.359198,-0.123543
849,0,1,4,0.881597,0.614682,0.361131,1.696520,0.612666
849,0,1,5,0.864632,0.931654,0.377926,0.954603,0.360769
849,0,1,6,0.993788,0.972508,0.965741,3.252118,3.140702
849,0,1,7,0.953551,0.930370,0.473981,0.362807,0.171964
849,0,1,8,0.865387,0.935223,-2.615546,0.256577,-0.671088
849,0,1,9,0.936406,0.954956,1.322594,0.555935,0.735277
849,0,1,10,0.931204,0.958960,1.005566,1.294428,1.301633
849,0,1,11,0.952316,1.026026,14.794587,0.018291,0.270607
849,0,1,12,0.902182,0.857429,1.388887,-0.192529,-0.267401
849,0,1,13,0.949436,0.684884,0.575503,2.443514,1.406251
849,0,1,14,-0.300852,-0.181815,-0.377368,0.985943,-0.372063
849,0,1,15,0.985752,0.820160,0.806020,6.366347,5.131401
849,0,2,0,0.946701,0.975270,0.907164,1.583984,1.436933
849,0,2,1,0.989522,0.838889,0.814723,3.545646,2.888721
849,0,2,2,0.950733,0.996869,-3.134777,0.126497,-0.396539
849,0,2,3,0.960900,1.004433,-1.057554,0.176885,-0.187066
849,0,2,4,0.854103,0.449456,0.365099,2.639256,0.963590
849,0,2,5,0.983180,0.749370,0.711237,6.988716,4.970637
849,0,2,6,0.936785,0.976149,0.608787,1.092694,0.665218
849,0,2,7,0.943571,0.975559,-0.965031,0.261913,-0.252755
849,0,2,8,0.883651,0.519653,0.426238,1.759939,0.750152
849,0,2,9,0.956877,0.924661,0.858206,3.446058,2.957428
849,0,2,10,0.900242,0.911480,-0.183247,0.553058,-0.101346
849,0,2,11,0.983239,0.802535,0.743616,4.189500,3.115380
849,0,2,12,0.954018,0.998012,-3.599727,0.106051,-0.381755
849,0,2,13,0.885629,0.657239,0.465324,1.342926,0.624895
849,0,2,14,0.877066,0.861518,-0.577793,0.364733,-0.210740
849,0,2,15,0.941873,0.995631,-1.048973,0.298108,-0.312707
849,0,3,0,0.678243,0.463645,0.071185,3.541919,0.252131
849,0,3,1,0.952080,0.917255,0.729809,2.244844,1.638307
849,0,3,2,0.890795,0.884297,-0.012226,1.019252,-0.012461
849,0,3,3,0.916007,0.947675,-9.706901,0.062315,-0.604885
849,0,3,4,0.928138,0.921998,0.819328,2.378903,1.949100
849,0,3,5,0.992463,0.798366,0.787153,4.248142,3.343939
849,0,3,6,0.950272,0.976342,0.865440,1.336792,1.156914
849,0,3,7,0.934033,0.864751,0.462477,1.197156,0.553657
849,0,3,8,0.993439,0.968823,0.965136,9.322704,8.997680
849,0,3,9,0.986590,0.721691,0.694669,4.829583,3.354961
849,0,3,10,0.953717,1.118268,1.132558,1.070459,1.212357
849,0,3,11,0.816489,0.851069,-0.371128,0.957213,-0.355248
849,0,3,12,0.970575,0.713564,0.672962,4.326261,2.911409
849,0,3,13,0.985487,0.743688,0.720360,10.335853,7.445536
849,0,3,14,0.879297,0.863364,0.157502,1.110555,0.174915
849,0,3,15,0.957274,0.981517,0.835895,1.787994,1.494575
849,0,4,0,0.965925,0.925988,0.858818,2.251063,1.933254
849,0,4,1,0.895764,0.773006,0.388451,3.295835,1.280270
849,0,4,2,0.959666,0.966480,0.668205,0.767208,0.512652
849,0,4,3,0.958606,0.990342,1.034058,1.835602,1.898120
849,0,4,4,0.988801,0.767681,0.738678,6.104677,4.509392
849,0,4,5,0.950093,0.849572,0.615268,2.117008,1.302528
849,0,4,6,0.888983,0.774142,0.195818,1.869307,0.366045
849,0,4,7,0.971285,0.962049,0.724705,1.458021,1.056635
849,0,4,8,0.941925,0.485245,0.455389,2.654872,1.208999
849,0,4,9,0.954351,0.977935,0.580127,0.562488,0.326314
849,0,4,10,0.989679,0.750478,0.726735,9.675762,7.031714
849,0,4,11,0.928547,1.042725,1.604818,1.521752,2.442136
849,0,4,12,0.932966,0.929705,0.723260,1.269278,0.918018
849,0,4,13,0.975369,0.713570,0.684929,6.750982,4.623945
849,0,4,14,0.965668,0.974861,0.636843,1.011690,0.644288
849,0,4,15,0.947688,0.881447,0.498402,1.438546,0.716974
849,0,5,0,0.994718,0.811575,0.806767,14.380986,11.602109
849,0,5,1,0.900685,0.598622,0.453042,5.879444,2.663634
849,0,5,2,0.990689,0.693382,0.682919,11.788138,8.050339
849,0,5,3,0.964907,0.891094,0.744227,3.365385,2.504612
849,0,5,4,0.997112,0.893186,0.884299,12.304898,10.881207
849,0,5,5,0.990593,0.834109,0.822432,11.528271,9.481215
849,0,5,6,0.996862,0.904877,0.902342,17.144569,15.470271
849,0,5,7,0.883286,0.658857,0.406771,3.569829,1.452103
849,0,5,8,0.896046,0.642071,0.448945,4.292500,1.927097
849,0,5,9,0.951496,0.733602,0.641633,4.712646,3.023790
849,0,5,10,0.917523,0.830792,0.751110,4.152507,3.118990
849,0,5,11,0.977265,0.584088,0.565204,9.345004,5.281831
849,0,5,12,0.934385,0.542529,0.474286,4.792964,2.273235
849,0,5,13,0.977984,0.916006,0.820014,5.297559,4.344073
849,0,5,14,0.991402,0.693825,0.682559,10.077185,6.878271
849,0,5,15,0.892817,0.503853,0.405475,3.712355,1.505266
849,0,6,0,0.904429,0.613073,0.438839,4.569298,2.005186
849,0,6,1,0.928399,0.660135,0.567634,6.078217,3.450205
849,0,6,2,0.968920,0.877975,0.754988,4.733480,3.573719
849,0,6,3,0.940248,0.539118,0.494603,4.798266,2.373236
849,0,6,4,0.975775,0.729483,0.687506,6.639933,4.564994
849,0,6,5,0.909829,0.665595,0.521255,4.717932,2.459246
849,0,6,6,0.993726,0.778724,0.765614,14.878842,11.391454
849,0,6,7,0.987526,0.809641,0.796076,10.082575,8.026497
849,0,6,8,0.903218,0.753196,0.527124,4.494174,2.368986
849,0,6,9,0.991202,0.835207,0.805180,12.700479,10.226173
849,0,6,10,0.917123,0.762847,0.520351,3.188754,1.659271
849,0,6,11,0.983977,0.570209,0.562841,7.381199,4.154440
849,0,6,12,0.987054,0.812441,0.772229,14.144902,10.923102
849,0,6,13,0.502384,0.390877,-0.310029,1.869040,-0.579457
849,0,6,14,0.876082,0.691900,0.365536,3.415726,1.248570
849,0,6,15,0.935615,0.730752,0.519085,4.746897,2.464042
849,0,7,0,0.994087,0.819444,0.811360,12.228663,9.921853
849,0,7,1,0.943209,0.685974,0.616760,6.358086,3.921414
849,0,7,2,0.972665,0.930016,0.912023,3.351438,3.056590
849,0,7,3,0.986138,0.676454,0.659220,9.500674,6.263031
849,0,7,4,0.867481,0.515173,0.376381,6.787999,2.554876
849,0,7,5,0.901669,0.635742,0.485806,4.749960,2.307560
849,0,7,6,0.982748,0.705828,0.681247,11.602715,7.904311
849,0,7,7,0.978961,0.774522,0.723066,5.504454,3.980086
849,0,7,8,0.965004,0.872393,0.805226,7.508806,6.046287
849,0,7,9,0.991827,0.831516,0.822772,12.524933,10.305161
849,0,7,10,0.998245,0.915654,0.913984,27.452110,25.090803
849,0,7,11,0.972625,1.119641,1.236679,3.794930,4.693109
849,0,7,12,0.989644,0.746613,0.736177,14.586389,10.738162
849,0,7,13,0.951830,0.671285,0.636765,7.219930,4.597396
849,0,7,14,0.976413,0.689424,0.651752,6.192353,4.035879
849,0,7,15,0.656558,0.391869,0.090329,4.483699,0.405009
849,0,8,0,0.957043,0.742854,0.649828,5.126840,3.331562
849,0,8,1,0.928518,0.640948,0.528030,6.553179,3.460275
849,0,8,2,0.910050,0.599525,0.447081,5.302730,2.370750
849,0,8,3,0.942063,0.686741,0.588364,6.258864,3.682493
849,0,8,4,0.990457,0.960049,0.952661,12.922960,12.311203
849,0,8,5,-0.449038,-0.521388,-1.185677,1.098415,-1.302365
849,0,8,6,0.970742,0.770293,0.715860,5.623212,4.025433
849,0,8,7,0.986453,0.863434,0.818297,7.119403,5.825783
849,0,8,8,0.977161,0.919725,0.853928,5.120109,4.372205
849,0,8,9,0.949762,0.746266,0.628202,5.983680,3.758959
849,0,8,10,0.969588,0.739636,0.694713,7.660758,5.322029
849,0,8,11,0.970775,0.825824,0.750285,5.849771,4.388996
849,0,8,12,0.939951,0.652906,0.535982,5.586709,2.994377
849,0,8,13,0.974919,0.858788,0.799719,6.364781,5.090036
849,0,8,14,0.968257,0.752163,0.686495,5.871285,4.030611
849,0,8,15,0.591833,0.343085,0.038322,3.442031,0.131905
849,0,9,0,0.860861,0.684182,0.291474,3.413105,0.994832
849,0,9,1,0.610694,0.403359,-0.007408,3.413045,-0.025285
849,0,9,2,0.856961,0.727763,0.419893,2.583848,1.084939
849,0,9,3,0.974351,0.816273,0.767959,6.410734,4.923178
849,0,9,4,0.971639,0.853816,0.826331,5.865529,4.846870
849,0,9,5,0.977501,0.816881,0.788137,6.691670,5.273952
849,0,9,6,0.983034,0.848634,0.788552,8.614455,6.792948
849,0,9,7,0.983563,0.921029,0.896625,4.977234,4.462712
849,0,9,8,0.705933,0.355081,0.182375,4.937014,0.900387
849,0,9,9,0.976138,0.793861,0.708103,7.904833,5.597436
849,0,9,10,0.958052,0.749585,0.691580,7.203814,4.982015
849,0,9,11,0.925117,0.802379,0.674113,3.698526,2.493224
849,0,9,12,0.961635,0.597177,0.562159,9.070162,5.098876
849,0,9,13,0.894770,0.744807,0.530516,2.889872,1.533125
849,0,9,14,0.971162,0.843114,0.791615,6.040638,4.781860
849,0,9,15,0.986659,0.889107,0.825980,10.634726,8.784070
849,0,10,0,0.896444,0.566845,0.423087,6.458896,2.732677
849,0,10,1,0.997092,0.881917,0.880644,21.075657,18.560150
849,0,10,2,0.979812,0.880039,0.833780,6.418401,5.351536
849,0,10,3,0.985955,0.798649,0.768365,5.633955,4.328936
849,0,10,4,0.995493,0.894103,0.893691,7.358616,6.576332
849,0,10,5,0.991437,0.874543,0.864427,11.492066,9.934057
849,0,10,6,0.987242,0.767040,0.746826,12.160916,9.082086
849,0,10,7,0.987063,0.952591,0.930379,4.855567,4.517518
849,0,10,8,0.958430,0.778688,0.710610,6.433196,4.571492
849,0,10,9,0.986096,0.688877,0.675801,9.764632,6.598945
849,0,10,10,0.994234,0.774084,0.769627,14.903176,11.469880
849,0,10,11,0.968218,0.814763,0.749566,7.515699,5.633516
849,0,10,12,0.976028,0.852614,0.815861,6.519186,5.318747
849,0,10,13,0.993022,0.888214,0.882485,12.487429,11.019969
849,0,10,14,0.913132,0.556809,0.449965,7.523782,3.385440
849,0,10,15,0.934866,0.747986,0.687082,4.442347,3.052257
849,0,11,0,0.993413,0.980050,0.980680,8.106149,7.949537
849,0,11,1,0.989635,0.983246,0.974308,11.684613,11.384410
849,0,11,2,0.956468,0.806964,0.719598,5.401248,3.886727
849,0,11,3,-0.242329,-0.120571,-0.299715,2.398048,-0.718731
849,0,11,4,0.963597,0.688673,0.610010,6.109108,3.726617
849,0,11,5,0.958293,0.818208,0.725868,4.654373,3.378458
849,0,11,6,0.971290,0.588991,0.563768,10.842545,6.112675
849,0,11,7,0.915620,0.578322,0.457481,7.402279,3.386405
849,0,11,8,0.908397,0.702827,0.584839,4.328389,2.531411
849,0,11,9,0.989086,0.914361,0.892338,5.636888,5.030011
849,0,11,10,0.596354,0.338894,0.065503,4.180860,0.273860
849,0,11,11,0.966118,0.704596,0.660904,5.913291,3.908117
849,0,11,12,0.867075,0.506282,0.367198,6.957002,2.554599
849,0,11,13,0.989744,1.033176,1.029244,11.863145,12.210071
849,0,11,14,0.974562,0.844564,0.809276,5.699424,4.612407
849,0,11,15,0.989991,1.009866,1.001093,11.027991,11.040050
849,0,12,0,0.985273,1.860736,1.930719,-1.256725,-2.426383
849,0,12,1,0.985698,0.842672,0.821116,11.247181,9.235239
849,0,12,2,0.951939,0.726074,0.590980,3.755138,2.219211
849,0,12,3,0.998342,1.072863,1.073838,-3.687245,-3.959504
849,0,12,4,0.967980,0.744614,0.684140,5.366750,3.671607
849,0,12,5,0.867490,0.592513,0.442213,4.622841,2.044282
849,0,12,6,0.910991,0.656599,0.431768,3.475137,1.500451
849,0,12,7,0.835956,0.493825,0.351027,6.697572,2.351027
849,0,12,8,0.896750,0.546752,0.431705,6.954331,3.002218
849,0,12,9,0.988030,1.038992,1.033284,8.788762,9.081285
849,0,12,10,0.980785,0.864923,0.832176,4.032265,3.355556
849,0,12,11,0.936281,0.627005,0.550003,6.826706,3.754708
849,0,12,12,0.925528,0.692445,0.593056,5.378008,3.189459
849,0,12,13,0.927154,0.488218,0.442023,6.214325,2.746877
849,0,12,14,0.924481,0.610147,0.515063,7.010511,3.610858
849,0,12,15,0.729049,0.415042,0.223997,6.260537,1.402344
849,0,13,0,0.685247,0.320428,0.189748,7.383209,1.400949
849,0,13,1,0.854400,0.510925,0.362861,6.143595,2.229273
849,0,13,2,0.863819,0.637531,0.360225,3.759013,1.354089
849,0,13,3,0.839544,0.463339,0.327141,6.431938,2.104152
849,0,13,4,0.988158,0.730451,0.717318,11.894880,8.532407
849,0,13,5,0.975238,0.626496,0.602456,6.455238,3.889000
849,0,13,6,0.988436,0.934105,0.925649,9.398714,8.699912
849,0,13,7,0.681243,0.432864,0.102231,4.223882,0.431812
849,0,13,8,0.730665,0.508887,0.139033,4.224382,0.587327
849,0,13,9,0.789512,0.442928,0.279819,6.120632,1.712671
849,0,13,10,0.814130,0.494475,0.318340,5.004642,1.593179
849,0,13,11,0.841865,0.414770,0.329381,8.548202,2.815616
849,0,13,12,0.851662,0.442412,0.340070,7.397083,2.515523
849,0,13,13,0.601106,0.454076,-0.123097,2.450445,-0.301642
849,0,13,14,0.853363,0.458901,0.353050,7.063659,2.493827
849,0,13,15,0.977882,1.288721,1.364475,-1.671038,-2.280090
849,0,14,0,0.825885,0.565851,0.289736,4.318382,1.251190
849,0,14,1,0.975024,0.824151,0.801827,10.862109,8.709527
849,0,14,2,0.933037,0.575269,0.506841,7.484787,3.793595
849,0,14,3,0.807476,0.576705,0.277694,3.571383,0.991752
849,0,14,4,0.941324,0.570130,0.512696,8.465069,4.340005
849,0,14,5,0.608933,0.340701,0.105606,4.214419,0.445069
849,0,14,6,0.771051,0.524060,0.210361,4.070605,0.856297
849,0,14,7,0.912568,0.611929,0.572857,5.980452,3.425946
849,0,14,8,0.922712,0.642070,0.524757,5.397501,2.832374
849,0,14,9,0.763257,0.555572,0.137572,3.356657,0.461783
849,0,14,10,0.568210,0.368069,-0.032418,3.328687,-0.107909
849,0,14,11,0.917636,0.598260,0.486687,5.524869,2.688880
849,0,14,12,0.911576,0.668516,0.496484,4.558609,2.263275
849,0,14,13,0.802002,0.572101,0.210715,3.724012,0.784705
849,0,14,14,0.943282,0.604800,0.536082,6.902139,3.700110
849,0,14,15,0.891754,0.620932,0.421252,4.014040,1.690923
849,0,15,0,0.985534,0.870758,0.844244,5.993952,5.060358
849,0,15,1,0.962792,0.827679,0.743057,4.347705,3.230592
849,0,15,2,0.967053,0.781985,0.719809,6.120036,4.405258
849,0,15,3,0.970191,0.813549,0.754258,5.156089,3.889023
849,0,15,4,0.997481,1.059005,1.062850,-3.364589,-3.576052
849,0,15,5,0.976609,0.850651,0.841735,5.499974,4.629521
849,0,15,6,0.931861,1.338267,1.479334,1.802821,2.666975
849,0,15,7,0.938059,0.734977,0.614605,4.609471,2.833003
849,0,15,8,0.958077,0.774844,0.733324,5.536944,4.060371
849,0,15,9,0.968566,0.815452,0.733374,5.359126,3.930243
849,0,15,10,0.927062,1.074989,1.566593,-0.636123,-0.996546
849,0,15,11,0.964498,0.734473,0.673134,6.020380,4.052520
849,0,15,12,0.972533,0.975366,0.909486,6.215697,5.653089
849,0,15,13,0.921678,0.655221,0.518221,4.477488,2.320329
849,0,15,14,0.964245,0.757133,0.703265,5.384562,3.786773
849,0,15,15,0.730054,0.479468,0.225932,3.747937,0.846777
17,0,0,0,0.769782,0.720920,0.056726,1.485650,0.084275
17,0,0,1,0.983313,0.970639,0.998004,-0.999491,-0.997496
17,0,0,2,0.973977,0.690546,0.635580,2.247483,1.428456
17,0,0,3,0.974312,1.115582,1.191547,-2.120084,-2.526179
17,0,0,4,0.886736,0.966098,1.766575,-0.556918,-0.983838
17,0,0,5,0.647577,0.995509,10.104010,-0.129972,-1.313235
17,0,0,6,0.903999,0.991479,0.605442,0.486201,0.294366
17,0,0,7,0.985697,1.021822,1.085289,-1.558630,-1.691563
17,0,0,8,0.944030,0.847726,0.802354,1.488513,1.194314
17,0,0,9,0.857030,0.837753,-0.641018,0.292501,-0.187498
17,0,0,10,0.944966,0.696545,0.513122,1.311616,0.673019
17,0,0,11,0.800029,0.784489,0.110351,1.184612,0.130723
17,0,0,12,0.898296,0.461144,0.394870,3.497947,1.381233
17,0,0,13,0.968811,1.096906,1.467147,-1.179424,-1.730388
17,0,0,14,0.940692,0.760407,0.506600,0.838814,0.424943
17,0,0,15,0.996295,0.994925,0.979894,-3.174993,-3.111156
17,0,1,0,0.950349,1.003656,946.949022,-0.000323,-0.305519
17,0,1,1,0.979373,0.956887,0.980599,1.887245,1.850631
17,0,1,2,0.978763,0.722250,0.691163,2.959324,2.045375
17,0,1,3,0.891257,0.957186,-0.074412,0.450102,-0.033493
17,0,1,4,0.964797,0.687375,0.613052,2.562692,1.571064
17,0,1,5,0.865679,0.922696,0.499039,1.045322,0.521656
17,0,1,6,0.995642,0.970036,0.968823,4.100779,3.972928
17,0,1,7,0.948825,0.922238,-0.269323,0.208535,-0.056163
17,0,1,8,0.867931,0.943891,-5.070248,0.149703,-0.759033
17,0,1,9,0.937785,0.960618,1.162793,0.590284,0.686379
17,0,1,10,0.921965,0.955906,0.832837,0.891557,0.742521
17,0,1,11,0.951859,1.030193,3.126465,0.118384,0.370125
17,0,1,12,0.899688,0.866802,1.399286,-0.144099,-0.201635
17,0,1,13,0.970849,0.709902,0.682764,3.619006,2.470927
17,0,1,14,-0.355670,-0.617598,-3.115686,0.321518,-1.001749
17,0,1,15,0.991588,0.861461,0.860720,7.551530,6.499750
17,0,2,0,0.942440,0.972376,0.827771,1.460820,1.209224
17,0,2,1,0.988930,0.828054,0.815108,3.786137,3.086112
17,0,2,2,0.950823,1.002609,-27.219208,0.018171,-0.494606
17,0,2,3,0.960755,1.009909,-5.541760,0.056880,-0.315216
17,0,2,4,0.888182,0.488321,0.421717,2.607433,1.099598
17,0,2,5,0.982613,0.725085,0.697208,7.223567,5.036326
17,0,2,6,0.934586,0.986012,0.487190,0.898228,0.437608
17,0,2,7,0.943585,0.978440,-2.081608,0.163343,-0.340016
17,0,2,8,0.927554,0.558163,0.503095,2.098347,1.055668
17,0,2,9,0.958357,0.910149,0.845326,3.737254,3.159196
17,0,2,10,0.900387,0.923396,-0.567628,0.426950,-0.242349
17,0,2,11,0.982742,0.803987,0.761441,3.708105,2.823502
17,0,2,12,0.953925,1.004049,-148.542879,0.003192,-0.474122
17,0,2,13,0.840838,0.574434,0.424294,1.442538,0.612060
17,0,2,14,0.873369,0.887590,-1.375547,0.240866,-0.331323
17,0,2,15,0.939506,1.002696,-3.550509,0.140342,-0.498285
17,0,3,0,0.659828,0.482783,0.005964,3.249086,0.019377
17,0,3,1,0.945079,0.934814,0.674809,1.836797,1.239487
17,0,3,2,0.889477,0.882769,-0.018310,0.987973,-0.018090
17,0,3,3,0.918860,0.959424,-8.422346,0.067741,-0.570540
17,0,3,4,0.917921,0.892178,0.752125,2.464524,1.853630
17,0,3,5,0.984199,0.770919,0.739345,3.535211,2.613742
17,0,3,6,0.941653,0.985708,0.693821,0.971174,0.673821
17,0,3,7,0.926823,0.877405,0.256931,0.879721,0.226028
17,0,3,8,0.992846,0.964244,0.959523,9.719842,9.326411
17,0,3,9,0.984914,0.723304,0.697730,4.573231,3.190881
17,0,3,10,0.951996,1.115865,1.046032,1.188027,1.242714
17,0,3,11,0.811630,0.854061,-0.352337,0.978602,-0.344798
17,0,3,12,0.987261,0.745443,0.733811,4.804275,3.525430
17,0,3,13,0.982705,0.702618,0.691272,10.903547,7.537317
17,0,3,14,0.876213,0.862500,0.156339,1.100859,0.172107
17,0,3,15,0.946450,0.973801,0.728447,1.678245,1.222512
17,0,4,0,0.958352,0.929429,0.867358,1.763139,1.529274
17,0,4,1,0.902370,0.798860,0.422794,3.218002,1.360552
17,0,4,2,0.956891,0.969894,0.569333,0.585032,0.333078
17,0,4,3,0.959303,0.998651,1.074376,2.059903,2.213110
17,0,4,4,0.982602,0.716164,0.691580,5.418078,3.747033
17,0,4,5,0.942060,0.847937,0.581269,1.955599,1.136729
17,0,4,6,0.885914,0.775433,0.184691,1.817061,0.335594
17,0,4,7,0.965421,0.961110,0.640334,1.243126,0.796015
17,0,4,8,0.850237,0.387252,0.334188,2.210206,0.738624
17,0,4,9,0.950686,0.983423,0.373821,0.354931,0.132681
17,0,4,10,0.993756,0.740969,0.733046,10.481160,7.683173
17,0,4,11,0.938235,1.059560,1.412352,2.021486,2.855051
17,0,4,12,0.923297,0.925379,0.647423,1.102850,0.714011
17,0,4,13,0.924424,0.590985,0.550892,5.673052,3.125236
17,0,4,14,0.961194,0.972949,0.482110,0.839408,0.404687
17,0,4,15,0.943908,0.891307,0.471230,1.283937,0.605029
17,0,5,0,0.991235,0.773849,0.770244,14.305859,11.019009
17,0,5,1,0.848305,0.550999,0.357175,5.499412,1.964251
17,0,5,2,0.994009,0.693832,0.689694,12.606376,8.694548
17,0,5,3,0.965223,0.892668,0.763011,3.450166,2.632514
17,0,5,4,0.994855,0.878964,0.866235,11.771778,10.197130
17,0,5,5,0.990534,0.825227,0.819476,11.778710,9.652375
17,0,5,6,0.997617,0.894740,0.893205,19.072430,17.035591
17,0,5,7,0.859222,0.644122,0.345608,3.327460,1.149997
17,0,5,8,0.890721,0.642937,0.445129,4.236451,1.885769
17,0,5,9,0.959674,0.764904,0.692938,4.679695,3.242740
17,0,5,10,0.903532,0.801388,0.707108,4.333606,3.064329
17,0,5,11,0.979769,0.573967,0.564088,9.991804,5.636253
17,0,5,12,0.960297,0.530711,0.504569,5.130532,2.588707
17,0,5,13,0.979920,0.914038,0.836723,5.705204,4.773678
17,0,5,14,0.989286,0.660097,0.653799,10.111577,6.610934
17,0,5,15,0.904475,0.494474,0.427081,4.000556,1.708561
17,0,6,0,0.908408,0.616179,0.447379,4.450900,1.991239
17,0,6,1,0.934776,0.672658,0.589061,6.104555,3.595957
17,0,6,2,0.966434,0.877349,0.747781,4.725181,3.533400
17,0,6,3,0.913963,0.457334,0.424468,4.717715,2.002519
17,0,6,4,0.975857,0.739155,0.696963,6.559029,4.571399
17,0,6,5,0.898963,0.651819,0.499432,4.604052,2.299408
17,0,6,6,0.996923,0.791596,0.788407,16.858997,13.291750
17,0,6,7,0.989621,0.797418,0.790723,11.175573,8.836785
17,0,6,8,0.898777,0.749873,0.519724,4.442652,2.308955
17,0,6,9,0.995759,0.846381,0.839323,16.102787,13.515443
17,0,6,10,0.924334,0.769376,0.553345,3.189707,1.765008
17,0,6,11,0.969464,0.500190,0.492092,7.180525,3.533475
17,0,6,12,0.992851,0.811639,0.797409,15.476333,12.340964
17,0,6,13,0.481723,0.374324,-0.324883,1.865352,-0.606020
17,0,6,14,0.875483,0.681308,0.380872,3.555121,1.354045
17,0,6,15,0.934619,0.737182,0.522364,4.756359,2.484551
17,0,7,0,0.990107,0.776591,0.767638,11.735804,9.008844
17,0,7,1,0.958437,0.731690,0.679731,6.539200,4.444900
17,0,7,2,0.969791,0.937809,0.937611,3.155547,2.958676
17,0,7,3,0.990230,0.685695,0.679402,10.148808,6.895122
17,0,7,4,0.897553,0.537367,0.426390,7.147899,3.047789
17,0,7,5,0.924282,0.664063,0.551443,5.016603,2.766369
17,0,7,6,0.989429,0.714732,0.707325,12.888638,9.116459
17,0,7,7,0.983467,0.812272,0.774947,5.477707,4.244932
17,0,7,8,0.973982,0.947080,0.900421,7.571616,6.817642
17,0,7,9,0.992452,0.829636,0.826282,14.517654,11.995680
17,0,7,10,0.998443,0.908437,0.907815,29.248919,26.552618
17,0,7,11,0.973938,1.072730,1.145015,3.864483,4.424890
17,0,7,12,0.992455,0.731440,0.728816,15.923363,11.605204
17,0,7,13,0.954932,0.687330,0.655967,7.100873,4.657938
17,0,7,14,0.990003,0.707089,0.697915,7.451386,5.200434
17,0,7,15,0.703239,0.391080,0.170926,4.907373,0.838797
17,0,8,0,0.958808,0.752877,0.661798,4.912702,3.251216
17,0,8,1,0.933916,0.665157,0.553162,6.344995,3.509807
17,0,8,2,0.930163,0.627483,0.506637,5.673548,2.874432
17,0,8,3,0.956658,0.698640,0.628732,6.945528,4.366876
17,0,8,4,0.991503,0.992926,0.990885,14.939091,14.802917
17,0,8,5,-0.624731,-0.610576,-0.940653,1.322000,-1.243543
17,0,8,6,0.975771,0.790474,0.745806,5.530610,4.124764
17,0,8,7,0.986079,0.878829,0.830034,7.029156,5.834442
17,0,8,8,0.975075,0.943219,0.887806,4.921673,4.369490
17,0,8,9,0.948063,0.743282,0.627329,6.099232,3.826226
17,0,8,10,0.959363,0.737145,0.674525,7.153646,4.825310
17,0,8,11,0.969542,0.822343,0.746226,5.988108,4.468482
17,0,8,12,0.947963,0.667547,0.565938,5.790700,3.277178
17,0,8,13,0.973004,0.853402,0.789213,6.402798,5.053174
17,0,8,14,0.970721,0.776998,0.717106,5.491281,3.937830
17,0,8,15,0.647595,0.363206,0.101492,3.590275,0.364383
17,0,9,0,0.840649,0.653965,0.271748,3.609529,0.980883
17,0,9,1,0.632296,0.401569,0.060051,3.629230,0.217939
17,0,9,2,0.827774,0.721595,0.303991,2.302027,0.699796
17,0,9,3,0.970836,0.826117,0.773384,6.076741,4.699654
17,0,9,4,0.976888,0.851762,0.834328,6.980047,5.823647
17,0,9,5,0.976344,0.830639,0.805345,6.542459,5.268934
17,0,9,6,0.979443,0.852213,0.771066,8.074956,6.226323
17,0,9,7,0.973869,0.917538,0.886347,3.999179,3.544660
17,0,9,8,0.734953,0.361514,0.208943,5.048701,1.054891
17,0,9,9,0.967002,0.788893,0.671669,7.244298,4.865769
17,0,9,10,0.964191,0.765165,0.721051,7.828186,5.644525
17,0,9,11,0.937443,0.807794,0.724913,4.387309,3.180419
17,0,9,12,0.959906,0.542180,0.529472,9.863860,5.222634
17,0,9,13,0.876770,0.750431,0.460561,2.558044,1.178136
17,0,9,14,0.970816,0.857571,0.815948,6.284831,5.128094
17,0,9,15,0.989116,0.899366,0.853733,11.264524,9.616895
17,0,10,0,0.865123,0.543506,0.378192,6.236449,2.358576
17,0,10,1,0.995675,0.859495,0.857997,21.289516,18.266348
17,0,10,2,0.970425,0.852630,0.786136,5.596238,4.399405
17,0,10,3,0.990891,0.809380,0.799872,6.641102,5.312028
17,0,10,4,0.994743,0.903856,0.905213,7.306684,6.614105
17,0,10,5,0.989379,0.883577,0.878631,13.133146,11.539196
17,0,10,6,0.989084,0.747077,0.743251,13.917985,10.344560
17,0,10,7,0.989264,0.950980,0.933524,5.870670,5.480409
17,0,10,8,0.951218,0.762863,0.687054,6.750406,4.637894
17,0,10,9,0.976186,0.603606,0.593376,9.767394,5.795737
17,0,10,10,0.993969,0.775418,0.772126,15.155871,11.702236
17,0,10,11,0.960660,0.789268,0.713675,7.757630,5.536428
17,0,10,12,0.970220,0.829282,0.785680,6.165580,4.844172
17,0,10,13,0.991908,0.883912,0.880164,13.363372,11.761955
17,0,10,14,0.909275,0.560287,0.445313,7.313844,3.256949
17,0,10,15,0.934081,0.732068,0.678576,4.881936,3.312763
17,0,11,0,0.993831,0.976848,0.978056,8.636740,8.447219
17,0,11,1,0.989847,1.005654,1.003838,13.717876,13.770522
17,0,11,2,0.950002,0.797735,0.699720,5.464286,3.823472
17,0,11,3,-0.467758,-0.242003,-0.381030,2.271188,-0.865391
17,0,11,4,0.957926,0.694956,0.603530,5.636582,3.401846
17,0,11,5,0.954004,0.817065,0.710762,4.585443,3.259157
17,0,11,6,0.981037,0.576492,0.567530,11.935942,6.774004
17,0,11,7,0.916183,0.582123,0.463098,7.529227,3.486770
17,0,11,8,0.902895,0.701711,0.584696,4.426349,2.588067
17,0,11,9,0.992374,0.931631,0.923324,6.772590,6.253298
17,0,11,10,0.694628,0.406013,0.151719,4.178819,0.634005
17,0,11,11,0.967578,0.710779,0.672915,6.189478,4.164990
17,0,11,12,0.855465,0.502852,0.352605,6.822797,2.405752
17,0,11,13,0.990332,1.063676,1.062834,14.077235,14.961771
17,0,11,14,0.963765,0.817928,0.764709,5.558869,4.250919
17,0,11,15,0.988990,0.999005,0.997830,13.297710,13.268848
17,0,12,0,0.989433,1.771498,1.814118,-1.355246,-2.458575
17,0,12,1,0.985947,0.833177,0.824837,12.218825,10.078540
17,0,12,2,0.956707,0.751198,0.629903,3.670562,2.312098
17,0,12,3,0.998243,1.062314,1.063946,-3.680675,-3.916038
17,0,12,4,0.974014,0.773813,0.721093,5.141798,3.707715
17,0,12,5,0.857569,0.584290,0.431420,4.584117,1.977680
17,0,12,6,0.931224,0.683648,0.497694,3.555576,1.769590
17,0,12,7,0.862254,0.536362,0.394035,6.599530,2.600447
17,0,12,8,0.886560,0.540330,0.414477,6.734517,2.791305
17,0,12,9,0.985442,1.029160,1.031076,10.104790,10.418805
17,0,12,10,0.986447,0.882454,0.872871,4.864088,4.245722
17,0,12,11,0.929925,0.621180,0.538659,6.727376,3.623762
17,0,12,12,0.923214,0.692951,0.597662,5.565976,3.326571
17,0,12,13,0.937741,0.423461,0.406009,6.804791,2.762803
17,0,12,14,0.938102,0.636357,0.556254,7.303057,4.062353
17,0,12,15,0.735615,0.417918,0.231258,6.297733,1.456401
17,0,13,0,0.628118,0.294247,0.150678,7.243371,1.091416
17,0,13,1,0.882426,0.541614,0.411987,6.244639,2.572711
17,0,13,2,0.853443,0.636469,0.334383,3.630228,1.213886
17,0,13,3,0.849072,0.470904,0.341129,6.434081,2.194850
17,0,13,4,0.979877,0.662443,0.655736,11.634985,7.629478
17,0,13,5,0.983298,0.603000,0.594015,6.858668,4.074154
17,0,13,6,0.982423,0.913569,0.909702,9.634355,8.764394
17,0,13,7,0.733190,0.482093,0.149202,4.085753,0.609602
17,0,13,8,0.704310,0.498699,0.092125,4.100977,0.377801
17,0,13,9,0.827544,0.478805,0.324627,6.046757,1.962943
17,0,13,10,0.837896,0.520055,0.343717,4.877903,1.676617
17,0,13,11,0.821429,0.411983,0.313484,8.188676,2.567016
17,0,13,12,0.855965,0.450290,0.346072,7.271341,2.516408
17,0,13,13,0.565138,0.448120,-0.234904,2.251565,-0.528902
17,0,13,14,0.859546,0.461572,0.359611,7.013602,2.522166
17,0,13,15,0.972923,1.357832,1.436946,-1.605029,-2.306339
17,0,14,0,0.805075,0.530450,0.262437,4.413459,1.158257
17,0,14,1,0.966915,0.794278,0.770069,10.593654,8.157845
17,0,14,2,0.946820,0.598333,0.541847,7.615068,4.126198
17,0,14,3,0.811647,0.561531,0.295793,3.709394,1.097211
17,0,14,4,0.952260,0.588359,0.538595,8.479943,4.567254
17,0,14,5,0.523717,0.306710,0.021533,4.033572,0.086853
17,0,14,6,0.770701,0.514148,0.218215,4.109972,0.896856
17,0,14,7,0.919518,0.631121,0.614871,6.150938,3.782033
17,0,14,8,0.924979,0.629726,0.521782,5.438967,2.837953
17,0,14,9,0.767169,0.547717,0.154754,3.391452,0.524839
17,0,14,10,0.545908,0.337794,-0.028337,3.472353,-0.098397
17,0,14,11,0.936376,0.618215,0.525668,5.613538,2.950857
17,0,14,12,0.923374,0.679866,0.528459,4.596460,2.429040
17,0,14,13,0.805470,0.556062,0.234559,3.870056,0.907756
17,0,14,14,0.944929,0.605212,0.540088,6.861796,3.705977
17,0,14,15,0.913287,0.645918,0.473434,4.005095,1.896150
17,0,15,0,0.983173,0.851507,0.821087,5.851171,4.804324
17,0,15,1,0.954876,0.811792,0.716924,4.243025,3.041927
17,0,15,2,0.964232,0.763586,0.703714,6.201336,4.363970
17,0,15,3,0.968540,0.811731,0.753488,5.042693,3.799609
17,0,15,4,0.996385,1.054527,1.060585,-3.153592,-3.344653
17,0,15,5,0.974902,0.847640,0.842639,5.433094,4.578135
17,0,15,6,0.918031,1.150606,1.260160,1.834359,2.311586
17,0,15,7,0.936922,0.730211,0.620779,4.733238,2.938294
17,0,15,8,0.957913,0.778186,0.740818,5.474076,4.055295
17,0,15,9,0.967128,0.798597,0.723042,5.433609,3.928730
17,0,15,10,0.906992,1.090417,2.040608,-0.472636,-0.964466
17,0,15,11,0.961552,0.727027,0.667214,5.978837,3.989165
17,0,15,12,0.977289,0.989485,0.937838,6.512650,6.107811
17,0,15,13,0.869200,0.579795,0.394677,4.379095,1.728330
17,0,15,14,0.918918,0.641500,0.541633,4.995660,2.705817
17,0,15,15,0.619711,0.404276,0.103304,3.730129,0.385337
146,0,0,0,0.765907,0.719805,0.040358,1.486457,0.059990
146,0,0,1,0.986296,0.999425,1.012591,-1.026404,-1.039328
146,0,0,2,0.951166,0.688693,0.569493,1.702965,0.969827
146,0,0,3,0.958542,1.082690,1.260321,-1.799755,-2.268268
146,0,0,4,0.936375,1.040122,1.289852,-1.115997,-1.439471
146,0,0,5,0.538441,0.582103,-1.548688,0.492235,-0.762319
146,0,0,6,0.904033,0.987858,0.679433,0.588952,0.400154
146,0,0,7,0.985318,1.037493,1.109154,-1.448491,-1.606600
146,0,0,8,0.965755,0.915380,0.890922,1.692542,1.507923
146,0,0,9,0.842828,0.761132,-0.248162,0.413779,-0.102684
146,0,0,10,0.985878,0.728227,0.700022,2.617815,1.832528
146,0,0,11,0.797610,0.788614,0.067643,1.125884,0.076158
146,0,0,12,0.937154,0.516004,0.465177,3.943101,1.834240
146,0,0,13,0.947587,1.068416,1.963693,-0.641449,-1.259609
146,0,0,14,0.975118,1.045817,1.233370,-1.034558,-1.275994
146,0,0,15,0.996178,0.993322,0.977657,-3.113108,-3.043553
146,0,1,0,0.955306,1.006662,1.805641,-0.282024,-0.509233
146,0,1,1,0.985227,0.951457,0.956092,2.690148,2.572029
146,0,1,2,0.962655,0.717182,0.630542,2.318167,1.461702
146,0,1,3,0.901694,0.972999,-0.010353,0.429703,-0.004449
146,0,1,4,0.955782,0.651718,0.596505,2.225597,1.327579
146,0,1,5,0.874118,0.930410,0.530706,1.125030,0.597061
146,0,1,6,0.995668,0.973785,0.967388,4.476350,4.330369
146,0,1,7,0.952826,0.929696,0.354908,0.284906,0.101115
146,0,1,8,0.879476,0.936874,-2.213377,0.265469,-0.587583
146,0,1,9,0.937102,0.954338,1.301382,0.528201,0.687391
146,0,1,10,0.929798,0.960432,1.022363,1.167645,1.193756
146,0,1,11,0.952646,1.027675,-86.540979,-0.002932,0.253775
146,0,1,12,0.945070,0.936469,1.079943,-0.806151,-0.870597
146,0,1,13,0.964596,0.708044,0.646865,2.719296,1.759016
146,0,1,14,-0.440008,-0.333929,-0.629809,0.796049,-0.501358
146,0,1,15,0.990278,0.862055,0.855284,7.029146,6.011913
146,0,2,0,0.946645,0.977850,0.918468,1.457407,1.338581
146,0,2,1,0.989120,0.886039,0.864793,3.492233,3.020060
146,0,2,2,0.952671,0.995071,-1.906442,0.163796,-0.312268
146,0,2,3,0.961832,1.003516,-0.673545,0.197726,-0.133178
146,0,2,4,0.897791,0.476752,0.427613,2.557654,1.093686
146,0,2,5,0.989418,0.747168,0.730417,7.664062,5.597960
146,0,2,6,0.937535,0.977004,0.604757,1.080556,0.653475
146,0,2,7,0.946818,0.974850,-0.495022,0.305441,-0.151200
146,0,2,8,0.720514,0.401053,0.212917,1.254650,0.267137
146,0,2,9,0.954459,0.925593,0.853714,3.351408,2.861144
146,0,2,10,0.912181,0.928145,-0.194811,0.501243,-0.097648
146,0,2,11,0.985535,0.775384,0.739125,4.066241,3.005461
146,0,2,12,0.954712,0.996430,-2.512869,0.128208,-0.322169
146,0,2,13,0.889388,0.666833,0.486757,1.399149,0.681046
146,0,2,14,0.878285,0.910005,-5.647065,0.086518,-0.488573
146,0,2,15,0.947277,1.003835,-1.389157,0.226804,-0.315066
146,0,3,0,0.704251,0.475415,0.115435,3.575717,0.412764
146,0,3,1,0.949641,0.923129,0.704425,1.999357,1.408397
146,0,3,2,0.894492,0.875654,0.139925,1.133274,0.158573
146,0,3,3,0.918166,0.955627,13.384965,-0.053062,-0.710234
146,0,3,4,0.926180,0.921551,0.816814,2.343983,1.914599
146,0,3,5,0.987073,0.783192,0.760711,3.062785,2.329894
146,0,3,6,0.947551,0.978440,0.817201,1.174264,0.959610
146,0,3,7,0.931879,0.876714,0.355530,0.985891,0.350514
146,0,3,8,0.994569,0.978808,0.978614,10.060793,9.845637
146,0,3,9,0.992282,0.773960,0.750908,5.157627,3.872905
146,0,3,10,0.953805,1.119939,1.126616,1.090560,1.228643
146,0,3,11,0.821774,0.866101,-0.481820,0.875945,-0.422048
146,0,3,12,0.976942,0.701802,0.668595,4.512706,3.017171
146,0,3,13,0.989460,0.733913,0.723585,11.456062,8.289431
146,0,3,14,0.886990,0.856074,0.350328,1.364851,0.478145
146,0,3,15,0.953521,0.979351,0.802529,1.726212,1.385335
146,0,4,0,0.961154,0.921518,0.827666,1.906989,1.578349
146,0,4,1,0.880440,0.782358,0.323499,3.011267,0.974141
146,0,4,2,0.960363,0.967554,0.734167,0.828507,0.608263
146,0,4,3,0.959783,1.003604,1.064136,1.911955,2.034580
146,0,4,4,0.982576,0.721209,0.687795,5.531376,3.804451
146,0,4,5,0.941400,0.846142,0.570145,1.957330,1.115962
146,0,4,6,0.898695,0.778751,0.275521,1.992477,0.548970
146,0,4,7,0.970156,0.961649,0.727042,1.438417,1.045790
146,0,4,8,0.898497,0.398799,0.362562,2.387522,0.865626
146,0,4,9,0.954224,0.983492,0.644259,0.571024,0.367887
146,0,4,10,0.994115,0.765889,0.754488,10.517919,7.935647
146,0,4,11,0.922751,1.048744,1.661459,1.533854,2.548436
146,0,4,12,0.930501,0.923641,0.739624,1.368385,1.012091
146,0,4,13,0.982087,0.687520,0.669202,7.026493,4.702141
146,0,4,14,0.964005,0.966159,0.644762,1.099990,0.709232
146,0,4,15,0.946701,0.877632,0.530951,1.514742,0.804254
146,0,5,0,0.995437,0.816865,0.815736,15.222434,12.417495
146,0,5,1,0.931975,0.624212,0.517809,6.255093,3.238944
146,0,5,2,0.993285,0.685479,0.681026,11.414546,7.773600
146,0,5,3,0.958982,0.883620,0.712316,3.216175,2.290933
146,0,5,4,0.996851,0.901699,0.891800,11.383315,10.151645
146,0,5,5,0.994074,0.848906,0.845766,12.834145,10.854681
146,0,5,6,0.998048,0.906572,0.905486,18.714754,16.945950
146,0,5,7,0.868394,0.662746,0.364177,3.221246,1.173104
146,0,5,8,0.885451,0.638709,0.433603,4.151259,1.799997
146,0,5,9,0.959263,0.747582,0.675663,4.940450,3.338077
146,0,5,10,0.913278,0.831317,0.756258,4.107353,3.106218
146,0,5,11,0.964989,0.509910,0.494460,8.549303,4.227293
146,0,5,12,0.959292,0.537280,0.503376,4.979579,2.506603
146,0,5,13,0.977549,0.913755,0.820881,5.380958,4.417123
146,0,5,14,0.995529,0.705909,0.701726,10.546082,7.400464
146,0,5,15,0.893211,0.476601,0.400971,3.831650,1.536381
146,0,6,0,0.882118,0.599462,0.387724,4.234273,1.641731
146,0,6,1,0.938237,0.683816,0.604307,6.174345,3.731202
146,0,6,2,0.965989,0.875542,0.743819,4.668360,3.472416
146,0,6,3,0.964530,0.568674,0.537763,4.759762,2.559622
146,0,6,4,0.971385,0.721117,0.669666,6.406516,4.290225
146,0,6,5,0.896016,0.656398,0.491244,4.546119,2.233254
146,0,6,6,0.993946,0.757333,0.750158,15.518987,11.641695
146,0,6,7,0.991327,0.843076,0.834182,10.292636,8.585934
146,0,6,8,0.896186,0.744305,0.512750,4.473792,2.293935
146,0,6,9,0.995683,0.850004,0.837617,13.346502,11.179254
146,0,6,10,0.914441,0.777216,0.521721,3.001343,1.565864
146,0,6,11,0.982069,0.559324,0.553291,7.083601,3.919295
146,0,6,12,0.991953,0.851660,0.827466,15.217476,12.591948
146,0,6,13,0.505126,0.435006,-0.519610,1.550826,-0.805824
146,0,6,14,0.896218,0.699768,0.441198,3.681037,1.624066
146,0,6,15,0.948208,0.756021,0.573902,4.864637,2.791825
146,0,7,0,0.991578,0.796080,0.787955,11.432978,9.008669
146,0,7,1,0.933556,0.679065,0.592840,5.850205,3.468237
146,0,7,2,0.970733,0.927698,0.922077,3.351734,3.090558
146,0,7,3,0.992088,0.676365,0.672354,9.874108,6.638897
146,0,7,4,0.816412,0.477451,0.300316,6.256164,1.878825
146,0,7,5,0.899319,0.623123,0.482226,4.931565,2.378130
146,0,7,6,0.992814,0.735176,0.726448,12.883073,9.358886
146,0,7,7,0.975688,0.773384,0.713543,5.257661,3.751569
146,0,7,8,0.959831,0.862476,0.785613,7.286235,5.724164
146,0,7,9,0.993360,0.852580,0.851610,13.042797,11.107380
146,0,7,10,0.998731,0.913305,0.912530,28.746498,26.232033
146,0,7,11,0.976560,1.133659,1.241585,4.081179,5.067129
146,0,7,12,0.988616,0.700308,0.698015,14.284730,9.970958
146,0,7,13,0.945669,0.659699,0.619926,6.976009,4.324607
146,0,7,14,0.985223,0.687487,0.669817,6.542962,4.382586
146,0,7,15,0.609442,0.354023,0.062546,4.486600,0.280620
146,0,8,0,0.932391,0.692414,0.556666,4.703388,2.618217
146,0,8,1,0.923518,0.638856,0.518272,6.498395,3.367938
146,0,8,2,0.934340,0.616908,0.504704,5.618121,2.835490
146,0,8,3,0.944100,0.684069,0.594548,6.390715,3.799585
146,0,8,4,0.992714,1.025644,1.030200,14.133679,14.560518
146,0,8,5,-0.476978,-0.437029,-0.924210,1.254604,-1.159518
146,0,8,6,0.968135,0.757353,0.694260,5.399250,3.748485
146,0,8,7,0.983216,0.849815,0.780546,6.614251,5.162729
146,0,8,8,0.974540,0.908467,0.837388,5.234720,4.383492
146,0,8,9,0.953819,0.738857,0.635979,6.392330,4.065387
146,0,8,10,0.978378,0.762098,0.730741,8.426402,6.157520
146,0,8,11,0.963146,0.788322,0.683149,5.700501,3.894290
146,0,8,12,0.918257,0.617822,0.483305,5.610945,2.711797
146,0,8,13,0.984788,0.883994,0.851107,7.172193,6.104303
146,0,8,14,0.958620,0.712606,0.629372,5.591286,3.518998
146,0,8,15,0.465409,0.279982,-0.069702,3.385584,-0.235983
146,0,9,0,0.852153,0.673747,0.269042,3.432453,0.923476
146,0,9,1,0.618631,0.421164,-0.015967,3.229869,-0.051570
146,0,9,2,0.859489,0.717062,0.443470,2.768422,1.227713
146,0,9,3,0.972642,0.798606,0.747136,6.450778,4.819609
146,0,9,4,0.988578,0.913436,0.912611,7.573625,6.911770
146,0,9,5,0.980160,0.824392,0.787944,6.893066,5.431353
146,0,9,6,0.982808,0.851686,0.782601,8.544903,6.687246
146,0,9,7,0.980680,0.911242,0.880134,4.680706,4.119649
146,0,9,8,0.809249,0.405738,0.280434,5.189742,1.455380
146,0,9,9,0.960413,0.759652,0.640758,7.742318,4.960948
146,0,9,10,0.979325,0.807348,0.778444,8.474921,6.597255
146,0,9,11,0.924046,0.806348,0.684526,3.714628,2.542758
146,0,9,12,0.962905,0.524565,0.512198,9.538262,4.885481
146,0,9,13,0.891933,0.754621,0.520826,2.736234,1.425103
146,0,9,14,0.968176,0.838120,0.776505,6.001579,4.660257
146,0,9,15,0.991337,0.916595,0.870884,10.939841,9.527331
146,0,10,0,0.850272,0.534873,0.347660,6.041701,2.100456
146,0,10,1,0.996680,0.845781,0.845543,21.183201,17.911308
146,0,10,2,0.980722,0.889208,0.844966,6.353757,5.368712
146,0,10,3,0.989815,0.779351,0.767317,6.087985,4.671413
146,0,10,4,0.996092,0.908433,0.909739,7.738709,7.040206
146,0,10,5,0.992649,0.886830,0.886029,12.408595,10.994371
146,0,10,6,0.989753,0.741235,0.738022,13.558826,10.006709
146,0,10,7,0.987190,0.945744,0.919721,5.186346,4.769989
146,0,10,8,0.967559,0.799639,0.750407,7.221023,5.418709
146,0,10,9,0.993307,0.729996,0.723762,10.960826,7.933031
146,0,10,10,0.996492,0.813312,0.811114,15.843365,12.850769
146,0,10,11,0.981202,0.851344,0.816394,9.266159,7.564835
146,0,10,12,0.976425,0.862203,0.825313,6.390663,5.274296
146,0,10,13,0.993434,0.888590,0.887857,12.978762,11.523278
146,0,10,14,0.801492,0.467400,0.275099,6.549367,1.801725
146,0,10,15,0.951564,0.770050,0.728178,5.137143,3.740755
146,0,11,0,0.992550,0.996918,1.002999,7.580812,7.603548
146,0,11,1,0.991060,1.002160,1.008363,13.046019,13.155117
146,0,11,2,0.977457,0.860107,0.825689,6.765507,5.586204
146,0,11,3,-0.040012,-0.016227,-0.173269,2.535639,-0.439349
146,0,11,4,0.946582,0.672329,0.564411,5.753314,3.247236
146,0,11,5,0.958188,0.791540,0.697965,5.002658,3.491680
146,0,11,6,0.988234,0.599303,0.594839,12.146129,7.224994
146,0,11,7,0.924269,0.583649,0.476283,7.639292,3.638468
146,0,11,8,0.964935,0.811310,0.778659,5.620671,4.376589
146,0,11,9,0.992632,0.919038,0.913801,5.909070,5.399715
146,0,11,10,0.481773,0.301968,-0.078079,3.900506,-0.304548
146,0,11,11,0.929986,0.637587,0.552896,5.149849,2.847329
146,0,11,12,0.908926,0.549929,0.436683,7.156735,3.125227
146,0,11,13,0.992510,1.075069,1.081187,13.140631,14.207475
146,0,11,14,0.981987,0.848982,0.826444,6.714740,5.549356
146,0,11,15,0.991244,1.008121,1.011382,12.913942,13.060931
146,0,12,0,0.990040,1.781435,1.828332,-1.342763,-2.455017
146,0,12,1,0.989357,0.822702,0.814898,12.350264,10.064201
146,0,12,2,0.939480,0.714066,0.538779,3.481306,1.875653
146,0,12,3,0.998837,1.096519,1.097567,-3.591547,-3.941962
146,0,12,4,0.970414,0.755534,0.694912,5.054008,3.512089
146,0,12,5,0.883474,0.613376,0.471721,4.606286,2.172883
146,0,12,6,0.921600,0.665840,0.467112,3.607449,1.685083
146,0,12,7,0.822681,0.485269,0.329989,6.701435,2.211398
146,0,12,8,0.893862,0.543032,0.423428,6.893755,2.919007
146,0,12,9,0.989985,1.019485,1.026436,10.156411,10.424905
146,0,12,10,0.987057,0.885955,0.868678,4.287238,3.724229
146,0,12,11,0.928460,0.607957,0.525334,6.867566,3.607769
146,0,12,12,0.940808,0.718701,0.639654,5.749098,3.677433
146,0,12,13,0.964719,0.468224,0.449768,6.971879,3.135729
146,0,12,14,0.932410,0.616237,0.532622,7.368491,3.924620
146,0,12,15,0.704755,0.407718,0.191205,6.012321,1.149583
146,0,13,0,0.532476,0.258506,0.077908,6.786622,0.528731
146,0,13,1,0.853736,0.505854,0.361146,6.229395,2.249720
146,0,13,2,0.855774,0.635800,0.341920,3.700094,1.265135
146,0,13,3,0.795093,0.427342,0.277080,6.297246,1.744841
146,0,13,4,0.987478,0.652271,0.648749,11.876168,7.704658
146,0,13,5,0.981254,0.573043,0.559261,6.692482,3.742841
146,0,13,6,0.990861,0.929809,0.929042,10.299461,9.568635
146,0,13,7,0.723202,0.466166,0.141022,4.215778,0.594519
146,0,13,8,0.715398,0.488003,0.128533,4.308330,0.553763
146,0,13,9,0.788828,0.445892,0.275169,6.028750,1.658926
146,0,13,10,0.828298,0.512845,0.332698,4.924182,1.638266
146,0,13,11,0.734445,0.354845,0.234733,7.903413,1.855189
146,0,13,12,0.830510,0.423078,0.313453,7.341272,2.301147
146,0,13,13,0.613082,0.460611,-0.106374,2.433210,-0.258831
146,0,13,14,0.809132,0.417772,0.302883,6.990291,2.117240
146,0,13,15,0.948909,1.365842,1.606301,-1.290979,-2.073701
146,0,14,0,0.826294,0.566505,0.287485,4.227389,1.215309
146,0,14,1,0.975705,0.829808,0.809259,10.954659,8.865156
146,0,14,2,0.945387,0.597910,0.540677,7.667793,4.145797
146,0,14,3,0.827298,0.585066,0.327132,3.743033,1.224465
146,0,14,4,0.952914,0.588007,0.539382,8.550184,4.611815
146,0,14,5,0.587777,0.331226,0.087377,4.233253,0.369889
146,0,14,6,0.774884,0.531608,0.217126,4.017265,0.872254
146,0,14,7,0.909467,0.609782,0.572826,5.947355,3.406797
146,0,14,8,0.929826,0.648249,0.542103,5.447997,2.953374
146,0,14,9,0.769776,0.559439,0.147896,3.365449,0.497736
146,0,14,10,0.560226,0.356669,-0.030184,3.368135,-0.101663
146,0,14,11,0.941882,0.634307,0.547474,5.772624,3.160362
146,0,14,12,0.924006,0.682827,0.529095,4.640330,2.455173
146,0,14,13,0.828196,0.587707,0.267565,3.804729,1.018011
146,0,14,14,0.942165,0.601469,0.534652,6.883782,3.680429
146,0,14,15,0.911626,0.640208,0.470286,4.136854,1.945504
146,0,15,0,0.984224,0.857963,0.827087,5.885132,4.867514
146,0,15,1,0.962123,0.824459,0.740225,4.362846,3.229488
146,0,15,2,0.969749,0.793659,0.739388,6.174517,4.565361
146,0,15,3,0.971392,0.829124,0.774106,5.027983,3.892193
146,0,15,4,0.997580,1.058289,1.061623,-3.312021,-3.516117
146,0,15,5,0.977607,0.870766,0.871257,5.538459,4.825420
146,0,15,6,0.936456,1.353750,1.479154,1.886900,2.791016
146,0,15,7,0.942861,0.750151,0.639791,4.684227,2.996926
146,0,15,8,0.966034,0.802209,0.772957,5.753256,4.447018
146,0,15,9,0.971376,0.821038,0.750411,5.376873,4.034865
146,0,15,10,0.911864,1.069456,2.089123,-0.395235,-0.825694
146,0,15,11,0.961513,0.731533,0.668278,5.912572,3.951242
146,0,15,12,0.972628,0.984415,0.919047,6.230225,5.725870
146,0,15,13,0.915415,0.637498,0.493239,4.536720,2.237687
146,0,15,14,0.955887,0.724505,0.659713,5.276704,3.481112
146,0,15,15,0.712198,0.452935,0.216155,3.920139,0.847357
281,0,0,0,0.762095,0.714157,0.032182,1.498559,0.048227
281,0,0,1,0.986414,0.965224,0.984643,-1.167978,-1.150042
281,0,0,2,0.935795,0.707405,0.483264,1.407210,0.680054
281,0,0,3,0.982049,1.061386,1.104150,-2.464690,-2.721387
281,0,0,4,0.931709,1.022251,1.260458,-1.020218,-1.285942
281,0,0,5,0.680746,0.989754,9.229420,-0.139971,-1.291853
281,0,0,6,0.904449,0.988808,0.637956,0.556164,0.354808
281,0,0,7,0.980164,1.028025,1.137519,-1.223156,-1.391363
281,0,0,8,0.946628,0.888548,0.837935,1.353825,1.134417
281,0,0,9,0.889964,0.829352,-0.222522,0.406785,-0.090518
281,0,0,10,0.975124,0.714733,0.661225,2.191132,1.448831
281,0,0,11,0.792506,0.782323,0.010212,1.098155,0.011215
281,0,0,12,0.851814,0.421296,0.327991,3.236518,1.061549
281,0,0,13,0.952309,1.049197,1.819199,-0.744387,-1.354188
281,0,0,14,0.960808,0.815022,0.497524,0.674562,0.335611
281,0,0,15,0.996226,0.992245,0.976115,-3.150833,-3.075576
281,0,1,0,0.953968,1.002794,2.192538,-0.229048,-0.502196
281,0,1,1,0.985353,0.969166,0.990324,2.142623,2.121891
281,0,1,2,0.984516,0.752290,0.734176,3.465333,2.544163
281,0,1,3,0.894132,0.969407,-0.317123,0.394110,-0.124981
281,0,1,4,0.909764,0.632135,0.445778,1.936294,0.863156
281,0,1,5,0.864884,0.929576,0.412053,0.986864,0.406641
281,0,1,6,0.991927,0.984397,0.983699,3.085136,3.034846
281,0,1,7,0.953306,0.927380,0.357602,0.348806,0.124734
281,0,1,8,0.863430,0.920568,-1.730112,0.341607,-0.591018
281,0,1,9,0.938618,0.959957,1.268794,0.584242,0.741282
281,0,1,10,0.928307,0.956700,0.943012,1.135874,1.071143
281,0,1,11,0.952734,1.028358,3.354008,0.104033,0.348929
281,0,1,12,0.906376,0.866481,1.630713,-0.154639,-0.252172
281,0,1,13,0.963008,0.715798,0.646534,2.956741,1.911635
281,0,1,14,-0.470516,-0.357335,-0.659442,0.819716,-0.540555
281,0,1,15,0.988609,0.844895,0.833625,6.337468,5.283072
281,0,2,0,0.945652,0.976450,0.885644,1.503084,1.331197
281,0,2,1,0.984294,0.853574,0.813964,2.874569,2.339797
281,0,2,2,0.950812,0.998851,-4.039357,0.105128,-0.424650
281,0,2,3,0.961223,1.004815,-1.533003,0.149280,-0.228847
281,0,2,4,0.850553,0.426560,0.353201,2.659575,0.939365
281,0,2,5,0.975990,0.703658,0.665357,6.498089,4.323546
281,0,2,6,0.937069,0.981275,0.579557,1.019894,0.591087
281,0,2,7,0.943592,0.976131,-1.271690,0.226637,-0.288212
281,0,2,8,0.900418,0.525170,0.445439,1.900069,0.846365
281,0,2,9,0.956940,0.919727,0.852114,3.546891,3.022355
281,0,2,10,0.902211,0.918219,-0.296497,0.516980,-0.153283
281,0,2,11,0.973714,0.765416,0.701939,3.453979,2.424484
281,0,2,12,0.954780,1.002603,-4.594060,0.086453,-0.397168
281,0,2,13,0.906163,0.625435,0.522574,1.687135,0.881653
281,0,2,14,0.884175,0.885018,-1.069955,0.267821,-0.286557
281,0,2,15,0.941930,1.002149,-1.647317,0.232606,-0.383175
281,0,3,0,0.675801,0.472357,0.057719,3.487972,0.201323
281,0,3,1,0.950429,0.916397,0.718400,2.217154,1.592803
281,0,3,2,0.892017,0.889454,-0.057424,0.965628,-0.055450
281,0,3,3,0.917571,0.946743,-8.558261,0.068166,-0.583382
281,0,3,4,0.926970,0.908348,0.796067,2.493948,1.985350
281,0,3,5,0.988980,0.781464,0.767947,4.048025,3.108669
281,0,3,6,0.947366,0.980357,0.818006,1.194253,0.976906
281,0,3,7,0.937273,0.871774,0.488874,1.191128,0.582311
281,0,3,8,0.992794,0.955533,0.948909,9.185399,8.716108
281,0,3,9,0.979758,0.711919,0.674075,4.496486,3.030967
281,0,3,10,0.953128,1.113494,1.081574,1.113815,1.204673
281,0,3,11,0.815345,0.865409,-0.425422,0.914600,-0.389091
281,0,3,12,0.969929,0.704005,0.664560,4.206526,2.795491
281,0,3,13,0.981588,0.714318,0.693102,10.093402,6.995761
281,0,3,14,0.878281,0.868073,0.115457,1.049627,0.121187
281,0,3,15,0.955226,0.982927,0.801906,1.699687,1.362990
281,0,4,0,0.965668,0.926516,0.870705,2.253690,1.962298
281,0,4,1,0.895605,0.788687,0.375531,3.215910,1.207672
281,0,4,2,0.960825,0.971203,0.617525,0.689838,0.425993
281,0,4,3,0.958654,0.991800,1.045100,1.866125,1.950287
281,0,4,4,0.984450,0.743790,0.709236,5.619223,3.985354
281,0,4,5,0.949273,0.854187,0.620502,2.105540,1.306492
281,0,4,6,0.892422,0.770543,0.247395,1.985056,0.491094
281,0,4,7,0.970167,0.968487,0.700053,1.350903,0.945704
281,0,4,8,0.902133,0.445523,0.402762,2.733327,1.100881
281,0,4,9,0.954625,0.984647,0.545234,0.524017,0.285712
281,0,4,10,0.989872,0.738141,0.719861,9.588528,6.902406
281,0,4,11,0.932564,1.057370,1.533303,1.666478,2.555216
281,0,4,12,0.933245,0.932406,0.704642,1.244856,0.877177
281,0,4,13,0.965298,0.687616,0.653256,5.990523,3.913344
281,0,4,14,0.965016,0.977655,0.599082,0.963803,0.577397
281,0,4,15,0.947783,0.884929,0.504148,1.441035,0.726495
281,0,5,0,0.993818,0.808323,0.803809,14.573562,11.714355
281,0,5,1,0.897983,0.585670,0.446387,6.003430,2.679855
281,0,5,2,0.991657,0.717726,0.708363,11.577360,8.200976
281,0,5,3,0.961463,0.881729,0.724684,3.364031,2.437859
281,0,5,4,0.997035,0.898467,0.889527,12.084636,10.749606
281,0,5,5,0.987141,0.831939,0.817881,10.507807,8.594137
281,0,5,6,0.997244,0.896518,0.893283,18.663322,16.671631
281,0,5,7,0.864908,0.645690,0.365345,3.468241,1.267105
281,0,5,8,0.903925,0.640611,0.466973,4.490556,2.096970
281,0,5,9,0.950911,0.730833,0.637993,4.754208,3.033152
281,0,5,10,0.912928,0.814066,0.724214,4.256196,3.082398
281,0,5,11,0.977137,0.577131,0.562692,9.493745,5.342055
281,0,5,12,0.921005,0.520811,0.448403,4.647301,2.083865
281,0,5,13,0.977735,0.909397,0.816319,5.463091,4.459625
281,0,5,14,0.991148,0.703450,0.693448,9.832125,6.818070
281,0,5,15,0.909426,0.504685,0.430055,4.006372,1.722959
281,0,6,0,0.900069,0.608491,0.433003,4.536377,1.964266
281,0,6,1,0.932412,0.672456,0.585133,6.149154,3.598074
281,0,6,2,0.966888,0.873827,0.745318,4.704014,3.505987
281,0,6,3,0.934411,0.542578,0.489558,4.517149,2.211408
281,0,6,4,0.972209,0.721617,0.672729,6.517256,4.384349
281,0,6,5,0.907089,0.660056,0.506186,4.686996,2.372490
281,0,6,6,0.994470,0.773397,0.763747,15.069654,11.509410
281,0,6,7,0.987243,0.812630,0.794385,9.184268,7.295847
281,0,6,8,0.904460,0.761846,0.534154,4.474430,2.390035
281,0,6,9,0.990826,0.822182,0.797067,12.432768,9.909752
281,0,6,10,0.923899,0.766284,0.542070,3.294275,1.785727
281,0,6,11,0.980552,0.574103,0.565227,7.417698,4.192680
281,0,6,12,0.986080,0.819746,0.773426,13.321955,10.303550
281,0,6,13,0.490721,0.385397,-0.327848,1.859163,-0.609523
281,0,6,14,0.876427,0.701606,0.355608,3.337361,1.186791
281,0,6,15,0.937392,0.738160,0.517958,4.764340,2.467727
281,0,7,0,0.993479,0.808105,0.799063,12.262791,9.798741
281,0,7,1,0.937123,0.686776,0.610443,6.052978,3.695000
281,0,7,2,0.969146,0.925781,0.902816,3.184477,2.874995
281,0,7,3,0.985430,0.678339,0.664462,9.273244,6.161722
281,0,7,4,0.854857,0.508004,0.359837,6.703321,2.412100
281,0,7,5,0.884549,0.615659,0.452576,4.675778,2.116146
281,0,7,6,0.985549,0.729860,0.713306,11.543939,8.234358
281,0,7,7,0.976801,0.775445,0.716245,5.218246,3.737542
281,0,7,8,0.965806,0.892382,0.828434,7.426087,6.152021
281,0,7,9,0.991122,0.841943,0.834729,12.675708,10.580782
281,0,7,10,0.998685,0.917579,0.915949,28.644497,26.236902
281,0,7,11,0.972635,1.106916,1.217115,3.599891,4.381481
281,0,7,12,0.989550,0.749197,0.740019,14.174721,10.489560
281,0,7,13,0.946204,0.660446,0.621921,7.012890,4.361462
281,0,7,14,0.981640,0.699816,0.673680,6.475595,4.362477
281,0,7,15,0.646328,0.379862,0.091042,4.634676,0.421948
281,0,8,0,0.953865,0.734090,0.638970,5.087080,3.250493
281,0,8,1,0.933395,0.654325,0.543834,6.513681,3.542361
281,0,8,2,0.932274,0.630177,0.506666,5.607176,2.840966
281,0,8,3,0.944766,0.683579,0.592623,6.525694,3.867279
281,0,8,4,0.989134,0.981850,0.972443,12.455315,12.112089
281,0,8,5,-0.504274,-0.600221,-1.212470,1.071445,-1.299095
281,0,8,6,0.971131,0.770391,0.715145,5.503814,3.936028
281,0,8,7,0.985109,0.858486,0.802974,6.975783,5.601375
281,0,8,8,0.976965,0.929341,0.869639,5.269318,4.582402
281,0,8,9,0.942075,0.736123,0.599824,5.805367,3.482200
281,0,8,10,0.966301,0.733694,0.681430,7.579924,5.165187
281,0,8,11,0.962852,0.803734,0.696747,5.510491,3.839417
281,0,8,12,0.942142,0.654011,0.541997,5.699865,3.089309
281,0,8,13,0.975024,0.852272,0.790194,6.549834,5.175637
281,0,8,14,0.966799,0.751356,0.685100,5.777844,3.958399
281,0,8,15,0.566722,0.338755,0.008545,3.397362,0.029029
281,0,9,0,0.858813,0.679134,0.298522,3.546563,1.058727
281,0,9,1,0.619323,0.410966,0.003534,3.464980,0.012245
281,0,9,2,0.849190,0.720625,0.388324,2.545721,0.988563
281,0,9,3,0.977464,0.824033,0.784139,6.863394,5.381855
281,0,9,4,0.976028,0.868937,0.845906,6.282175,5.314128
281,0,9,5,0.977178,0.823140,0.791307,6.560107,5.191060
281,0,9,6,0.981542,0.850055,0.776449,8.446538,6.558309
281,0,9,7,0.980470,0.922924,0.895655,4.544703,4.070486
281,0,9,8,0.749361,0.387649,0.221179,4.969706,1.099194
281,0,9,9,0.972096,0.781344,0.684453,7.679738,5.256422
281,0,9,10,0.962344,0.764414,0.712536,7.481221,5.330637
281,0,9,11,0.929703,0.803745,0.687129,3.864612,2.655486
281,0,9,12,0.966373,0.607146,0.582782,9.236829,5.383060
281,0,9,13,0.891953,0.748409,0.509145,2.791762,1.421412
281,0,9,14,0.966943,0.833470,0.772060,6.062664,4.680740
281,0,9,15,0.988047,0.890789,0.831267,10.641085,8.845583
281,0,10,0,0.886156,0.565125,0.408451,6.302557,2.574286
281,0,10,1,0.996703,0.879378,0.878678,20.970772,18.426563
281,0,10,2,0.977363,0.872921,0.819862,6.128373,5.024418
281,0,10,3,0.986887,0.804037,0.781525,5.847660,4.570093
281,0,10,4,0.995216,0.901344,0.901428,7.208588,6.498024
281,0,10,5,0.989940,0.881664,0.873162,11.388268,9.943800
281,0,10,6,0.987246,0.778278,0.765572,11.869061,9.086615
281,0,10,7,0.986682,0.947244,0.921871,5.092455,4.694585
281,0,10,8,0.949211,0.768416,0.684528,6.443814,4.410975
281,0,10,9,0.983726,0.667381,0.653167,9.634894,6.293191
281,0,10,10,0.994249,0.774739,0.770473,14.821357,11.419448
281,0,10,11,0.966340,0.799005,0.736074,7.809877,5.748646
281,0,10,12,0.973858,0.848051,0.808204,6.336423,5.121121
281,0,10,13,0.992545,0.885733,0.879729,12.611886,11.095037
281,0,10,14,0.900043,0.550138,0.427990,7.337994,3.140590
281,0,10,15,0.929993,0.740156,0.675620,4.493138,3.035654
281,0,11,0,0.993247,0.979934,0.980485,8.101174,7.943083
281,0,11,1,0.988274,0.993276,0.984575,11.450569,11.273942
281,0,11,2,0.958916,0.816124,0.734421,5.532766,4.063381
281,0,11,3,-0.172970,-0.085113,-0.275984,2.325858,-0.641900
281,0,11,4,0.961137,0.690805,0.605986,5.969023,3.617147
281,0,11,5,0.952744,0.800523,0.683828,4.458100,3.048573
281,0,11,6,0.978323,0.604298,0.586205,10.868471,6.371147
281,0,11,7,0.916426,0.588030,0.463586,7.475358,3.465472
281,0,11,8,0.911810,0.707742,0.592089,4.453112,2.636636
281,0,11,9,0.987679,0.914931,0.892381,5.455370,4.868271
281,0,11,10,0.618452,0.369432,0.069914,4.071547,0.284660
281,0,11,11,0.962758,0.707046,0.658813,5.662712,3.730669
281,0,11,12,0.877763,0.521122,0.385599,7.038834,2.714170
281,0,11,13,0.990512,1.044344,1.039936,11.663815,12.129625
281,0,11,14,0.975183,0.842416,0.809841,6.109819,4.947981
281,0,11,15,0.989355,1.017516,1.008257,10.887981,10.977880
281,0,12,0,0.984477,1.876828,1.951998,-1.247325,-2.434777
281,0,12,1,0.985890,0.848565,0.829554,10.800823,8.959870
281,0,12,2,0.958452,0.746104,0.627999,3.846829,2.415803
281,0,12,3,0.998377,1.076315,1.077518,-3.703600,-3.990695
281,0,12,4,0.970963,0.757647,0.701566,5.316508,3.729883
281,0,12,5,0.878473,0.596908,0.464902,4.786963,2.225469
281,0,12,6,0.923611,0.673568,0.470399,3.562813,1.675945
281,0,12,7,0.843935,0.509818,0.370349,6.899436,2.555202
281,0,12,8,0.904809,0.561903,0.450689,7.006836,3.157904
281,0,12,9,0.986495,1.048316,1.043930,8.764596,9.149629
281,0,12,10,0.981258,0.883018,0.856338,4.033792,3.454290
281,0,12,11,0.933772,0.627053,0.547827,6.839035,3.746607
281,0,12,12,0.928583,0.700335,0.605271,5.508341,3.334040
281,0,12,13,0.931365,0.486276,0.447189,6.173668,2.760799
281,0,12,14,0.936493,0.630633,0.546590,7.254201,3.965073
281,0,12,15,0.750433,0.430615,0.246543,6.304087,1.554230
281,0,13,0,0.672025,0.319736,0.183594,7.263971,1.333618
281,0,13,1,0.858563,0.522402,0.372833,6.053978,2.257121
281,0,13,2,0.864524,0.645830,0.356907,3.672284,1.310665
281,0,13,3,0.837093,0.463924,0.324772,6.325817,2.054447
281,0,13,4,0.981741,0.715254,0.702212,11.303104,7.937176
281,0,13,5,0.970129,0.617015,0.593771,6.224841,3.696132
281,0,13,6,0.987264,0.949928,0.941136,9.134618,8.596920
281,0,13,7,0.700326,0.450903,0.118657,4.177916,0.495738
281,0,13,8,0.727715,0.513175,0.128800,4.151148,0.534668
281,0,13,9,0.801396,0.456090,0.292858,6.048409,1.771327
281,0,13,10,0.832417,0.520454,0.345089,4.971289,1.715535
281,0,13,11,0.837570,0.421925,0.333346,8.424401,2.808242
281,0,13,12,0.866687,0.463806,0.363517,7.408374,2.693071
281,0,13,13,0.604853,0.472004,-0.162889,2.337510,-0.380755
281,0,13,14,0.848314,0.458922,0.349059,6.965907,2.431512
281,0,13,15,0.980339,1.294754,1.351184,-1.778747,-2.403414
281,0,14,0,0.820147,0.554709,0.281715,4.343816,1.223718
281,0,14,1,0.972552,0.817192,0.794059,10.645977,8.453529
281,0,14,2,0.933230,0.578607,0.511080,7.489987,3.827980
281,0,14,3,0.802884,0.565402,0.273819,3.645550,0.998222
281,0,14,4,0.948114,0.582303,0.527842,8.499626,4.486462
281,0,14,5,0.574934,0.328606,0.072186,4.136634,0.298609
281,0,14,6,0.774132,0.525838,0.220096,4.130332,0.909070
281,0,14,7,0.918202,0.620014,0.589194,6.142148,3.618916
281,0,14,8,0.921157,0.632579,0.516230,5.416212,2.796012
281,0,14,9,0.761431,0.551072,0.139790,3.388936,0.473739
281,0,14,10,0.561929,0.363790,-0.038511,3.331859,-0.128315
281,0,14,11,0.918617,0.597083,0.487327,5.542203,2.700865
281,0,14,12,0.914151,0.674337,0.505853,4.585105,2.319388
281,0,14,13,0.802230,0.566684,0.220073,3.781926,0.832299
281,0,14,14,0.942406,0.605873,0.536245,6.899724,3.699946
281,0,14,15,0.895430,0.633166,0.429715,3.930137,1.688837
281,0,15,0,0.984039,0.857718,0.826562,5.967909,4.932846
281,0,15,1,0.960532,0.821578,0.730851,4.344129,3.174913
281,0,15,2,0.966128,0.774336,0.712828,6.129325,4.369155
281,0,15,3,0.968804,0.808358,0.745373,5.090492,3.794314
281,0,15,4,0.997168,1.063584,1.068061,-3.292328,-3.516408
281,0,15,5,0.976661,0.849756,0.841630,5.522313,4.647745
281,0,15,6,0.922841,1.238074,1.376046,1.832409,2.521479
281,0,15,7,0.935809,0.727689,0.606115,4.644502,2.815103
281,0,15,8,0.953959,0.767776,0.720793,5.481441,3.950985
281,0,15,9,0.966738,0.805904,0.720770,5.356353,3.860697
281,0,15,10,0.931214,1.071847,1.466616,-0.740044,-1.085360
281,0,15,11,0.963090,0.727479,0.666341,6.074017,4.047368
281,0,15,12,0.974754,0.978966,0.918643,6.222742,5.716480
281,0,15,13,0.908526,0.636031,0.482273,4.446273,2.144320
281,0,15,14,0.955285,0.727383,0.661350,5.304905,3.508398
281,0,15,15,0.714817,0.475915,0.202546,3.684098,0.746198
340,0,0,0,0.758817,0.700297,0.075440,1.594975,0.120325
340,0,0,1,0.986712,0.986735,1.002196,-1.174912,-1.177493
340,0,0,2,0.939661,0.722962,0.497497,1.479910,0.736251
340,0,0,3,0.978308,1.083317,1.139499,-2.302449,-2.623639
340,0,0,4,0.942243,1.001113,1.190151,-1.263790,-1.504100
340,0,0,5,0.763951,1.092010,4.209091,-0.326105,-1.372606
340,0,0,6,0.904087,0.990090,0.659768,0.565601,0.373165
340,0,0,7,0.982918,1.026815,1.115470,-1.327883,-1.481214
340,0,0,8,0.943951,0.911161,0.866070,1.176795,1.019187
340,0,0,9,0.886089,0.918465,-3.250616,0.109268,-0.355189
340,0,0,10,0.976228,0.696638,0.650398,2.241534,1.457889
340,0,0,11,0.788603,0.769754,0.083524,1.214438,0.101435
340,0,0,12,0.869198,0.435343,0.352364,3.382203,1.191766
340,0,0,13,0.955200,1.062719,1.716787,-0.843654,-1.448375
340,0,0,14,0.963619,0.930103,3.452037,-0.121889,-0.420767
340,0,0,15,0.996333,0.991842,0.976278,-3.212256,-3.136055
340,0,1,0,0.953945,1.004751,2.088470,-0.250774,-0.523733
340,0,1,1,0.983712,0.958700,0.974666,1.902584,1.854385
340,0,1,2,0.981457,0.750931,0.724034,3.164541,2.291236
340,0,1,3,0.896367,0.968617,-0.167997,0.415223,-0.069756
340,0,1,4,0.901764,0.587392,0.424053,1.799081,0.762906
340,0,1,5,0.869843,0.928750,0.460431,1.025315,0.472087
340,0,1,6,0.991981,0.971873,0.969621,2.967361,2.877217
340,0,1,7,0.952078,0.928462,0.188390,0.294805,0.055538
340,0,1,8,0.862629,0.916430,-1.804288,0.337959,-0.609775
340,0,1,9,0.938331,0.957983,1.258256,0.556118,0.699738
340,0,1,10,0.927897,0.956386,0.951501,1.103030,1.049534
340,0,1,11,0.952978,1.028427,4.033194,0.080869,0.326159
340,0,1,12,0.882914,0.854222,-2.131685,0.046401,-0.098913
340,0,1,13,0.963079,0.729776,0.647664,2.707190,1.753350
340,0,1,14,-0.455467,-0.319488,-0.557048,0.874601,-0.487195
340,0,1,15,0.987357,0.838939,0.824294,6.104753,5.032114
340,0,2,0,0.946754,0.974560,0.896960,1.592502,1.428411
340,0,2,1,0.969467,0.817704,0.710557,2.040597,1.449962
340,0,2,2,0.950218,0.998417,-2.268109,0.160755,-0.364609
340,0,2,3,0.960521,1.004447,-1.062283,0.183446,-0.194872
340,0,2,4,0.909274,0.491351,0.438472,2.803403,1.229213
340,0,2,5,0.977280,0.713492,0.674720,6.618454,4.465606
340,0,2,6,0.937040,0.982587,0.609063,1.086306,0.661628
340,0,2,7,0.942931,0.974697,-0.775727,0.290449,-0.225309
340,0,2,8,0.944756,0.585371,0.539762,2.126214,1.147649
340,0,2,9,0.956512,0.919412,0.850829,3.534433,3.007198
340,0,2,10,0.904397,0.919085,-0.253144,0.523039,-0.132404
340,0,2,11,0.984537,0.797744,0.757658,4.144184,3.139873
340,0,2,12,0.954018,1.000744,-3.391564,0.109625,-0.371799
340,0,2,13,0.870751,0.614905,0.439324,1.449329,0.636726
340,0,2,14,0.885218,0.870009,-0.880400,0.307097,-0.270368
340,0,2,15,0.941165,0.997529,-1.153800,0.287776,-0.332036
340,0,3,0,0.696006,0.477545,0.097832,3.581399,0.350375
340,0,3,1,0.950381,0.919912,0.719402,2.192582,1.577348
340,0,3,2,0.892485,0.884797,0.004837,1.019890,0.004933
340,0,3,3,0.920039,0.953734,-49.703467,0.012391,-0.615878
340,0,3,4,0.927552,0.920178,0.810905,2.429925,1.970438
340,0,3,5,0.987694,0.776702,0.761032,3.846921,2.927628
340,0,3,6,0.947227,0.980947,0.813026,1.176148,0.956239
340,0,3,7,0.935825,0.870926,0.451808,1.151802,0.520393
340,0,3,8,0.993695,0.965956,0.960620,9.069239,8.712093
340,0,3,9,0.985183,0.734352,0.702358,4.733559,3.324651
340,0,3,10,0.952104,1.123932,1.133169,1.013587,1.148565
340,0,3,11,0.820275,0.858458,-0.282072,0.987455,-0.278533
340,0,3,12,0.966359,0.709914,0.661074,4.161437,2.751018
340,0,3,13,0.983201,0.734934,0.710299,10.197721,7.243430
340,0,3,14,0.881997,0.865744,0.178220,1.117872,0.199228
340,0,3,15,0.954852,0.983675,0.802842,1.682191,1.350534
340,0,4,0,0.965156,0.927660,0.866304,2.143274,1.856727
340,0,4,1,0.895027,0.781381,0.384547,3.258553,1.253068
340,0,4,2,0.960560,0.965262,0.623309,0.719221,0.448297
340,0,4,3,0.960026,0.998817,1.075521,1.829712,1.967893
340,0,4,4,0.980197,0.727069,0.679260,5.382859,3.656359
340,0,4,5,0.947852,0.848270,0.603088,2.087381,1.258874
340,0,4,6,0.891445,0.768492,0.226511,1.950582,0.441828
340,0,4,7,0.968381,0.957852,0.670220,1.366076,0.915572
340,0,4,8,0.896968,0.434441,0.392292,2.548952,0.999934
340,0,4,9,0.954879,0.980066,0.542469,0.539651,0.292744
340,0,4,10,0.987232,0.729303,0.704841,9.297981,6.553594
340,0,4,11,0.924181,1.044851,1.617756,1.557350,2.519411
340,0,4,12,0.932150,0.924436,0.706996,1.279482,0.904589
340,0,4,13,0.969463,0.708948,0.671418,6.101312,4.096529
340,0,4,14,0.964767,0.971698,0.592834,0.968881,0.574386
340,0,4,15,0.947116,0.880909,0.487800,1.427585,0.696376
340,0,5,0,0.994369,0.808327,0.802843,14.387670,11.551042
340,0,5,1,0.908549,0.608109,0.467256,5.909418,2.761212
340,0,5,2,0.992488,0.700658,0.691576,11.627346,8.041199
340,0,5,3,0.965104,0.897669,0.747469,3.253177,2.431649
340,0,5,4,0.996377,0.882314,0.870724,11.578086,10.081315
340,0,5,5,0.986981,0.817041,0.795149,10.183926,8.097733
340,0,5,6,0.997680,0.901815,0.898591,18.118149,16.280806
340,0,5,7,0.863462,0.644850,0.352435,3.443798,1.213715
340,0,5,8,0.903397,0.649755,0.464109,4.375001,2.030475
340,0,5,9,0.950076,0.731154,0.631282,4.594147,2.900202
340,0,5,10,0.909092,0.816701,0.725286,4.148685,3.008982
340,0,5,11,0.980386,0.588368,0.574138,9.390309,5.391331
340,0,5,12,0.899516,0.509918,0.411109,4.305468,1.770018
340,0,5,13,0.976370,0.909165,0.807644,5.319114,4.295950
340,0,5,14,0.989797,0.675676,0.661934,9.624208,6.370587
340,0,5,15,0.875761,0.473562,0.372877,3.652775,1.362038
340,0,6,0,0.888216,0.605797,0.400786,4.309519,1.727197
340,0,6,1,0.928753,0.666480,0.573933,6.048739,3.471571
340,0,6,2,0.965780,0.874863,0.740648,4.610145,3.414494
340,0,6,3,0.888786,0.472941,0.394750,4.154458,1.639971
340,0,6,4,0.970437,0.719716,0.666800,6.344871,4.230759
340,0,6,5,0.891438,0.644437,0.473463,4.542418,2.150666
340,0,6,6,0.993517,0.769267,0.757418,14.378643,10.890639
340,0,6,7,0.987864,0.799259,0.780580,9.256090,7.225116
340,0,6,8,0.904520,0.761033,0.535950,4.481598,2.401912
340,0,6,9,0.988422,0.811267,0.776081,11.688094,9.070906
340,0,6,10,0.913770,0.759611,0.508070,3.145563,1.598166
340,0,6,11,0.981055,0.556432,0.549481,7.338200,4.032202
340,0,6,12,0.984649,0.813861,0.756384,12.847414,9.717575
340,0,6,13,0.484452,0.377796,-0.326957,1.876828,-0.613642
340,0,6,14,0.872132,0.689534,0.340976,3.404616,1.160891
340,0,6,15,0.937225,0.735643,0.514230,4.632690,2.382268
340,0,7,0,0.991892,0.801096,0.789411,11.415431,9.011463
340,0,7,1,0.936998,0.697470,0.614550,5.869012,3.606798
340,0,7,2,0.968432,0.922799,0.898639,3.163110,2.842494
340,0,7,3,0.987315,0.680512,0.664089,8.989183,5.969620
340,0,7,4,0.848324,0.511524,0.347988,6.530243,2.272446
340,0,7,5,0.879885,0.618939,0.439457,4.532418,1.991804
340,0,7,6,0.980582,0.701878,0.675097,11.040071,7.453114
340,0,7,7,0.976259,0.782723,0.717825,5.040000,3.617839
340,0,7,8,0.962810,0.885486,0.813424,7.242666,5.891360
340,0,7,9,0.991992,0.835819,0.826097,12.207407,10.084499
340,0,7,10,0.998637,0.911892,0.908900,27.326813,24.837336
340,0,7,11,0.971914,1.107382,1.225772,3.582324,4.391111
340,0,7,12,0.991215,0.757249,0.745164,14.252905,10.620753
340,0,7,13,0.937990,0.643726,0.598142,6.710222,4.013664
340,0,7,14,0.976299,0.677491,0.636619,6.099667,3.883164
340,0,7,15,0.626654,0.378278,0.061321,4.445899,0.272628
340,0,8,0,0.950474,0.728404,0.622569,4.916978,3.061156
340,0,8,1,0.933645,0.655090,0.542784,6.503789,3.530152
340,0,8,2,0.923464,0.619275,0.475190,5.392032,2.562238
340,0,8,3,0.939809,0.674405,0.575536,6.365496,3.663572
340,0,8,4,0.990322,0.971512,0.961872,12.424291,11.950575
340,0,8,5,-0.484008,-0.586619,-1.256323,1.075587,-1.351285
340,0,8,6,0.968643,0.764496,0.704921,5.366993,3.783306
340,0,8,7,0.984302,0.860252,0.795489,6.819548,5.424876
340,0,8,8,0.974686,0.921983,0.850982,5.087689,4.329529
340,0,8,9,0.941364,0.728870,0.596475,5.875257,3.504447
340,0,8,10,0.966579,0.745941,0.690868,7.451482,5.147987
340,0,8,11,0.964937,0.804536,0.696862,5.505971,3.836903
340,0,8,12,0.938104,0.656497,0.533402,5.561171,2.966341
340,0,8,13,0.978433,0.863431,0.812847,6.599598,5.364463
340,0,8,14,0.968886,0.758737,0.689442,5.681204,3.916860
340,0,8,15,0.564475,0.335366,0.003356,3.378025,0.011336
340,0,9,0,0.852136,0.668618,0.287734,3.573480,1.028211
340,0,9,1,0.605218,0.408656,-0.025123,3.335552,-0.083800
340,0,9,2,0.844685,0.719701,0.378260,2.542920,0.961884
340,0,9,3,0.979572,0.832834,0.797674,6.971206,5.560747
340,0,9,4,0.978006,0.871167,0.845705,6.330657,5.353871
340,0,9,5,0.975681,0.812488,0.780499,6.592745,5.145634
340,0,9,6,0.982279,0.852722,0.780924,8.372587,6.538351
340,0,9,7,0.978668,0.912878,0.881402,4.462799,3.933518
340,0,9,8,0.746762,0.382286,0.219426,4.988294,1.094560
340,0,9,9,0.970303,0.784202,0.679452,7.603755,5.166387
340,0,9,10,0.965314,0.759771,0.712227,7.708951,5.490525
340,0,9,11,0.926832,0.805032,0.681828,3.791946,2.585457
340,0,9,12,0.960586,0.586557,0.551429,9.014969,4.971115
340,0,9,13,0.886847,0.746528,0.493184,2.763240,1.362785
340,0,9,14,0.971677,0.840915,0.783941,6.238959,4.890974
340,0,9,15,0.988104,0.891442,0.828273,10.629901,8.804456
340,0,10,0,0.889166,0.561037,0.409354,6.358973,2.603069
340,0,10,1,0.997224,0.884890,0.883758,21.056118,18.608511
340,0,10,2,0.977406,0.871342,0.819658,6.241480,5.115881
340,0,10,3,0.986948,0.798436,0.769489,5.731077,4.410001
340,0,10,4,0.995969,0.900279,0.900677,7.445897,6.706346
340,0,10,5,0.990949,0.875336,0.865182,11.081549,9.587554
340,0,10,6,0.989309,0.773861,0.759049,12.016262,9.120932
340,0,10,7,0.987006,0.947081,0.924944,5.193843,4.804015
340,0,10,8,0.957782,0.787679,0.717575,6.558018,4.705871
340,0,10,9,0.983842,0.673555,0.656756,9.625919,6.321877
340,0,10,10,0.994771,0.780003,0.775103,14.839159,11.501875
340,0,10,11,0.969275,0.811954,0.753391,7.797527,5.874586
340,0,10,12,0.974237,0.852127,0.812969,6.357430,5.168391
340,0,10,13,0.993799,0.886470,0.880588,12.567355,11.066668
340,0,10,14,0.898983,0.541708,0.421126,7.381174,3.108405
340,0,10,15,0.938448,0.752483,0.696928,4.756991,3.315280
340,0,11,0,0.993961,0.986538,0.987884,8.253110,8.153114
340,0,11,1,0.989956,0.992056,0.986455,11.365384,11.211441
340,0,11,2,0.963801,0.813339,0.746915,5.876122,4.388966
340,0,11,3,-0.217789,-0.114138,-0.322088,2.275295,-0.732845
340,0,11,4,0.962804,0.692729,0.609315,6.040112,3.680328
340,0,11,5,0.956560,0.811291,0.705473,4.626647,3.263973
340,0,11,6,0.980264,0.616422,0.599922,10.989950,6.593117
340,0,11,7,0.917759,0.579796,0.461930,7.571565,3.497535
340,0,11,8,0.921391,0.716560,0.615871,4.592503,2.828390
340,0,11,9,0.987198,0.919613,0.891099,5.249337,4.677680
340,0,11,10,0.561243,0.335481,0.009624,4.008002,0.038572
340,0,11,11,0.956487,0.692287,0.635607,5.500810,3.496352
340,0,11,12,0.880103,0.522930,0.389169,7.066152,2.749927
340,0,11,13,0.991093,1.033955,1.029942,11.396699,11.737944
340,0,11,14,0.977686,0.856094,0.828539,6.124582,5.074458
340,0,11,15,0.991230,1.006447,0.998456,11.100471,11.083334
340,0,12,0,0.985115,1.854692,1.928451,-1.262851,-2.435345
340,0,12,1,0.984839,0.841948,0.813468,10.685862,8.692612
340,0,12,2,0.955351,0.735849,0.608616,3.792423,2.308130
340,0,12,3,0.998516,1.083612,1.084506,-3.682528,-3.993725
340,0,12,4,0.969604,0.752085,0.693144,5.264647,3.649157
340,0,12,5,0.878328,0.599536,0.461639,4.804015,2.217720
340,0,12,6,0.927637,0.678192,0.483242,3.591830,1.735725
340,0,12,7,0.846674,0.517628,0.371006,6.793103,2.520281
340,0,12,8,0.895428,0.552050,0.430189,6.801374,2.925878
340,0,12,9,0.988206,1.045341,1.037726,8.679216,9.006647
340,0,12,10,0.980653,0.874340,0.837494,3.981168,3.334203
340,0,12,11,0.932114,0.632009,0.545844,6.666757,3.639007
340,0,12,12,0.934191,0.707657,0.618859,5.694605,3.524160
340,0,12,13,0.920794,0.469926,0.423722,6.065383,2.570039
340,0,12,14,0.936616,0.629123,0.547005,7.277806,3.980998
340,0,12,15,0.736534,0.422809,0.231159,6.289503,1.453877
340,0,13,0,0.633931,0.299597,0.154417,7.214209,1.113993
340,0,13,1,0.844876,0.510575,0.351067,6.023958,2.114812
340,0,13,2,0.851377,0.635818,0.326159,3.631698,1.184510
340,0,13,3,0.814974,0.449033,0.297918,6.245809,1.860740
340,0,13,4,0.981547,0.711556,0.691863,11.187766,7.740400
340,0,13,5,0.968231,0.614974,0.582037,6.067438,3.531476
340,0,13,6,0.986830,0.951508,0.936307,9.041621,8.465729
340,0,13,7,0.696221,0.451763,0.106125,4.121087,0.437351
340,0,13,8,0.717644,0.511631,0.105211,4.093325,0.430663
340,0,13,9,0.783364,0.447262,0.270855,5.935163,1.607569
340,0,13,10,0.821598,0.509759,0.324758,4.917632,1.597039
340,0,13,11,0.814434,0.404829,0.307441,8.296331,2.550631
340,0,13,12,0.855474,0.451481,0.345167,7.332716,2.531014
340,0,13,13,0.595336,0.468010,-0.187439,2.306086,-0.432249
340,0,13,14,0.832949,0.443942,0.329993,6.928907,2.286487
340,0,13,15,0.980203,1.310088,1.374283,-1.741641,-2.393507
340,0,14,0,0.816145,0.551664,0.271932,4.313769,1.173054
340,0,14,1,0.969101,0.804814,0.778153,10.620934,8.264714
340,0,14,2,0.930907,0.574602,0.504432,7.444546,3.755264
340,0,14,3,0.803526,0.566097,0.274070,3.641201,0.997944
340,0,14,4,0.947623,0.583749,0.528113,8.415368,4.444263
340,0,14,5,0.554206,0.321490,0.051475,4.110654,0.211595
340,0,14,6,0.780114,0.526658,0.229716,4.146518,0.952523
340,0,14,7,0.915909,0.616464,0.583575,6.122822,3.573125
340,0,14,8,0.916417,0.624144,0.501872,5.366279,2.693186
340,0,14,9,0.763945,0.549984,0.143494,3.401763,0.488133
340,0,14,10,0.554168,0.363036,-0.058700,3.273458,-0.192151
340,0,14,11,0.916551,0.595201,0.478709,5.454789,2.611254
340,0,14,12,0.917120,0.676226,0.508769,4.553338,2.316596
340,0,14,13,0.800211,0.564425,0.214805,3.781375,0.812256
340,0,14,14,0.940320,0.599735,0.529543,6.863539,3.634540
340,0,14,15,0.893128,0.631192,0.423968,3.921389,1.662542
340,0,15,0,0.984247,0.860477,0.829538,5.905310,4.898676
340,0,15,1,0.960523,0.821242,0.732816,4.316433,3.163150
340,0,15,2,0.966211,0.775059,0.714293,6.107046,4.362221
340,0,15,3,0.970120,0.812857,0.753519,5.099626,3.842667
340,0,15,4,0.996955,1.056121,1.061054,-3.291678,-3.492648
340,0,15,5,0.977357,0.855036,0.850011,5.549152,4.716838
340,0,15,6,0.928229,1.235239,1.363580,1.848322,2.520335
340,0,15,7,0.937027,0.732538,0.614806,4.631122,2.847241
340,0,15,8,0.956426,0.773327,0.730374,5.464337,3.991008
340,0,15,9,0.966727,0.807562,0.720928,5.261874,3.793430
340,0,15,10,0.927103,1.089314,1.544714,-0.672931,-1.039485
340,0,15,11,0.963417,0.728676,0.667268,6.025712,4.020767
340,0,15,12,0.975039,0.978133,0.919928,6.330744,5.823828
340,0,15,13,0.895108,0.614292,0.448869,4.441268,1.993548
340,0,15,14,0.948971,0.708692,0.636290,5.272214,3.354658
340,0,15,15,0.688075,0.461032,0.174086,3.679676,0.640582
388,0,0,0,0.771877,0.719696,0.078826,1.522459,0.120009
388,0,0,1,0.984028,1.008361,1.036174,-1.002106,-1.038356
388,0,0,2,0.960959,0.705772,0.611826,1.917104,1.172934
388,0,0,3,0.972202,1.051151,1.145302,-2.188514,-2.506508
388,0,0,4,0.928052,0.897663,1.311600,-0.647206,-0.848876
388,0,0,5,0.798486,1.042428,3.251411,-0.443797,-1.442965
388,0,0,6,0.904087,0.990684,0.595059,0.476823,0.283738
388,0,0,7,0.982549,1.030570,1.123045,-1.358232,-1.525356
388,0,0,8,0.945123,0.910895,0.871163,1.104674,0.962351
388,0,0,9,0.863978,0.796902,-0.431476,0.364794,-0.157400
388,0,0,10,0.956698,0.717142,0.551684,1.415855,0.781105
388,0,0,11,0.805643,0.789434,0.161061,1.202837,0.193730
388,0,0,12,0.892425,0.476796,0.393795,3.363826,1.324659
388,0,0,13,0.959943,1.102294,1.603736,-0.992438,-1.591609
388,0,0,14,0.962977,0.919947,-13.310799,0.025760,-0.342884
388,0,0,15,0.996099,0.987742,0.971211,-3.180122,-3.088571
388,0,1,0,0.949592,1.004070,-802.863933,0.000390,-0.313203
388,0,1,1,0.976575,0.936661,0.924707,1.358101,1.255845
388,0,1,2,0.974604,0.717968,0.677403,2.597882,1.759814
388,0,1,3,0.889265,0.957183,-0.135601,0.449266,-0.060921
388,0,1,4,0.930674,0.601587,0.515121,2.075191,1.068975
388,0,1,5,0.865910,0.921641,0.453828,1.033646,0.469097
388,0,1,6,0.993162,0.960098,0.948259,3.223775,3.056974
388,0,1,7,0.950036,0.925084,-0.097713,0.253026,-0.024724
388,0,1,8,0.864283,0.930077,-3.189830,0.220971,-0.704861
388,0,1,9,0.938198,0.960608,1.160367,0.569703,0.661064
388,0,1,10,0.922559,0.956367,0.808575,0.853134,0.689823
388,0,1,11,0.952437,1.030807,3.629225,0.094594,0.343303
388,0,1,12,0.897512,0.847580,1.381053,0.049915,0.068936
388,0,1,13,0.962352,0.708184,0.656192,2.896703,1.900794
388,0,1,14,-0.453094,-0.568766,-1.602144,0.512069,-0.820408
388,0,1,15,0.986628,0.862688,0.846989,6.246840,5.291006
388,0,2,0,0.943644,0.971543,0.836308,1.509848,1.262698
388,0,2,1,0.982843,0.879010,0.826480,2.441793,2.018092
388,0,2,2,0.950669,0.998412,-4.185582,0.099023,-0.414469
388,0,2,3,0.960542,1.010345,-3.054070,0.092769,-0.283324
388,0,2,4,0.860895,0.428257,0.364225,2.548825,0.928345
388,0,2,5,0.979653,0.721544,0.686269,6.617499,4.541383
388,0,2,6,0.936653,0.989442,0.557970,0.979193,0.546360
388,0,2,7,0.943150,0.979336,-1.228434,0.229944,-0.282471
388,0,2,8,0.900691,0.526927,0.454376,1.933827,0.878684
388,0,2,9,0.955622,0.913676,0.842112,3.558741,2.996858
388,0,2,10,0.904530,0.926371,-0.316165,0.485132,-0.153382
388,0,2,11,0.989167,0.816330,0.789048,4.152643,3.276634
388,0,2,12,0.953585,1.002105,-11.615288,0.037130,-0.431270
388,0,2,13,0.903135,0.658207,0.539003,1.558640,0.840112
388,0,2,14,0.868371,0.882126,-1.800537,0.217016,-0.390746
388,0,2,15,0.940153,0.998603,-1.988868,0.211838,-0.421319
388,0,3,0,0.689086,0.485565,0.072537,3.437243,0.249328
388,0,3,1,0.947020,0.926946,0.689119,2.023068,1.394135
388,0,3,2,0.890305,0.882681,-0.047752,0.965389,-0.046100
388,0,3,3,0.917395,0.965424,-20.076322,0.031484,-0.632080
388,0,3,4,0.922427,0.898877,0.773584,2.513109,1.944102
388,0,3,5,0.987382,0.777117,0.754251,3.807264,2.871631
388,0,3,6,0.944910,0.986094,0.739388,1.018435,0.753019
388,0,3,7,0.929789,0.871231,0.362157,1.022360,0.370255
388,0,3,8,0.992476,0.970028,0.966365,8.837145,8.539907
388,0,3,9,0.986846,0.725727,0.702580,4.838190,3.399215
388,0,3,10,0.952011,1.128871,1.062085,1.142666,1.213608
388,0,3,11,0.814955,0.851507,-0.273738,1.034383,-0.283150
388,0,3,12,0.975121,0.722012,0.686799,4.282964,2.941535
388,0,3,13,0.985341,0.719966,0.704151,10.633919,7.487885
388,0,3,14,0.880506,0.866041,0.193427,1.125228,0.217650
388,0,3,15,0.950156,0.975518,0.758999,1.694043,1.285777
388,0,4,0,0.962267,0.930320,0.881426,1.934667,1.705265
388,0,4,1,0.909917,0.793534,0.448233,3.448750,1.545845
388,0,4,2,0.957987,0.968468,0.573041,0.637322,0.365212
388,0,4,3,0.960219,1.003611,1.082250,2.024423,2.190931
388,0,4,4,0.986360,0.765620,0.726923,5.575079,4.052655
388,0,4,5,0.937856,0.846109,0.530903,1.875917,0.995931
388,0,4,6,0.902067,0.784009,0.275981,1.962958,0.541739
388,0,4,7,0.966944,0.958601,0.662498,1.361899,0.902256
388,0,4,8,0.889038,0.411226,0.368931,2.431082,0.896901
388,0,4,9,0.952205,0.982672,0.421520,0.421175,0.177534
388,0,4,10,0.991647,0.751708,0.735413,9.725801,7.152480
388,0,4,11,0.933973,1.068104,1.487205,1.886764,2.806005
388,0,4,12,0.927304,0.927286,0.663047,1.131535,0.750261
388,0,4,13,0.964449,0.672310,0.632687,5.754124,3.640560
388,0,4,14,0.961632,0.973640,0.508340,0.883630,0.449184
388,0,4,15,0.942957,0.886674,0.440971,1.296612,0.571768
388,0,5,0,0.994502,0.816492,0.811716,14.171751,11.503439
388,0,5,1,0.872178,0.556248,0.396513,5.842868,2.316773
388,0,5,2,0.990272,0.678262,0.668590,11.075810,7.405181
388,0,5,3,0.963560,0.889989,0.752404,3.428573,2.579671
388,0,5,4,0.996323,0.902113,0.889160,11.512985,10.236881
388,0,5,5,0.986717,0.833768,0.817325,9.980957,8.157687
388,0,5,6,0.998349,0.917667,0.916491,19.222309,17.617071
388,0,5,7,0.862441,0.648650,0.355469,3.366777,1.196784
388,0,5,8,0.887154,0.637850,0.433119,4.228866,1.831601
388,0,5,9,0.962888,0.765737,0.701283,4.811459,3.374193
388,0,5,10,0.914747,0.830641,0.739864,4.081404,3.019684
388,0,5,11,0.961845,0.552450,0.529219,8.671040,4.588875
388,0,5,12,0.902575,0.520508,0.420775,4.214793,1.773479
388,0,5,13,0.979374,0.911746,0.830816,5.650353,4.694403
388,0,5,14,0.989119,0.681568,0.668078,9.256653,6.184170
388,0,5,15,0.917639,0.548640,0.461069,3.927880,1.811022
388,0,6,0,0.878882,0.611796,0.377688,3.981532,1.503777
388,0,6,1,0.942781,0.697500,0.619420,6.201317,3.841218
388,0,6,2,0.965919,0.885822,0.748896,4.529320,3.391990
388,0,6,3,0.914619,0.528224,0.458872,4.198586,1.926614
388,0,6,4,0.973773,0.744997,0.698402,6.306131,4.404215
388,0,6,5,0.887250,0.649961,0.473455,4.441016,2.102622
388,0,6,6,0.995699,0.781920,0.774753,14.990686,11.614086
388,0,6,7,0.982836,0.811440,0.790143,8.310441,6.566437
388,0,6,8,0.899652,0.751541,0.526028,4.531219,2.383548
388,0,6,9,0.990855,0.834974,0.803360,12.158482,9.767636
388,0,6,10,0.914965,0.778484,0.504308,2.906611,1.465826
388,0,6,11,0.976229,0.544119,0.534909,7.124633,3.811031
388,0,6,12,0.987605,0.815421,0.769963,13.128619,10.108550
388,0,6,13,0.494611,0.373031,-0.268195,1.950478,-0.523108
388,0,6,14,0.890654,0.694287,0.423523,3.688518,1.562174
388,0,6,15,0.936156,0.752682,0.516789,4.479644,2.315030
388,0,7,0,0.989923,0.789581,0.775695,11.289199,8.756977
388,0,7,1,0.943316,0.721017,0.642054,5.738966,3.684728
388,0,7,2,0.967917,0.926767,0.920636,3.149496,2.899539
388,0,7,3,0.986547,0.673483,0.659838,9.023355,5.953956
388,0,7,4,0.884007,0.527689,0.402995,6.965732,2.807158
388,0,7,5,0.896491,0.625843,0.479492,4.788993,2.296282
388,0,7,6,0.982705,0.700007,0.680741,10.806807,7.356639
388,0,7,7,0.978682,0.802533,0.750753,5.148841,3.865510
388,0,7,8,0.964722,0.905504,0.839612,7.154789,6.007246
388,0,7,9,0.990766,0.847887,0.839621,11.574601,9.718284
388,0,7,10,0.998701,0.914400,0.913181,28.682600,26.192398
388,0,7,11,0.967660,1.095136,1.209256,3.412413,4.126481
388,0,7,12,0.991736,0.747259,0.739129,13.609661,10.059292
388,0,7,13,0.941302,0.661629,0.618255,6.705142,4.145486
388,0,7,14,0.987012,0.705140,0.686770,6.756822,4.640380
388,0,7,15,0.679829,0.383166,0.145908,4.813397,0.702315
388,0,8,0,0.945643,0.729294,0.615945,4.726025,2.910971
388,0,8,1,0.947604,0.683066,0.585298,6.583831,3.853504
388,0,8,2,0.945500,0.645967,0.545573,5.997815,3.272245
388,0,8,3,0.952032,0.689839,0.616890,6.890729,4.250819
388,0,8,4,0.990935,0.998420,0.994316,12.593517,12.521936
388,0,8,5,-0.475384,-0.611024,-1.379393,1.022504,-1.410435
388,0,8,6,0.966715,0.762913,0.701928,5.173922,3.631719
388,0,8,7,0.986412,0.876964,0.830678,6.905299,5.736082
388,0,8,8,0.975248,0.937914,0.871357,5.077548,4.424355
388,0,8,9,0.950800,0.743542,0.633098,6.334913,4.010621
388,0,8,10,0.969223,0.757390,0.706788,7.672318,5.422701
388,0,8,11,0.970565,0.814159,0.736642,6.193941,4.562719
388,0,8,12,0.937592,0.657019,0.541426,5.694434,3.083113
388,0,8,13,0.973685,0.847818,0.789439,6.760410,5.336934
388,0,8,14,0.967140,0.770717,0.702675,5.410176,3.801596
388,0,8,15,0.649605,0.355152,0.122820,3.795588,0.466172
388,0,9,0,0.837842,0.655098,0.258990,3.597760,0.931782
388,0,9,1,0.619424,0.400295,0.034523,3.551820,0.122621
388,0,9,2,0.837407,0.726185,0.338010,2.428756,0.820945
388,0,9,3,0.973514,0.827033,0.783316,6.428106,5.035238
388,0,9,4,0.975468,0.854894,0.832070,6.447362,5.364657
388,0,9,5,0.977155,0.832192,0.808175,6.616135,5.346996
388,0,9,6,0.980649,0.852004,0.774311,8.536895,6.610211
388,0,9,7,0.973126,0.907387,0.865361,3.959823,3.426675
388,0,9,8,0.746509,0.371853,0.221688,4.962955,1.100227
388,0,9,9,0.961312,0.772425,0.645326,7.372586,4.757718
388,0,9,10,0.970816,0.771807,0.735394,8.244143,6.062692
388,0,9,11,0.932289,0.807969,0.708942,4.103488,2.909137
388,0,9,12,0.960818,0.577623,0.554186,8.668962,4.804216
388,0,9,13,0.878710,0.757543,0.446921,2.494724,1.114944
388,0,9,14,0.969377,0.837575,0.786086,6.316252,4.965116
388,0,9,15,0.989223,0.897547,0.846830,10.910066,9.238970
388,0,10,0,0.862319,0.538432,0.371705,6.292570,2.338981
388,0,10,1,0.997519,0.880500,0.879662,21.072113,18.536339
388,0,10,2,0.971190,0.854841,0.789999,5.800213,4.582164
388,0,10,3,0.991048,0.819351,0.803908,6.139302,4.935433
388,0,10,4,0.995268,0.896986,0.896401,7.474469,6.700119
388,0,10,5,0.991409,0.899576,0.894354,11.135471,9.959054
388,0,10,6,0.988380,0.769787,0.759916,12.067435,9.170242
388,0,10,7,0.988684,0.953326,0.935466,5.701639,5.333691
388,0,10,8,0.953463,0.778601,0.711183,6.518243,4.635663
388,0,10,9,0.980100,0.657633,0.641150,9.427684,6.044564
388,0,10,10,0.995053,0.791100,0.787412,15.138100,11.919920
388,0,10,11,0.962814,0.794104,0.720832,7.865341,5.669593
388,0,10,12,0.969316,0.831495,0.786185,6.138291,4.825831
388,0,10,13,0.993611,0.895295,0.891390,12.400248,11.053453
388,0,10,14,0.896237,0.546908,0.422202,7.291027,3.078285
388,0,10,15,0.931694,0.714591,0.656453,4.985499,3.272745
388,0,11,0,0.993877,0.986277,0.987654,8.459948,8.355497
388,0,11,1,0.989257,1.023006,1.022370,11.370235,11.624585
388,0,11,2,0.957793,0.818794,0.741296,5.733189,4.249988
388,0,11,3,-0.295551,-0.163622,-0.376300,2.088899,-0.786052
388,0,11,4,0.961057,0.698748,0.611726,5.863024,3.586565
388,0,11,5,0.952709,0.799103,0.692866,4.718426,3.269235
388,0,11,6,0.977852,0.596617,0.581045,10.643332,6.184250
388,0,11,7,0.917238,0.579417,0.465207,7.720701,3.591721
388,0,11,8,0.930278,0.737003,0.658035,4.881381,3.212118
388,0,11,9,0.989941,0.929565,0.913249,5.619195,5.131722
388,0,11,10,0.688549,0.404114,0.143964,4.208406,0.605858
388,0,11,11,0.965203,0.697326,0.657921,6.177628,4.064391
388,0,11,12,0.860052,0.505875,0.359426,6.890086,2.476473
388,0,11,13,0.991401,1.055117,1.054511,11.798794,12.441954
388,0,11,14,0.970413,0.827722,0.787239,5.981234,4.708659
388,0,11,15,0.990762,1.017276,1.016155,11.463004,11.648193
388,0,12,0,0.987205,1.834556,1.893141,-1.271750,-2.407602
388,0,12,1,0.987389,0.863029,0.848112,10.507249,8.911322
388,0,12,2,0.952939,0.740740,0.610523,3.564078,2.175951
388,0,12,3,0.998533,1.077810,1.079073,-3.574588,-3.857241
388,0,12,4,0.967974,0.764077,0.703277,4.906349,3.450521
388,0,12,5,0.842429,0.576084,0.404180,4.516324,1.825408
388,0,12,6,0.940709,0.696550,0.530270,3.685011,1.954049
388,0,12,7,0.855930,0.533521,0.381515,6.439661,2.456826
388,0,12,8,0.884916,0.544448,0.412209,6.675546,2.751720
388,0,12,9,0.988801,1.049161,1.049460,9.165323,9.618645
388,0,12,10,0.987188,0.889928,0.872873,4.565713,3.985288
388,0,12,11,0.917111,0.597243,0.505492,6.641586,3.357271
388,0,12,12,0.932375,0.701638,0.615517,5.671074,3.490642
388,0,12,13,0.932924,0.479360,0.444436,6.090607,2.706888
388,0,12,14,0.937343,0.629703,0.553863,7.465429,4.134824
388,0,12,15,0.723864,0.411577,0.218780,6.316527,1.381928
388,0,13,0,0.592230,0.284147,0.120882,7.005933,0.846890
388,0,13,1,0.886172,0.545732,0.417599,6.295455,2.628974
388,0,13,2,0.853699,0.642355,0.332055,3.609226,1.198463
388,0,13,3,0.833208,0.464191,0.321399,6.239134,2.005250
388,0,13,4,0.985183,0.702051,0.690617,10.993320,7.592177
388,0,13,5,0.977781,0.623135,0.601572,6.213133,3.737650
388,0,13,6,0.985412,0.942042,0.933066,8.980425,8.379328
388,0,13,7,0.747332,0.489147,0.166808,4.144408,0.691322
388,0,13,8,0.714303,0.502733,0.111834,4.142095,0.463226
388,0,13,9,0.838656,0.490515,0.338540,6.064997,2.053246
388,0,13,10,0.852906,0.540499,0.370969,4.909333,1.821209
388,0,13,11,0.789514,0.393347,0.281397,7.937962,2.233722
388,0,13,12,0.854715,0.455416,0.345135,7.117311,2.456434
388,0,13,13,0.587873,0.468946,-0.215775,2.244152,-0.484233
388,0,13,14,0.834072,0.442908,0.330865,6.906100,2.284984
388,0,13,15,0.972980,1.333134,1.431066,-1.659690,-2.375125
388,0,14,0,0.801922,0.531780,0.249881,4.343429,1.085341
388,0,14,1,0.965074,0.791995,0.764539,10.344491,7.908771
388,0,14,2,0.948321,0.604769,0.550180,7.698228,4.235409
388,0,14,3,0.821024,0.567644,0.315423,3.811927,1.202368
388,0,14,4,0.954806,0.597675,0.550120,8.502723,4.677520
388,0,14,5,0.529024,0.313355,0.019170,4.001307,0.076704
388,0,14,6,0.773763,0.519893,0.220646,4.092116,0.902909
388,0,14,7,0.920617,0.626783,0.605462,6.226513,3.769915
388,0,14,8,0.924712,0.629986,0.521341,5.450496,2.841567
388,0,14,9,0.769474,0.545884,0.157628,3.440928,0.542386
388,0,14,10,0.549865,0.349094,-0.043716,3.355795,-0.146701
388,0,14,11,0.944980,0.635935,0.551729,5.733340,3.163250
388,0,14,12,0.930011,0.689294,0.547228,4.667390,2.554126
388,0,14,13,0.815275,0.563884,0.253933,3.949724,1.002964
388,0,14,14,0.940297,0.598699,0.530694,6.833652,3.626581
388,0,14,15,0.917407,0.651861,0.482813,4.028145,1.944840
388,0,15,0,0.981670,0.838372,0.800471,5.701722,4.564065
388,0,15,1,0.953491,0.803667,0.702966,4.210094,2.959552
388,0,15,2,0.964547,0.765091,0.703478,6.174792,4.343830
388,0,15,3,0.968767,0.811540,0.751760,5.027581,3.779533
388,0,15,4,0.996488,1.048801,1.054471,-3.227957,-3.403788
388,0,15,5,0.975332,0.848439,0.843065,5.442174,4.588107
388,0,15,6,0.915654,1.188405,1.309582,1.720755,2.253470
388,0,15,7,0.940142,0.734918,0.627226,4.760183,2.985709
388,0,15,8,0.963735,0.795065,0.764338,5.566851,4.254955
388,0,15,9,0.967740,0.802423,0.728258,5.352181,3.897768
388,0,15,10,0.915644,1.089470,1.762847,-0.561622,-0.990053
388,0,15,11,0.957068,0.718968,0.651001,5.809700,3.782120
388,0,15,12,0.977653,0.988031,0.938719,6.573177,6.170367
388,0,15,13,0.879702,0.597829,0.413436,4.373115,1.808004
388,0,15,14,0.926052,0.661844,0.564060,5.005492,2.823399
388,0,15,15,0.642059,0.426566,0.118790,3.655195,0.434202
620,0,0,0,0.765441,0.723604,0.019961,1.464852,0.029239
620,0,0,1,0.985419,1.010008,1.037722,-1.040135,-1.079371
620,0,0,2,0.935511,0.762994,0.440240,1.218122,0.536265
620,0,0,3,0.982859,1.020468,1.057295,-2.580065,-2.727889
620,0,0,4,0.945190,0.943636,1.085757,-1.124846,-1.221309
620,0,0,5,0.767715,1.078294,3.686091,-0.401103,-1.478504
620,0,0,6,0.905168,0.989348,0.685309,0.578625,0.396537
620,0,0,7,0.978040,1.040750,1.141264,-1.111567,-1.268592
620,0,0,8,0.946349,0.940255,0.920147,1.055765,0.971459
620,0,0,9,0.922759,0.916117,4.452070,-0.096667,-0.430367
620,0,0,10,0.985121,0.749976,0.714605,2.585591,1.847677
620,0,0,11,0.794764,0.785464,0.033508,1.127680,0.037787
620,0,0,12,0.824419,0.420362,0.302149,3.106639,0.938667
620,0,0,13,0.934086,1.020569,2.647627,-0.420686,-1.113819
620,0,0,14,0.922199,0.929225,1.952438,-0.296244,-0.578399
620,0,0,15,0.995984,0.984420,0.965929,-3.101891,-2.996207
620,0,1,0,0.953310,1.000979,2.609565,-0.158322,-0.413152
620,0,1,1,0.986082,0.960546,0.943316,2.158647,2.036288
620,0,1,2,0.974382,0.744600,0.696607,2.745897,1.912810
620,0,1,3,0.895225,0.969425,-0.236165,0.411850,-0.097265
620,0,1,4,0.976034,0.732360,0.678704,3.098934,2.103258
620,0,1,5,0.865014,0.926399,0.424696,1.031207,0.437949
620,0,1,6,0.990323,0.956993,0.929218,2.549450,2.368996
620,0,1,7,0.953240,0.924198,0.577813,0.444161,0.256642
620,0,1,8,0.869127,0.920837,-1.786595,0.321036,-0.573561
620,0,1,9,0.936993,0.957432,1.281442,0.595732,0.763396
620,0,1,10,0.928339,0.958130,0.962149,1.164859,1.120768
620,0,1,11,0.952231,1.024440,4.140715,0.078546,0.325236
620,0,1,12,0.893038,0.853486,-3.170273,0.020337,-0.064474
620,0,1,13,0.973255,0.753404,0.679197,2.756324,1.872087
620,0,1,14,-0.273521,-0.127927,-0.211649,1.159696,-0.245449
620,0,1,15,0.984411,0.829744,0.805372,5.698261,4.589220
620,0,2,0,0.947563,0.977478,0.907305,1.543912,1.400798
620,0,2,1,0.988375,0.857859,0.829415,3.020502,2.505249
620,0,2,2,0.951398,0.994565,-2.146785,0.160061,-0.343616
620,0,2,3,0.961535,1.004898,-0.961642,0.182674,-0.175667
620,0,2,4,0.940903,0.548459,0.501596,3.006693,1.508146
620,0,2,5,0.980487,0.734907,0.689245,6.025881,4.153307
620,0,2,6,0.938932,0.985802,0.630910,1.070531,0.675409
620,0,2,7,0.946315,0.976210,-0.721342,0.277621,-0.200260
620,0,2,8,0.893543,0.551631,0.447492,1.703509,0.762307
620,0,2,9,0.955349,0.917993,0.841946,3.457223,2.910796
620,0,2,10,0.910775,0.902780,0.135875,0.704060,0.095664
620,0,2,11,0.977821,0.787622,0.715797,3.444759,2.465749
620,0,2,12,0.955622,0.997542,-2.947944,0.117708,-0.346997
620,0,2,13,0.867042,0.725069,0.312927,0.977960,0.306030
620,0,2,14,0.881544,0.877450,-1.008946,0.284789,-0.287336
620,0,2,15,0.943302,0.998171,-1.737692,0.217812,-0.378490
620,0,3,0,0.675213,0.473251,0.044179,3.433531,0.151690
620,0,3,1,0.954513,0.922452,0.750337,2.291119,1.719111
620,0,3,2,0.893186,0.886920,-0.097692,0.904298,-0.088343
620,0,3,3,0.920840,0.953025,420.981524,-0.001511,-0.635954
620,0,3,4,0.927223,0.922201,0.818151,2.356679,1.928121
620,0,3,5,0.989280,0.791331,0.774840,4.012903,3.109356
620,0,3,6,0.949959,0.978134,0.843649,1.245806,1.051023
620,0,3,7,0.935140,0.873382,0.418944,1.086480,0.455174
620,0,3,8,0.993015,0.966145,0.962276,8.333510,8.019137
620,0,3,9,0.981605,0.686497,0.653033,4.168970,2.722475
620,0,3,10,0.954246,1.117531,1.084792,1.129003,1.224733
620,0,3,11,0.823606,0.863419,-0.363603,0.936615,-0.340556
620,0,3,12,0.967005,0.750021,0.677874,3.889268,2.636433
620,0,3,13,0.984093,0.738783,0.710409,9.845836,6.994570
620,0,3,14,0.882911,0.868693,0.124715,1.075352,0.134112
620,0,3,15,0.957077,0.979677,0.817699,1.730659,1.415158
620,0,4,0,0.966895,0.929198,0.872235,2.191790,1.911756
620,0,4,1,0.889501,0.796692,0.323388,2.987417,0.966094
620,0,4,2,0.961780,0.969559,0.608279,0.681911,0.414792
620,0,4,3,0.958854,0.986885,1.014373,1.799975,1.825847
620,0,4,4,0.982383,0.755639,0.705227,5.492222,3.873266
620,0,4,5,0.937431,0.847892,0.483604,1.758908,0.850615
620,0,4,6,0.904982,0.794446,0.256350,1.887636,0.483896
620,0,4,7,0.971459,0.966544,0.695525,1.320786,0.918640
620,0,4,8,0.938268,0.466764,0.437129,2.859250,1.249860
620,0,4,9,0.956345,0.982733,0.555169,0.519914,0.288640
620,0,4,10,0.985923,0.754847,0.722270,9.181797,6.631738
620,0,4,11,0.924128,1.035450,1.643493,1.444866,2.374627
620,0,4,12,0.937332,0.936249,0.715883,1.204650,0.862388
620,0,4,13,0.979370,0.738843,0.708554,6.264323,4.438612
620,0,4,14,0.964684,0.978569,0.565017,0.916781,0.517997
620,0,4,15,0.943037,0.894168,0.346493,1.130331,0.391652
620,0,5,0,0.993595,0.797108,0.789143,13.560314,10.701024
620,0,5,1,0.889355,0.582040,0.427446,5.832308,2.492996
620,0,5,2,0.979918,0.668191,0.643794,10.379204,6.682067
620,0,5,3,0.959346,0.888824,0.697452,3.073777,2.143811
620,0,5,4,0.995309,0.874363,0.857981,11.268660,9.668298
620,0,5,5,0.984416,0.814799,0.795867,9.776165,7.780529
620,0,5,6,0.997474,0.900017,0.896295,17.532801,15.714560
620,0,5,7,0.859206,0.656449,0.316812,3.213086,1.017945
620,0,5,8,0.876520,0.632679,0.396179,4.024301,1.594345
620,0,5,9,0.958304,0.748496,0.665117,4.747886,3.157899
620,0,5,10,0.916178,0.824013,0.737566,4.221624,3.113728
620,0,5,11,0.969654,0.574795,0.548387,8.719249,4.781519
620,0,5,12,0.885055,0.506070,0.390846,4.067351,1.589710
620,0,5,13,0.976735,0.913115,0.807978,5.148050,4.159513
620,0,5,14,0.975636,0.672466,0.642517,9.056993,5.819270
620,0,5,15,0.827640,0.472278,0.314659,3.246083,1.021410
620,0,6,0,0.863932,0.600307,0.344188,3.990826,1.373594
620,0,6,1,0.932313,0.671491,0.584450,6.055976,3.539413
620,0,6,2,0.967631,0.880167,0.748848,4.639442,3.474235
620,0,6,3,0.928565,0.540556,0.475957,4.272286,2.033427
620,0,6,4,0.967395,0.711053,0.651862,6.272638,4.088894
620,0,6,5,0.862917,0.637771,0.409786,4.101796,1.680858
620,0,6,6,0.989751,0.757304,0.738315,13.604630,10.044509
620,0,6,7,0.986115,0.805477,0.784054,8.367570,6.560625
620,0,6,8,0.902827,0.759590,0.524906,4.448608,2.335102
620,0,6,9,0.992328,0.835055,0.811824,12.339838,10.017773
620,0,6,10,0.899329,0.779280,0.400921,2.550001,1.022349
620,0,6,11,0.975533,0.561879,0.549682,6.923591,3.805771
620,0,6,12,0.982999,0.806310,0.749775,12.317911,9.235666
620,0,6,13,0.474988,0.372397,-0.338718,1.884170,-0.638202
620,0,6,14,0.889939,0.714019,0.388574,3.362143,1.306442
620,0,6,15,0.928583,0.750459,0.456740,4.085989,1.866236
620,0,7,0,0.991503,0.791733,0.778648,11.918468,9.280293
620,0,7,1,0.922756,0.673673,0.566944,5.567406,3.156409
620,0,7,2,0.971176,0.937290,0.915146,3.276736,2.998692
620,0,7,3,0.987355,0.716498,0.699913,9.212811,6.448169
620,0,7,4,0.845323,0.502475,0.345631,6.598579,2.280674
620,0,7,5,0.847874,0.596645,0.373447,4.271640,1.595231
620,0,7,6,0.971983,0.697195,0.663832,10.764152,7.145591
620,0,7,7,0.974145,0.777177,0.714738,5.402648,3.861476
620,0,7,8,0.962570,0.876360,0.802230,7.381521,5.921676
620,0,7,9,0.990419,0.824239,0.811594,11.748572,9.535072
620,0,7,10,0.998768,0.917816,0.916144,28.070232,25.716366
620,0,7,11,0.976136,1.109069,1.206326,3.810426,4.596614
620,0,7,12,0.985435,0.739968,0.724561,13.374093,9.690341
620,0,7,13,0.929380,0.633243,0.580424,6.774457,3.932061
620,0,7,14,0.972170,0.692847,0.642948,5.841990,3.756094
620,0,7,15,0.633617,0.383430,0.063325,4.448613,0.281706
620,0,8,0,0.935637,0.712585,0.572572,4.495947,2.574254
620,0,8,1,0.922647,0.632964,0.510025,6.500227,3.315280
620,0,8,2,0.910412,0.605601,0.449620,5.399282,2.427625
620,0,8,3,0.941986,0.679341,0.584304,6.418414,3.750305
620,0,8,4,0.989087,0.966444,0.952349,11.745854,11.186155
620,0,8,5,-0.388053,-0.456684,-1.164255,1.026662,-1.195297
620,0,8,6,0.955871,0.736608,0.650552,4.902522,3.189344
620,0,8,7,0.986040,0.858932,0.803502,7.172585,5.763188
620,0,8,8,0.978361,0.929300,0.870455,5.271689,4.588766
620,0,8,9,0.942563,0.741779,0.591595,5.664825,3.351280
620,0,8,10,0.976357,0.763600,0.725576,8.021581,5.820265
620,0,8,11,0.966707,0.809898,0.714562,5.888824,4.207928
620,0,8,12,0.923530,0.630933,0.490530,5.371023,2.634649
620,0,8,13,0.963043,0.830858,0.724231,5.732218,4.151448
620,0,8,14,0.950948,0.711082,0.613431,5.260910,3.227204
620,0,8,15,0.578592,0.342189,0.024345,3.403597,0.082861
620,0,9,0,0.863999,0.682247,0.314497,3.591439,1.129498
620,0,9,1,0.610910,0.417710,-0.030567,3.312347,-0.101247
620,0,9,2,0.867931,0.739684,0.446918,2.648541,1.183680
620,0,9,3,0.963469,0.797392,0.717972,5.815794,4.175575
620,0,9,4,0.960141,0.817803,0.753846,5.250177,3.957827
620,0,9,5,0.978603,0.828856,0.797867,6.502434,5.188077
620,0,9,6,0.982771,0.845420,0.775870,8.781427,6.813244
620,0,9,7,0.982711,0.925865,0.901932,4.613422,4.160995
620,0,9,8,0.716002,0.377868,0.189048,4.729694,0.894137
620,0,9,9,0.968635,0.789083,0.676547,7.339692,4.965649
620,0,9,10,0.955842,0.742867,0.678974,7.245079,4.919217
620,0,9,11,0.931491,0.813460,0.692141,3.744221,2.591527
620,0,9,12,0.963895,0.617658,0.582433,8.752630,5.097821
620,0,9,13,0.903528,0.760318,0.546619,2.849171,1.557411
620,0,9,14,0.973367,0.830517,0.781760,6.504536,5.084988
620,0,9,15,0.987560,0.883908,0.822051,10.586888,8.702964
620,0,10,0,0.875075,0.555568,0.387390,6.169875,2.390147
620,0,10,1,0.996515,0.875406,0.874103,20.675344,18.072388
620,0,10,2,0.977265,0.872660,0.817496,6.154522,5.031295
620,0,10,3,0.978490,0.777270,0.726402,5.190448,3.770352
620,0,10,4,0.995687,0.894925,0.893983,7.350643,6.571348
620,0,10,5,0.988198,0.863922,0.846650,10.264090,8.690092
620,0,10,6,0.980355,0.752265,0.722524,10.963472,7.921372
620,0,10,7,0.986754,0.942606,0.914590,5.053502,4.621882
620,0,10,8,0.959464,0.772759,0.708423,6.709434,4.753118
620,0,10,9,0.978354,0.665260,0.644375,8.957477,5.771973
620,0,10,10,0.991481,0.750930,0.745614,14.325432,10.681240
620,0,10,11,0.964345,0.795225,0.723569,7.656420,5.539946
620,0,10,12,0.973225,0.843418,0.798426,6.267571,5.004194
620,0,10,13,0.993022,0.883382,0.875763,12.449963,10.903213
620,0,10,14,0.908652,0.559557,0.444493,7.393820,3.286503
620,0,10,15,0.931912,0.724986,0.659311,4.539162,2.992717
620,0,11,0,0.992478,0.973563,0.972278,7.896086,7.677193
620,0,11,1,0.986165,0.981861,0.959751,10.459506,10.038521
620,0,11,2,0.947295,0.789775,0.669302,5.233113,3.502533
620,0,11,3,0.036969,0.019415,-0.218268,2.249796,-0.491059
620,0,11,4,0.964613,0.704986,0.621958,5.944348,3.697136
620,0,11,5,0.957969,0.807647,0.711159,4.733844,3.366517
620,0,11,6,0.972590,0.615335,0.587375,10.152537,5.963346
620,0,11,7,0.910811,0.575355,0.449323,7.366759,3.310051
620,0,11,8,0.909268,0.691481,0.574106,4.425144,2.540501
620,0,11,9,0.982390,0.914685,0.861449,4.651283,4.006845
620,0,11,10,0.598860,0.358400,0.050185,4.035056,0.202498
620,0,11,11,0.958644,0.696638,0.640638,5.642691,3.614923
620,0,11,12,0.852356,0.498922,0.346064,6.737719,2.331685
620,0,11,13,0.987225,1.007718,0.993452,11.090205,11.017589
620,0,11,14,0.963926,0.809634,0.755649,5.362030,4.051814
620,0,11,15,0.986465,0.980552,0.959934,10.550965,10.128229
620,0,12,0,0.980520,1.772493,1.870898,-1.318143,-2.466110
620,0,12,1,0.981960,0.843449,0.812181,10.245981,8.321593
620,0,12,2,0.933570,0.709038,0.519701,3.416359,1.775486
620,0,12,3,0.998246,1.071284,1.072796,-3.622266,-3.885951
620,0,12,4,0.955171,0.721130,0.627561,4.746362,2.978630
620,0,12,5,0.877443,0.604686,0.460697,4.661763,2.147662
620,0,12,6,0.927921,0.684134,0.487810,3.602467,1.757320
620,0,12,7,0.842041,0.513445,0.362835,6.644299,2.410781
620,0,12,8,0.913511,0.567639,0.464930,7.120079,3.310339
620,0,12,9,0.987948,1.035474,1.027981,8.714969,8.958824
620,0,12,10,0.978302,0.886370,0.831221,3.400654,2.826696
620,0,12,11,0.918978,0.614344,0.517211,6.464602,3.343565
620,0,12,12,0.924352,0.687273,0.582999,5.530500,3.224278
620,0,12,13,0.914069,0.525330,0.446844,5.531330,2.471640
620,0,12,14,0.921688,0.616739,0.520670,7.082322,3.687555
620,0,12,15,0.734279,0.426892,0.231922,6.164785,1.429747
620,0,13,0,0.597335,0.293238,0.119765,6.823776,0.817249
620,0,13,1,0.852342,0.520543,0.366049,6.131985,2.244605
620,0,13,2,0.858402,0.643571,0.344146,3.664512,1.261127
620,0,13,3,0.765857,0.429502,0.245126,5.897952,1.445741
620,0,13,4,0.987626,0.737999,0.722956,11.323703,8.186543
620,0,13,5,0.962754,0.624172,0.579580,5.746217,3.330394
620,0,13,6,0.986270,0.925815,0.913191,8.772516,8.010979
620,0,13,7,0.713533,0.460434,0.132235,4.265175,0.564005
620,0,13,8,0.726065,0.510241,0.130607,4.197220,0.548185
620,0,13,9,0.827830,0.482211,0.327654,6.226885,2.040265
620,0,13,10,0.854803,0.538332,0.378375,5.162180,1.953242
620,0,13,11,0.798128,0.398918,0.290371,8.013542,2.326902
620,0,13,12,0.857881,0.460294,0.351204,7.247400,2.545319
620,0,13,13,0.589256,0.458836,-0.183815,2.329987,-0.428287
620,0,13,14,0.784683,0.417141,0.282533,6.644798,1.877378
620,0,13,15,0.979482,1.259266,1.324334,-1.869048,-2.475245
620,0,14,0,0.793471,0.545540,0.221705,4.111928,0.911636
620,0,14,1,0.973352,0.822554,0.799005,10.485603,8.378054
620,0,14,2,0.921207,0.565118,0.484354,7.315427,3.543255
620,0,14,3,0.813642,0.577587,0.290909,3.678724,1.070175
620,0,14,4,0.943802,0.581455,0.523255,8.400041,4.395361
620,0,14,5,0.585109,0.333389,0.075326,4.086937,0.307853
620,0,14,6,0.776030,0.537162,0.218090,4.047304,0.882677
620,0,14,7,0.919891,0.624421,0.592307,6.083915,3.603549
620,0,14,8,0.905506,0.618945,0.480232,5.190941,2.492856
620,0,14,9,0.765462,0.561750,0.139547,3.365657,0.469667
620,0,14,10,0.575488,0.372054,-0.029381,3.309793,-0.097246
620,0,14,11,0.931846,0.626252,0.521982,5.611175,2.928932
620,0,14,12,0.917299,0.681559,0.517048,4.627421,2.392600
620,0,14,13,0.815166,0.577184,0.252633,3.898002,0.984763
620,0,14,14,0.922441,0.575607,0.491368,6.662179,3.273581
620,0,14,15,0.884586,0.620698,0.406298,3.967055,1.611807
620,0,15,0,0.979496,0.827096,0.781170,5.758262,4.498183
620,0,15,1,0.954050,0.804111,0.697503,4.252731,2.966293
620,0,15,2,0.964070,0.769328,0.700626,6.096233,4.271178
620,0,15,3,0.968516,0.809054,0.743441,5.081229,3.777593
620,0,15,4,0.997518,1.051717,1.056101,-3.371135,-3.560260
620,0,15,5,0.975962,0.852100,0.841742,5.423338,4.565052
620,0,15,6,0.926579,1.226542,1.349802,1.840086,2.483752
620,0,15,7,0.935557,0.729771,0.605273,4.694241,2.841295
620,0,15,8,0.961927,0.782214,0.739064,5.610831,4.146762
620,0,15,9,0.966102,0.802164,0.715408,5.283040,3.779529
620,0,15,10,0.930050,1.060403,1.482272,-0.710006,-1.052422
620,0,15,11,0.951510,0.702982,0.624457,5.765498,3.600307
620,0,15,12,0.974909,0.976807,0.915397,6.295659,5.763026
620,0,15,13,0.922988,0.668584,0.519795,4.354480,2.263435
620,0,15,14,0.964747,0.755561,0.700045,5.359035,3.751563
620,0,15,15,0.744163,0.502178,0.228497,3.576692,0.817265
701,0,0,0,0.761262,0.725551,-0.027772,1.420834,-0.039460
701,0,0,1,0.987975,0.996129,1.008115,-1.139054,-1.148297
701,0,0,2,0.946982,0.762722,0.543398,1.439055,0.781979
701,0,0,3,0.985691,1.030185,1.063560,-2.682773,-2.853289
701,0,0,4,0.940800,0.907458,0.985586,-1.082312,-1.066711
701,0,0,5,0.762467,1.032422,4.316397,-0.323329,-1.395617
701,0,0,6,0.905399,0.988723,0.698829,0.607582,0.424596
701,0,0,7,0.979202,1.058034,1.157498,-1.124300,-1.301374
701,0,0,8,0.959120,0.956366,0.927604,1.140399,1.057839
701,0,0,9,0.963780,1.076169,1.317091,-0.814449,-1.072703
701,0,0,10,0.990217,0.777951,0.743587,2.878711,2.140572
701,0,0,11,0.787496,0.781900,-0.034331,1.099501,-0.037747
701,0,0,12,0.784361,0.383649,0.254860,2.967391,0.756270
701,0,0,13,0.948649,1.051560,1.998769,-0.623377,-1.245988
701,0,0,14,0.921331,1.020634,1.817187,-0.453942,-0.824897
701,0,0,15,0.995961,0.985820,0.967646,-3.082112,-2.982393
701,0,1,0,0.953909,1.001771,2.178650,-0.207145,-0.451296
701,0,1,1,0.993281,0.987295,0.970036,3.038755,2.947703
701,0,1,2,0.950063,0.712661,0.599323,1.957296,1.173053
701,0,1,3,0.899877,0.975698,-0.323129,0.374465,-0.121001
701,0,1,4,0.981139,0.774723,0.710354,3.007401,2.136319
701,0,1,5,0.867310,0.934054,0.375395,0.934732,0.350894
701,0,1,6,0.991685,0.971295,0.927161,2.424793,2.248173
701,0,1,7,0.953874,0.926947,0.611078,0.473898,0.289589
701,0,1,8,0.870963,0.934604,-2.586662,0.248301,-0.642271
701,0,1,9,0.936737,0.953358,1.331812,0.586083,0.780552
701,0,1,10,0.929816,0.960488,0.966457,1.196219,1.156093
701,0,1,11,0.952022,1.024747,163.532743,0.001618,0.264540
701,0,1,12,0.891365,0.841195,1.283941,-0.116340,-0.149374
701,0,1,13,0.967725,0.760004,0.634715,2.156861,1.368992
701,0,1,14,0.110931,0.050472,-0.048798,1.255977,-0.061289
701,0,1,15,0.985813,0.853622,0.820089,5.792059,4.750004
701,0,2,0,0.946768,0.978338,0.916132,1.471982,1.348530
701,0,2,1,0.990834,0.894460,0.862697,2.811477,2.425452
701,0,2,2,0.951865,0.994700,-2.159981,0.160829,-0.347388
701,0,2,3,0.961722,1.007876,-1.110318,0.163847,-0.181922
701,0,2,4,0.852110,0.505547,0.362070,2.357771,0.853678
701,0,2,5,0.969226,0.717694,0.647487,5.559653,3.599805
701,0,2,6,0.940747,0.985555,0.641852,1.082943,0.695089
701,0,2,7,0.946241,0.979554,-0.709996,0.273209,-0.193977
701,0,2,8,0.840792,0.524732,0.358044,1.414472,0.506443
701,0,2,9,0.952685,0.922746,0.838848,3.246015,2.722913
701,0,2,10,0.904872,0.914678,-0.138257,0.548294,-0.075805
701,0,2,11,0.976620,0.802569,0.700846,3.029992,2.123558
701,0,2,12,0.955350,0.999750,-3.357097,0.110737,-0.371754
701,0,2,13,0.921972,0.768832,0.467857,1.107203,0.518012
701,0,2,14,0.889797,0.901823,-1.880134,0.184541,-0.346961
701,0,2,15,0.941728,0.998256,-1.543115,0.235833,-0.363917
701,0,3,0,0.702374,0.488719,0.090477,3.462258,0.313254
701,0,3,1,0.952165,0.918254,0.744718,2.260582,1.683496
701,0,3,2,0.895569,0.904226,-0.157286,0.826809,-0.130046
701,0,3,3,0.918160,0.951919,129.857342,-0.004949,-0.642614
701,0,3,4,0.927408,0.928758,0.836930,2.319302,1.941094
701,0,3,5,0.984902,0.767329,0.742473,3.196455,2.373283
701,0,3,6,0.952003,0.976581,0.861049,1.331081,1.146126
701,0,3,7,0.937923,0.869105,0.485391,1.173377,0.569547
701,0,3,8,0.993791,0.987856,0.985386,8.421084,8.298017
701,0,3,9,0.983125,0.733458,0.695344,4.069009,2.829361
701,0,3,10,0.954204,1.110733,1.091461,1.134900,1.238699
701,0,3,11,0.817387,0.875451,-0.736916,0.762973,-0.562247
701,0,3,12,0.962020,0.783731,0.655600,3.364573,2.205814
701,0,3,13,0.979439,0.745843,0.701483,9.187613,6.444957
701,0,3,14,0.881364,0.876442,0.077460,0.990178,0.076699
701,0,3,15,0.958790,0.988299,0.831858,1.778657,1.479590
701,0,4,0,0.966375,0.923750,0.861022,2.315503,1.993698
701,0,4,1,0.877110,0.778493,0.296351,2.972721,0.880969
701,0,4,2,0.960291,0.972363,0.698817,0.755033,0.527630
701,0,4,3,0.955759,0.981227,1.021820,1.661469,1.697721
701,0,4,4,0.982611,0.746431,0.699950,5.264182,3.684664
701,0,4,5,0.944829,0.852218,0.588812,1.983181,1.167722
701,0,4,6,0.884890,0.782460,0.121036,1.683759,0.203796
701,0,4,7,0.970022,0.962749,0.704142,1.378204,0.970451
701,0,4,8,0.907411,0.448124,0.401047,2.373866,0.952031
701,0,4,9,0.952349,0.980217,0.464435,0.439313,0.204032
701,0,4,10,0.982468,0.746870,0.705124,8.761913,6.178233
701,0,4,11,0.923700,1.025993,1.724190,1.296821,2.235965
701,0,4,12,0.932630,0.929071,0.704596,1.257020,0.885691
701,0,4,13,0.969539,0.741542,0.682247,5.927277,4.043867
701,0,4,14,0.963506,0.976305,0.587970,0.930940,0.547365
701,0,4,15,0.948073,0.896666,0.444509,1.244172,0.553046
701,0,5,0,0.993152,0.798519,0.789723,13.857668,10.943713
701,0,5,1,0.903989,0.605896,0.467447,5.945831,2.779363
701,0,5,2,0.975017,0.669248,0.630814,9.512979,6.000918
701,0,5,3,0.960731,0.883335,0.716625,3.273977,2.346213
701,0,5,4,0.997336,0.892580,0.883946,11.813349,10.442362
701,0,5,5,0.982943,0.820131,0.793640,9.524920,7.559354
701,0,5,6,0.996910,0.894024,0.889493,16.562017,14.731795
701,0,5,7,0.903821,0.691225,0.478655,3.570547,1.709059
701,0,5,8,0.837184,0.627929,0.306333,3.560477,1.090690
701,0,5,9,0.941361,0.723794,0.607694,4.350240,2.643615
701,0,5,10,0.924968,0.849587,0.779305,4.178765,3.256530
701,0,5,11,0.956035,0.558783,0.515577,7.901893,4.074038
701,0,5,12,0.918616,0.535619,0.444241,4.453763,1.978542
701,0,5,13,0.974316,0.910240,0.797160,5.100838,4.066182
701,0,5,14,0.979757,0.694988,0.658509,8.422403,5.546229
701,0,5,15,0.770318,0.448058,0.237490,2.955008,0.701785
701,0,6,0,0.871481,0.611139,0.354617,3.837919,1.360990
701,0,6,1,0.890470,0.628606,0.487142,5.235349,2.550359
701,0,6,2,0.967727,0.873604,0.746986,4.697392,3.508887
701,0,6,3,0.916456,0.543649,0.463124,4.249568,1.968075
701,0,6,4,0.974251,0.734163,0.687285,6.500432,4.467650
701,0,6,5,0.917808,0.689631,0.566948,4.862808,2.756958
701,0,6,6,0.988926,0.768594,0.743877,13.243147,9.851270
701,0,6,7,0.980701,0.827191,0.791722,8.533881,6.756462
701,0,6,8,0.903961,0.757044,0.529355,4.471772,2.367154
701,0,6,9,0.989999,0.843774,0.807722,11.813586,9.542095
701,0,6,10,0.894922,0.773553,0.393425,2.488530,0.979049
701,0,6,11,0.965735,0.544164,0.526192,6.350738,3.341708
701,0,6,12,0.985163,0.828294,0.775875,13.074347,10.144065
701,0,6,13,0.524373,0.422594,-0.345559,1.760269,-0.608278
701,0,6,14,0.885893,0.710732,0.396804,3.324529,1.319187
701,0,6,15,0.939771,0.739014,0.536368,4.650841,2.494562
701,0,7,0,0.993722,0.802887,0.794332,12.235126,9.718754
701,0,7,1,0.911064,0.670034,0.548379,5.350683,2.934204
701,0,7,2,0.970870,0.924877,0.909225,3.424998,3.114094
701,0,7,3,0.981090,0.686178,0.658662,8.702371,5.731920
701,0,7,4,0.827747,0.491633,0.318463,6.328535,2.015406
701,0,7,5,0.892212,0.631491,0.472956,4.773490,2.257650
701,0,7,6,0.963504,0.688270,0.638912,10.193240,6.512587
701,0,7,7,0.956437,0.733061,0.626681,4.516458,2.830379
701,0,7,8,0.959386,0.862773,0.787404,7.458475,5.872835
701,0,7,9,0.983530,0.825164,0.797204,10.983614,8.756186
701,0,7,10,0.998132,0.910140,0.906792,26.503147,24.032831
701,0,7,11,0.972764,1.109084,1.223793,3.779451,4.625267
701,0,7,12,0.978418,0.734066,0.702685,12.374169,8.695139
701,0,7,13,0.940409,0.650607,0.610001,6.901284,4.209792
701,0,7,14,0.950288,0.686961,0.593176,5.275620,3.129372
701,0,7,15,0.630848,0.388510,0.055055,4.274703,0.235344
701,0,8,0,0.944781,0.729548,0.618989,4.874416,3.017208
701,0,8,1,0.940665,0.663492,0.565662,6.687267,3.782730
701,0,8,2,0.920898,0.605372,0.472160,5.566476,2.628265
701,0,8,3,0.933780,0.674022,0.566871,6.193251,3.510777
701,0,8,4,0.985026,0.997011,0.971928,10.900486,10.594484
701,0,8,5,-0.175194,-0.214420,-1.311616,0.914303,-1.199214
701,0,8,6,0.963296,0.751295,0.687154,5.398415,3.709544
701,0,8,7,0.980213,0.862696,0.772439,6.317927,4.880213
701,0,8,8,0.976001,0.913001,0.845769,5.425493,4.588717
701,0,8,9,0.945256,0.728818,0.603162,5.899990,3.558650
701,0,8,10,0.959707,0.717247,0.656990,7.180757,4.717689
701,0,8,11,0.964753,0.805097,0.711277,5.735580,4.079584
701,0,8,12,0.909343,0.602313,0.466817,5.412944,2.526855
701,0,8,13,0.972334,0.844564,0.774492,6.368568,4.932403
701,0,8,14,0.965087,0.760315,0.696197,5.730229,3.989371
701,0,8,15,0.572315,0.326855,0.042180,3.558453,0.150096
701,0,9,0,0.870857,0.696164,0.317940,3.475685,1.105058
701,0,9,1,0.604073,0.406160,-0.028731,3.283411,-0.094336
701,0,9,2,0.863063,0.728521,0.448835,2.722329,1.221876
701,0,9,3,0.968446,0.789830,0.735103,6.409571,4.711695
701,0,9,4,0.971379,0.829045,0.790738,6.130198,4.847380
701,0,9,5,0.976289,0.809450,0.777501,6.495578,5.050318
701,0,9,6,0.983740,0.849991,0.786685,8.485009,6.675027
701,0,9,7,0.983614,0.929630,0.905916,4.787642,4.337204
701,0,9,8,0.763085,0.397635,0.238337,4.916139,1.171698
701,0,9,9,0.976108,0.795376,0.713302,7.924449,5.652525
701,0,9,10,0.954946,0.739435,0.682118,7.257709,4.950616
701,0,9,11,0.924220,0.806751,0.660462,3.493084,2.307051
701,0,9,12,0.928772,0.608846,0.527987,7.878939,4.159979
701,0,9,13,0.903489,0.744947,0.552659,3.002989,1.659628
701,0,9,14,0.962178,0.822376,0.736776,5.665161,4.173957
701,0,9,15,0.987580,0.891792,0.829323,10.363160,8.594404
701,0,10,0,0.893532,0.571911,0.417502,6.221916,2.597660
701,0,10,1,0.994505,0.840222,0.837521,20.451113,17.128237
701,0,10,2,0.976677,0.879990,0.824640,6.152490,5.073587
701,0,10,3,0.968770,0.789097,0.704844,4.615127,3.252944
701,0,10,4,0.994703,0.879642,0.877180,7.106510,6.233686
701,0,10,5,0.982808,0.874784,0.847800,9.673553,8.201237
701,0,10,6,0.971178,0.739241,0.697355,10.340652,7.211102
701,0,10,7,0.987415,0.947984,0.921214,4.716400,4.344812
701,0,10,8,0.955828,0.776027,0.702313,6.481906,4.552328
701,0,10,9,0.974688,0.660146,0.632008,9.246738,5.844014
701,0,10,10,0.993365,0.770551,0.763133,14.095473,10.756719
701,0,10,11,0.971586,0.813342,0.756643,7.951847,6.016712
701,0,10,12,0.975014,0.852378,0.814575,6.354295,5.176047
701,0,10,13,0.990638,0.892320,0.880883,11.578132,10.198985
701,0,10,14,0.909182,0.557594,0.445047,7.269091,3.235089
701,0,10,15,0.945551,0.750976,0.702224,4.966538,3.487622
701,0,11,0,0.989661,0.970110,0.967756,6.865455,6.644083
701,0,11,1,0.979224,0.997934,0.967362,9.117466,8.819891
701,0,11,2,0.958225,0.795082,0.710776,5.797916,4.121018
701,0,11,3,0.307121,0.175451,-0.133486,2.193833,-0.292845
701,0,11,4,0.963774,0.690289,0.607160,5.925873,3.597952
701,0,11,5,0.955685,0.793001,0.689297,4.825747,3.326372
701,0,11,6,0.943504,0.581047,0.524078,9.536079,4.997651
701,0,11,7,0.912872,0.572399,0.457145,7.598205,3.473481
701,0,11,8,0.919566,0.706315,0.600441,4.505708,2.705410
701,0,11,9,0.977066,0.918989,0.840896,3.998091,3.361978
701,0,11,10,0.611606,0.353016,0.073952,4.226994,0.312593
701,0,11,11,0.954745,0.694807,0.627093,5.419824,3.398734
701,0,11,12,0.889582,0.529177,0.404824,7.030286,2.846031
701,0,11,13,0.982748,1.035076,1.013664,9.861104,9.995845
701,0,11,14,0.970385,0.813850,0.773401,5.960974,4.610221
701,0,11,15,0.981378,0.999411,0.963316,9.206543,8.868814
701,0,12,0,0.979212,1.726972,1.834380,-1.317738,-2.417233
701,0,12,1,0.971453,0.825840,0.768820,9.347601,7.186621
701,0,12,2,0.918924,0.699822,0.467485,3.236365,1.512952
701,0,12,3,0.998188,1.082534,1.084244,-3.550974,-3.850121
701,0,12,4,0.964422,0.738359,0.662741,5.027318,3.331810
701,0,12,5,0.877351,0.600504,0.461633,4.759600,2.197186
701,0,12,6,0.867626,0.640689,0.305324,3.025290,0.923693
701,0,12,7,0.828574,0.484450,0.339456,6.650009,2.257387
701,0,12,8,0.866725,0.524937,0.386743,6.602338,2.553411
701,0,12,9,0.979780,1.015115,0.997990,7.523854,7.508731
701,0,12,10,0.974461,0.885355,0.804874,3.138792,2.526331
701,0,12,11,0.936172,0.626516,0.550817,7.097026,3.909165
701,0,12,12,0.916963,0.680943,0.562131,5.307893,2.983733
701,0,12,13,0.895016,0.549886,0.431575,5.227039,2.255858
701,0,12,14,0.922135,0.603002,0.512797,7.246433,3.715946
701,0,12,15,0.750724,0.430543,0.247109,6.240897,1.542182
701,0,13,0,0.678085,0.322010,0.186229,7.249482,1.350062
701,0,13,1,0.864114,0.527397,0.383909,6.285702,2.413137
701,0,13,2,0.878488,0.645846,0.412157,3.949285,1.627724
701,0,13,3,0.851655,0.484925,0.349139,6.492733,2.266863
701,0,13,4,0.978892,0.708384,0.683405,10.443596,7.137201
701,0,13,5,0.947572,0.621694,0.550614,5.289800,2.912636
701,0,13,6,0.981185,0.927845,0.904043,8.066049,7.292055
701,0,13,7,0.611568,0.409509,-0.004708,3.904352,-0.018380
701,0,13,8,0.740314,0.511490,0.162620,4.248097,0.690825
701,0,13,9,0.770258,0.439536,0.258777,5.928452,1.534150
701,0,13,10,0.768138,0.484822,0.250364,4.575306,1.145494
701,0,13,11,0.775543,0.379598,0.270041,7.995885,2.159217
701,0,13,12,0.776139,0.403373,0.264607,6.804880,1.800616
701,0,13,13,0.589534,0.449726,-0.143912,2.388683,-0.343760
701,0,13,14,0.857658,0.468064,0.364399,7.174252,2.614293
701,0,13,15,0.976985,1.261310,1.350800,-1.805241,-2.438520
701,0,14,0,0.815167,0.564650,0.272381,4.225392,1.150919
701,0,14,1,0.973112,0.829020,0.802374,10.533139,8.451519
701,0,14,2,0.938475,0.598584,0.532416,7.628557,4.061569
701,0,14,3,0.817371,0.581828,0.305483,3.709331,1.133138
701,0,14,4,0.894169,0.516214,0.434342,7.893950,3.428671
701,0,14,5,0.630717,0.352284,0.123747,4.169467,0.515957
701,0,14,6,0.701186,0.490612,0.088232,3.786741,0.334111
701,0,14,7,0.919132,0.621217,0.586470,6.046522,3.546101
701,0,14,8,0.929984,0.660169,0.554055,5.534137,3.066214
701,0,14,9,0.781621,0.570440,0.189910,3.504207,0.665486
701,0,14,10,0.585625,0.379090,-0.016222,3.269569,-0.053038
701,0,14,11,0.915317,0.600941,0.486000,5.529522,2.687350
701,0,14,12,0.870186,0.625695,0.395987,4.299630,1.702597
701,0,14,13,0.801641,0.580985,0.209473,3.670269,0.768823
701,0,14,14,0.919110,0.564791,0.483654,6.747877,3.263641
701,0,14,15,0.907448,0.638960,0.463199,4.142274,1.918697
701,0,15,0,0.984678,0.862046,0.832072,6.002630,4.994621
701,0,15,1,0.960396,0.819102,0.726902,4.332066,3.148988
701,0,15,2,0.968266,0.786862,0.726730,6.202250,4.507362
701,0,15,3,0.966037,0.810322,0.744353,4.983365,3.709384
701,0,15,4,0.997607,1.045560,1.049077,-3.448793,-3.618049
701,0,15,5,0.966312,0.821229,0.792824,5.048584,4.002641
701,0,15,6,0.909460,1.226669,1.406778,1.599632,2.250326
701,0,15,7,0.924783,0.723463,0.577385,4.451374,2.570156
701,0,15,8,0.948041,0.756837,0.696978,5.294320,3.690025
701,0,15,9,0.965566,0.808328,0.718567,5.234853,3.761593
701,0,15,10,0.929717,1.049418,1.462656,-0.710359,-1.039010
701,0,15,11,0.961006,0.718080,0.653306,6.068347,3.964490
701,0,15,12,0.972850,0.970593,0.904757,6.230093,5.636723
701,0,15,13,0.932204,0.692427,0.568867,4.434144,2.522438
701,0,15,14,0.970052,0.788788,0.745043,5.552454,4.136815
701,0,15,15,0.760507,0.502013,0.267615,3.705545,0.991657
933,0,0,0,0.768782,0.720921,0.060716,1.500305,0.091093
933,0,0,1,0.986992,0.976608,0.990455,-1.097484,-1.087009
933,0,0,2,0.975568,0.717701,0.660992,2.289543,1.513370
933,0,0,3,0.967255,1.121669,1.229074,-1.802334,-2.215203
933,0,0,4,0.933257,0.938056,1.139941,-1.051282,-1.198399
933,0,0,5,0.633208,0.817681,-10.692732,0.090224,-0.964744
933,0,0,6,0.904510,0.992464,0.572605,0.490695,0.280975
933,0,0,7,0.983433,1.029933,1.105475,-1.398992,-1.546551
933,0,0,8,0.948696,0.888609,0.849003,1.333513,1.132157
933,0,0,9,0.883312,0.719308,0.322148,0.841184,0.270986
933,0,0,10,0.905496,0.675308,0.383868,0.939041,0.360467
933,0,0,11,0.798677,0.787858,0.054782,1.144851,0.062718
933,0,0,12,0.840331,0.416259,0.317822,3.025511,0.961573
933,0,0,13,0.969692,1.086794,1.434253,-1.213822,-1.740928
933,0,0,14,0.975645,0.765454,0.720340,1.748545,1.259547
933,0,0,15,0.996048,0.988039,0.969773,-3.126771,-3.032258
933,0,1,0,0.949730,1.000016,-1.754715,0.114806,-0.201451
933,0,1,1,0.989999,0.913678,0.903200,3.075014,2.777352
933,0,1,2,0.981705,0.723586,0.700364,3.245052,2.272718
933,0,1,3,0.892187,0.946458,0.112166,0.503920,0.056523
933,0,1,4,0.897594,0.628306,0.392716,1.688303,0.663023
933,0,1,5,0.868581,0.918917,0.531853,1.070284,0.569233
933,0,1,6,0.991460,0.938610,0.928766,2.898556,2.692081
933,0,1,7,0.949963,0.921290,-0.013619,0.261253,-0.003558
933,0,1,8,0.863930,0.932573,-3.623513,0.201226,-0.729147
933,0,1,9,0.939207,0.960289,1.119997,0.612391,0.685876
933,0,1,10,0.918818,0.955506,0.661166,0.716990,0.474049
933,0,1,11,0.951835,1.029419,3.548248,0.102389,0.363303
933,0,1,12,0.900722,0.856628,5.640743,-0.026113,-0.147296
933,0,1,13,0.957793,0.691549,0.631835,3.088084,1.951158
933,0,1,14,-0.527838,-0.541965,-1.094835,0.652391,-0.714261
933,0,1,15,0.990910,0.840047,0.833673,6.862491,5.721075
933,0,2,0,0.942666,0.969199,0.806967,1.503821,1.213534
933,0,2,1,0.990442,0.863146,0.850239,3.776845,3.211222
933,0,2,2,0.950163,0.996974,-3.684030,0.113857,-0.419453
933,0,2,3,0.960417,1.007011,-1.978200,0.125886,-0.249027
933,0,2,4,0.871682,0.431742,0.370844,2.350252,0.871578
933,0,2,5,0.982669,0.741645,0.709334,6.778475,4.808202
933,0,2,6,0.936485,0.987407,0.566371,1.026379,0.581311
933,0,2,7,0.941726,0.976771,-1.205058,0.238258,-0.287115
933,0,2,8,0.868430,0.528061,0.426796,1.770573,0.755673
933,0,2,9,0.957603,0.910113,0.841455,3.713578,3.124807
933,0,2,10,0.903489,0.933711,-0.764863,0.363843,-0.278290
933,0,2,11,0.990639,0.830772,0.806902,4.815423,3.885575
933,0,2,12,0.953321,1.001323,-4.895934,0.082144,-0.402172
933,0,2,13,0.754276,0.571472,0.201654,1.015179,0.204715
933,0,2,14,0.882465,0.916956,-4.834406,0.097252,-0.470157
933,0,2,15,0.937114,0.994288,-1.472179,0.263768,-0.388313
933,0,3,0,0.721331,0.485789,0.147592,3.707576,0.547208
933,0,3,1,0.946922,0.933899,0.694119,1.958679,1.359556
933,0,3,2,0.893155,0.884182,0.019417,1.033106,0.020060
933,0,3,3,0.921288,0.970160,-27.821269,0.021730,-0.604557
933,0,3,4,0.920799,0.896282,0.768960,2.536026,1.950102
933,0,3,5,0.993305,0.798649,0.790089,4.599626,3.634114
933,0,3,6,0.942335,0.988480,0.669871,0.925251,0.619799
933,0,3,7,0.933555,0.858975,0.465530,1.229572,0.572403
933,0,3,8,0.991860,0.965124,0.959948,8.799608,8.447165
933,0,3,9,0.986466,0.721631,0.700561,4.674573,3.274824
933,0,3,10,0.951817,1.115383,1.026639,1.195750,1.227604
933,0,3,11,0.830960,0.873244,-0.296452,0.939240,-0.278440
933,0,3,12,0.984396,0.755567,0.737229,4.654595,3.431502
933,0,3,13,0.986082,0.732199,0.717679,10.417441,7.476376
933,0,3,14,0.880563,0.862996,0.225115,1.157949,0.260671
933,0,3,15,0.948507,0.978447,0.731325,1.609689,1.177207
933,0,4,0,0.961494,0.931650,0.892577,2.009614,1.793736
933,0,4,1,0.918892,0.791422,0.502852,3.660310,1.840594
933,0,4,2,0.959417,0.968877,0.605305,0.582046,0.352315
933,0,4,3,0.959311,0.998666,1.069192,2.068383,2.211499
933,0,4,4,0.986197,0.737485,0.706183,5.843164,4.126344
933,0,4,5,0.948127,0.849317,0.620752,2.148528,1.333704
933,0,4,6,0.888116,0.767726,0.214881,1.918259,0.412197
933,0,4,7,0.966325,0.954741,0.663069,1.383696,0.917486
933,0,4,8,0.871000,0.397497,0.350941,2.435249,0.854628
933,0,4,9,0.950770,0.983566,0.400996,0.407565,0.163432
933,0,4,10,0.992527,0.759954,0.746533,10.172826,7.594348
933,0,4,11,0.936846,1.065245,1.446637,1.895816,2.742558
933,0,4,12,0.925986,0.925583,0.677319,1.125383,0.762243
933,0,4,13,0.948750,0.637852,0.598930,5.468803,3.275430
933,0,4,14,0.963572,0.973664,0.544402,0.897315,0.488500
933,0,4,15,0.947630,0.887116,0.521751,1.411463,0.736432
933,0,5,0,0.994456,0.804332,0.800914,14.644130,11.728682
933,0,5,1,0.914001,0.595736,0.474250,6.231551,2.955313
933,0,5,2,0.991461,0.694998,0.687469,11.539237,7.932866
933,0,5,3,0.962616,0.889189,0.739740,3.301322,2.442119
933,0,5,4,0.997814,0.899013,0.891587,13.165047,11.737791
933,0,5,5,0.982581,0.808749,0.793221,9.919888,7.868659
933,0,5,6,0.997332,0.906575,0.904618,17.670176,15.984762
933,0,5,7,0.861007,0.646467,0.348514,3.386512,1.180248
933,0,5,8,0.903876,0.651530,0.469414,4.421678,2.075596
933,0,5,9,0.952322,0.751050,0.656404,4.441877,2.915667
933,0,5,10,0.896101,0.811596,0.698884,3.948386,2.759465
933,0,5,11,0.972337,0.591465,0.572037,9.629971,5.508703
933,0,5,12,0.936516,0.523287,0.466679,4.693473,2.190347
933,0,5,13,0.978778,0.911920,0.829299,5.593928,4.639039
933,0,5,14,0.991015,0.677817,0.670519,10.056380,6.742990
933,0,5,15,0.934956,0.507631,0.454265,4.425829,2.010500
933,0,6,0,0.919450,0.637898,0.477036,4.516576,2.154567
933,0,6,1,0.944025,0.690896,0.617988,6.364197,3.933000
933,0,6,2,0.965150,0.880356,0.745977,4.610986,3.439687
933,0,6,3,0.966605,0.557953,0.535206,5.423262,2.902560
933,0,6,4,0.977794,0.745966,0.705222,6.581179,4.641193
933,0,6,5,0.908879,0.664710,0.523145,4.792183,2.507006
933,0,6,6,0.994551,0.778848,0.771678,15.509591,11.968410
933,0,6,7,0.988926,0.781946,0.769142,9.833093,7.563043
933,0,6,8,0.898272,0.745016,0.520408,4.572759,2.379702
933,0,6,9,0.993507,0.830066,0.810816,13.166005,10.675206
933,0,6,10,0.932247,0.785541,0.582718,3.244906,1.890865
933,0,6,11,0.979037,0.563896,0.555856,7.373737,4.098734
933,0,6,12,0.989128,0.810837,0.770192,14.359181,11.059333
933,0,6,13,0.522773,0.390094,-0.228400,1.944807,-0.444194
933,0,6,14,0.886437,0.685391,0.408170,3.711152,1.514781
933,0,6,15,0.944146,0.738413,0.555816,5.002137,2.780270
933,0,7,0,0.993910,0.804906,0.798387,12.635875,10.088321
933,0,7,1,0.952625,0.721934,0.661061,6.338552,4.190173
933,0,7,2,0.967836,0.929153,0.924160,3.116821,2.880440
933,0,7,3,0.988859,0.654525,0.645313,9.848521,6.355374
933,0,7,4,0.888371,0.524240,0.406430,7.150926,2.906351
933,0,7,5,0.907877,0.645329,0.510573,4.934268,2.519305
933,0,7,6,0.982748,0.688016,0.671630,11.529654,7.743659
933,0,7,7,0.980971,0.799845,0.755166,5.360428,4.048012
933,0,7,8,0.968213,0.928354,0.868091,7.173452,6.227209
933,0,7,9,0.991557,0.823045,0.817597,12.968698,10.603174
933,0,7,10,0.998698,0.918298,0.917501,27.980423,25.672056
933,0,7,11,0.971462,1.097196,1.203428,3.549719,4.271832
933,0,7,12,0.991480,0.742884,0.736027,14.073842,10.358725
933,0,7,13,0.951823,0.674323,0.639211,7.123000,4.553097
933,0,7,14,0.986660,0.693097,0.673812,6.708380,4.520185
933,0,7,15,0.674466,0.376297,0.140343,4.871237,0.683642
933,0,8,0,0.959934,0.751151,0.661961,4.928998,3.262803
933,0,8,1,0.939482,0.662523,0.559827,6.607071,3.698813
933,0,8,2,0.944323,0.644145,0.536236,5.751899,3.084378
933,0,8,3,0.948010,0.677818,0.598883,6.835845,4.093869
933,0,8,4,0.990593,0.969562,0.965765,13.765033,13.293789
933,0,8,5,-0.571255,-0.684335,-1.239743,1.132396,-1.403880
933,0,8,6,0.975259,0.786665,0.737984,5.448757,4.021095
933,0,8,7,0.986408,0.873922,0.824262,6.879880,5.670824
933,0,8,8,0.975690,0.950820,0.894100,4.985360,4.457409
933,0,8,9,0.949499,0.738942,0.622124,6.059401,3.769700
933,0,8,10,0.976776,0.759212,0.722803,8.358575,6.041605
933,0,8,11,0.966131,0.811428,0.712453,5.580931,3.976151
933,0,8,12,0.952691,0.672130,0.576359,6.013480,3.465924
933,0,8,13,0.979256,0.866956,0.824165,6.838350,5.635927
933,0,8,14,0.972713,0.766722,0.707465,5.807228,4.108410
933,0,8,15,0.634770,0.353477,0.096466,3.699768,0.356903
933,0,9,0,0.842638,0.640524,0.305354,3.967058,1.211358
933,0,9,1,0.649120,0.410247,0.073793,3.632797,0.268076
933,0,9,2,0.832427,0.721564,0.321967,2.416306,0.777972
933,0,9,3,0.975925,0.831066,0.786122,6.505587,5.114186
933,0,9,4,0.978289,0.876296,0.859070,6.698629,5.754594
933,0,9,5,0.979271,0.829352,0.804049,6.708573,5.394023
933,0,9,6,0.981213,0.845300,0.772256,8.685406,6.707354
933,0,9,7,0.968858,0.908261,0.861751,3.556573,3.064881
933,0,9,8,0.767778,0.393700,0.236188,4.903839,1.158230
933,0,9,9,0.970082,0.781751,0.682116,7.766206,5.297452
933,0,9,10,0.967357,0.770971,0.731955,7.957582,5.824593
933,0,9,11,0.934884,0.807452,0.710716,4.198572,2.983992
933,0,9,12,0.969641,0.591247,0.571621,9.247853,5.286265
933,0,9,13,0.886227,0.764366,0.480924,2.568665,1.235334
933,0,9,14,0.973114,0.848151,0.801260,6.493382,5.202885
933,0,9,15,0.990793,0.903256,0.858943,11.385609,9.779586
933,0,10,0,0.883265,0.557481,0.405002,6.372907,2.581039
933,0,10,1,0.996913,0.874769,0.873500,21.182234,18.502676
933,0,10,2,0.969665,0.839590,0.770088,5.683581,4.376859
933,0,10,3,0.991507,0.815262,0.801061,6.363115,5.097246
933,0,10,4,0.995407,0.898128,0.898431,7.433318,6.678322
933,0,10,5,0.991266,0.892445,0.887233,11.993279,10.640831
933,0,10,6,0.990047,0.781646,0.771499,12.573606,9.700521
933,0,10,7,0.989717,0.951480,0.936051,5.932318,5.552950
933,0,10,8,0.956923,0.766579,0.697386,6.830534,4.763516
933,0,10,9,0.987388,0.684661,0.672394,9.682157,6.510222
933,0,10,10,0.994837,0.779024,0.775691,15.302417,11.869943
933,0,10,11,0.970798,0.811425,0.756661,8.252568,6.244399
933,0,10,12,0.970976,0.826978,0.784924,6.210233,4.874560
933,0,10,13,0.993071,0.899457,0.895616,12.800241,11.464098
933,0,10,14,0.902727,0.550602,0.429851,7.289237,3.133288
933,0,10,15,0.940006,0.741330,0.691961,4.911461,3.398538
933,0,11,0,0.993752,0.988761,0.990644,8.483070,8.403701
933,0,11,1,0.989780,0.999577,0.995474,12.192143,12.136961
933,0,11,2,0.960844,0.812545,0.741324,5.954776,4.414417
933,0,11,3,-0.309816,-0.141748,-0.286276,2.254876,-0.645518
933,0,11,4,0.963480,0.699206,0.616895,5.923598,3.654240
933,0,11,5,0.950146,0.790379,0.674815,4.717351,3.183341
933,0,11,6,0.980456,0.582524,0.569936,11.196732,6.381421
933,0,11,7,0.925553,0.587620,0.480788,7.875980,3.786676
933,0,11,8,0.928434,0.722424,0.646404,4.962658,3.207884
933,0,11,9,0.990045,0.942030,0.928831,5.872609,5.454663
933,0,11,10,0.652341,0.376491,0.108322,4.195460,0.454460
933,0,11,11,0.970996,0.713485,0.678697,6.169376,4.187139
933,0,11,12,0.888762,0.527748,0.403700,7.195419,2.904789
933,0,11,13,0.989982,1.056755,1.055011,12.014286,12.675209
933,0,11,14,0.969821,0.824347,0.781561,5.827954,4.554902
933,0,11,15,0.990471,1.009950,1.005510,12.112765,12.179502
933,0,12,0,0.987683,1.890716,1.947433,-1.250393,-2.435055
933,0,12,1,0.985755,0.860877,0.846238,10.824655,9.160237
933,0,12,2,0.958847,0.750795,0.632991,3.743014,2.369294
933,0,12,3,0.998611,1.082940,1.084236,-3.613637,-3.918036
933,0,12,4,0.970430,0.758083,0.695403,5.034112,3.500736
933,0,12,5,0.851608,0.570518,0.418220,4.688989,1.961027
933,0,12,6,0.925595,0.673736,0.475967,3.575736,1.701931
933,0,12,7,0.833301,0.500378,0.349393,6.704469,2.342493
933,0,12,8,0.898048,0.547993,0.432951,7.004072,3.032420
933,0,12,9,0.988326,1.051306,1.049546,9.467938,9.937041
933,0,12,10,0.984735,0.897103,0.881806,4.422106,3.899438
933,0,12,11,0.934940,0.627762,0.550644,6.913685,3.806977
933,0,12,12,0.918109,0.671486,0.568424,5.531960,3.144501
933,0,12,13,0.945314,0.485383,0.457926,6.251808,2.862864
933,0,12,14,0.931544,0.620815,0.534234,7.304943,3.902552
933,0,12,15,0.714728,0.398542,0.212037,6.386862,1.354249
933,0,13,0,0.620859,0.295394,0.146524,7.184294,1.052668
933,0,13,1,0.877025,0.536596,0.398926,6.147319,2.452325
933,0,13,2,0.845795,0.632103,0.313011,3.592856,1.124605
933,0,13,3,0.846576,0.473973,0.337958,6.336921,2.141611
933,0,13,4,0.986505,0.743918,0.735549,11.330246,8.333952
933,0,13,5,0.983695,0.649331,0.635314,6.379184,4.052784
933,0,13,6,0.985059,0.950949,0.943989,9.206226,8.690574
933,0,13,7,0.703067,0.467929,0.107355,4.016589,0.431203
933,0,13,8,0.687611,0.480828,0.077175,4.167990,0.321665
933,0,13,9,0.797088,0.462584,0.283450,5.802285,1.644659
933,0,13,10,0.826433,0.514667,0.326458,4.806057,1.568975
933,0,13,11,0.843065,0.427141,0.335911,8.331497,2.798645
933,0,13,12,0.860265,0.454965,0.351724,7.294130,2.565522
933,0,13,13,0.564871,0.449539,-0.240426,2.251140,-0.541232
933,0,13,14,0.864007,0.472530,0.367707,6.964469,2.560881
933,0,13,15,0.979872,1.312824,1.362414,-1.821043,-2.481014
933,0,14,0,0.797373,0.524156,0.248556,4.438655,1.103253
933,0,14,1,0.962425,0.774099,0.744862,10.406734,7.751585
933,0,14,2,0.941124,0.587299,0.526410,7.565260,3.982429
933,0,14,3,0.799858,0.549512,0.275179,3.755690,1.033488
933,0,14,4,0.953441,0.594808,0.545387,8.523520,4.648621
933,0,14,5,0.511517,0.307731,0.001848,3.954854,0.007308
933,0,14,6,0.760165,0.503518,0.207743,4.202466,0.873032
933,0,14,7,0.923697,0.632801,0.616181,6.318829,3.893543
933,0,14,8,0.924605,0.627698,0.518742,5.494208,2.850074
933,0,14,9,0.753730,0.534292,0.136743,3.443364,0.470857
933,0,14,10,0.543279,0.338064,-0.034551,3.449395,-0.119179
933,0,14,11,0.925160,0.599667,0.496674,5.584429,2.773639
933,0,14,12,0.918305,0.672925,0.515679,4.627562,2.386335
933,0,14,13,0.789194,0.547558,0.199462,3.813520,0.760651
933,0,14,14,0.950843,0.617244,0.556225,7.009798,3.899028
933,0,14,15,0.909166,0.642335,0.461442,3.984958,1.838827
933,0,15,0,0.983263,0.855164,0.824938,5.847310,4.823668
933,0,15,1,0.956654,0.812158,0.719711,4.327642,3.114651
933,0,15,2,0.962191,0.757861,0.693910,6.154001,4.270326
933,0,15,3,0.967488,0.808494,0.747858,5.021861,3.755641
933,0,15,4,0.996386,1.064465,1.069570,-3.186397,-3.408074
933,0,15,5,0.975590,0.846783,0.840156,5.516606,4.634810
933,0,15,6,0.908843,1.136388,1.258814,1.718016,2.162663
933,0,15,7,0.935012,0.725299,0.611872,4.737694,2.898861
933,0,15,8,0.956644,0.772341,0.732047,5.465045,4.000667
933,0,15,9,0.964620,0.795834,0.712553,5.302141,3.778059
933,0,15,10,0.916603,1.086835,1.684740,-0.615355,-1.036713
933,0,15,11,0.964730,0.734379,0.677592,6.053971,4.102120
933,0,15,12,0.978195,0.984622,0.935540,6.541065,6.119428
933,0,15,13,0.868195,0.577187,0.396809,4.447942,1.764982
933,0,15,14,0.921925,0.649248,0.551916,5.046129,2.785041
933,0,15,15,0.637531,0.416908,0.122067,3.721645,0.454289
72,0,0,0,0.759206,0.704179,0.058427,1.578894,0.092251
72,0,0,1,0.984327,0.988233,1.006281,-1.057983,-1.064628
72,0,0,2,0.973802,0.710464,0.649230,2.127852,1.381465
72,0,0,3,0.968582,1.151276,1.257352,-1.815501,-2.282725
72,0,0,4,0.908862,1.032531,1.621016,-0.617001,-1.000169
72,0,0,5,0.467594,0.474333,-0.915316,0.659678,-0.603813
72,0,0,6,0.904025,0.992149,0.564044,0.448339,0.252883
72,0,0,7,0.991187,1.007416,1.029249,-2.017883,-2.076904
72,0,0,8,0.960209,0.872443,0.843448,1.798490,1.516933
72,0,0,9,0.856452,0.688891,0.330901,0.756608,0.250363
72,0,0,10,0.940138,0.679970,0.509252,1.296437,0.660213
72,0,0,11,0.791251,0.774950,0.066005,1.209236,0.079816
72,0,0,12,0.939036,0.518325,0.472052,3.729103,1.760331
72,0,0,13,0.953300,1.120085,1.734790,-0.865835,-1.502041
72,0,0,14,0.987305,0.734140,0.718664,2.651856,1.905793
72,0,0,15,0.995936,0.989499,0.971607,-3.112477,-3.024103
72,0,1,0,0.949950,1.001361,-3.954482,0.060077,-0.237573
72,0,1,1,0.991875,0.950108,0.940701,3.194592,3.005158
72,0,1,2,0.964283,0.716185,0.638246,2.174011,1.387554
72,0,1,3,0.888242,0.952610,-0.046435,0.430466,-0.019989
72,0,1,4,0.961099,0.700580,0.572380,2.247058,1.286171
72,0,1,5,0.861390,0.912548,0.497716,1.070041,0.532577
72,0,1,6,0.995896,0.956931,0.952452,4.164470,3.966456
72,0,1,7,0.948254,0.925112,-0.977133,0.140371,-0.137161
72,0,1,8,0.858469,0.934066,-4.281591,0.178373,-0.763719
72,0,1,9,0.936965,0.957036,1.117517,0.561713,0.627724
72,0,1,10,0.917821,0.954618,0.750774,0.722893,0.542729
72,0,1,11,0.950924,1.032531,5.286201,0.062716,0.331531
72,0,1,12,0.887549,0.850700,1.452978,-0.093049,-0.135198
72,0,1,13,0.947420,0.658382,0.592353,2.765370,1.638075
72,0,1,14,-0.356401,-0.625074,-3.358607,0.304588,-1.022993
72,0,1,15,0.992889,0.869086,0.866179,7.756662,6.718655
72,0,2,0,0.941147,0.972920,0.812879,1.380001,1.121774
72,0,2,1,0.986287,0.823842,0.814133,2.888477,2.351605
72,0,2,2,0.950066,1.001944,-48.953964,0.010265,-0.502494
72,0,2,3,0.958903,1.010090,-8.328902,0.040808,-0.339887
72,0,2,4,0.748880,0.364529,0.259606,1.827990,0.474557
72,0,2,5,0.985856,0.743462,0.714692,7.600802,5.432233
72,0,2,6,0.934357,0.987872,0.521417,0.944225,0.492335
72,0,2,7,0.940822,0.982415,-2.610499,0.144912,-0.378292
72,0,2,8,0.930614,0.549014,0.502245,2.084486,1.046924
72,0,2,9,0.958046,0.911749,0.846535,3.721952,3.150764
72,0,2,10,0.898199,0.936365,-1.109962,0.313398,-0.347860
72,0,2,11,0.988163,0.826899,0.799171,3.883525,3.103601
72,0,2,12,0.951950,1.004421,326.659525,-0.001539,-0.502867
72,0,2,13,0.788247,0.601348,0.235108,0.930545,0.218779
72,0,2,14,0.879565,0.954975,8.127016,-0.081701,-0.663988
72,0,2,15,0.935994,1.005511,-4.768914,0.116878,-0.557380
72,0,3,0,0.691333,0.485723,0.077973,3.429230,0.267388
72,0,3,1,0.942433,0.932333,0.663507,1.800379,1.194564
72,0,3,2,0.889916,0.878048,0.058451,1.044066,0.061027
72,0,3,3,0.918712,0.964005,-14.355198,0.040480,-0.581105
72,0,3,4,0.916809,0.894330,0.758808,2.415476,1.832882
72,0,3,5,0.987085,0.777126,0.753842,3.460559,2.608714
72,0,3,6,0.940253,0.986350,0.689762,0.882345,0.608608
72,0,3,7,0.926188,0.864612,0.351969,1.026199,0.361190
72,0,3,8,0.994151,0.958362,0.956335,10.124092,9.682027
72,0,3,9,0.990911,0.776279,0.755943,5.147730,3.891389
72,0,3,10,0.951044,1.121891,1.071885,1.169778,1.253868
72,0,3,11,0.815844,0.832079,-0.112393,1.176273,-0.132205
72,0,3,12,0.990094,0.771219,0.761631,4.774442,3.636362
72,0,3,13,0.990237,0.733084,0.725177,11.844433,8.589315
72,0,3,14,0.878011,0.857205,0.197854,1.161854,0.229877
72,0,3,15,0.946573,0.971728,0.717173,1.669047,1.196995
72,0,4,0,0.956907,0.928442,0.845405,1.670542,1.412285
72,0,4,1,0.904753,0.799671,0.433622,3.269691,1.417809
72,0,4,2,0.956822,0.965483,0.596894,0.589589,0.351922
72,0,4,3,0.959745,1.006231,1.088338,2.165936,2.357271
72,0,4,4,0.987157,0.752057,0.723143,5.611244,4.057732
72,0,4,5,0.939639,0.845708,0.556505,1.899775,1.057233
72,0,4,6,0.890801,0.771956,0.227885,1.930802,0.440000
72,0,4,7,0.965292,0.957797,0.660658,1.341083,0.885998
72,0,4,8,0.914431,0.424126,0.387188,2.197490,0.850842
72,0,4,9,0.949528,0.981427,0.349128,0.335001,0.116958
72,0,4,10,0.995601,0.774473,0.765998,10.770388,8.250097
72,0,4,11,0.938219,1.075531,1.436345,2.109084,3.029373
72,0,4,12,0.923731,0.925235,0.654259,1.099616,0.719434
72,0,4,13,0.978466,0.707928,0.688941,6.598050,4.545665
72,0,4,14,0.960262,0.971415,0.509084,0.886127,0.451113
72,0,4,15,0.943973,0.887587,0.471705,1.274248,0.601069
72,0,5,0,0.993531,0.790455,0.787932,14.537868,11.454846
72,0,5,1,0.867877,0.563817,0.387454,5.658228,2.192302
72,0,5,2,0.992095,0.679250,0.671610,11.359622,7.629234
72,0,5,3,0.966312,0.895357,0.772031,3.485476,2.690894
72,0,5,4,0.996732,0.909344,0.900261,11.614524,10.456099
72,0,5,5,0.992369,0.846436,0.840404,11.649657,9.790419
72,0,5,6,0.997486,0.900097,0.898611,18.368723,16.506332
72,0,5,7,0.861558,0.652528,0.348999,3.264561,1.139329
72,0,5,8,0.884999,0.640741,0.425426,4.037514,1.717664
72,0,5,9,0.958120,0.771317,0.697038,4.557905,3.177031
72,0,5,10,0.908854,0.816614,0.725689,4.176593,3.030908
72,0,5,11,0.979394,0.560526,0.549739,9.478452,5.210679
72,0,5,12,0.926054,0.514452,0.455245,4.620708,2.103552
72,0,5,13,0.979373,0.915779,0.837252,5.601450,4.689824
72,0,5,14,0.991564,0.671077,0.664488,10.127787,6.729794
72,0,5,15,0.905684,0.519405,0.431999,3.849040,1.662781
72,0,6,0,0.891514,0.609918,0.407708,4.130199,1.683915
72,0,6,1,0.940389,0.688879,0.609376,6.047841,3.685411
72,0,6,2,0.967057,0.885063,0.756534,4.663615,3.528185
72,0,6,3,0.944280,0.517554,0.478052,4.520205,2.160894
72,0,6,4,0.973716,0.731880,0.687751,6.409651,4.408244
72,0,6,5,0.894885,0.669365,0.497306,4.304946,2.140877
72,0,6,6,0.996954,0.785116,0.782084,16.324778,12.767342
72,0,6,7,0.989859,0.812977,0.802997,9.823383,7.888151
72,0,6,8,0.896845,0.745504,0.519757,4.520557,2.349590
72,0,6,9,0.996030,0.866100,0.856352,15.492561,13.267090
72,0,6,10,0.923568,0.792468,0.542233,2.784995,1.510116
72,0,6,11,0.985865,0.558297,0.554475,7.274358,4.033451
72,0,6,12,0.992841,0.831763,0.812177,15.095745,12.260423
72,0,6,13,0.491661,0.367614,-0.260481,1.957967,-0.510014
72,0,6,14,0.886188,0.674587,0.421899,3.877316,1.635837
72,0,6,15,0.941618,0.755098,0.542578,4.531796,2.458854
72,0,7,0,0.990726,0.773806,0.764447,12.042293,9.205692
72,0,7,1,0.955080,0.725299,0.669657,6.316733,4.230043
72,0,7,2,0.968129,0.946954,0.957949,3.108929,2.978195
72,0,7,3,0.990426,0.655579,0.649918,9.722487,6.318824
72,0,7,4,0.901357,0.541152,0.431159,7.137823,3.077537
72,0,7,5,0.919597,0.662399,0.540291,4.909856,2.652751
72,0,7,6,0.991460,0.712142,0.706806,12.930213,9.139153
72,0,7,7,0.983537,0.811380,0.774547,5.526713,4.280697
72,0,7,8,0.970698,0.938014,0.883030,7.290568,6.437792
72,0,7,9,0.992337,0.835796,0.831131,13.429192,11.161420
72,0,7,10,0.998833,0.914347,0.913865,29.322222,26.796566
72,0,7,11,0.976486,1.081514,1.153920,4.000035,4.615721
72,0,7,12,0.992928,0.724269,0.721824,15.175467,10.954011
72,0,7,13,0.949786,0.674167,0.640091,7.000585,4.481013
72,0,7,14,0.989373,0.685248,0.672499,7.077572,4.759660
72,0,7,15,0.707492,0.398401,0.174707,4.835245,0.844751
72,0,8,0,0.948011,0.738802,0.628487,4.603665,2.893342
72,0,8,1,0.939701,0.672485,0.565373,6.467410,3.656498
72,0,8,2,0.922000,0.613128,0.480611,5.574767,2.679294
72,0,8,3,0.953786,0.693698,0.621104,6.935431,4.307625
72,0,8,4,0.992173,0.995146,0.997622,15.136292,15.100291
72,0,8,5,-0.545687,-0.406221,-0.681825,1.527144,-1.041246
72,0,8,6,0.974294,0.792774,0.747596,5.356743,4.004680
72,0,8,7,0.988169,0.883695,0.842417,7.245789,6.103973
72,0,8,8,0.973203,0.937602,0.868092,4.876733,4.233455
72,0,8,9,0.944422,0.747530,0.616932,5.886353,3.631480
72,0,8,10,0.960845,0.742190,0.683382,7.359891,5.029614
72,0,8,11,0.971634,0.825712,0.754502,6.252612,4.717606
72,0,8,12,0.951429,0.675012,0.576567,5.816076,3.353360
72,0,8,13,0.969286,0.843691,0.775386,6.386630,4.952104
72,0,8,14,0.971041,0.765595,0.704661,5.622684,3.962089
72,0,8,15,0.644445,0.371383,0.096297,3.495729,0.336628
72,0,9,0,0.834076,0.649504,0.255638,3.580588,0.915333
72,0,9,1,0.632047,0.409238,0.047519,3.571251,0.169704
72,0,9,2,0.827148,0.727586,0.291354,2.244778,0.654024
72,0,9,3,0.967556,0.810613,0.747749,6.099796,4.561117
72,0,9,4,0.975598,0.832363,0.806546,6.845694,5.521369
72,0,9,5,0.973450,0.822100,0.793948,6.459858,5.128795
72,0,9,6,0.977606,0.840482,0.757570,8.366207,6.337989
72,0,9,7,0.966146,0.905318,0.860797,3.576575,3.078706
72,0,9,8,0.794019,0.406311,0.269391,5.133975,1.383044
72,0,9,9,0.955367,0.765939,0.622763,7.034594,4.380886
72,0,9,10,0.962920,0.756746,0.710729,7.988548,5.677695
72,0,9,11,0.931523,0.801881,0.709738,4.194695,2.977134
72,0,9,12,0.970511,0.535263,0.525824,9.975533,5.245372
72,0,9,13,0.868126,0.755799,0.415532,2.362322,0.981620
72,0,9,14,0.972124,0.852453,0.806019,6.550146,5.279543
72,0,9,15,0.989025,0.904324,0.853066,11.160995,9.521062
72,0,10,0,0.858135,0.538280,0.369228,6.233076,2.301425
72,0,10,1,0.996543,0.857589,0.857024,21.734964,18.627388
72,0,10,2,0.967341,0.842075,0.769326,5.483174,4.218346
72,0,10,3,0.992187,0.795451,0.786287,6.810948,5.355361
72,0,10,4,0.993420,0.890315,0.890846,6.931434,6.174842
72,0,10,5,0.992981,0.897277,0.895143,13.745914,12.304552
72,0,10,6,0.992156,0.755403,0.750195,14.620190,10.967987
72,0,10,7,0.989370,0.959067,0.946121,5.917772,5.598930
72,0,10,8,0.958900,0.783923,0.720606,7.034731,5.069270
72,0,10,9,0.970865,0.585622,0.573200,9.390092,5.382404
72,0,10,10,0.994563,0.761199,0.758688,15.489519,11.751705
72,0,10,11,0.963241,0.799721,0.728065,7.991690,5.818472
72,0,10,12,0.967062,0.823868,0.776768,5.957397,4.627517
72,0,10,13,0.992106,0.867540,0.863097,13.638134,11.771030
72,0,10,14,0.904537,0.558932,0.437611,7.232857,3.165181
72,0,10,15,0.941583,0.744374,0.700451,5.153640,3.609873
72,0,11,0,0.993621,0.976439,0.978473,8.583105,8.398340
72,0,11,1,0.991705,1.042635,1.043104,13.853285,14.450422
72,0,11,2,0.955037,0.818154,0.728359,5.569680,4.056725
72,0,11,3,-0.278087,-0.125170,-0.279113,2.313993,-0.645867
72,0,11,4,0.967086,0.714697,0.634936,5.750308,3.651079
72,0,11,5,0.961984,0.834082,0.751291,4.940448,3.711715
72,0,11,6,0.979906,0.535813,0.528404,11.754931,6.211351
72,0,11,7,0.923393,0.597380,0.481642,7.539320,3.631257
72,0,11,8,0.920894,0.716310,0.627062,4.778491,2.996411
72,0,11,9,0.994328,0.933814,0.928146,6.552513,6.081690
72,0,11,10,0.739459,0.431049,0.204141,4.297238,0.877244
72,0,11,11,0.971296,0.716489,0.682638,6.397250,4.367003
72,0,11,12,0.854317,0.506560,0.350280,6.688623,2.342891
72,0,11,13,0.991360,1.063565,1.065327,14.432169,15.374981
72,0,11,14,0.969594,0.830991,0.790421,5.935564,4.691597
72,0,11,15,0.991313,1.022257,1.023046,13.398797,13.707592
72,0,12,0,0.984036,1.864414,1.940019,-1.226287,-2.379021
72,0,12,1,0.990753,0.846363,0.840994,13.097494,11.014912
72,0,12,2,0.958491,0.760046,0.640675,3.486726,2.233857
72,0,12,3,0.998643,1.069541,1.070837,-3.706265,-3.968805
72,0,12,4,0.971461,0.773049,0.719367,4.943630,3.556286
72,0,12,5,0.855085,0.579882,0.423891,4.697499,1.991226
72,0,12,6,0.935864,0.689507,0.512088,3.574318,1.830365
72,0,12,7,0.850991,0.534654,0.381579,6.443329,2.458642
72,0,12,8,0.873837,0.523965,0.389375,6.632414,2.582493
72,0,12,9,0.988517,1.059956,1.063979,10.288960,10.947238
72,0,12,10,0.991049,0.907422,0.901042,4.926680,4.439144
72,0,12,11,0.924177,0.611513,0.525298,6.704750,3.521989
72,0,12,12,0.930225,0.703203,0.616628,5.736993,3.537588
72,0,12,13,0.968189,0.471685,0.456753,7.017482,3.205256
72,0,12,14,0.931237,0.627948,0.540442,7.151882,3.865180
72,0,12,15,0.717630,0.404525,0.213174,6.333309,1.350097
72,0,13,0,0.619452,0.298028,0.141831,7.053438,1.000396
72,0,13,1,0.882473,0.548537,0.416644,6.131247,2.554549
72,0,13,2,0.858345,0.648826,0.341541,3.554740,1.214088
72,0,13,3,0.844356,0.474813,0.337005,6.273335,2.114144
72,0,13,4,0.991565,0.699573,0.695985,12.595220,8.766086
72,0,13,5,0.991827,0.647451,0.640491,7.258941,4.649288
72,0,13,6,0.987899,0.964407,0.963131,10.441102,10.056145
72,0,13,7,0.744315,0.493404,0.160958,4.032698,0.649097
72,0,13,8,0.714171,0.513335,0.098738,4.038208,0.398723
72,0,13,9,0.835266,0.491242,0.335424,5.949564,1.995626
72,0,13,10,0.848138,0.533951,0.360594,4.808928,1.734068
72,0,13,11,0.812532,0.409292,0.306067,8.079937,2.472998
72,0,13,12,0.856309,0.455527,0.347395,7.084301,2.461051
72,0,13,13,0.585116,0.466777,-0.225305,2.220654,-0.500325
72,0,13,14,0.853103,0.465326,0.354933,6.822493,2.421529
72,0,13,15,0.964056,1.403121,1.532516,-1.421951,-2.179163
72,0,14,0,0.809678,0.530876,0.270728,4.423414,1.197543
72,0,14,1,0.962545,0.777997,0.750766,10.525203,7.901969
72,0,14,2,0.952476,0.614200,0.562557,7.677868,4.319240
72,0,14,3,0.827077,0.571137,0.328367,3.802145,1.248498
72,0,14,4,0.958735,0.604730,0.560711,8.491888,4.761495
72,0,14,5,0.505277,0.305936,-0.003612,3.952201,-0.014277
72,0,14,6,0.793782,0.527113,0.259253,4.185514,1.085108
72,0,14,7,0.917395,0.631251,0.617071,6.143581,3.791026
72,0,14,8,0.930558,0.643223,0.541254,5.472837,2.962195
72,0,14,9,0.786978,0.558833,0.194007,3.442164,0.667803
72,0,14,10,0.526357,0.326819,-0.051429,3.436544,-0.176740
72,0,14,11,0.945306,0.637814,0.553993,5.666941,3.139444
72,0,14,12,0.933797,0.695606,0.563464,4.683500,2.638983
72,0,14,13,0.816341,0.561517,0.256854,3.909979,1.004295
72,0,14,14,0.951645,0.618866,0.560305,6.928874,3.882281
72,0,14,15,0.927779,0.669426,0.512801,4.030870,2.067034
72,0,15,0,0.983873,0.860187,0.833272,5.834721,4.861908
72,0,15,1,0.954950,0.814194,0.725134,4.241371,3.075564
72,0,15,2,0.964481,0.765135,0.707017,6.192787,4.378403
72,0,15,3,0.968439,0.817785,0.761733,4.959063,3.777483
72,0,15,4,0.996368,1.042184,1.047746,-3.134541,-3.284202
72,0,15,5,0.973661,0.849732,0.846592,5.294655,4.482412
72,0,15,6,0.910592,1.131724,1.241574,1.806239,2.242579
72,0,15,7,0.942524,0.741002,0.643362,4.775412,3.072318
72,0,15,8,0.960959,0.795951,0.765383,5.469266,4.186085
72,0,15,9,0.969508,0.808770,0.742043,5.438355,4.035495
72,0,15,10,0.894333,1.093119,2.548860,-0.356601,-0.908927
72,0,15,11,0.964475,0.740446,0.685136,5.939000,4.069025
72,0,15,12,0.977535,0.990659,0.942087,6.541494,6.162656
72,0,15,13,0.834430,0.543712,0.332778,4.321051,1.437951
72,0,15,14,0.897855,0.609006,0.492895,4.882924,2.406767
72,0,15,15,0.565512,0.373415,0.047245,3.712754,0.175409
291,0,0,0,0.765399,0.704973,0.101853,1.606590,0.163636
291,0,0,1,0.983785,1.000141,1.033268,-0.953533,-0.985255
291,0,0,2,0.946734,0.721086,0.548426,1.570801,0.861468
291,0,0,3,0.966428,1.143433,1.262489,-1.923478,-2.428370
291,0,0,4,0.858095,0.947789,2.352150,-0.361719,-0.850817
291,0,0,5,0.650783,0.875125,34.859908,-0.032780,-1.142707
291,0,0,6,0.903464,0.990012,0.597313,0.512971,0.306404
291,0,0,7,0.985668,1.014130,1.068288,-1.532393,-1.637038
291,0,0,8,0.951395,0.879010,0.836444,1.358811,1.136569
291,0,0,9,0.852699,0.855711,-0.822053,0.289451,-0.237944
291,0,0,10,0.959881,0.671474,0.569086,1.626801,0.925789
291,0,0,11,0.794714,0.776394,0.101847,1.193441,0.121549
291,0,0,12,0.936583,0.505992,0.456496,3.862369,1.763155
291,0,0,13,0.964296,1.080248,1.541984,-1.012556,-1.561346
291,0,0,14,0.959572,0.793689,0.573518,0.939232,0.538666
291,0,0,15,0.996126,0.993942,0.977533,-3.126466,-3.056224
291,0,1,0,0.950581,1.003980,21.305130,-0.015480,-0.329806
291,0,1,1,0.987730,0.947421,0.955315,2.302047,2.199179
291,0,1,2,0.973336,0.730131,0.680173,2.658935,1.808536
291,0,1,3,0.891396,0.958679,-0.028694,0.466943,-0.013398
291,0,1,4,0.947887,0.601766,0.537876,2.307581,1.241193
291,0,1,5,0.867141,0.918724,0.499220,1.088138,0.543221
291,0,1,6,0.993854,0.973803,0.973384,3.299513,3.211692
291,0,1,7,0.950088,0.927408,-0.000913,0.263188,-0.000240
291,0,1,8,0.865708,0.922882,-2.094728,0.295334,-0.618644
291,0,1,9,0.938342,0.959344,1.146927,0.580958,0.666316
291,0,1,10,0.923076,0.954781,0.848964,0.909353,0.772008
291,0,1,11,0.951939,1.031634,4.099963,0.083348,0.341722
291,0,1,12,0.893286,0.838681,2.311257,-0.007612,-0.017593
291,0,1,13,0.965878,0.722219,0.670171,3.123257,2.093115
291,0,1,14,-0.495183,-0.661868,-1.767487,0.480293,-0.848912
291,0,1,15,0.986567,0.839932,0.831348,6.328640,5.261302
291,0,2,0,0.943729,0.971989,0.844003,1.547520,1.306112
291,0,2,1,0.974889,0.846521,0.759281,2.040602,1.549391
291,0,2,2,0.950082,1.000513,-3.323381,0.118559,-0.394018
291,0,2,3,0.959023,1.009328,-1.773141,0.137381,-0.243596
291,0,2,4,0.845678,0.422344,0.354465,2.486144,0.881251
291,0,2,5,0.978535,0.742086,0.699539,6.606412,4.621441
291,0,2,6,0.934932,0.982743,0.564979,1.054902,0.595997
291,0,2,7,0.940559,0.977888,-1.113564,0.250433,-0.278873
291,0,2,8,0.939419,0.593646,0.537650,2.106289,1.132446
291,0,2,9,0.958469,0.916073,0.853747,3.693451,3.153274
291,0,2,10,0.892169,0.916252,-0.384348,0.520795,-0.200166
291,0,2,11,0.981591,0.802181,0.752224,3.629132,2.729919
291,0,2,12,0.953671,1.001912,-4.611528,0.084413,-0.389273
291,0,2,13,0.846913,0.582760,0.405967,1.423060,0.577715
291,0,2,14,0.885320,0.893982,-1.657209,0.214908,-0.356148
291,0,2,15,0.936826,1.000354,-1.718614,0.242154,-0.416170
291,0,3,0,0.668172,0.460679,0.062441,3.518281,0.219687
291,0,3,1,0.946668,0.919435,0.698842,2.137391,1.493699
291,0,3,2,0.891655,0.881068,0.034393,1.041886,0.035833
291,0,3,3,0.915347,0.954832,-7.250023,0.078017,-0.565624
291,0,3,4,0.920006,0.896358,0.768313,2.484348,1.908757
291,0,3,5,0.989205,0.782061,0.766623,4.225090,3.239050
291,0,3,6,0.943510,0.981590,0.738729,1.118748,0.826451
291,0,3,7,0.932263,0.870446,0.432193,1.109321,0.479440
291,0,3,8,0.993277,0.967458,0.964869,8.965519,8.650548
291,0,3,9,0.988392,0.743627,0.721351,4.893895,3.530217
291,0,3,10,0.951103,1.111972,1.068953,1.120524,1.197787
291,0,3,11,0.814359,0.849873,-0.280144,1.016202,-0.284683
291,0,3,12,0.977753,0.734807,0.705003,4.433142,3.125379
291,0,3,13,0.987157,0.737020,0.718968,10.528669,7.569779
291,0,3,14,0.878545,0.860483,0.193436,1.119345,0.216522
291,0,3,15,0.950475,0.973191,0.766332,1.794861,1.375460
291,0,4,0,0.963166,0.930108,0.875280,2.174906,1.903651
291,0,4,1,0.894871,0.793264,0.380483,3.154070,1.200069
291,0,4,2,0.959340,0.969279,0.672419,0.738470,0.496561
291,0,4,3,0.960355,1.000550,1.067490,2.003888,2.139130
291,0,4,4,0.975066,0.734466,0.666893,5.106502,3.405491
291,0,4,5,0.948646,0.851510,0.625816,2.123259,1.328770
291,0,4,6,0.891323,0.770755,0.233656,1.917021,0.447923
291,0,4,7,0.969344,0.957834,0.704227,1.415048,0.996515
291,0,4,8,0.918595,0.453061,0.418294,2.394996,1.001813
291,0,4,9,0.954129,0.984706,0.580692,0.528537,0.306917
291,0,4,10,0.991668,0.738825,0.723293,9.768375,7.065399
291,0,4,11,0.932086,1.063978,1.512251,1.856593,2.807635
291,0,4,12,0.929654,0.924085,0.702385,1.358881,0.954458
291,0,4,13,0.958480,0.649476,0.611920,5.753674,3.520786
291,0,4,14,0.963774,0.967445,0.613410,1.070583,0.656706
291,0,4,15,0.947296,0.886764,0.536549,1.477169,0.792574
291,0,5,0,0.993933,0.805928,0.801256,14.409545,11.545739
291,0,5,1,0.876282,0.563698,0.401251,5.807819,2.330394
291,0,5,2,0.990064,0.671963,0.661569,11.051953,7.311625
291,0,5,3,0.964968,0.888214,0.750698,3.446372,2.587183
291,0,5,4,0.994771,0.885493,0.871779,10.620458,9.258690
291,0,5,5,0.987300,0.819628,0.803957,10.027603,8.061767
291,0,5,6,0.997538,0.912651,0.909587,17.742563,16.138397
291,0,5,7,0.870272,0.646277,0.379910,3.534149,1.342660
291,0,5,8,0.896051,0.644962,0.449471,4.326801,1.944772
291,0,5,9,0.955727,0.757307,0.672696,4.485373,3.017294
291,0,5,10,0.903622,0.813795,0.726537,4.155195,3.018905
291,0,5,11,0.980583,0.598039,0.585719,9.467317,5.545189
291,0,5,12,0.907126,0.519993,0.423226,4.272332,1.808162
291,0,5,13,0.978136,0.909199,0.821419,5.565119,4.571296
291,0,5,14,0.991325,0.676661,0.667308,9.605244,6.409653
291,0,5,15,0.882141,0.518786,0.403353,3.491976,1.408499
291,0,6,0,0.901614,0.614955,0.433302,4.438908,1.923390
291,0,6,1,0.929440,0.665704,0.572218,5.902366,3.377440
291,0,6,2,0.966968,0.872676,0.745948,4.711489,3.514527
291,0,6,3,0.906821,0.517500,0.441600,4.027941,1.778738
291,0,6,4,0.973931,0.730306,0.683182,6.432287,4.394423
291,0,6,5,0.901565,0.658476,0.500009,4.580231,2.290157
291,0,6,6,0.995577,0.776153,0.769395,15.004768,11.544595
291,0,6,7,0.986959,0.804536,0.787559,8.945542,7.045142
291,0,6,8,0.901561,0.741044,0.526506,4.601812,2.422881
291,0,6,9,0.991571,0.838131,0.811556,12.419403,10.079046
291,0,6,10,0.918638,0.771283,0.527732,3.056646,1.613089
291,0,6,11,0.978541,0.562581,0.553691,7.202834,3.988146
291,0,6,12,0.988468,0.832314,0.787774,12.819836,10.099134
291,0,6,13,0.505415,0.397006,-0.327678,1.808653,-0.592655
291,0,6,14,0.887568,0.699546,0.396127,3.472456,1.375533
291,0,6,15,0.945652,0.757955,0.548951,4.524387,2.483667
291,0,7,0,0.989380,0.789290,0.777744,11.368690,8.841928
291,0,7,1,0.949173,0.710415,0.643508,6.254818,4.025027
291,0,7,2,0.970339,0.928729,0.917025,3.355479,3.077060
291,0,7,3,0.987322,0.677427,0.664327,8.983067,5.967694
291,0,7,4,0.886100,0.530823,0.408326,7.020115,2.866493
291,0,7,5,0.904765,0.632615,0.497889,4.943427,2.461278
291,0,7,6,0.986401,0.729454,0.712545,10.894381,7.762732
291,0,7,7,0.975917,0.772229,0.714032,5.211365,3.721083
291,0,7,8,0.969339,0.917264,0.862478,7.345159,6.335041
291,0,7,9,0.990885,0.840010,0.833231,11.615047,9.678015
291,0,7,10,0.998569,0.915772,0.913110,27.301718,24.929468
291,0,7,11,0.974709,1.092895,1.181294,3.847589,4.545135
291,0,7,12,0.994261,0.763208,0.757730,14.638312,11.091893
291,0,7,13,0.942851,0.651168,0.610146,6.927170,4.226586
291,0,7,14,0.985089,0.706845,0.679857,6.395449,4.347993
291,0,7,15,0.692982,0.392866,0.150602,4.779922,0.719865
291,0,8,0,0.956666,0.739352,0.649276,5.049345,3.278417
291,0,8,1,0.939799,0.664530,0.560607,6.570282,3.683348
291,0,8,2,0.931627,0.638267,0.505011,5.451850,2.753243
291,0,8,3,0.951787,0.697478,0.618562,6.574464,4.066711
291,0,8,4,0.990498,0.993540,0.987406,11.967322,11.816604
291,0,8,5,-0.482265,-0.578883,-1.264230,1.045393,-1.321618
291,0,8,6,0.971447,0.776023,0.725070,5.457592,3.957139
291,0,8,7,0.985350,0.862061,0.809094,7.159941,5.793066
291,0,8,8,0.975806,0.923868,0.862230,5.258788,4.534286
291,0,8,9,0.939788,0.728949,0.596016,5.931565,3.535308
291,0,8,10,0.970210,0.744698,0.697532,7.722027,5.386362
291,0,8,11,0.969691,0.803861,0.724810,6.207343,4.499146
291,0,8,12,0.949601,0.664678,0.565086,5.855436,3.308827
291,0,8,13,0.979167,0.868394,0.824064,6.604988,5.442931
291,0,8,14,0.970782,0.766779,0.704724,5.803852,4.090113
291,0,8,15,0.593278,0.341426,0.046137,3.475046,0.160329
291,0,9,0,0.846935,0.654377,0.292602,3.721784,1.089000
291,0,9,1,0.684375,0.433201,0.121526,3.702918,0.450000
291,0,9,2,0.841300,0.718571,0.369888,2.537261,0.938502
291,0,9,3,0.976218,0.824136,0.783923,6.673450,5.231473
291,0,9,4,0.977906,0.873048,0.851546,6.361623,5.417213
291,0,9,5,0.975602,0.823276,0.792975,6.561593,5.203180
291,0,9,6,0.981428,0.848221,0.776638,8.833072,6.860099
291,0,9,7,0.974758,0.906437,0.867212,4.235158,3.672780
291,0,9,8,0.808550,0.419391,0.286146,5.105497,1.460915
291,0,9,9,0.962212,0.775555,0.652743,7.337844,4.789728
291,0,9,10,0.967790,0.767825,0.723371,7.979032,5.771802
291,0,9,11,0.930797,0.806076,0.702867,4.044765,2.842934
291,0,9,12,0.966907,0.588180,0.565168,8.510792,4.810025
291,0,9,13,0.886064,0.751456,0.489996,2.688331,1.317271
291,0,9,14,0.974468,0.839309,0.798858,6.884271,5.499552
291,0,9,15,0.990064,0.911843,0.864040,11.067775,9.563004
291,0,10,0,0.880859,0.564744,0.402109,6.189184,2.488727
291,0,10,1,0.996442,0.875640,0.874790,21.023783,18.391399
291,0,10,2,0.974154,0.865697,0.807846,5.904007,4.769530
291,0,10,3,0.989880,0.814642,0.793191,5.854775,4.643957
291,0,10,4,0.994850,0.899720,0.899843,7.219201,6.496145
291,0,10,5,0.990969,0.894903,0.887659,10.726578,9.521543
291,0,10,6,0.989580,0.778598,0.769270,11.806517,9.082395
291,0,10,7,0.987624,0.951260,0.930976,5.513666,5.133092
291,0,10,8,0.968031,0.788059,0.741787,7.489104,5.555316
291,0,10,9,0.987800,0.697537,0.685884,9.952932,6.826554
291,0,10,10,0.994610,0.796740,0.792466,15.253623,12.087973
291,0,10,11,0.965389,0.804207,0.740348,7.988055,5.913938
291,0,10,12,0.972952,0.841949,0.801229,6.292347,5.041614
291,0,10,13,0.993085,0.885133,0.881211,12.149412,10.706199
291,0,10,14,0.907651,0.556609,0.441898,7.413363,3.275948
291,0,10,15,0.956601,0.768949,0.735246,5.630492,4.139795
291,0,11,0,0.992414,0.992886,0.995370,7.643424,7.608037
291,0,11,1,0.987750,1.022012,1.020127,10.861747,11.080358
291,0,11,2,0.966444,0.831357,0.769933,5.921526,4.559178
291,0,11,3,-0.289988,-0.157668,-0.366453,2.176787,-0.797690
291,0,11,4,0.964146,0.705180,0.624194,5.943243,3.709738
291,0,11,5,0.963218,0.819144,0.744561,5.131866,3.820985
291,0,11,6,0.976807,0.591360,0.574317,10.256250,5.890340
291,0,11,7,0.925101,0.599849,0.485651,7.518890,3.651554
291,0,11,8,0.927283,0.740852,0.653454,4.688620,3.063799
291,0,11,9,0.989740,0.935815,0.917235,5.437505,4.987469
291,0,11,10,0.641061,0.377171,0.098036,4.127041,0.404599
291,0,11,11,0.951659,0.684409,0.624219,5.452144,3.403332
291,0,11,12,0.869764,0.522283,0.376497,6.804334,2.561812
291,0,11,13,0.988367,1.034640,1.032454,11.553727,11.928694
291,0,11,14,0.973754,0.838641,0.801374,6.009280,4.815680
291,0,11,15,0.989995,1.007819,1.005174,10.993520,11.050397
291,0,12,0,0.989419,1.803107,1.850929,-1.308114,-2.421226
291,0,12,1,0.985118,0.835837,0.817723,10.467596,8.559599
291,0,12,2,0.960227,0.751529,0.636128,3.755493,2.388975
291,0,12,3,0.998495,1.070304,1.071488,-3.711444,-3.976768
291,0,12,4,0.973812,0.778028,0.728666,5.184759,3.777960
291,0,12,5,0.855088,0.587646,0.431490,4.580950,1.976636
291,0,12,6,0.929869,0.678972,0.491251,3.569167,1.753356
291,0,12,7,0.874621,0.543625,0.415287,6.827127,2.835220
291,0,12,8,0.888959,0.545081,0.417039,6.620055,2.760824
291,0,12,9,0.985809,1.039878,1.037703,8.592576,8.916544
291,0,12,10,0.982802,0.909324,0.888478,3.984346,3.540003
291,0,12,11,0.940447,0.642035,0.569393,6.897317,3.927286
291,0,12,12,0.945101,0.728392,0.661720,5.998337,3.969217
291,0,12,13,0.938118,0.464663,0.431415,6.190083,2.670494
291,0,12,14,0.936898,0.635013,0.552035,7.226370,3.989210
291,0,12,15,0.729082,0.423742,0.222963,6.166549,1.374915
291,0,13,0,0.685895,0.328948,0.190695,7.217384,1.376322
291,0,13,1,0.873696,0.540460,0.398703,6.095488,2.430291
291,0,13,2,0.858769,0.647195,0.342002,3.593710,1.229055
291,0,13,3,0.852166,0.479415,0.346082,6.349392,2.197411
291,0,13,4,0.983763,0.711042,0.698960,10.939717,7.646422
291,0,13,5,0.979346,0.633047,0.613241,6.278562,3.850272
291,0,13,6,0.986037,0.946494,0.940007,9.037349,8.495174
291,0,13,7,0.703134,0.467077,0.105137,3.980835,0.418531
291,0,13,8,0.723675,0.514588,0.117774,4.097481,0.482575
291,0,13,9,0.802893,0.467296,0.293762,5.881882,1.727871
291,0,13,10,0.820158,0.522394,0.319776,4.666481,1.492227
291,0,13,11,0.831695,0.418440,0.322329,8.209737,2.646232
291,0,13,12,0.856977,0.459119,0.348886,7.166617,2.500334
291,0,13,13,0.609228,0.475797,-0.161904,2.309730,-0.373955
291,0,13,14,0.869403,0.477658,0.375985,6.989185,2.627827
291,0,13,15,0.971475,1.349346,1.452511,-1.574360,-2.286776
291,0,14,0,0.825552,0.551752,0.293995,4.401472,1.294009
291,0,14,1,0.969993,0.805427,0.782760,10.740567,8.407288
291,0,14,2,0.945933,0.602527,0.544356,7.585406,4.129165
291,0,14,3,0.811077,0.572349,0.292302,3.652874,1.067742
291,0,14,4,0.954541,0.598506,0.548367,8.423140,4.618970
291,0,14,5,0.538960,0.317821,0.032778,4.028288,0.132038
291,0,14,6,0.785644,0.533838,0.237446,4.076092,0.967850
291,0,14,7,0.915376,0.619203,0.593265,6.110888,3.625378
291,0,14,8,0.931286,0.646382,0.541903,5.445013,2.950668
291,0,14,9,0.780645,0.562538,0.174814,3.392050,0.592977
291,0,14,10,0.544313,0.349603,-0.055880,3.330585,-0.186115
291,0,14,11,0.931363,0.615128,0.513746,5.511639,2.831580
291,0,14,12,0.921538,0.684573,0.525491,4.542768,2.387182
291,0,14,13,0.805217,0.563495,0.225554,3.785017,0.853726
291,0,14,14,0.949292,0.617785,0.555971,6.915428,3.844778
291,0,14,15,0.915595,0.655069,0.478341,3.971900,1.899923
291,0,15,0,0.983914,0.861691,0.833101,5.875390,4.894795
291,0,15,1,0.958982,0.820536,0.731661,4.303708,3.148855
291,0,15,2,0.965513,0.771116,0.711618,6.207598,4.417439
291,0,15,3,0.969246,0.814178,0.755709,5.081292,3.839980
291,0,15,4,0.996928,1.043930,1.048037,-3.258404,-3.414928
291,0,15,5,0.976323,0.854868,0.849535,5.487027,4.661423
291,0,15,6,0.920546,1.210695,1.334590,1.784671,2.381804
291,0,15,7,0.936747,0.733259,0.615273,4.678051,2.878277
291,0,15,8,0.957381,0.779652,0.737175,5.442990,4.012435
291,0,15,9,0.966258,0.805065,0.722987,5.294635,3.827955
291,0,15,10,0.917783,1.090900,1.699760,-0.614877,-1.045143
291,0,15,11,0.964458,0.738088,0.679868,6.031230,4.100442
291,0,15,12,0.975484,0.987577,0.930798,6.300813,5.864786
291,0,15,13,0.882210,0.596590,0.419957,4.444079,1.866322
291,0,15,14,0.931184,0.672424,0.582109,5.082384,2.958499
291,0,15,15,0.652540,0.431851,0.135235,3.716902,0.502654
980,1,0,0,0.761973,0.715362,0.029594,1.507007,0.044598
980,1,0,1,0.988373,0.987075,0.999558,-1.184486,-1.183963
980,1,0,2,0.848969,0.696613,0.009197,0.677590,0.006232
980,1,0,3,0.981371,1.046662,1.112452,-2.255771,-2.509436
980,1,0,4,0.955367,0.986288,1.095262,-1.304256,-1.428503
980,1,0,5,0.467599,0.542691,-1.615216,0.524644,-0.847414
980,1,0,6,0.905389,0.984599,0.719192,0.624249,0.448955
980,1,0,7,0.986291,1.034353,1.069619,-1.502219,-1.606802
980,1,0,8,0.976116,0.948640,0.929451,1.790369,1.664060
980,1,0,9,0.969270,1.037244,1.261755,-0.974336,-1.229373
980,1,0,10,0.995133,0.765785,0.758759,4.175331,3.168071
980,1,0,11,0.796147,0.788122,0.013220,1.098239,0.014518
980,1,0,12,0.905544,0.462129,0.397037,3.570624,1.417669
980,1,0,13,0.927878,1.025179,3.389585,-0.304498,-1.032123
980,1,0,14,0.963952,1.092060,1.297783,-1.137373,-1.476063
980,1,0,15,0.996239,0.987665,0.971980,-3.154699,-3.066304
980,1,1,0,0.956221,1.004773,1.322345,-0.531441,-0.702749
980,1,1,1,0.994316,0.986987,0.989555,3.433189,3.397330
980,1,1,2,0.922024,0.674803,0.485579,1.608420,0.781015
980,1,1,3,0.900290,0.978748,-0.404368,0.361281,-0.146090
980,1,1,4,0.981061,0.776261,0.723886,3.214007,2.326576
980,1,1,5,0.864597,0.927800,0.392341,1.029390,0.403872
980,1,1,6,0.994658,0.971613,0.953684,3.410609,3.252642
980,1,1,7,0.954121,0.932536,0.704181,0.445138,0.313458
980,1,1,8,0.872463,0.939479,-3.658222,0.190602,-0.697263
980,1,1,9,0.932950,0.939201,1.469494,0.521511,0.766358
980,1,1,10,0.936539,0.968685,1.080728,1.536845,1.660911
980,1,1,11,0.951218,1.019603,-1.585930,-0.107849,0.171041
980,1,1,12,0.928103,0.942179,1.167649,-0.695642,-0.812265
980,1,1,13,0.946675,0.719406,0.496813,1.708317,0.848714
980,1,1,14,0.464328,0.189255,0.175426,1.539182,0.270012
980,1,1,15,0.982556,0.819965,0.785878,5.840661,4.590048
980,1,2,0,0.946936,0.978043,0.953233,1.518711,1.447686
980,1,2,1,0.993987,0.884621,0.868186,3.217768,2.793622
980,1,2,2,0.952253,0.989993,-0.795539,0.269765,-0.214609
980,1,2,3,0.962693,1.000655,-0.127045,0.268630,-0.034128
980,1,2,4,0.875300,0.472736,0.390076,2.539612,0.990642
980,1,2,5,0.982317,0.728232,0.683818,6.243876,4.269677
980,1,2,6,0.939264,0.977893,0.688339,1.219350,0.839326
980,1,2,7,0.947484,0.972416,-0.085706,0.385417,-0.033033
980,1,2,8,0.783525,0.488937,0.266240,1.204347,0.320645
980,1,2,9,0.948547,0.938273,0.853239,2.922682,2.493747
980,1,2,10,0.912382,0.919069,0.068356,0.581350,0.039739
980,1,2,11,0.977432,0.773534,0.684145,3.391670,2.320394
980,1,2,12,0.956562,0.993256,-1.440032,0.179971,-0.259164
980,1,2,13,0.837503,0.705431,0.164572,0.807870,0.132953
980,1,2,14,0.897660,0.901384,-7.181634,0.058483,-0.420004
980,1,2,15,0.948745,1.003311,-1.277245,0.229080,-0.292591
980,1,3,0,0.713207,0.473705,0.129007,3.647236,0.470518
980,1,3,1,0.955422,0.906567,0.760490,2.395000,1.821374
980,1,3,2,0.900878,0.899390,-0.060890,0.863722,-0.052592
980,1,3,3,0.914028,0.938785,-12.945266,0.048954,-0.633729
980,1,3,4,0.931689,0.932529,0.855117,2.283470,1.952633
980,1,3,5,0.992054,0.784500,0.774789,3.940380,3.052961
980,1,3,6,0.955297,0.967964,0.908421,1.622383,1.473807
980,1,3,7,0.932602,0.875291,0.400377,1.063233,0.425694
980,1,3,8,0.995678,0.967805,0.965016,9.949229,9.601167
980,1,3,9,0.984365,0.721095,0.686265,4.091439,2.807810
980,1,3,10,0.957601,1.108796,1.110649,1.237289,1.374194
980,1,3,11,0.824895,0.872391,-0.546511,0.819558,-0.447897
980,1,3,12,0.972959,0.771832,0.697432,4.097023,2.857396
980,1,3,13,0.978629,0.743771,0.693356,9.266509,6.424993
980,1,3,14,0.893305,0.872459,0.262056,1.172849,0.307352
980,1,3,15,0.960512,0.993026,0.870567,1.739223,1.514109
980,1,4,0,0.965002,0.922704,0.822679,2.256712,1.856549
980,1,4,1,0.859223,0.752734,0.232937,2.945749,0.686174
980,1,4,2,0.964936,0.970127,0.783216,0.940500,0.736615
980,1,4,3,0.952710,0.980934,0.980798,1.358517,1.332430
980,1,4,4,0.985213,0.760371,0.708303,5.393157,3.819989
980,1,4,5,0.935916,0.855082,0.420688,1.546011,0.650388
980,1,4,6,0.916583,0.806535,0.302278,1.853154,0.560167
980,1,4,7,0.974436,0.967025,0.753942,1.450063,1.093263
980,1,4,8,0.937924,0.468848,0.438645,2.517258,1.104182
980,1,4,9,0.958447,0.977303,0.664717,0.622461,0.413761
980,1,4,10,0.986283,0.761427,0.720477,8.750972,6.304874
980,1,4,11,0.916112,1.002697,2.063139,0.866327,1.787353
980,1,4,12,0.940222,0.935571,0.750687,1.384426,1.039271
980,1,4,13,0.985067,0.752407,0.726815,6.902028,5.016496
980,1,4,14,0.966613,0.976711,0.671450,1.088317,0.730751
980,1,4,15,0.942601,0.899054,0.272146,1.056467,0.287514
980,1,5,0,0.995333,0.814634,0.806472,13.966278,11.263413
980,1,5,1,0.934392,0.635649,0.529463,6.228586,3.297803
980,1,5,2,0.983839,0.698184,0.664774,9.991287,6.641944
980,1,5,3,0.956008,0.877505,0.678899,3.135012,2.128357
980,1,5,4,0.998015,0.895905,0.889703,11.521312,10.250541
980,1,5,5,0.988957,0.849937,0.824818,10.235062,8.442061
980,1,5,6,0.997865,0.898428,0.894904,17.893572,16.013033
980,1,5,7,0.897919,0.685106,0.444137,3.480552,1.545842
980,1,5,8,0.836031,0.625753,0.285646,3.560306,1.016988
980,1,5,9,0.955982,0.720318,0.640781,5.180779,3.319743
980,1,5,10,0.924419,0.857370,0.791898,4.036398,3.196414
980,1,5,11,0.954290,0.574322,0.527461,8.042247,4.241973
980,1,5,12,0.912062,0.543581,0.431493,4.350007,1.876999
980,1,5,13,0.974574,0.912261,0.790380,4.870649,3.849664
980,1,5,14,0.984733,0.707496,0.677435,9.049294,6.130312
980,1,5,15,0.827380,0.488529,0.293390,3.102368,0.910205
980,1,6,0,0.810213,0.584487,0.190776,3.364151,0.641801
980,1,6,1,0.925001,0.658566,0.561671,5.942347,3.337646
980,1,6,2,0.971288,0.876974,0.762385,4.776463,3.641503
980,1,6,3,0.945521,0.549475,0.500595,4.559361,2.282394
980,1,6,4,0.971608,0.725566,0.671930,6.473488,4.349731
980,1,6,5,0.880933,0.659890,0.454508,4.187402,1.903206
980,1,6,6,0.991783,0.776258,0.754115,13.616067,10.268085
980,1,6,7,0.992518,0.818203,0.806202,9.602869,7.741855
980,1,6,8,0.912413,0.775763,0.549981,4.392948,2.416036
980,1,6,9,0.991246,0.836921,0.795008,10.811095,8.594905
980,1,6,10,0.869000,0.780907,0.207617,2.177665,0.452121
980,1,6,11,0.983137,0.609153,0.599464,6.871180,4.119022
980,1,6,12,0.987587,0.835427,0.780420,13.103931,10.226574
980,1,6,13,0.519018,0.402759,-0.286611,1.867494,-0.535245
980,1,6,14,0.915508,0.726750,0.477771,3.548526,1.695383
980,1,6,15,0.932713,0.747472,0.497448,4.435908,2.206632
980,1,7,0,0.993738,0.794015,0.785242,12.176596,9.561576
980,1,7,1,0.890693,0.643026,0.491429,5.150248,2.530983
980,1,7,2,0.974687,0.935787,0.912067,3.512865,3.203967
980,1,7,3,0.978583,0.662796,0.631061,8.526044,5.380450
980,1,7,4,0.806626,0.472843,0.291362,6.251573,1.821469
980,1,7,5,0.870618,0.608664,0.424312,4.623749,1.961912
980,1,7,6,0.980182,0.741509,0.701461,10.958574,7.687008
980,1,7,7,0.957942,0.754077,0.649737,4.887824,3.175802
980,1,7,8,0.948079,0.817781,0.726104,7.124939,5.173446
980,1,7,9,0.992462,0.816509,0.802060,12.424129,9.964890
980,1,7,10,0.998916,0.913363,0.911455,27.779436,25.319706
980,1,7,11,0.974694,1.163825,1.303302,3.909227,5.094902
980,1,7,12,0.991162,0.751822,0.739138,13.893822,10.269447
980,1,7,13,0.940343,0.655897,0.611846,7.231675,4.424675
980,1,7,14,0.968952,0.692561,0.625460,5.730592,3.584254
980,1,7,15,0.615117,0.381531,0.031611,4.159709,0.131492
980,1,8,0,0.894354,0.677971,0.448923,4.002861,1.796977
980,1,8,1,0.936724,0.650541,0.545508,6.752051,3.683300
980,1,8,2,0.925807,0.603336,0.472117,5.564730,2.627204
980,1,8,3,0.931399,0.678147,0.563471,5.834982,3.287843
980,1,8,4,0.991412,0.970633,0.956667,12.448708,11.909265
980,1,8,5,-0.306940,-0.291835,-0.875630,1.154043,-1.010514
980,1,8,6,0.931724,0.692042,0.557951,4.549646,2.538480
980,1,8,7,0.981181,0.843653,0.758123,6.637246,5.031852
980,1,8,8,0.978987,0.910984,0.850875,5.486993,4.668744
980,1,8,9,0.957688,0.747791,0.641953,6.229365,3.998957
980,1,8,10,0.972590,0.749900,0.704351,7.700806,5.424071
980,1,8,11,0.973937,0.804539,0.729893,6.103201,4.454681
980,1,8,12,0.899029,0.600102,0.429652,5.092891,2.188170
980,1,8,13,0.969423,0.841847,0.747459,6.083533,4.547189
980,1,8,14,0.953486,0.724448,0.621123,5.275810,3.276927
980,1,8,15,0.553932,0.328501,0.006149,3.487604,0.021447
980,1,9,0,0.884027,0.696634,0.358881,3.560920,1.277947
980,1,9,1,0.631232,0.437812,-0.034411,3.150560,-0.108414
980,1,9,2,0.889283,0.741915,0.543322,3.005787,1.633110
980,1,9,3,0.959918,0.763004,0.683863,6.171492,4.220453
980,1,9,4,0.969427,0.813002,0.762681,6.040127,4.606688
980,1,9,5,0.981808,0.835048,0.807640,6.899049,5.571945
980,1,9,6,0.983412,0.838993,0.774974,8.615585,6.676858
980,1,9,7,0.988409,0.929381,0.911149,5.524447,5.033596
980,1,9,8,0.767363,0.393556,0.242059,5.055135,1.223640
980,1,9,9,0.969110,0.776855,0.671416,7.815675,5.247570
980,1,9,10,0.972474,0.775175,0.732555,8.026487,5.879842
980,1,9,11,0.917134,0.815009,0.632309,2.946428,1.863053
980,1,9,12,0.964688,0.609286,0.569187,8.943426,5.090480
980,1,9,13,0.918033,0.751360,0.608166,3.226873,1.962474
980,1,9,14,0.966908,0.816270,0.735520,5.963912,4.386575
980,1,9,15,0.988351,0.886033,0.823321,10.929050,8.998117
980,1,10,0,0.889784,0.558409,0.411344,6.422915,2.642025
980,1,10,1,0.997442,0.858818,0.856995,21.842670,18.719069
980,1,10,2,0.985147,0.919661,0.885250,6.683163,5.916266
980,1,10,3,0.978185,0.768842,0.711217,5.183230,3.686402
980,1,10,4,0.996085,0.886907,0.885005,7.528302,6.662582
980,1,10,5,0.987691,0.846245,0.823250,10.702444,8.810786
980,1,10,6,0.983264,0.753057,0.719812,11.059930,7.961066
980,1,10,7,0.984960,0.939710,0.898327,4.081596,3.666609
980,1,10,8,0.967486,0.775268,0.714236,7.137561,5.097906
980,1,10,9,0.984916,0.682228,0.659684,9.528856,6.286036
980,1,10,10,0.994819,0.763812,0.757756,15.149052,11.479282
980,1,10,11,0.978311,0.818813,0.773285,8.534822,6.599849
980,1,10,12,0.978094,0.866722,0.832077,6.384288,5.312222
980,1,10,13,0.994444,0.878566,0.870596,12.318310,10.724269
980,1,10,14,0.893683,0.536940,0.408519,7.097973,2.899656
980,1,10,15,0.949802,0.746665,0.697225,5.064965,3.531419
980,1,11,0,0.991251,0.974595,0.970165,7.049452,6.839128
980,1,11,1,0.989853,0.976132,0.954331,10.193697,9.728158
980,1,11,2,0.956519,0.783352,0.686621,5.948844,4.084603
980,1,11,3,0.448191,0.204339,0.048802,2.584489,0.126128
980,1,11,4,0.955196,0.678946,0.577696,5.950098,3.437350
980,1,11,5,0.959746,0.785719,0.695865,5.062252,3.522645
980,1,11,6,0.977824,0.612950,0.585555,10.429908,6.107288
980,1,11,7,0.901630,0.559956,0.431616,7.292621,3.147612
980,1,11,8,0.944867,0.744074,0.674479,5.028041,3.391308
980,1,11,9,0.988070,0.890515,0.847214,4.982650,4.221371
980,1,11,10,0.514251,0.297319,-0.012101,4.182595,-0.050615
980,1,11,11,0.945478,0.677451,0.592158,5.091202,3.014796
980,1,11,12,0.887864,0.521704,0.397549,6.993029,2.780074
980,1,11,13,0.991878,1.011477,1.001470,11.643687,11.660798
980,1,11,14,0.978817,0.830397,0.797439,6.378750,5.086665
980,1,11,15,0.990771,0.982862,0.968126,10.801786,10.457491
980,1,12,0,0.977576,1.779034,1.920825,-1.221626,-2.346530
980,1,12,1,0.982827,0.825293,0.787231,10.633609,8.371104
980,1,12,2,0.865236,0.660150,0.286116,2.845525,0.814152
980,1,12,3,0.998963,1.081055,1.082294,-3.595181,-3.891041
980,1,12,4,0.945474,0.702790,0.591308,4.721603,2.791924
980,1,12,5,0.896144,0.625395,0.490413,4.797560,2.352783
980,1,12,6,0.898224,0.650383,0.392342,3.326445,1.305104
980,1,12,7,0.833974,0.483123,0.343521,6.822829,2.343786
980,1,12,8,0.897211,0.552890,0.431244,6.843626,2.951272
980,1,12,9,0.990083,1.016534,1.007332,8.854828,8.919754
980,1,12,10,0.979020,0.860777,0.786073,3.448635,2.710878
980,1,12,11,0.923307,0.595294,0.507013,6.671461,3.382517
980,1,12,12,0.942680,0.707809,0.619045,5.690451,3.522645
980,1,12,13,0.947609,0.568390,0.508321,5.950080,3.024549
980,1,12,14,0.938500,0.623203,0.544422,7.473856,4.068930
980,1,12,15,0.741343,0.431610,0.233792,6.076749,1.420692
980,1,13,0,0.585928,0.286502,0.111969,6.776430,0.758750
980,1,13,1,0.899498,0.555915,0.439098,6.592353,2.894691
980,1,13,2,0.887043,0.655930,0.425762,3.923042,1.670283
980,1,13,3,0.811124,0.450209,0.294458,6.224106,1.832737
980,1,13,4,0.988577,0.733337,0.716026,11.682532,8.364995
980,1,13,5,0.967514,0.637146,0.588362,5.951187,3.501453
980,1,13,6,0.989868,0.927754,0.915241,9.343670,8.551714
980,1,13,7,0.703130,0.443849,0.122794,4.289060,0.526672
980,1,13,8,0.782478,0.532397,0.229490,4.399118,1.009552
980,1,13,9,0.855336,0.491636,0.359352,6.496030,2.334362
980,1,13,10,0.869209,0.544677,0.396485,5.208679,2.065162
980,1,13,11,0.671050,0.331226,0.184787,7.562289,1.397411
980,1,13,12,0.815412,0.430369,0.301295,6.898381,2.078450
980,1,13,13,0.653608,0.472108,-0.007568,2.616644,-0.019803
980,1,13,14,0.781820,0.405390,0.275126,6.768890,1.862298
980,1,13,15,0.971085,1.352137,1.494898,-1.431804,-2.140400
980,1,14,0,0.815841,0.586963,0.249916,3.931264,0.982485
980,1,14,1,0.981229,0.862420,0.842968,10.889242,9.179284
980,1,14,2,0.949191,0.617672,0.558677,7.684465,4.293134
980,1,14,3,0.857522,0.617794,0.390882,3.882846,1.517735
980,1,14,4,0.919695,0.544897,0.471534,7.990398,3.767745
980,1,14,5,0.709206,0.379257,0.202372,4.384841,0.887367
980,1,14,6,0.756334,0.548326,0.160843,3.756021,0.604129
980,1,14,7,0.916150,0.614561,0.567871,5.961430,3.385321
980,1,14,8,0.931860,0.664190,0.556149,5.421695,3.015269
980,1,14,9,0.806700,0.595601,0.230400,3.511779,0.809113
980,1,14,10,0.600923,0.392798,-0.009597,3.161965,-0.030345
980,1,14,11,0.954594,0.674511,0.599837,5.848053,3.507877
980,1,14,12,0.922264,0.687862,0.520735,4.550248,2.369472
980,1,14,13,0.856601,0.629992,0.330618,3.859931,1.276161
980,1,14,14,0.888626,0.536386,0.431699,6.427439,2.774716
980,1,14,15,0.927193,0.657336,0.510374,4.307478,2.198424
980,1,15,0,0.983276,0.849021,0.810518,5.954658,4.826357
980,1,15,1,0.962540,0.825576,0.732166,4.412376,3.230592
980,1,15,2,0.976203,0.818198,0.771100,6.330666,4.881577
980,1,15,3,0.974253,0.835263,0.782141,5.193544,4.062085
980,1,15,4,0.998192,1.061137,1.064094,-3.511890,-3.736983
980,1,15,5,0.971955,0.839142,0.817884,5.270659,4.310790
980,1,15,6,0.915153,1.392755,1.656425,1.460975,2.419996
980,1,15,7,0.949212,0.769474,0.657781,4.661413,3.066191
980,1,15,8,0.972397,0.822203,0.795539,5.900091,4.693752
980,1,15,9,0.978077,0.862175,0.802736,5.307955,4.260888
980,1,15,10,0.925032,1.066964,1.577884,-0.670638,-1.058189
980,1,15,11,0.946558,0.697086,0.613622,5.788463,3.551929
980,1,15,12,0.968842,0.962525,0.885331,6.150302,5.445053
980,1,15,13,0.958346,0.757973,0.674403,4.571417,3.082977
980,1,15,14,0.981103,0.837969,0.812337,5.829060,4.735162
980,1,15,15,0.833422,0.545400,0.369793,3.808123,1.408217
437,1,0,0,0.761040,0.718023,0.009859,1.475586,0.014548
437,1,0,1,0.988116,0.986076,1.000809,-1.167349,-1.168293
437,1,0,2,0.942886,0.718163,0.508634,1.454879,0.740000
437,1,0,3,0.986628,1.019758,1.047000,-2.881486,-3.016917
437,1,0,4,0.892514,0.846221,1.642341,-0.352094,-0.578258
437,1,0,5,0.716520,0.963591,7.477074,-0.180859,-1.352297
437,1,0,6,0.905403,0.988664,0.705790,0.604613,0.426730
437,1,0,7,0.982008,1.041458,1.127830,-1.305750,-1.472664
437,1,0,8,0.956193,0.964117,0.944251,1.234354,1.165540
437,1,0,9,0.964554,1.077551,1.330564,-0.946612,-1.259527
437,1,0,10,0.988926,0.767062,0.733485,3.059725,2.244262
437,1,0,11,0.790168,0.777198,0.036520,1.167264,0.042628
437,1,0,12,0.881204,0.445095,0.365661,3.503014,1.280915
437,1,0,13,0.938342,1.034126,2.477855,-0.451391,-1.118482
437,1,0,14,0.965152,1.091187,1.261866,-1.100269,-1.388393
437,1,0,15,0.995876,0.983046,0.964145,-3.087543,-2.976840
437,1,1,0,0.954274,0.996953,1.817257,-0.279057,-0.507119
437,1,1,1,0.994671,0.976602,0.970246,3.529652,3.424630
437,1,1,2,0.951451,0.722912,0.604669,1.861366,1.125510
437,1,1,3,0.898195,0.974073,-0.325434,0.377763,-0.122937
437,1,1,4,0.983852,0.782105,0.738496,3.338432,2.465420
437,1,1,5,0.867869,0.929082,0.433335,1.059228,0.459000
437,1,1,6,0.990345,0.979132,0.939532,2.349586,2.207511
437,1,1,7,0.953514,0.925525,0.642263,0.500730,0.321600
437,1,1,8,0.870727,0.930311,-2.166557,0.278779,-0.603991
437,1,1,9,0.935106,0.950279,1.382270,0.584139,0.807437
437,1,1,10,0.930830,0.959239,1.007367,1.320302,1.330028
437,1,1,11,0.951643,1.022105,21.933312,0.012103,0.265453
437,1,1,12,0.885780,0.834921,1.289668,-0.233154,-0.300691
437,1,1,13,0.965424,0.734771,0.656669,2.369160,1.555753
437,1,1,14,0.149546,0.061973,0.016255,1.284950,0.020887
437,1,1,15,0.979550,0.818960,0.779820,5.555574,4.332346
437,1,2,0,0.947553,0.981770,0.934111,1.573450,1.469776
437,1,2,1,0.989359,0.890508,0.866544,2.888738,2.503218
437,1,2,2,0.949705,0.992129,-1.524967,0.199105,-0.303628
437,1,2,3,0.959984,1.004002,-0.590307,0.241104,-0.142325
437,1,2,4,0.905331,0.517310,0.443199,2.681819,1.188580
437,1,2,5,0.978174,0.749018,0.696914,6.357067,4.430330
437,1,2,6,0.938997,0.981894,0.660654,1.151614,0.760818
437,1,2,7,0.942999,0.971182,-0.350282,0.360594,-0.126310
437,1,2,8,0.830848,0.507369,0.348348,1.530952,0.533304
437,1,2,9,0.951425,0.914727,0.828766,3.304529,2.738680
437,1,2,10,0.904079,0.901525,0.125901,0.682692,0.085951
437,1,2,11,0.971105,0.793093,0.686969,3.111949,2.137811
437,1,2,12,0.953941,0.996100,-2.105115,0.150467,-0.316750
437,1,2,13,0.904255,0.708552,0.472991,1.277857,0.604415
437,1,2,14,0.876847,0.866874,-0.993944,0.273832,-0.272173
437,1,2,15,0.941944,1.000188,-1.592460,0.225086,-0.358440
437,1,3,0,0.685001,0.465631,0.082126,3.545884,0.291209
437,1,3,1,0.955804,0.912590,0.766543,2.431129,1.863565
437,1,3,2,0.896013,0.898293,-0.124281,0.857834,-0.106612
437,1,3,3,0.917140,0.935443,-9.736025,0.058249,-0.567117
437,1,3,4,0.927205,0.923420,0.827403,2.361031,1.953525
437,1,3,5,0.985310,0.771354,0.742719,3.283694,2.438862
437,1,3,6,0.951944,0.975014,0.893924,1.503174,1.343723
437,1,3,7,0.928904,0.877362,0.388914,1.049080,0.408002
437,1,3,8,0.990883,0.976980,0.968532,7.768963,7.524490
437,1,3,9,0.968925,0.661025,0.611029,3.685574,2.251993
437,1,3,10,0.954103,1.107296,1.109364,1.133514,1.257480
437,1,3,11,0.828404,0.880184,-0.446689,0.845393,-0.377627
437,1,3,12,0.956183,0.790198,0.667649,3.658677,2.442712
437,1,3,13,0.976237,0.718474,0.678066,9.844337,6.675110
437,1,3,14,0.883099,0.869614,0.180134,1.127269,0.203059
437,1,3,15,0.959412,0.981832,0.843809,1.878987,1.585506
437,1,4,0,0.967062,0.928199,0.873583,2.261116,1.975272
437,1,4,1,0.867097,0.776091,0.249799,2.880993,0.719669
437,1,4,2,0.959366,0.968762,0.598598,0.692328,0.414426
437,1,4,3,0.953690,0.973492,0.975699,1.592252,1.553559
437,1,4,4,0.979057,0.736600,0.684514,5.137446,3.516655
437,1,4,5,0.928864,0.857548,0.382612,1.538191,0.588530
437,1,4,6,0.904552,0.792802,0.261385,1.840984,0.481206
437,1,4,7,0.970360,0.966018,0.677340,1.303351,0.882811
437,1,4,8,0.944746,0.481981,0.455336,2.297677,1.046216
437,1,4,9,0.956936,0.982823,0.592571,0.577791,0.342382
437,1,4,10,0.988426,0.746333,0.721282,9.417248,6.792495
437,1,4,11,0.925041,1.024455,1.698816,1.277218,2.169759
437,1,4,12,0.935148,0.935564,0.704408,1.278300,0.900444
437,1,4,13,0.966614,0.723334,0.669061,6.103169,4.083395
437,1,4,14,0.964261,0.977148,0.568622,0.975489,0.554684
437,1,4,15,0.939165,0.908340,0.151607,0.911227,0.138148
437,1,5,0,0.989501,0.774220,0.762867,13.298924,10.145314
437,1,5,1,0.887836,0.588611,0.426640,5.721909,2.441198
437,1,5,2,0.968349,0.629099,0.593822,9.980044,5.926365
437,1,5,3,0.954431,0.877932,0.666190,3.037366,2.023462
437,1,5,4,0.994223,0.864101,0.845330,11.134204,9.412079
437,1,5,5,0.981424,0.802480,0.773674,10.280353,7.953644
437,1,5,6,0.994348,0.888999,0.884601,14.507980,12.833768
437,1,5,7,0.862066,0.677856,0.334257,3.050368,1.019608
437,1,5,8,0.872464,0.651519,0.389570,3.824750,1.490008
437,1,5,9,0.956565,0.735345,0.659527,4.987123,3.289140
437,1,5,10,0.922977,0.849115,0.780869,4.152922,3.242889
437,1,5,11,0.957533,0.521403,0.494264,8.087481,3.997352
437,1,5,12,0.913587,0.514009,0.428419,4.385263,1.878731
437,1,5,13,0.975198,0.910068,0.794743,5.049863,4.013346
437,1,5,14,0.983109,0.675808,0.648908,9.170385,5.950735
437,1,5,15,0.735892,0.456706,0.173805,2.799150,0.486506
437,1,6,0,0.843809,0.603254,0.288712,3.584218,1.034805
437,1,6,1,0.926073,0.673452,0.578337,5.703846,3.298746
437,1,6,2,0.970702,0.878822,0.762596,4.760122,3.630049
437,1,6,3,0.945704,0.580253,0.523969,4.446132,2.329636
437,1,6,4,0.953923,0.689236,0.617257,5.916338,3.651899
437,1,6,5,0.839330,0.652239,0.346948,3.609226,1.252215
437,1,6,6,0.989098,0.741682,0.724611,13.659514,9.897829
437,1,6,7,0.979870,0.785577,0.754987,8.078526,6.099180
437,1,6,8,0.903238,0.759356,0.523617,4.377068,2.291908
437,1,6,9,0.990915,0.835564,0.802967,12.525388,10.057473
437,1,6,10,0.877173,0.775850,0.300984,2.306346,0.694174
437,1,6,11,0.967313,0.554513,0.533056,6.188340,3.298732
437,1,6,12,0.986423,0.811470,0.762167,13.041404,9.939729
437,1,6,13,0.499041,0.403998,-0.363373,1.777725,-0.645978
437,1,6,14,0.892092,0.707266,0.411529,3.327129,1.369210
437,1,6,15,0.914109,0.737976,0.420400,4.038480,1.697779
437,1,7,0,0.988016,0.772348,0.758180,11.523190,8.736649
437,1,7,1,0.918356,0.679537,0.568080,5.369476,3.050290
437,1,7,2,0.972824,0.923565,0.901086,3.438939,3.098779
437,1,7,3,0.968694,0.653395,0.616004,8.139799,5.014151
437,1,7,4,0.834371,0.497947,0.326037,6.217929,2.027274
437,1,7,5,0.840330,0.601992,0.358664,4.086937,1.465836
437,1,7,6,0.958811,0.673168,0.618332,10.402083,6.431942
437,1,7,7,0.965756,0.772038,0.694245,5.034490,3.495169
437,1,7,8,0.964489,0.868715,0.798680,7.489780,5.981934
437,1,7,9,0.976575,0.795535,0.763894,10.333563,7.893751
437,1,7,10,0.997663,0.901042,0.898814,25.043329,22.509298
437,1,7,11,0.978494,1.112821,1.202894,4.140012,4.979996
437,1,7,12,0.969533,0.711627,0.679685,12.500494,8.496404
437,1,7,13,0.934548,0.649850,0.598089,6.662243,3.984616
437,1,7,14,0.941828,0.654917,0.565041,5.417363,3.061033
437,1,7,15,0.664704,0.410729,0.090479,4.332596,0.392011
437,1,8,0,0.911874,0.695321,0.500859,4.086658,2.046838
437,1,8,1,0.930063,0.633844,0.529529,6.664222,3.528896
437,1,8,2,0.941987,0.641400,0.528203,5.691609,3.006326
437,1,8,3,0.942264,0.694481,0.593108,6.222104,3.690379
437,1,8,4,0.980226,0.947364,0.911594,11.874894,10.825082
437,1,8,5,-0.259475,-0.317724,-1.340309,0.841290,-1.127588
437,1,8,6,0.943906,0.715071,0.609050,4.653273,2.834078
437,1,8,7,0.984887,0.855029,0.796779,7.220830,5.753404
437,1,8,8,0.981128,0.929437,0.884490,5.645062,4.993003
437,1,8,9,0.951517,0.736122,0.620908,5.916385,3.673530
437,1,8,10,0.977100,0.766498,0.729833,7.972855,5.818851
437,1,8,11,0.966102,0.788660,0.700875,5.743762,4.025658
437,1,8,12,0.928734,0.640049,0.512312,5.486277,2.810684
437,1,8,13,0.961630,0.829082,0.716302,5.485987,3.929621
437,1,8,14,0.936111,0.706069,0.574469,4.861061,2.792530
437,1,8,15,0.558285,0.336233,0.020463,3.501947,0.071659
437,1,9,0,0.873647,0.694221,0.329727,3.505388,1.155821
437,1,9,1,0.663525,0.435983,0.054585,3.412318,0.186263
437,1,9,2,0.880678,0.739826,0.503720,2.842960,1.432057
437,1,9,3,0.966280,0.792139,0.728328,6.203568,4.518231
437,1,9,4,0.953948,0.808468,0.741329,5.464158,4.050737
437,1,9,5,0.982501,0.841851,0.824973,6.995433,5.771041
437,1,9,6,0.984761,0.849910,0.793825,9.061609,7.193333
437,1,9,7,0.987553,0.941881,0.926570,5.243165,4.858161
437,1,9,8,0.767739,0.387657,0.249152,4.905230,1.222147
437,1,9,9,0.966612,0.781313,0.672810,7.622877,5.128746
437,1,9,10,0.967824,0.762441,0.717806,7.480997,5.369908
437,1,9,11,0.925147,0.811100,0.676640,3.528518,2.387538
437,1,9,12,0.932334,0.593199,0.527348,7.958695,4.197004
437,1,9,13,0.906440,0.737889,0.571776,3.117466,1.782492
437,1,9,14,0.966966,0.829848,0.770517,6.043170,4.656367
437,1,9,15,0.987924,0.877863,0.823694,10.874269,8.957072
437,1,10,0,0.893005,0.576049,0.424329,6.228693,2.643016
437,1,10,1,0.995383,0.849031,0.846063,19.995316,16.917297
437,1,10,2,0.981184,0.897532,0.851103,6.264413,5.331662
437,1,10,3,0.957564,0.751321,0.672063,4.827299,3.244247
437,1,10,4,0.995272,0.890741,0.888003,7.300252,6.482643
437,1,10,5,0.975723,0.840763,0.797691,9.538211,7.608548
437,1,10,6,0.977605,0.727643,0.695210,10.751559,7.474588
437,1,10,7,0.986767,0.945908,0.920837,4.592836,4.229256
437,1,10,8,0.970785,0.802763,0.761320,7.178127,5.464852
437,1,10,9,0.966235,0.658691,0.628615,9.112591,5.728309
437,1,10,10,0.984020,0.724247,0.712554,13.606193,9.695151
437,1,10,11,0.975291,0.817652,0.765665,8.341043,6.386443
437,1,10,12,0.976154,0.849189,0.811302,6.456442,5.238123
437,1,10,13,0.984227,0.853072,0.831762,10.692235,8.893397
437,1,10,14,0.915717,0.569606,0.456586,7.255726,3.312864
437,1,10,15,0.954640,0.760618,0.719341,5.083941,3.657085
437,1,11,0,0.987488,0.968951,0.963516,6.336445,6.105266
437,1,11,1,0.977613,0.983358,0.934400,9.719517,9.081915
437,1,11,2,0.958540,0.798084,0.710039,5.737513,4.073855
437,1,11,3,0.178346,0.090812,-0.116963,2.206166,-0.258040
437,1,11,4,0.966662,0.709733,0.634324,6.074743,3.853358
437,1,11,5,0.961055,0.803910,0.710018,4.707002,3.342055
437,1,11,6,0.918444,0.542781,0.471000,9.005204,4.241447
437,1,11,7,0.924962,0.591325,0.481076,7.493968,3.605170
437,1,11,8,0.940717,0.733313,0.662895,4.968523,3.293610
437,1,11,9,0.978059,0.908829,0.844657,4.638669,3.918084
437,1,11,10,0.622582,0.345062,0.099415,4.315271,0.429005
437,1,11,11,0.956565,0.686751,0.626262,5.508492,3.449757
437,1,11,12,0.896711,0.536546,0.417741,7.049386,2.944821
437,1,11,13,0.980464,1.010250,0.963826,10.509057,10.128907
437,1,11,14,0.973236,0.818124,0.778889,5.931334,4.619853
437,1,11,15,0.979469,0.968974,0.922955,9.778527,9.025137
437,1,12,0,0.967330,1.657271,1.850147,-1.277902,-2.364307
437,1,12,1,0.968925,0.799764,0.743457,9.686268,7.201324
437,1,12,2,0.903837,0.686459,0.418387,3.215042,1.345130
437,1,12,3,0.998165,1.072757,1.075137,-3.484029,-3.745808
437,1,12,4,0.947778,0.718600,0.612916,4.654490,2.852810
437,1,12,5,0.906262,0.640091,0.526639,4.886224,2.573274
437,1,12,6,0.909797,0.658864,0.437918,3.532825,1.547086
437,1,12,7,0.858469,0.518231,0.393335,6.806604,2.677274
437,1,12,8,0.919685,0.573134,0.474273,7.069939,3.353082
437,1,12,9,0.984125,1.008819,0.981009,8.138523,7.983964
437,1,12,10,0.969986,0.843530,0.752257,3.458649,2.601791
437,1,12,11,0.917521,0.608746,0.511609,6.454818,3.302343
437,1,12,12,0.934535,0.704804,0.617881,5.532651,3.418522
437,1,12,13,0.920900,0.544271,0.465674,5.716749,2.662142
437,1,12,14,0.936474,0.634049,0.553144,7.331686,4.055477
437,1,12,15,0.788933,0.474138,0.290589,6.096665,1.771625
437,1,13,0,0.640196,0.311084,0.150566,6.791951,1.022640
437,1,13,1,0.844840,0.515698,0.359740,6.148866,2.211994
437,1,13,2,0.870048,0.647934,0.381348,3.780733,1.441775
437,1,13,3,0.732613,0.415507,0.211548,5.777719,1.222262
437,1,13,4,0.974755,0.692558,0.665946,10.573940,7.041677
437,1,13,5,0.950983,0.617383,0.554686,5.586125,3.098547
437,1,13,6,0.983860,0.905490,0.882567,8.668728,7.650737
437,1,13,7,0.730036,0.457962,0.162794,4.365554,0.710688
437,1,13,8,0.753870,0.512151,0.201546,4.387950,0.884373
437,1,13,9,0.861937,0.494697,0.366619,6.414310,2.351608
437,1,13,10,0.879356,0.551552,0.415249,5.370849,2.230242
437,1,13,11,0.772409,0.390369,0.270401,7.879853,2.130722
437,1,13,12,0.857349,0.462791,0.359327,7.343481,2.638709
437,1,13,13,0.594903,0.441010,-0.113935,2.419592,-0.275677
437,1,13,14,0.757022,0.394664,0.252996,6.615429,1.673676
437,1,13,15,0.973051,1.268105,1.381077,-1.693185,-2.338419
437,1,14,0,0.790272,0.567420,0.198736,3.890021,0.773088
437,1,14,1,0.974941,0.832434,0.809614,10.620669,8.598643
437,1,14,2,0.885568,0.532171,0.438907,7.212423,3.165581
437,1,14,3,0.808693,0.571742,0.290232,3.658386,1.061781
437,1,14,4,0.918961,0.553291,0.484523,8.262198,4.003224
437,1,14,5,0.646252,0.354539,0.141752,4.162812,0.590088
437,1,14,6,0.753220,0.527346,0.181360,3.918816,0.710717
437,1,14,7,0.925797,0.635517,0.602006,5.997308,3.610416
437,1,14,8,0.888633,0.609498,0.455438,5.091723,2.318967
437,1,14,9,0.753301,0.547086,0.131004,3.379034,0.442669
437,1,14,10,0.605159,0.392913,0.004750,3.211499,0.015256
437,1,14,11,0.926713,0.615721,0.516269,5.647651,2.915707
437,1,14,12,0.911612,0.670838,0.506155,4.611546,2.334157
437,1,14,13,0.831967,0.595995,0.286898,3.892627,1.116786
437,1,14,14,0.889186,0.551404,0.444158,6.451395,2.865437
437,1,14,15,0.859457,0.595082,0.374752,4.004907,1.500847
437,1,15,0,0.976971,0.813087,0.758347,5.755959,4.365014
437,1,15,1,0.951527,0.796766,0.682101,4.255487,2.902673
437,1,15,2,0.962897,0.767384,0.698199,6.050282,4.224300
437,1,15,3,0.969558,0.807504,0.745866,5.173467,3.858715
437,1,15,4,0.997688,1.044338,1.047831,-3.424142,-3.587920
437,1,15,5,0.971785,0.836083,0.816355,5.424345,4.428190
437,1,15,6,0.913014,1.195866,1.397819,1.459526,2.040154
437,1,15,7,0.939370,0.731812,0.613894,4.677720,2.871623
437,1,15,8,0.964910,0.783881,0.747775,5.708670,4.268800
437,1,15,9,0.969608,0.814044,0.736446,5.335499,3.929306
437,1,15,10,0.933585,1.057201,1.443577,-0.814236,-1.175411
437,1,15,11,0.940986,0.682153,0.589281,5.644266,3.326056
437,1,15,12,0.973041,0.969288,0.904579,6.223748,5.629873
437,1,15,13,0.945915,0.720256,0.619621,4.507929,2.793209
437,1,15,14,0.975808,0.809228,0.779263,5.709067,4.448862
437,1,15,15,0.806567,0.528864,0.334832,3.745057,1.253963
500,1,0,0,0.760371,0.703705,0.059988,1.576455,0.094568
500,1,0,1,0.985972,0.990022,1.011199,-1.065033,-1.076960
500,1,0,2,0.964558,0.745060,0.628405,1.926854,1.210846
500,1,0,3,0.979649,1.052322,1.092600,-2.313361,-2.527579
500,1,0,4,0.942537,0.946535,1.053472,-1.270645,-1.338589
500,1,0,5,0.717631,0.942275,7.652356,-0.155789,-1.192150
500,1,0,6,0.904133,0.989948,0.626202,0.519558,0.325348
500,1,0,7,0.979659,1.059788,1.164026,-1.208571,-1.406808
500,1,0,8,0.952362,0.927258,0.912225,1.165907,1.063570
500,1,0,9,0.902815,1.046163,1.883204,-0.466590,-0.878684
500,1,0,10,0.944442,0.713747,0.503766,1.140548,0.574569
500,1,0,11,0.786621,0.767749,0.064799,1.226962,0.079506
500,1,0,12,0.829829,0.415343,0.305405,3.116796,0.951883
500,1,0,13,0.962000,1.065292,1.539925,-1.003224,-1.544890
500,1,0,14,0.914430,0.818849,-0.285003,0.425239,-0.121194
500,1,0,15,0.996020,0.989969,0.972259,-3.098912,-3.012944
500,1,1,0,0.951877,1.004879,3.118894,-0.136158,-0.424662
500,1,1,1,0.995074,0.957332,0.953334,4.037073,3.848679
500,1,1,2,0.968800,0.696483,0.651824,2.650018,1.727346
500,1,1,3,0.898598,0.962394,0.054895,0.459495,0.025224
500,1,1,4,0.849854,0.580272,0.298129,1.407991,0.419763
500,1,1,5,0.870170,0.925363,0.511710,1.087643,0.556558
500,1,1,6,0.992794,0.975461,0.960017,2.876375,2.761370
500,1,1,7,0.951998,0.925774,0.300920,0.321958,0.096884
500,1,1,8,0.867959,0.923414,-2.328305,0.274111,-0.638214
500,1,1,9,0.939102,0.961698,1.205484,0.581317,0.700769
500,1,1,10,0.926756,0.952956,0.886783,1.035915,0.918632
500,1,1,11,0.952554,1.028814,5.742726,0.056461,0.324238
500,1,1,12,0.925864,0.881481,1.092637,-0.332682,-0.363500
500,1,1,13,0.962685,0.721428,0.644684,2.753458,1.775109
500,1,1,14,-0.439726,-0.334116,-0.650776,0.799600,-0.520361
500,1,1,15,0.988950,0.854410,0.844542,6.464180,5.459270
500,1,2,0,0.945586,0.974564,0.859324,1.468527,1.261941
500,1,2,1,0.983690,0.820794,0.784106,3.039320,2.383147
500,1,2,2,0.951423,0.995712,-1.977854,0.174106,-0.344357
500,1,2,3,0.961263,1.005009,-0.883875,0.192796,-0.170408
500,1,2,4,0.854811,0.460538,0.366205,2.248918,0.823566
500,1,2,5,0.985065,0.722590,0.696452,6.651212,4.632253
500,1,2,6,0.939166,0.982065,0.614273,1.119438,0.687641
500,1,2,7,0.944041,0.971422,-0.626175,0.305170,-0.191090
500,1,2,8,0.899890,0.577091,0.459162,1.868132,0.857776
500,1,2,9,0.954926,0.916376,0.840056,3.464102,2.910040
500,1,2,10,0.906796,0.922354,-0.180982,0.523726,-0.094785
500,1,2,11,0.983681,0.788545,0.742241,4.363861,3.239038
500,1,2,12,0.954980,0.998537,-2.740194,0.125506,-0.343912
500,1,2,13,0.832389,0.715385,0.121368,0.835563,0.101411
500,1,2,14,0.876287,0.898059,-3.813793,0.127402,-0.485885
500,1,2,15,0.942175,0.997585,-1.857339,0.215974,-0.401137
500,1,3,0,0.691768,0.477263,0.086440,3.537247,0.305760
500,1,3,1,0.949565,0.922382,0.705609,2.128706,1.502034
500,1,3,2,0.894509,0.873214,0.114840,1.126773,0.129399
500,1,3,3,0.919250,0.961206,20.847966,-0.032632,-0.680313
500,1,3,4,0.921737,0.903715,0.763646,2.396001,1.829697
500,1,3,5,0.987282,0.771474,0.756958,3.694694,2.796728
500,1,3,6,0.945971,0.983928,0.761052,1.041446,0.792595
500,1,3,7,0.931418,0.866241,0.425984,1.147243,0.488707
500,1,3,8,0.993570,0.968710,0.967671,9.432426,9.127483
500,1,3,9,0.982140,0.719298,0.679950,4.412907,3.000558
500,1,3,10,0.951819,1.115693,1.063863,1.102258,1.172652
500,1,3,11,0.816891,0.872151,-0.605182,0.803917,-0.486516
500,1,3,12,0.972591,0.741502,0.686211,4.232265,2.904227
500,1,3,13,0.979783,0.715200,0.683356,9.883934,6.754244
500,1,3,14,0.888127,0.859977,0.293090,1.255326,0.367924
500,1,3,15,0.952072,0.976837,0.762937,1.689231,1.288776
500,1,4,0,0.962288,0.931638,0.863451,1.959411,1.691855
500,1,4,1,0.901400,0.781068,0.424751,3.422823,1.453846
500,1,4,2,0.961501,0.971060,0.696753,0.732269,0.510211
500,1,4,3,0.960315,1.001811,1.072716,1.947399,2.089007
500,1,4,4,0.985809,0.764777,0.719082,5.765112,4.145588
500,1,4,5,0.939714,0.841390,0.546899,1.974916,1.080079
500,1,4,6,0.899106,0.772944,0.282153,2.042068,0.576175
500,1,4,7,0.969404,0.959042,0.700997,1.432629,1.004268
500,1,4,8,0.869886,0.401728,0.350458,2.185826,0.766041
500,1,4,9,0.954550,0.985666,0.551598,0.484064,0.267009
500,1,4,10,0.985542,0.756375,0.717831,9.135781,6.557951
500,1,4,11,0.925243,1.053177,1.639116,1.534109,2.514584
500,1,4,12,0.933600,0.931766,0.724996,1.253981,0.909131
500,1,4,13,0.978440,0.694177,0.671454,6.340693,4.257481
500,1,4,14,0.964628,0.974398,0.581332,0.965344,0.561186
500,1,4,15,0.946639,0.886849,0.486691,1.389071,0.676048
500,1,5,0,0.993519,0.798793,0.792921,14.182282,11.245423
500,1,5,1,0.904271,0.599209,0.457385,5.936529,2.715279
500,1,5,2,0.993509,0.731230,0.721596,11.610380,8.378002
500,1,5,3,0.963627,0.897419,0.746452,3.244426,2.421809
500,1,5,4,0.997372,0.896668,0.888489,12.649322,11.238784
500,1,5,5,0.990878,0.827441,0.816285,10.841367,8.849650
500,1,5,6,0.997233,0.895427,0.892403,18.110701,16.162052
500,1,5,7,0.880237,0.671452,0.391773,3.375766,1.322535
500,1,5,8,0.885834,0.643572,0.421530,4.092935,1.725294
500,1,5,9,0.959413,0.762401,0.684520,4.670320,3.196927
500,1,5,10,0.906508,0.823809,0.730748,4.112664,3.005320
500,1,5,11,0.963046,0.602774,0.561772,8.591232,4.826312
500,1,5,12,0.871564,0.475623,0.363470,4.157594,1.511160
500,1,5,13,0.978108,0.914469,0.824305,5.409043,4.458704
500,1,5,14,0.989204,0.703615,0.685047,9.386054,6.429891
500,1,5,15,0.892242,0.484478,0.394776,4.086567,1.613280
500,1,6,0,0.882493,0.608220,0.381028,4.079087,1.554247
500,1,6,1,0.943289,0.690333,0.612189,6.192123,3.790747
500,1,6,2,0.965689,0.872482,0.737701,4.637117,3.420807
500,1,6,3,0.961971,0.558806,0.522294,5.065567,2.645717
500,1,6,4,0.976798,0.745947,0.700775,6.381568,4.472041
500,1,6,5,0.896416,0.653837,0.486622,4.594945,2.236002
500,1,6,6,0.988041,0.774762,0.741620,13.336353,9.890501
500,1,6,7,0.988988,0.793012,0.776775,9.264775,7.196648
500,1,6,8,0.899282,0.749786,0.516560,4.485946,2.317260
500,1,6,9,0.992201,0.836031,0.808714,12.061655,9.754432
500,1,6,10,0.919610,0.783043,0.515125,2.886792,1.487059
500,1,6,11,0.961437,0.531392,0.503190,6.211112,3.125369
500,1,6,12,0.985536,0.817227,0.759776,13.351141,10.143883
500,1,6,13,0.495952,0.390199,-0.330203,1.848040,-0.610228
500,1,6,14,0.895328,0.698805,0.425109,3.636571,1.545938
500,1,6,15,0.939135,0.748803,0.524138,4.616913,2.419899
500,1,7,0,0.993482,0.807141,0.799677,12.597718,10.074100
500,1,7,1,0.943091,0.711190,0.631201,6.021633,3.800861
500,1,7,2,0.966625,0.932038,0.926440,3.032184,2.809138
500,1,7,3,0.987517,0.672993,0.657539,9.284494,6.104918
500,1,7,4,0.871489,0.523951,0.383554,6.793141,2.605540
500,1,7,5,0.905714,0.642486,0.504853,4.973308,2.510790
500,1,7,6,0.982780,0.718363,0.692217,11.269659,7.801052
500,1,7,7,0.978812,0.793675,0.738683,5.283302,3.902687
500,1,7,8,0.968661,0.926857,0.866946,7.186637,6.230425
500,1,7,9,0.993384,0.838021,0.833195,12.659337,10.547691
500,1,7,10,0.998734,0.910568,0.908368,28.163568,25.582895
500,1,7,11,0.976309,1.096092,1.189510,3.947844,4.696002
500,1,7,12,0.991439,0.749558,0.740652,14.131334,10.466400
500,1,7,13,0.951464,0.677152,0.642881,7.269960,4.673720
500,1,7,14,0.980668,0.701264,0.661342,6.275743,4.150414
500,1,7,15,0.658152,0.388026,0.105416,4.573719,0.482141
500,1,8,0,0.937606,0.710835,0.579099,4.631194,2.681919
500,1,8,1,0.937181,0.662362,0.554159,6.567201,3.639272
500,1,8,2,0.904372,0.591432,0.433166,5.344098,2.314879
500,1,8,3,0.942360,0.678057,0.585455,6.496926,3.803658
500,1,8,4,0.991962,0.994562,0.988862,12.852026,12.708881
500,1,8,5,-0.465047,-0.527977,-1.202198,1.159790,-1.394297
500,1,8,6,0.962445,0.760460,0.688457,5.071482,3.491497
500,1,8,7,0.986608,0.872526,0.814310,6.719806,5.472005
500,1,8,8,0.977323,0.941671,0.891413,5.090574,4.537803
500,1,8,9,0.946290,0.748353,0.612025,5.808066,3.554680
500,1,8,10,0.972385,0.753926,0.709560,7.890612,5.598864
500,1,8,11,0.971057,0.817054,0.736166,5.909642,4.350480
500,1,8,12,0.922490,0.627694,0.489178,5.477328,2.679388
500,1,8,13,0.976525,0.860186,0.799825,6.447333,5.156740
500,1,8,14,0.961280,0.742722,0.659840,5.347197,3.528295
500,1,8,15,0.533004,0.310479,-0.017697,3.435932,-0.060806
500,1,9,0,0.846145,0.662245,0.279314,3.580857,1.000185
500,1,9,1,0.631271,0.417273,0.024885,3.437596,0.085546
500,1,9,2,0.844258,0.727384,0.357546,2.458230,0.878930
500,1,9,3,0.974749,0.823304,0.776054,6.556542,5.088231
500,1,9,4,0.973736,0.844075,0.812854,6.177106,5.021086
500,1,9,5,0.978525,0.838100,0.809773,6.571341,5.321298
500,1,9,6,0.983671,0.850993,0.784346,8.486526,6.656376
500,1,9,7,0.974571,0.912231,0.878011,4.010890,3.521606
500,1,9,8,0.722247,0.366207,0.194718,4.896942,0.953523
500,1,9,9,0.970445,0.792188,0.684831,7.573765,5.186753
500,1,9,10,0.969341,0.782128,0.741435,7.848561,5.819200
500,1,9,11,0.931103,0.813363,0.706317,3.886613,2.745180
500,1,9,12,0.943091,0.560690,0.511579,8.739573,4.470982
500,1,9,13,0.889554,0.765774,0.494897,2.616336,1.294816
500,1,9,14,0.974629,0.864706,0.817423,6.287188,5.139292
500,1,9,15,0.990025,0.905513,0.852064,10.938757,9.320522
500,1,10,0,0.870895,0.541545,0.381760,6.371971,2.432561
500,1,10,1,0.997096,0.868717,0.867439,21.703852,18.826767
500,1,10,2,0.975355,0.854498,0.799703,6.129036,4.901406
500,1,10,3,0.987001,0.804946,0.773204,5.714084,4.418153
500,1,10,4,0.995606,0.895703,0.895759,7.530296,6.745327
500,1,10,5,0.992426,0.904785,0.898091,11.861688,10.652878
500,1,10,6,0.979190,0.779622,0.733446,11.107280,8.146585
500,1,10,7,0.988763,0.952675,0.933676,5.666712,5.290873
500,1,10,8,0.968346,0.804159,0.753471,7.037150,5.302291
500,1,10,9,0.990637,0.709315,0.699193,10.561111,7.384256
500,1,10,10,0.994928,0.775305,0.770758,15.246335,11.751232
500,1,10,11,0.974962,0.832156,0.778655,8.324883,6.482216
500,1,10,12,0.973842,0.842776,0.804322,6.400037,5.147691
500,1,10,13,0.994295,0.889855,0.886415,13.144032,11.651063
500,1,10,14,0.886903,0.532516,0.403228,7.230495,2.915540
500,1,10,15,0.949079,0.759611,0.719417,5.204115,3.743927
500,1,11,0,0.994777,0.993584,0.995489,8.834569,8.794712
500,1,11,1,0.988979,1.015643,1.005943,11.441884,11.509887
500,1,11,2,0.964486,0.821951,0.752748,6.044195,4.549753
500,1,11,3,-0.286612,-0.165066,-0.407126,2.145916,-0.873658
500,1,11,4,0.963069,0.701406,0.615939,5.952088,3.666125
500,1,11,5,0.962647,0.813103,0.731680,5.075929,3.713955
500,1,11,6,0.980125,0.596690,0.579566,11.073309,6.417712
500,1,11,7,0.912207,0.576251,0.452775,7.492593,3.392462
500,1,11,8,0.933133,0.736933,0.660515,4.834481,3.193249
500,1,11,9,0.989708,0.934616,0.903047,5.294536,4.781213
500,1,11,10,0.611211,0.364082,0.053440,4.010514,0.214322
500,1,11,11,0.969104,0.709047,0.671637,6.236400,4.188595
500,1,11,12,0.862058,0.506840,0.359789,6.845994,2.463112
500,1,11,13,0.990685,1.057514,1.053359,11.801706,12.431428
500,1,11,14,0.974982,0.840726,0.803687,6.042912,4.856609
500,1,11,15,0.989581,1.021446,1.010972,11.000803,11.121507
500,1,12,0,0.988803,1.821030,1.869592,-1.324363,-2.476018
500,1,12,1,0.985036,0.867706,0.838426,10.535581,8.833300
500,1,12,2,0.947551,0.735663,0.576769,3.459123,1.995115
500,1,12,3,0.998378,1.074701,1.075660,-3.700271,-3.980232
500,1,12,4,0.965876,0.743723,0.671957,4.934775,3.315959
500,1,12,5,0.872018,0.602451,0.458658,4.710084,2.160319
500,1,12,6,0.925034,0.673633,0.478244,3.591909,1.717807
500,1,12,7,0.832206,0.504556,0.347622,6.514234,2.264489
500,1,12,8,0.885854,0.551400,0.419088,6.596371,2.764460
500,1,12,9,0.986457,1.048696,1.047251,8.863143,9.281940
500,1,12,10,0.983594,0.912051,0.875282,3.873540,3.390439
500,1,12,11,0.920046,0.606302,0.513788,6.570363,3.375775
500,1,12,12,0.934628,0.700751,0.610883,5.684923,3.472823
500,1,12,13,0.894604,0.475304,0.398778,5.714748,2.278918
500,1,12,14,0.935997,0.629204,0.547187,7.364184,4.029589
500,1,12,15,0.707051,0.406775,0.203019,6.194427,1.257587
500,1,13,0,0.587364,0.284242,0.117490,6.964455,0.818255
500,1,13,1,0.883523,0.544154,0.413025,6.233934,2.574770
500,1,13,2,0.859278,0.646361,0.345274,3.604038,1.244383
500,1,13,3,0.829347,0.462626,0.316128,6.215499,1.964896
500,1,13,4,0.981758,0.714495,0.694447,11.142314,7.737752
500,1,13,5,0.969144,0.631645,0.588116,5.841737,3.435618
500,1,13,6,0.985557,0.948293,0.937999,9.006958,8.448517
500,1,13,7,0.725295,0.468439,0.142688,4.186736,0.597396
500,1,13,8,0.703760,0.499601,0.086144,4.066310,0.350289
500,1,13,9,0.820072,0.477288,0.314327,5.992013,1.883451
500,1,13,10,0.842255,0.529317,0.349608,4.845991,1.694198
500,1,13,11,0.771411,0.384177,0.265038,7.816827,2.071760
500,1,13,12,0.843884,0.447734,0.331750,7.038855,2.335140
500,1,13,13,0.583971,0.462098,-0.209137,2.288291,-0.478565
500,1,13,14,0.850083,0.456825,0.347695,6.884356,2.393655
500,1,13,15,0.977370,1.305192,1.374950,-1.764934,-2.426696
500,1,14,0,0.804189,0.540200,0.251086,4.273474,1.073008
500,1,14,1,0.967387,0.799603,0.773299,10.358112,8.009914
500,1,14,2,0.945202,0.599988,0.540571,7.589786,4.102821
500,1,14,3,0.816026,0.569377,0.302850,3.739078,1.132380
500,1,14,4,0.951844,0.591895,0.540271,8.372805,4.523588
500,1,14,5,0.531540,0.314806,0.022233,4.000061,0.088935
500,1,14,6,0.772058,0.524890,0.214592,4.050373,0.869176
500,1,14,7,0.916857,0.618123,0.590957,6.180813,3.652597
500,1,14,8,0.924690,0.638219,0.525263,5.370425,2.820886
500,1,14,9,0.767773,0.551204,0.153194,3.405521,0.521704
500,1,14,10,0.540711,0.345200,-0.054428,3.359384,-0.182843
500,1,14,11,0.939990,0.630368,0.537421,5.597573,3.008255
500,1,14,12,0.923717,0.685350,0.528131,4.529473,2.392156
500,1,14,13,0.816198,0.568881,0.253354,3.895805,0.987019
500,1,14,14,0.941194,0.601751,0.530925,6.747538,3.582435
500,1,14,15,0.914194,0.656836,0.473689,3.944415,1.868426
500,1,15,0,0.982239,0.844284,0.809342,5.799283,4.693606
500,1,15,1,0.956480,0.810497,0.716543,4.279941,3.066759
500,1,15,2,0.966087,0.767994,0.708399,6.232670,4.415217
500,1,15,3,0.968036,0.809747,0.749072,5.053363,3.785335
500,1,15,4,0.996726,1.048910,1.053977,-3.274012,-3.450733
500,1,15,5,0.974902,0.850960,0.844500,5.407679,4.566783
500,1,15,6,0.930130,1.225078,1.339067,1.829580,2.449931
500,1,15,7,0.939577,0.736181,0.623267,4.708117,2.934412
500,1,15,8,0.961497,0.787120,0.752251,5.547334,4.172990
500,1,15,9,0.966963,0.804712,0.725184,5.298759,3.842574
500,1,15,10,0.916752,1.093933,1.754928,-0.573082,-1.005719
500,1,15,11,0.958555,0.718254,0.652467,5.881590,3.837545
500,1,15,12,0.976096,0.986755,0.931809,6.381749,5.946574
500,1,15,13,0.882653,0.599289,0.420310,4.378099,1.840159
500,1,15,14,0.932797,0.666947,0.578200,5.084543,2.939885
500,1,15,15,0.652272,0.431105,0.133292,3.692742,0.492211
1,1,0,0,0.764509,0.717877,0.029201,1.492275,0.043575
1,1,0,1,0.986884,0.980686,0.996382,-1.136032,-1.131922
1,1,0,2,0.987804,0.752332,0.729639,2.859252,2.086221
1,1,0,3,0.964673,1.081590,1.190865,-1.660989,-1.978013
1,1,0,4,0.926156,1.028290,1.285381,-0.985839,-1.267179
1,1,0,5,0.770516,0.902545,8.056083,-0.128078,-1.031807
1,1,0,6,0.903671,0.989487,0.617311,0.548632,0.338677
1,1,0,7,0.985747,1.064531,1.134287,-1.318336,-1.495372
1,1,0,8,0.956235,0.922421,0.899668,1.293938,1.164115
1,1,0,9,0.809499,0.734055,-0.186445,0.481122,-0.089703
1,1,0,10,0.915597,0.682720,0.377178,1.029591,0.388339
1,1,0,11,0.791807,0.782596,0.022858,1.146169,0.026200
1,1,0,12,0.757201,0.393384,0.232950,2.593220,0.604090
1,1,0,13,0.949413,1.046840,2.066148,-0.543846,-1.123667
1,1,0,14,0.975375,0.797357,0.716732,1.358052,0.973359
1,1,0,15,0.995720,0.983481,0.962683,-3.034580,-2.921337
1,1,1,0,0.952083,1.002962,97.939944,-0.003034,-0.297142
1,1,1,1,0.992985,0.975742,0.973782,3.196978,3.113159
1,1,1,2,0.972817,0.710072,0.660866,2.783721,1.839668
1,1,1,3,0.897594,0.959352,0.227544,0.561857,0.127847
1,1,1,4,0.965660,0.726482,0.640101,2.489907,1.593793
1,1,1,5,0.872226,0.926491,0.545550,1.159067,0.632329
1,1,1,6,0.994683,0.978698,0.975838,3.002206,2.929666
1,1,1,7,0.953250,0.928832,0.460264,0.360903,0.166111
1,1,1,8,0.872054,0.931724,-2.604874,0.248826,-0.648161
1,1,1,9,0.939067,0.962840,1.191856,0.579519,0.690703
1,1,1,10,0.926439,0.954824,0.906126,0.995626,0.902163
1,1,1,11,0.952678,1.029467,6.197749,0.050723,0.314370
1,1,1,12,0.927099,0.883257,1.275450,-0.174361,-0.222389
1,1,1,13,0.965729,0.740250,0.658747,2.722476,1.793424
1,1,1,14,-0.218134,-0.120500,-0.288117,1.099315,-0.316732
1,1,1,15,0.990686,0.861263,0.845187,6.571357,5.554025
1,1,2,0,0.944942,0.973778,0.848467,1.431384,1.214481
1,1,2,1,0.992706,0.863722,0.844110,3.656333,3.086347
1,1,2,2,0.950214,0.998372,-1.820706,0.190075,-0.346070
1,1,2,3,0.961611,1.005500,-0.714269,0.212592,-0.151848
1,1,2,4,0.931385,0.561785,0.495563,2.974331,1.473968
1,1,2,5,0.973513,0.730971,0.670434,6.005079,4.026007
1,1,2,6,0.937655,0.982646,0.623202,1.152401,0.718179
1,1,2,7,0.944142,0.974022,-0.461918,0.350398,-0.161855
1,1,2,8,0.813900,0.476588,0.314574,1.520466,0.478299
1,1,2,9,0.953984,0.920355,0.842795,3.375314,2.844698
1,1,2,10,0.907082,0.917064,-0.239695,0.524013,-0.125604
1,1,2,11,0.990986,0.837415,0.803041,4.729805,3.798228
1,1,2,12,0.954660,1.002549,-2.816303,0.123426,-0.347604
1,1,2,13,0.827695,0.726338,0.173966,0.704734,0.122600
1,1,2,14,0.880649,0.891818,-1.960631,0.190504,-0.373508
1,1,2,15,0.942213,0.995380,-1.004416,0.303558,-0.304899
1,1,3,0,0.713217,0.474196,0.140691,3.769021,0.530266
1,1,3,1,0.950330,0.929915,0.708901,2.063634,1.462912
1,1,3,2,0.901414,0.888386,0.109011,1.050552,0.114522
1,1,3,3,0.918775,0.962332,32.076453,-0.020965,-0.672481
1,1,3,4,0.919531,0.903181,0.754968,2.361508,1.782862
1,1,3,5,0.992744,0.803702,0.792201,4.119080,3.263141
1,1,3,6,0.947513,0.985761,0.781395,1.121640,0.876444
1,1,3,7,0.936798,0.871938,0.449415,1.128940,0.507363
1,1,3,8,0.993884,0.973763,0.970675,8.994406,8.730642
1,1,3,9,0.990066,0.745182,0.722753,4.827690,3.489225
1,1,3,10,0.951898,1.113422,1.051893,1.052392,1.107004
1,1,3,11,0.817290,0.860578,-0.373430,0.950256,-0.354854
1,1,3,12,0.964876,0.731546,0.664717,3.639788,2.419428
1,1,3,13,0.982216,0.748195,0.713539,10.047774,7.169478
1,1,3,14,0.887576,0.868549,0.233794,1.156115,0.270292
1,1,3,15,0.952946,0.981643,0.781968,1.756260,1.373339
1,1,4,0,0.965267,0.928481,0.868552,2.198308,1.909346
1,1,4,1,0.915766,0.770760,0.497633,3.854396,1.918075
1,1,4,2,0.962730,0.971401,0.700589,0.757091,0.530410
1,1,4,3,0.957047,0.998223,1.079149,1.806335,1.949305
1,1,4,4,0.989125,0.754980,0.731963,6.122243,4.481254
1,1,4,5,0.941673,0.843837,0.539258,1.912028,1.031076
1,1,4,6,0.895613,0.778999,0.225605,1.897807,0.428154
1,1,4,7,0.971047,0.961164,0.720997,1.477198,1.065055
1,1,4,8,0.906535,0.415074,0.371373,2.244899,0.833695
1,1,4,9,0.955330,0.982343,0.589425,0.515008,0.303558
1,1,4,10,0.987006,0.740782,0.716791,9.341458,6.695874
1,1,4,11,0.926248,1.049827,1.601388,1.529537,2.449381
1,1,4,12,0.932659,0.930725,0.728473,1.270727,0.925691
1,1,4,13,0.986914,0.749417,0.729283,7.157275,5.219681
1,1,4,14,0.964717,0.974180,0.585234,0.972251,0.568994
1,1,4,15,0.947216,0.882923,0.494022,1.458813,0.720686
1,1,5,0,0.994907,0.815572,0.809454,13.756766,11.135472
1,1,5,1,0.899289,0.581081,0.444266,6.071322,2.697284
1,1,5,2,0.980012,0.717928,0.680959,10.052727,6.845492
1,1,5,3,0.964844,0.885680,0.740224,3.429011,2.538235
1,1,5,4,0.997963,0.913394,0.905821,12.718088,11.520312
1,1,5,5,0.990311,0.852051,0.833491,10.618770,8.850650
1,1,5,6,0.998212,0.906646,0.904641,18.765537,16.976080
1,1,5,7,0.879860,0.671813,0.383591,3.322299,1.274405
1,1,5,8,0.880149,0.641202,0.405536,4.006123,1.624626
1,1,5,9,0.960004,0.763261,0.687254,4.612602,3.170028
1,1,5,10,0.910574,0.820368,0.730090,4.182348,3.053489
1,1,5,11,0.961967,0.590217,0.546729,8.308997,4.542773
1,1,5,12,0.926635,0.541591,0.466296,4.564030,2.128189
1,1,5,13,0.977341,0.909902,0.812559,5.358400,4.354017
1,1,5,14,0.986983,0.700496,0.679007,9.268410,6.293311
1,1,5,15,0.915932,0.560161,0.458655,3.917657,1.796853
1,1,6,0,0.882389,0.610786,0.379805,4.067634,1.544908
1,1,6,1,0.943752,0.687929,0.609756,6.201077,3.781143
1,1,6,2,0.964059,0.874304,0.732742,4.579090,3.355291
1,1,6,3,0.951524,0.577539,0.527035,4.597915,2.423260
1,1,6,4,0.976942,0.742477,0.697198,6.526944,4.550573
1,1,6,5,0.910028,0.676229,0.525461,4.658780,2.448007
1,1,6,6,0.992617,0.788563,0.770327,14.512255,11.179184
1,1,6,7,0.992757,0.838359,0.826884,10.140015,8.384611
1,1,6,8,0.901483,0.748511,0.526892,4.558804,2.401995
1,1,6,9,0.994180,0.853090,0.834567,12.674991,10.578128
1,1,6,10,0.917997,0.784389,0.510846,2.899629,1.481265
1,1,6,11,0.977905,0.582138,0.563873,6.858285,3.867200
1,1,6,12,0.990282,0.829203,0.796995,14.088996,11.228866
1,1,6,13,0.534101,0.405710,-0.240341,1.906864,-0.458297
1,1,6,14,0.902802,0.699538,0.455347,3.898340,1.775096
1,1,6,15,0.945450,0.761558,0.551699,4.530291,2.499358
1,1,7,0,0.992741,0.814800,0.805815,12.353533,9.954657
1,1,7,1,0.948130,0.706398,0.638220,6.265956,3.999061
1,1,7,2,0.969776,0.933672,0.921462,3.201168,2.949753
1,1,7,3,0.990852,0.724893,0.710483,9.513478,6.759165
1,1,7,4,0.876802,0.521466,0.391052,6.872259,2.687411
1,1,7,5,0.914284,0.640170,0.516397,5.125157,2.646615
1,1,7,6,0.981419,0.735398,0.700486,10.778204,7.549985
1,1,7,7,0.982275,0.793695,0.749574,5.527622,4.143363
1,1,7,8,0.971198,0.928024,0.871318,7.460667,6.500616
1,1,7,9,0.990823,0.835342,0.825651,11.608966,9.584953
1,1,7,10,0.998861,0.919802,0.918366,28.146069,25.848385
1,1,7,11,0.973716,1.112026,1.226929,3.635006,4.459893
1,1,7,12,0.986017,0.750653,0.723993,12.835486,9.292808
1,1,7,13,0.956259,0.676540,0.647603,7.407287,4.796981
1,1,7,14,0.978575,0.727396,0.676030,5.889575,3.981532
1,1,7,15,0.652199,0.378408,0.103734,4.612386,0.478460
1,1,8,0,0.950695,0.718530,0.611703,4.949031,3.027336
1,1,8,1,0.944043,0.667232,0.571582,6.826657,3.901994
1,1,8,2,0.918102,0.609735,0.468109,5.399022,2.527328
1,1,8,3,0.934677,0.668086,0.565227,6.240205,3.527130
1,1,8,4,0.990710,0.998450,0.995475,11.833349,11.779805
1,1,8,5,-0.428394,-0.398313,-0.894837,1.368042,-1.224175
1,1,8,6,0.970345,0.753010,0.695171,5.467550,3.800880
1,1,8,7,0.985711,0.875141,0.816967,6.632491,5.418525
1,1,8,8,0.977087,0.934666,0.877995,5.252353,4.611538
1,1,8,9,0.953348,0.747664,0.636864,6.215550,3.958460
1,1,8,10,0.972399,0.750188,0.704819,7.928746,5.588330
1,1,8,11,0.970770,0.815111,0.727707,5.876541,4.276399
1,1,8,12,0.939490,0.646552,0.529374,5.708522,3.021944
1,1,8,13,0.975703,0.847590,0.790100,6.721822,5.310914
1,1,8,14,0.968518,0.737181,0.670242,5.823012,3.902828
1,1,8,15,0.592884,0.347956,0.032492,3.405283,0.110644
1,1,9,0,0.849874,0.666475,0.280023,3.547982,0.993517
1,1,9,1,0.597061,0.399636,-0.022996,3.373569,-0.077579
1,1,9,2,0.850321,0.726037,0.389813,2.601645,1.014155
1,1,9,3,0.975335,0.817440,0.768598,6.658101,5.117405
1,1,9,4,0.977528,0.854649,0.831812,6.375849,5.303506
1,1,9,5,0.979343,0.830492,0.804374,6.817707,5.483986
1,1,9,6,0.983122,0.857065,0.785368,8.325277,6.538406
1,1,9,7,0.976802,0.905678,0.869931,4.247557,3.695080
1,1,9,8,0.722992,0.370036,0.195636,4.931374,0.964753
1,1,9,9,0.969814,0.785353,0.682298,7.492893,5.112387
1,1,9,10,0.971180,0.774343,0.735680,8.174578,6.013875
1,1,9,11,0.932751,0.810183,0.704798,3.981627,2.806241
1,1,9,12,0.942755,0.583073,0.529649,8.802934,4.662469
1,1,9,13,0.896111,0.748296,0.520190,2.909748,1.513622
1,1,9,14,0.971339,0.855088,0.800214,6.005323,4.805544
1,1,9,15,0.988718,0.896337,0.842599,10.762691,9.068635
1,1,10,0,0.871683,0.541749,0.383925,6.317673,2.425510
1,1,10,1,0.997246,0.872778,0.871582,21.637590,18.858938
1,1,10,2,0.978692,0.875827,0.826932,6.346600,5.248209
1,1,10,3,0.984307,0.813938,0.773491,5.441501,4.208950
1,1,10,4,0.994747,0.892922,0.893584,7.131631,6.372710
1,1,10,5,0.991680,0.892538,0.883506,10.641508,9.401836
1,1,10,6,0.985750,0.783327,0.761000,11.620569,8.843257
1,1,10,7,0.987222,0.952830,0.931136,5.118707,4.766214
1,1,10,8,0.961838,0.789526,0.722613,7.040946,5.087881
1,1,10,9,0.977128,0.650338,0.630370,9.543134,6.015702
1,1,10,10,0.993556,0.754648,0.748864,14.502535,10.860421
1,1,10,11,0.974630,0.823681,0.772560,8.606012,6.648657
1,1,10,12,0.974196,0.849478,0.809167,6.343022,5.132561
1,1,10,13,0.993470,0.901074,0.893857,12.118895,10.832554
1,1,10,14,0.894434,0.547689,0.416195,7.040605,2.930265
1,1,10,15,0.946943,0.753510,0.707733,5.270767,3.730295
1,1,11,0,0.991784,0.978672,0.979056,7.523542,7.365968
1,1,11,1,0.990037,1.025243,1.020655,10.818274,11.041726
1,1,11,2,0.959445,0.806072,0.729745,5.952657,4.343921
1,1,11,3,-0.156512,-0.078771,-0.282882,2.378396,-0.672806
1,1,11,4,0.961657,0.689868,0.606143,5.961128,3.613298
1,1,11,5,0.954744,0.814312,0.705320,4.752231,3.351846
1,1,11,6,0.976450,0.622964,0.596563,11.095955,6.619439
1,1,11,7,0.903278,0.570333,0.439341,7.405238,3.253422
1,1,11,8,0.930123,0.726633,0.641833,4.952190,3.178480
1,1,11,9,0.989801,0.940269,0.915659,5.062927,4.635916
1,1,11,10,0.662665,0.373406,0.127652,4.392631,0.560729
1,1,11,11,0.961298,0.701416,0.650456,5.896515,3.835427
1,1,11,12,0.868562,0.509009,0.369223,6.903744,2.549018
1,1,11,13,0.990552,1.063409,1.063020,10.858860,11.543190
1,1,11,14,0.979016,0.847030,0.816322,6.553602,5.349848
1,1,11,15,0.990786,1.018816,1.013330,10.676371,10.818688
1,1,12,0,0.987242,1.893370,1.955974,-1.230619,-2.407060
1,1,12,1,0.984197,0.876003,0.843018,10.146912,8.554025
1,1,12,2,0.950019,0.733344,0.586455,3.612051,2.118304
1,1,12,3,0.998458,1.091107,1.092771,-3.705869,-4.049667
1,1,12,4,0.965150,0.747384,0.674011,4.995399,3.366954
1,1,12,5,0.870891,0.591858,0.447361,4.715836,2.109683
1,1,12,6,0.929111,0.678075,0.489079,3.643985,1.782196
1,1,12,7,0.823430,0.501488,0.337599,6.539182,2.207622
1,1,12,8,0.889104,0.543956,0.420175,6.867634,2.885605
1,1,12,9,0.988541,1.055456,1.050836,8.537141,8.971139
1,1,12,10,0.981542,0.883363,0.848456,3.885944,3.297053
1,1,12,11,0.922502,0.609004,0.517186,6.677806,3.453666
1,1,12,12,0.920470,0.691335,0.585611,5.435519,3.183100
1,1,12,13,0.919358,0.515098,0.446944,5.769037,2.578435
1,1,12,14,0.928341,0.616514,0.524050,7.188304,3.767029
1,1,12,15,0.709706,0.402977,0.206646,6.267309,1.295116
1,1,13,0,0.572262,0.276556,0.107916,6.994745,0.754846
1,1,13,1,0.883412,0.539056,0.409636,6.294907,2.578620
1,1,13,2,0.860355,0.641731,0.350610,3.688772,1.293322
1,1,13,3,0.842772,0.467147,0.332321,6.432615,2.137696
1,1,13,4,0.980846,0.716921,0.691671,10.987996,7.600081
1,1,13,5,0.972129,0.644693,0.607934,6.027739,3.664466
1,1,13,6,0.988318,0.970350,0.955789,8.515825,8.139328
1,1,13,7,0.713618,0.463525,0.132969,4.212116,0.560079
1,1,13,8,0.708272,0.502152,0.095579,4.135618,0.395276
1,1,13,9,0.820589,0.470690,0.315425,6.139033,1.936402
1,1,13,10,0.841122,0.522058,0.350747,4.970586,1.743417
1,1,13,11,0.770513,0.382504,0.267205,7.992055,2.135518
1,1,13,12,0.835194,0.437808,0.323109,7.185070,2.321563
1,1,13,13,0.598611,0.470208,-0.180843,2.324308,-0.420335
1,1,13,14,0.850447,0.452251,0.346449,7.048492,2.441945
1,1,13,15,0.974020,1.364252,1.459317,-1.559616,-2.275975
1,1,14,0,0.812218,0.552439,0.265153,4.294916,1.138810
1,1,14,1,0.971098,0.804864,0.780566,10.893378,8.503006
1,1,14,2,0.949120,0.610873,0.552745,7.612063,4.207533
1,1,14,3,0.826729,0.579922,0.322718,3.776342,1.218695
1,1,14,4,0.949535,0.588140,0.534666,8.432826,4.508747
1,1,14,5,0.559103,0.326053,0.053423,4.095577,0.218799
1,1,14,6,0.775896,0.530218,0.221467,4.057110,0.898518
1,1,14,7,0.914531,0.616924,0.587919,6.095971,3.583940
1,1,14,8,0.928534,0.646436,0.538697,5.498904,2.962243
1,1,14,9,0.773430,0.559920,0.165746,3.410565,0.565287
1,1,14,10,0.556122,0.354030,-0.036191,3.366926,-0.121853
1,1,14,11,0.941362,0.631750,0.541864,5.692512,3.084565
1,1,14,12,0.923455,0.684752,0.529089,4.587066,2.426966
1,1,14,13,0.825470,0.585967,0.264384,3.829089,1.012349
1,1,14,14,0.935921,0.592263,0.518010,6.790905,3.517756
1,1,14,15,0.919920,0.656517,0.489552,4.068961,1.991970
1,1,15,0,0.982723,0.854859,0.819837,5.723581,4.692403
1,1,15,1,0.956801,0.816302,0.720202,4.258525,3.066999
1,1,15,2,0.967629,0.782906,0.724083,6.139452,4.445471
1,1,15,3,0.969927,0.822252,0.763560,4.995757,3.814559
1,1,15,4,0.996916,1.038705,1.043674,-3.303575,-3.447854
1,1,15,5,0.976103,0.857706,0.851531,5.447099,4.638375
1,1,15,6,0.934658,1.256973,1.375441,1.909561,2.626488
1,1,15,7,0.943145,0.751113,0.642441,4.671296,3.001032
1,1,15,8,0.962742,0.798580,0.766537,5.488138,4.206861
1,1,15,9,0.968432,0.815266,0.737291,5.259821,3.878020
1,1,15,10,0.919671,1.089287,1.718472,-0.579443,-0.995756
1,1,15,11,0.960693,0.730848,0.665699,5.853885,3.896924
1,1,15,12,0.976428,0.987127,0.931329,6.297756,5.865281
1,1,15,13,0.876283,0.591274,0.407283,4.415309,1.798279
1,1,15,14,0.938608,0.682621,0.596923,5.099185,3.043820
1,1,15,15,0.669425,0.439474,0.158647,3.768561,0.597871
