class_id,seed,block,head,cosine,ls_scale,ratio,mean8_up,mean9
980,0,0,0,0.833678,0.900023,-1.906002,-0.308010,0.587068
980,0,0,1,0.933463,0.846042,0.571980,-0.626568,-0.358384
980,0,0,2,0.953994,0.898323,1.580365,-0.229535,-0.362750
980,0,0,3,0.948776,1.013919,1.292130,-0.836467,-1.080824
980,0,0,4,0.908699,1.024160,1.299932,-0.790118,-1.027100
980,0,0,5,0.883574,0.738128,0.418132,1.665236,0.696288
980,0,0,6,0.948786,0.958825,0.681546,1.549057,1.055754
980,0,0,7,0.989533,1.051490,1.070422,-1.799753,-1.926495
980,0,0,8,0.973078,0.849103,0.823841,1.941652,1.599613
980,0,0,9,0.971987,1.047421,1.131691,-1.408426,-1.593904
980,0,0,10,0.982618,0.877987,0.885482,2.196109,1.944616
980,0,0,11,0.807139,0.913010,-9.162350,-0.107699,0.986777
980,0,0,12,0.831885,0.698662,0.409931,0.727531,0.298238
980,0,0,13,0.969404,1.062441,1.158471,-1.239134,-1.435501
980,0,0,14,0.956747,1.055161,1.233037,-0.917149,-1.130878
980,0,0,15,0.990968,1.009847,1.219473,-0.350582,-0.427525
980,0,1,0,0.979546,0.998508,1.140245,0.539211,0.614833
980,0,1,1,0.987116,0.970876,0.962993,2.522198,2.428859
980,0,1,2,0.955086,0.975551,1.305927,0.592014,0.773127
980,0,1,3,0.894346,1.095538,5.688910,0.239403,1.361943
980,0,1,4,0.969128,0.924910,1.202911,0.563655,0.678027
980,0,1,5,0.921483,1.199826,2.151508,1.030039,2.216138
980,0,1,6,0.990750,0.964648,0.934806,2.336551,2.184221
980,0,1,7,0.955652,0.977485,1.198062,0.806054,0.965703
980,0,1,8,0.926050,1.066319,3.004801,0.388417,1.167115
980,0,1,9,0.939451,0.929529,0.360202,-0.523858,-0.188695
980,0,1,10,0.957619,0.960657,0.877355,1.137135,0.997671
980,0,1,11,0.968126,0.963571,0.694633,1.659838,1.152977
980,0,1,12,0.963236,1.111971,1.485895,-0.818383,-1.216030
980,0,1,13,0.966676,0.912903,0.977063,0.587500,0.574024
980,0,1,14,0.517789,0.684956,-7.265932,-0.083637,0.607698
980,0,1,15,0.970699,1.194202,1.333311,3.120494,4.160589
980,0,2,0,0.963349,0.949735,0.888964,2.333381,2.074291
980,0,2,1,0.965743,0.956574,1.010685,1.023629,1.034566
980,0,2,2,0.962089,1.028243,2.239745,0.292231,0.654523
980,0,2,3,0.965131,1.042064,2.178034,0.312464,0.680556
980,0,2,4,0.926355,1.050190,1.842732,0.298490,0.550037
980,0,2,5,0.983918,0.958178,0.942686,3.798877,3.581147
980,0,2,6,0.956573,1.069276,1.180576,1.475304,1.741708
980,0,2,7,0.959786,1.023202,1.918920,0.383749,0.736383
980,0,2,8,0.925378,0.910115,1.550766,0.167131,0.259181
980,0,2,9,0.978626,0.881784,0.823833,4.089999,3.369476
980,0,2,10,0.915940,1.026614,2.889908,0.383783,1.109098
980,0,2,11,0.984600,1.062696,1.135152,1.884625,2.139337
980,0,2,12,0.960936,1.030867,2.272915,0.336511,0.764861
980,0,2,13,0.942686,0.969108,0.741091,0.402265,0.298115
980,0,2,14,0.943303,0.991410,1.167832,-0.869253,-1.015141
980,0,2,15,0.944845,1.039175,5.003929,0.150048,0.750831
980,0,3,0,0.938069,0.976835,1.004736,1.247722,1.253631
980,0,3,1,0.960016,0.942229,0.871439,2.346030,2.044421
980,0,3,2,0.935032,0.954930,0.648669,0.945916,0.613586
980,0,3,3,0.957863,0.964675,0.643214,1.170025,0.752576
980,0,3,4,0.927167,0.900433,0.760831,2.408375,1.832366
980,0,3,5,0.985534,1.120104,1.186627,1.954572,2.319348
980,0,3,6,0.968933,0.983036,0.936284,2.370237,2.219216
980,0,3,7,0.956185,0.986986,1.469155,0.694976,1.021028
980,0,3,8,0.993770,1.039966,1.051394,8.366017,8.795977
980,0,3,9,0.985953,1.064071,1.103799,2.581253,2.849183
980,0,3,10,0.884495,0.780401,0.494122,3.216981,1.589581
980,0,3,11,0.830628,1.040548,4.882989,0.387885,1.894040
980,0,3,12,0.983920,0.971063,0.935431,2.699136,2.524856
980,0,3,13,0.988129,1.079578,1.096071,6.130351,6.719302
980,0,3,14,0.940345,0.976451,0.856155,1.047034,0.896423
980,0,3,15,0.977402,0.983101,0.890678,2.367768,2.108919
980,0,4,0,0.963409,0.932234,0.890484,2.494653,2.221448
980,0,4,1,0.974871,1.077524,1.078964,1.846656,1.992475
980,0,4,2,0.960490,1.015875,1.242592,0.796288,0.989461
980,0,4,3,0.968264,1.031636,1.069403,2.472387,2.643979
980,0,4,4,0.989493,1.053069,1.073929,3.788623,4.068714
980,0,4,5,0.962066,1.129990,1.494214,1.760188,2.630097
980,0,4,6,0.956744,1.094553,1.689758,1.486885,2.512475
980,0,4,7,0.974874,0.954550,0.793881,1.868721,1.483542
980,0,4,8,0.839238,0.683474,-0.372328,-0.239588,0.089205
980,0,4,9,0.965199,1.012031,0.992439,0.827419,0.821163
980,0,4,10,0.988702,1.003080,1.000264,5.778840,5.780363
980,0,4,11,0.978477,0.924226,0.925416,4.414533,4.085278
980,0,4,12,0.961371,0.959887,0.903348,1.886371,1.704050
980,0,4,13,0.982319,1.031244,1.070339,3.531104,3.779478
980,0,4,14,0.976033,0.992461,0.853234,1.519231,1.296260
980,0,4,15,0.956107,1.089513,1.507469,1.358917,2.048525
980,0,5,0,0.994134,0.998323,1.002507,11.081689,11.109475
980,0,5,1,0.930784,0.769479,0.680836,3.766259,2.564206
980,0,5,2,0.985900,0.920584,0.917387,7.650848,7.018786
980,0,5,3,0.979279,0.933186,0.828951,2.855558,2.367117
980,0,5,4,0.997061,1.037773,1.042554,10.381485,10.823256
980,0,5,5,0.988433,1.025450,1.031642,7.507529,7.745080
980,0,5,6,0.997191,1.059591,1.064403,15.131957,16.106504
980,0,5,7,0.947951,1.120753,1.372477,2.762566,3.791558
980,0,5,8,0.961577,1.082195,1.232576,3.115155,3.839666
980,0,5,9,0.973278,1.021213,1.058108,4.441153,4.699219
980,0,5,10,0.962541,0.808313,0.749650,5.849443,4.385034
980,0,5,11,0.956699,0.897306,0.899895,4.786714,4.307540
980,0,5,12,0.929284,0.881122,0.684181,1.431648,0.979507
980,0,5,13,0.989560,0.993255,0.971608,5.307657,5.156962
980,0,5,14,0.981844,0.961184,0.966347,5.799172,5.604015
980,0,5,15,0.885384,0.822267,0.698023,1.300191,0.907564
980,0,6,0,0.951402,0.973119,1.034589,2.974736,3.077629
980,0,6,1,0.972389,0.857614,0.817594,5.467313,4.470042
980,0,6,2,0.980165,0.907817,0.821817,5.213248,4.284334
980,0,6,3,0.918455,0.970556,1.057843,1.959208,2.072535
980,0,6,4,0.979714,1.123083,1.199987,4.913947,5.896671
980,0,6,5,0.957037,0.865081,0.782751,3.855016,3.017519
980,0,6,6,0.988169,0.962321,0.953112,10.267582,9.786151
980,0,6,7,0.991798,1.033725,1.041933,7.342807,7.650711
980,0,6,8,0.960109,0.851426,0.729095,5.137269,3.745555
980,0,6,9,0.992457,0.948099,0.928088,10.286623,9.546888
980,0,6,10,0.949644,0.996670,0.997455,2.172126,2.166599
980,0,6,11,0.957087,0.960663,0.997401,3.754290,3.744531
980,0,6,12,0.992612,0.973767,0.944066,11.243884,10.614967
980,0,6,13,0.914582,0.985253,1.941829,-0.325413,-0.631897
980,0,6,14,0.968166,0.942290,0.845040,2.512801,2.123417
980,0,6,15,0.983301,0.991187,0.993066,4.145282,4.116540
980,0,7,0,0.992258,1.050978,1.056548,9.332618,9.860360
980,0,7,1,0.975089,0.992526,0.993474,4.981727,4.949215
980,0,7,2,0.978127,0.999637,1.021141,3.554986,3.630143
980,0,7,3,0.977311,0.884082,0.880683,6.315486,5.561942
980,0,7,4,0.877534,0.682208,0.441478,3.765071,1.662196
980,0,7,5,0.924083,1.034993,1.164892,2.992657,3.486122
980,0,7,6,0.972226,0.946359,0.929730,7.068964,6.572230
980,0,7,7,0.967493,1.159283,1.308818,3.363456,4.402150
980,0,7,8,0.973639,1.019964,0.984763,6.236341,6.141316
980,0,7,9,0.993424,0.970067,0.968072,10.009978,9.690384
980,0,7,10,0.998180,1.006050,1.006525,24.810329,24.972219
980,0,7,11,0.993417,0.958541,0.946772,6.164805,5.836667
980,0,7,12,0.988545,0.978920,0.977075,9.788301,9.563906
980,0,7,13,0.973909,0.901954,0.889676,6.238364,5.550121
980,0,7,14,0.963058,0.827446,0.773435,3.458453,2.674887
980,0,7,15,0.831840,0.825615,-1.079479,0.613389,-0.662140
980,0,8,0,0.962426,1.107344,1.223782,3.448183,4.219825
980,0,8,1,0.974720,0.915195,0.869033,5.307227,4.612156
980,0,8,2,0.912950,0.780487,0.676937,3.115816,2.109210
980,0,8,3,0.965137,0.867355,0.797675,4.735231,3.777175
980,0,8,4,0.990649,1.053963,1.055605,10.306207,10.879288
980,0,8,5,0.970074,1.084907,1.159960,-1.928272,-2.236718
980,0,8,6,0.976624,1.056021,1.087815,4.318693,4.697938
980,0,8,7,0.987030,1.094991,1.192454,6.283650,7.492966
980,0,8,8,0.989140,0.993668,0.971870,5.465841,5.312088
980,0,8,9,0.983371,0.990293,0.986591,5.378099,5.305982
980,0,8,10,0.986090,0.989355,0.986964,6.735701,6.647893
980,0,8,11,0.981257,1.060599,1.134670,4.976852,5.647087
980,0,8,12,0.958975,1.027133,1.041840,3.223036,3.357889
980,0,8,13,0.986428,0.988703,0.976451,7.401366,7.227075
980,0,8,14,0.975721,1.079349,1.097854,4.479475,4.917810
980,0,8,15,0.830644,0.836577,0.909601,0.771738,0.701974
980,0,9,0,0.967792,0.962184,0.985597,3.332785,3.284783
980,0,9,1,0.841625,0.787275,-0.052610,1.390710,-0.073166
980,0,9,2,0.952566,0.878102,0.768205,2.752294,2.114327
980,0,9,3,0.985033,1.033987,1.039935,5.494443,5.713861
980,0,9,4,0.976044,1.090116,1.133601,5.567767,6.311628
980,0,9,5,0.975343,1.076245,1.147884,5.439359,6.243751
980,0,9,6,0.989686,1.065873,1.124049,7.886407,8.864706
980,0,9,7,0.993777,0.944184,0.933120,6.251175,5.833097
980,0,9,8,0.848044,0.768303,0.080012,0.957793,0.076635
980,0,9,9,0.990101,1.002227,0.997428,6.387530,6.371099
980,0,9,10,0.980811,0.899303,0.889336,7.673960,6.824732
980,0,9,11,0.972095,0.818844,0.732996,4.862603,3.564267
980,0,9,12,0.901979,0.932525,1.055921,4.146457,4.378331
980,0,9,13,0.958101,0.881167,0.828631,3.073350,2.546673
980,0,9,14,0.981752,1.035891,1.050102,5.256820,5.520195
980,0,9,15,0.993211,0.984305,0.957833,9.614550,9.209129
980,0,10,0,0.937945,0.800282,0.601640,4.013638,2.414766
980,0,10,1,0.995381,0.995619,0.999454,18.321810,18.311804
980,0,10,2,0.974273,0.924541,0.872473,5.420508,4.729248
980,0,10,3,0.955711,0.802074,0.671628,3.371714,2.264536
980,0,10,4,0.996603,0.925309,0.924021,7.711009,7.125135
980,0,10,5,0.990863,1.022862,1.025622,9.352809,9.592443
980,0,10,6,0.981403,0.977740,0.964812,7.731436,7.459383
980,0,10,7,0.985216,0.843806,0.793702,6.825998,5.417809
980,0,10,8,0.984270,1.036634,1.048912,6.808813,7.141847
980,0,10,9,0.985601,1.026106,1.041922,7.684030,8.006164
980,0,10,10,0.986199,0.960018,0.970931,12.497222,12.133945
980,0,10,11,0.988939,0.978325,0.963007,8.326771,8.018741
980,0,10,12,0.954018,0.797161,0.688814,4.653223,3.205203
980,0,10,13,0.993716,1.044621,1.047795,10.475681,10.976366
980,0,10,14,0.935028,0.833949,0.667732,3.376400,2.254531
980,0,10,15,0.976079,1.040841,1.069287,4.607685,4.926939
980,0,11,0,0.996627,1.014422,1.018564,9.218587,9.389724
980,0,11,1,0.987762,1.085584,1.097569,9.585690,10.520952
980,0,11,2,0.981281,1.047572,1.074524,5.605718,6.023478
980,0,11,3,0.864314,1.020738,1.770623,-1.071036,-1.896402
980,0,11,4,0.940772,0.818245,0.641202,3.790642,2.430566
980,0,11,5,0.966592,1.119123,1.257287,4.134048,5.197686
980,0,11,6,0.895875,0.912676,1.059659,5.297230,5.613256
980,0,11,7,0.932754,0.882396,0.851864,3.765570,3.207752
980,0,11,8,0.972596,0.979162,0.987937,4.143566,4.093583
980,0,11,9,0.982923,0.926640,0.858461,3.603383,3.093362
980,0,11,10,0.900609,0.852919,0.568534,2.015330,1.145784
980,0,11,11,0.987548,0.839198,0.818916,6.657771,5.452154
980,0,11,12,0.905322,0.725314,0.499345,4.140021,2.067297
980,0,11,13,0.988619,1.094045,1.108526,9.882346,10.954833
980,0,11,14,0.975826,1.121742,1.203136,4.811596,5.789005
980,0,11,15,0.988010,1.068096,1.077276,9.332313,10.053473
980,0,12,0,0.986780,1.168719,1.200979,-2.794726,-3.356408
980,0,12,1,0.980841,1.081012,1.105274,7.193061,7.950301
980,0,12,2,0.931682,1.049023,1.745692,1.386577,2.420537
980,0,12,3,0.998367,1.091004,1.091056,-3.394085,-3.703136
980,0,12,4,0.958213,1.094608,1.359982,2.952096,4.014795
980,0,12,5,0.893608,1.002239,1.134550,2.652617,3.009528
980,0,12,6,0.905866,1.036390,2.529242,0.759185,1.920164
980,0,12,7,0.959169,0.896501,0.854328,4.984451,4.258358
980,0,12,8,0.938435,0.934734,0.968161,4.113453,3.982485
980,0,12,9,0.984223,1.140167,1.184175,7.114396,8.424691
980,0,12,10,0.974997,0.870158,0.801741,3.270148,2.621813
980,0,12,11,0.946488,1.026477,1.121946,3.886506,4.360448
980,0,12,12,0.965579,1.206317,1.395463,4.276214,5.967298
980,0,12,13,0.907474,0.907174,0.992741,2.632014,2.612908
980,0,12,14,0.957363,1.029112,1.077878,5.015826,5.406448
980,0,12,15,0.848822,0.914213,0.864280,2.393919,2.069017
980,0,13,0,0.932413,0.849149,0.826331,4.586256,3.789764
980,0,13,1,0.951182,0.985658,1.006738,4.394456,4.424066
980,0,13,2,0.926883,0.992986,1.461471,1.407649,2.057237
980,0,13,3,0.950108,0.987900,1.035179,4.025569,4.167186
980,0,13,4,0.977308,0.934502,0.934144,8.106460,7.572600
980,0,13,5,0.955143,0.718069,0.642297,3.713343,2.385070
980,0,13,6,0.985824,1.063174,1.070357,7.570728,8.103385
980,0,13,7,0.945564,0.923684,0.810329,1.886755,1.528892
980,0,13,8,0.896392,0.753277,0.470768,2.654751,1.249771
980,0,13,9,0.934993,1.009012,1.108728,3.370292,3.736738
980,0,13,10,0.922769,1.067940,1.296354,2.917835,3.782548
980,0,13,11,0.915972,0.850311,0.843075,5.258995,4.433729
980,0,13,12,0.945898,0.881573,0.901514,4.988033,4.496781
980,0,13,13,0.925445,0.958636,0.953733,-0.776448,-0.740524
980,0,13,14,0.946740,0.962191,0.994475,4.825365,4.798707
980,0,13,15,0.986878,1.250389,1.307110,-1.937323,-2.532295
980,0,14,0,0.894352,0.936498,0.974840,2.042127,1.990747
980,0,14,1,0.986800,0.925186,0.907503,9.744600,8.843256
980,0,14,2,0.960889,1.048824,1.101744,4.677158,5.153030
980,0,14,3,0.887355,0.974238,1.037544,1.509432,1.566102
980,0,14,4,0.964403,1.051514,1.108160,5.186351,5.747309
980,0,14,5,0.789330,0.704379,0.317574,1.629813,0.517586
980,0,14,6,0.886433,0.929049,0.902768,1.746472,1.576659
980,0,14,7,0.946221,0.696709,0.631402,5.758312,3.635808
980,0,14,8,0.927796,0.944387,0.967359,3.076159,2.975751
980,0,14,9,0.823108,0.948073,2.170207,0.802260,1.741071
980,0,14,10,0.753934,0.698039,-0.069982,0.922302,-0.064545
980,0,14,11,0.914106,1.046646,1.330309,2.710719,3.606094
980,0,14,12,0.934198,0.985154,1.055036,2.426268,2.559801
980,0,14,13,0.880112,0.984103,1.361580,1.509330,2.055073
980,0,14,14,0.954528,1.007662,1.055658,4.289215,4.527946
980,0,14,15,0.869200,1.073638,1.882563,1.458359,2.745454
980,0,15,0,0.981933,1.058156,1.098960,4.251216,4.671916
980,0,15,1,0.970711,0.984885,0.947538,2.835544,2.686786
980,0,15,2,0.977818,0.897670,0.850041,4.801709,4.081648
980,0,15,3,0.977057,0.991637,0.985921,3.494726,3.445525
980,0,15,4,0.997873,1.034194,1.035984,-3.399591,-3.521923
980,0,15,5,0.970943,1.021716,1.095387,3.560337,3.899947
980,0,15,6,0.542450,0.913270,7.222538,0.223289,1.612714
980,0,15,7,0.955326,0.924581,0.824752,2.961915,2.442847
980,0,15,8,0.959558,1.038092,1.093145,3.604102,3.939806
980,0,15,9,0.979560,1.000039,0.979459,3.752770,3.675683
980,0,15,10,0.965091,0.920938,0.853168,-2.232525,-1.904719
980,0,15,11,0.972299,0.917556,0.864766,4.099246,3.544890
980,0,15,12,0.987711,1.105367,1.060850,5.798041,6.150850
980,0,15,13,0.938773,0.896417,0.792729,2.532221,2.007366
980,0,15,14,0.959315,0.925560,0.926107,3.784651,3.504993
980,0,15,15,0.726073,0.647873,-0.022255,1.709674,-0.038049
437,0,0,0,0.835305,0.902156,-2.029384,-0.293984,0.596606
437,0,0,1,0.939236,0.886124,0.558261,-0.517306,-0.288792
437,0,0,2,0.959821,0.905777,2.064922,-0.151841,-0.313541
437,0,0,3,0.976252,0.958512,0.965993,-1.503523,-1.452393
437,0,0,4,0.925436,0.851795,0.928326,-0.942229,-0.874695
437,0,0,5,0.875655,0.758246,0.389387,1.668166,0.649563
437,0,0,6,0.949861,0.960967,0.700408,1.568425,1.098538
437,0,0,7,0.987634,1.059401,1.089390,-1.698871,-1.850734
437,0,0,8,0.965165,0.855384,0.824611,1.901174,1.567729
437,0,0,9,0.979658,1.095520,1.147006,-1.564279,-1.794238
437,0,0,10,0.984263,0.879821,0.876026,2.371337,2.077354
437,0,0,11,0.809864,0.915450,-9.709604,-0.099788,0.968901
437,0,0,12,0.839441,0.725028,0.576181,0.926719,0.533957
437,0,0,13,0.967808,1.057561,1.147065,-1.210491,-1.388512
437,0,0,14,0.971042,1.016004,1.109157,-1.447944,-1.605997
437,0,0,15,0.990900,1.007892,1.269934,-0.281382,-0.357336
437,0,1,0,0.979407,0.992662,1.117775,0.501647,0.560728
437,0,1,1,0.991027,0.987300,0.970033,2.622885,2.544283
437,0,1,2,0.950622,0.963404,1.198579,0.645913,0.774178
437,0,1,3,0.897645,1.101418,5.023997,0.270499,1.358987
437,0,1,4,0.984015,0.950569,1.001703,1.581908,1.584603
437,0,1,5,0.926018,1.204130,2.031197,1.104524,2.243505
437,0,1,6,0.985893,0.981037,0.961898,1.845244,1.774937
437,0,1,7,0.955376,0.978155,1.201378,0.820090,0.985237
437,0,1,8,0.923982,1.065182,3.113815,0.377729,1.176177
437,0,1,9,0.936789,0.916000,0.268628,-0.535841,-0.143942
437,0,1,10,0.959229,0.958105,0.900033,1.160446,1.044439
437,0,1,11,0.969532,0.965349,0.719562,1.670844,1.202277
437,0,1,12,0.959966,1.119336,1.464606,-0.765894,-1.121734
437,0,1,13,0.966876,0.902650,1.030824,0.756159,0.779466
437,0,1,14,0.453444,0.636193,-6.852812,-0.092856,0.636325
437,0,1,15,0.963380,1.209923,1.330063,2.862242,3.806963
437,0,2,0,0.964791,0.950231,0.893573,2.402468,2.146782
437,0,2,1,0.973228,0.974712,0.999255,2.083362,2.081810
437,0,2,2,0.962251,1.028326,2.084800,0.334116,0.696566
437,0,2,3,0.965951,1.042467,1.979499,0.359776,0.712177
437,0,2,4,0.957355,1.129818,1.640388,0.553110,0.907314
437,0,2,5,0.982106,0.989654,0.980562,3.530659,3.462031
437,0,2,6,0.956859,1.066006,1.164914,1.482144,1.726571
437,0,2,7,0.960831,1.023867,1.771636,0.444412,0.787337
437,0,2,8,0.947907,0.904083,0.458770,-0.161015,-0.073869
437,0,2,9,0.977375,0.868020,0.804251,4.122259,3.315330
437,0,2,10,0.923135,1.043253,2.202604,0.576431,1.269648
437,0,2,11,0.980858,1.015745,1.080762,1.586523,1.714654
437,0,2,12,0.961717,1.030208,2.009323,0.392908,0.789480
437,0,2,13,0.949001,0.983397,0.975829,0.738197,0.720354
437,0,2,14,0.929067,0.971141,1.203989,-0.671804,-0.808845
437,0,2,15,0.945677,1.039311,4.250040,0.177898,0.756073
437,0,3,0,0.938222,0.976939,1.012804,1.250854,1.266869
437,0,3,1,0.962426,0.940056,0.880369,2.467286,2.172122
437,0,3,2,0.933524,0.958505,0.672168,0.839190,0.564077
437,0,3,3,0.957014,0.955060,0.637383,1.230950,0.784587
437,0,3,4,0.928532,0.901313,0.772501,2.402721,1.856104
437,0,3,5,0.973166,1.126573,1.271853,1.647847,2.095819
437,0,3,6,0.970329,0.981023,0.941102,2.455762,2.311122
437,0,3,7,0.954744,0.986918,1.564917,0.627883,0.982585
437,0,3,8,0.992208,1.042234,1.056056,7.860177,8.300786
437,0,3,9,0.984471,1.023876,1.065326,2.310185,2.461101
437,0,3,10,0.880034,0.771823,0.476273,3.181875,1.515442
437,0,3,11,0.817854,1.034157,5.015083,0.389713,1.954442
437,0,3,12,0.978477,0.969931,0.951340,2.554948,2.430623
437,0,3,13,0.989490,1.086715,1.100646,6.523641,7.180223
437,0,3,14,0.942153,0.980209,0.899259,1.029164,0.925485
437,0,3,15,0.978219,0.980319,0.892959,2.470251,2.205832
437,0,4,0,0.963819,0.921345,0.862496,2.611953,2.252800
437,0,4,1,0.974429,1.084949,1.124293,1.632245,1.835122
437,0,4,2,0.957017,1.007451,1.224407,0.734173,0.898927
437,0,4,3,0.969269,1.038059,1.082863,2.442834,2.645253
437,0,4,4,0.988970,1.049117,1.066241,3.758237,4.007185
437,0,4,5,0.958581,1.117536,1.519624,1.612302,2.450094
437,0,4,6,0.950192,1.088911,1.783346,1.360244,2.425786
437,0,4,7,0.973696,0.952460,0.779388,1.831789,1.427675
437,0,4,8,0.893022,0.735740,0.008017,-0.254061,-0.002037
437,0,4,9,0.964165,1.010199,0.991407,0.814254,0.807257
437,0,4,10,0.989365,0.973157,0.966890,6.896874,6.668521
437,0,4,11,0.977715,0.924119,0.924027,4.319593,3.991422
437,0,4,12,0.960428,0.961273,0.888478,1.793112,1.593140
437,0,4,13,0.985793,1.042212,1.056758,4.324794,4.570262
437,0,4,14,0.973775,0.985990,0.820204,1.513915,1.241718
437,0,4,15,0.950748,1.076651,1.601644,1.171266,1.875951
437,0,5,0,0.990044,1.003696,1.013499,10.158864,10.296000
437,0,5,1,0.922531,0.761568,0.651055,3.614667,2.353348
437,0,5,2,0.985772,0.906071,0.900706,7.783523,7.010665
437,0,5,3,0.978187,0.936914,0.817486,2.774674,2.268257
437,0,5,4,0.995733,1.041930,1.051717,10.154860,10.680039
437,0,5,5,0.990973,1.021214,1.023614,8.938762,9.149837
437,0,5,6,0.996580,1.069097,1.075639,14.482554,15.578000
437,0,5,7,0.947711,1.097617,1.336140,2.654501,3.546785
437,0,5,8,0.959482,1.072662,1.242526,2.943093,3.656871
437,0,5,9,0.973278,1.009515,1.046611,4.466484,4.674671
437,0,5,10,0.965916,0.817902,0.762618,5.838873,4.452828
437,0,5,11,0.952305,0.906134,0.917038,4.364741,4.002634
437,0,5,12,0.935350,0.857390,0.810812,2.089539,1.694222
437,0,5,13,0.989296,0.993944,0.967951,5.225660,5.058185
437,0,5,14,0.982038,0.931261,0.926927,6.334312,5.871448
437,0,5,15,0.853461,0.803007,0.690940,0.935766,0.646558
437,0,6,0,0.943037,0.971754,1.028089,2.661803,2.736571
437,0,6,1,0.966510,0.866158,0.819820,4.991959,4.092507
437,0,6,2,0.980976,0.910305,0.827924,5.274372,4.366782
437,0,6,3,0.929542,0.967408,1.062589,2.239570,2.379744
437,0,6,4,0.975929,1.110135,1.196614,4.649718,5.563918
437,0,6,5,0.938909,0.855318,0.750837,3.283958,2.465716
437,0,6,6,0.990916,0.959296,0.956644,11.647199,11.142226
437,0,6,7,0.986362,1.042962,1.056092,7.458251,7.876598
437,0,6,8,0.957747,0.844905,0.721725,5.201996,3.754411
437,0,6,9,0.994777,0.956508,0.950316,12.096962,11.495937
437,0,6,10,0.940104,1.003474,1.021548,1.773367,1.811579
437,0,6,11,0.957499,0.974256,1.018352,3.639358,3.706148
437,0,6,12,0.994451,0.962971,0.954086,12.711911,12.128258
437,0,6,13,0.909134,0.966690,1.943900,-0.265392,-0.515896
437,0,6,14,0.961202,0.954820,0.880840,2.339732,2.060930
437,0,6,15,0.977432,0.973379,0.975505,3.961828,3.864781
437,0,7,0,0.990594,1.043211,1.052633,9.136384,9.617263
437,0,7,1,0.963936,0.969101,0.983118,4.427704,4.352956
437,0,7,2,0.974506,0.965493,0.954191,3.259956,3.110622
437,0,7,3,0.975974,0.877383,0.879109,6.464736,5.683209
437,0,7,4,0.887254,0.705981,0.463292,3.470772,1.607980
437,0,7,5,0.897985,1.002443,1.220103,2.244534,2.738563
437,0,7,6,0.973016,0.949354,0.953476,7.978358,7.607171
437,0,7,7,0.965772,1.147002,1.308211,3.118086,4.079116
437,0,7,8,0.972152,0.999261,0.958347,6.418057,6.150725
437,0,7,9,0.989226,0.947204,0.944390,10.303863,9.730860
437,0,7,10,0.997966,1.012359,1.014114,25.191059,25.546612
437,0,7,11,0.992873,0.979164,0.979155,6.101295,5.974113
437,0,7,12,0.986136,0.973056,0.974173,10.123778,9.862311
437,0,7,13,0.965836,0.909117,0.901444,5.846367,5.270172
437,0,7,14,0.966037,0.798262,0.778323,3.808434,2.964192
437,0,7,15,0.858186,0.833756,-0.615850,0.584494,-0.359961
437,0,8,0,0.953481,1.110834,1.278194,2.998009,3.832037
437,0,8,1,0.970947,0.913093,0.862272,5.191601,4.476574
437,0,8,2,0.892857,0.765480,0.615931,2.587327,1.593616
437,0,8,3,0.966321,0.883173,0.817985,4.488021,3.671135
437,0,8,4,0.985602,1.018141,1.007665,11.458497,11.546322
437,0,8,5,0.962771,1.007017,1.108377,-1.680560,-1.862693
437,0,8,6,0.961386,1.057452,1.138526,3.481449,3.963722
437,0,8,7,0.990299,1.086894,1.146206,6.832459,7.831409
437,0,8,8,0.988826,0.992839,0.971573,5.501261,5.344877
437,0,8,9,0.980737,0.997650,1.010367,5.034496,5.086689
437,0,8,10,0.982880,0.983512,0.979226,6.457899,6.323744
437,0,8,11,0.977371,1.049532,1.105038,5.104675,5.640859
437,0,8,12,0.952691,1.036757,1.083569,3.081005,3.338481
437,0,8,13,0.978345,1.003078,1.002669,6.012832,6.028881
437,0,8,14,0.962063,1.075446,1.130755,3.908688,4.419767
437,0,8,15,0.813494,0.828417,0.843347,0.723221,0.609926
437,0,9,0,0.966727,0.971244,1.017819,3.251991,3.309938
437,0,9,1,0.842725,0.781965,0.008208,1.435215,0.011780
437,0,9,2,0.956003,0.884912,0.779897,2.804272,2.187043
437,0,9,3,0.983689,1.028526,1.033024,5.610761,5.796052
437,0,9,4,0.965984,1.083977,1.147588,4.734920,5.433736
437,0,9,5,0.971425,1.090648,1.192422,5.147215,6.137652
437,0,9,6,0.991354,1.068322,1.108818,8.411598,9.326931
437,0,9,7,0.993826,0.957409,0.946879,6.293467,5.959153
437,0,9,8,0.823241,0.746542,0.013476,0.905125,0.012198
437,0,9,9,0.989365,1.012867,1.018986,6.793413,6.922394
437,0,9,10,0.979107,0.901333,0.888044,6.990654,6.208004
437,0,9,11,0.971951,0.814659,0.725889,4.799208,3.483692
437,0,9,12,0.913854,0.950398,1.074607,4.889300,5.254078
437,0,9,13,0.959400,0.880798,0.828057,3.151682,2.609771
437,0,9,14,0.984658,1.036295,1.050290,5.876262,6.171780
437,0,9,15,0.993264,0.979159,0.960667,9.725101,9.342580
437,0,10,0,0.932853,0.788746,0.590035,3.936185,2.322488
437,0,10,1,0.994742,0.971469,0.974530,17.891001,17.435316
437,0,10,2,0.971729,0.923755,0.864395,5.301381,4.582489
437,0,10,3,0.931864,0.765065,0.623463,3.023478,1.885026
437,0,10,4,0.995543,0.917234,0.914918,7.274103,6.655210
437,0,10,5,0.986963,1.013370,1.017838,9.159025,9.322406
437,0,10,6,0.982394,0.963872,0.964421,9.014237,8.693516
437,0,10,7,0.987119,0.854928,0.807648,6.478359,5.232236
437,0,10,8,0.982744,1.038845,1.048319,6.791369,7.119522
437,0,10,9,0.980316,0.961141,0.978952,7.506543,7.348547
437,0,10,10,0.981059,0.932326,0.952224,11.647054,11.090610
437,0,10,11,0.988134,0.996891,0.990835,7.549086,7.479895
437,0,10,12,0.954030,0.801156,0.687871,4.520188,3.109308
437,0,10,13,0.991768,1.045719,1.052837,10.515030,11.070612
437,0,10,14,0.952046,0.846823,0.751662,4.148729,3.118440
437,0,10,15,0.977027,1.036364,1.059388,4.681145,4.959151
437,0,11,0,0.995042,1.015725,1.022357,8.275911,8.460933
437,0,11,1,0.984000,1.097326,1.096296,9.542890,10.461832
437,0,11,2,0.975344,1.039786,1.083151,4.650788,5.037508
437,0,11,3,0.827237,0.905271,2.065836,-0.671928,-1.388093
437,0,11,4,0.937677,0.793768,0.627915,4.038522,2.535848
437,0,11,5,0.961602,1.107899,1.250151,3.948545,4.936277
437,0,11,6,0.894965,0.895623,1.034661,5.687990,5.885140
437,0,11,7,0.921260,0.883264,0.873644,3.577938,3.125844
437,0,11,8,0.963672,0.965211,0.947414,3.249257,3.078392
437,0,11,9,0.969874,0.882977,0.817143,3.741141,3.057047
437,0,11,10,0.889278,0.856251,0.617789,2.041141,1.260994
437,0,11,11,0.987052,0.848100,0.827318,6.479939,5.360973
437,0,11,12,0.894359,0.717026,0.463707,3.862605,1.791117
437,0,11,13,0.981912,1.073331,1.079605,10.471924,11.305544
437,0,11,14,0.970419,1.105669,1.196859,4.299818,5.146277
437,0,11,15,0.984415,1.067196,1.062643,9.217225,9.794620
437,0,12,0,0.984821,1.147606,1.183589,-2.740112,-3.243168
437,0,12,1,0.980014,1.086928,1.108747,7.975851,8.843201
437,0,12,2,0.934744,1.026500,1.711135,1.222759,2.092305
437,0,12,3,0.998504,1.095554,1.095668,-3.391625,-3.716096
437,0,12,4,0.957313,1.070359,1.323919,2.728842,3.612767
437,0,12,5,0.871685,0.973276,1.232889,2.234070,2.754361
437,0,12,6,0.907385,1.034776,2.376012,0.749540,1.780915
437,0,12,7,0.957257,0.939399,0.918251,4.649606,4.269507
437,0,12,8,0.923610,0.919268,0.958164,3.806993,3.647725
437,0,12,9,0.980638,1.138694,1.163866,7.455266,8.676933
437,0,12,10,0.971259,0.863439,0.810352,3.218203,2.607878
437,0,12,11,0.927466,1.013800,1.182839,3.174070,3.754412
437,0,12,12,0.964211,1.196224,1.401702,3.954950,5.543663
437,0,12,13,0.908628,0.907192,0.982728,2.807713,2.759219
437,0,12,14,0.943512,1.019364,1.082084,4.565787,4.940564
437,0,12,15,0.826812,0.916652,1.051416,2.305815,2.424372
437,0,13,0,0.927692,0.851437,0.831249,4.267175,3.547087
437,0,13,1,0.938430,0.977614,0.990904,3.924520,3.888824
437,0,13,2,0.925767,0.991082,1.415224,1.368436,1.936644
437,0,13,3,0.937013,0.968885,1.017663,3.557350,3.620185
437,0,13,4,0.977210,0.932668,0.937707,8.573870,8.039777
437,0,13,5,0.944637,0.680170,0.621166,3.758793,2.334835
437,0,13,6,0.984860,1.048554,1.053766,7.969786,8.398286
437,0,13,7,0.943563,0.901366,0.733981,1.913450,1.404435
437,0,13,8,0.893141,0.761962,0.519166,2.679725,1.391222
437,0,13,9,0.928408,1.000184,1.087877,3.252942,3.538801
437,0,13,10,0.918973,1.068627,1.302870,2.939260,3.829472
437,0,13,11,0.905274,0.845035,0.849647,4.925302,4.184769
437,0,13,12,0.942022,0.878927,0.894028,4.736588,4.234642
437,0,13,13,0.913665,0.942350,0.915144,-0.783155,-0.716700
437,0,13,14,0.940137,0.942530,0.962201,4.724518,4.545938
437,0,13,15,0.987301,1.225848,1.271219,-2.051696,-2.608155
437,0,14,0,0.887272,0.932760,0.978228,1.900305,1.858932
437,0,14,1,0.986942,0.927840,0.910046,9.831787,8.947377
437,0,14,2,0.954141,1.025389,1.067784,4.473519,4.776751
437,0,14,3,0.888188,0.975021,1.042312,1.475831,1.538277
437,0,14,4,0.961602,1.040811,1.093612,5.085808,5.561899
437,0,14,5,0.799716,0.704954,0.352897,1.604344,0.566168
437,0,14,6,0.880192,0.932829,0.952787,1.578333,1.503816
437,0,14,7,0.944758,0.699901,0.632958,5.711703,3.615269
437,0,14,8,0.925660,0.933167,0.939475,2.987105,2.806311
437,0,14,9,0.811345,0.932645,2.302254,0.733198,1.688007
437,0,14,10,0.773106,0.713953,0.012521,0.915542,0.011464
437,0,14,11,0.915891,1.043723,1.298550,2.717232,3.528460
437,0,14,12,0.934790,0.977241,1.030209,2.419984,2.493089
437,0,14,13,0.872936,0.988937,1.402639,1.474169,2.067726
437,0,14,14,0.948960,0.997891,1.050723,4.119285,4.328227
437,0,14,15,0.869489,1.043839,1.805842,1.380839,2.493577
437,0,15,0,0.982592,1.050562,1.083649,4.375123,4.741098
437,0,15,1,0.968938,0.984267,0.951665,2.810309,2.674473
437,0,15,2,0.976810,0.887870,0.835514,4.835114,4.039807
437,0,15,3,0.977306,0.984117,0.974580,3.613426,3.521574
437,0,15,4,0.997865,1.022208,1.023161,-3.470196,-3.550568
437,0,15,5,0.971546,1.017828,1.080358,3.638512,3.930894
437,0,15,6,0.596877,0.990059,5.655679,0.284670,1.610000
437,0,15,7,0.951112,0.927186,0.823599,2.845102,2.343221
437,0,15,8,0.960634,1.034352,1.087039,3.643209,3.960309
437,0,15,9,0.978718,0.989138,0.963686,3.749589,3.613427
437,0,15,10,0.963894,0.905788,0.835728,-2.199720,-1.838368
437,0,15,11,0.970091,0.916991,0.865936,4.002569,3.465967
437,0,15,12,0.987517,1.116112,1.072976,5.561197,5.967031
437,0,15,13,0.945681,0.923550,0.876186,2.587542,2.267169
437,0,15,14,0.966030,0.974293,1.001754,3.849998,3.856752
437,0,15,15,0.770013,0.665622,0.090084,1.742068,0.156932
1,0,0,0,0.832328,0.902257,-2.502824,-0.262482,0.656947
1,0,0,1,0.942640,0.860036,0.606303,-0.517937,-0.314027
1,0,0,2,0.957465,0.952657,1.285163,-0.607140,-0.780274
1,0,0,3,0.960173,0.960953,1.044437,-1.317408,-1.375950
1,0,0,4,0.912604,1.004967,1.263827,-0.951735,-1.202829
1,0,0,5,0.850844,0.753489,0.199405,1.077583,0.214875
1,0,0,6,0.946213,0.954241,0.630975,1.504975,0.949601
1,0,0,7,0.988281,1.062961,1.095356,-1.777482,-1.946975
1,0,0,8,0.947318,0.804381,0.751018,1.609761,1.208960
1,0,0,9,0.900754,0.954536,5.288826,-0.083878,-0.443615
1,0,0,10,0.965097,0.890573,0.863997,0.680674,0.588101
1,0,0,11,0.804015,0.912102,-8.102025,-0.124816,1.011264
1,0,0,12,0.872813,0.799594,0.651059,0.736233,0.479332
1,0,0,13,0.975894,1.034550,1.057820,-1.513327,-1.600827
1,0,0,14,0.962511,0.843708,0.940818,0.544626,0.512394
1,0,0,15,0.990669,1.008089,1.246219,-0.295649,-0.368443
1,0,1,0,0.980151,1.008049,1.093529,0.651105,0.712003
1,0,1,1,0.977251,0.967776,0.804852,0.660938,0.531957
1,0,1,2,0.977342,0.979920,1.020697,1.643641,1.677659
1,0,1,3,0.897435,1.107920,4.116056,0.357020,1.469514
1,0,1,4,0.968357,0.928858,1.124700,0.704977,0.792887
1,0,1,5,0.927016,1.205958,2.019205,1.126390,2.274413
1,0,1,6,0.988424,0.967662,0.965486,2.018501,1.948834
1,0,1,7,0.955926,0.984063,1.254941,0.832602,1.044866
1,0,1,8,0.926515,1.055571,3.070223,0.372286,1.143001
1,0,1,9,0.942181,0.946279,0.523670,-0.496366,-0.259932
1,0,1,10,0.952885,0.959204,0.765210,1.019077,0.779808
1,0,1,11,0.966598,0.963208,0.672388,1.625461,1.092940
1,0,1,12,0.957947,1.091448,1.608225,-0.527138,-0.847756
1,0,1,13,0.966577,0.883209,0.866775,1.552332,1.345523
1,0,1,14,0.547856,0.473373,-0.312280,-0.455003,0.142088
1,0,1,15,0.979489,1.154055,1.211808,3.564463,4.319445
1,0,2,0,0.963449,0.954807,0.885564,2.411310,2.135370
1,0,2,1,0.968930,0.975495,0.984023,2.343541,2.306098
1,0,2,2,0.963131,1.032682,2.030847,0.328577,0.667290
1,0,2,3,0.966621,1.048446,1.887444,0.367238,0.693140
1,0,2,4,0.963266,1.110492,1.316470,0.777634,1.023732
1,0,2,5,0.985283,0.997431,0.985849,3.686696,3.634525
1,0,2,6,0.956932,1.066409,1.139442,1.470964,1.676078
1,0,2,7,0.961695,1.026049,1.649778,0.458876,0.757043
1,0,2,8,0.934463,0.955815,1.301826,0.370022,0.481705
1,0,2,9,0.980473,0.883328,0.831955,4.260147,3.544252
1,0,2,10,0.923220,1.034502,2.360448,0.484023,1.142511
1,0,2,11,0.981385,1.074406,1.159703,2.066165,2.396139
1,0,2,12,0.961978,1.035812,2.070303,0.377444,0.781424
1,0,2,13,0.935284,0.993089,1.136854,0.399509,0.454183
1,0,2,14,0.929168,0.968424,1.221216,-0.557347,-0.680641
1,0,2,15,0.947128,1.051089,2.946184,0.289774,0.853729
1,0,3,0,0.937662,0.979146,1.019670,1.250276,1.274869
1,0,3,1,0.957892,0.944746,0.858744,2.317305,1.989972
1,0,3,2,0.933527,0.953472,0.699711,0.988645,0.691765
1,0,3,3,0.957514,0.961574,0.659296,1.222615,0.806065
1,0,3,4,0.925086,0.897687,0.750572,2.436507,1.828774
1,0,3,5,0.981849,1.128974,1.217964,2.060582,2.509714
1,0,3,6,0.964722,0.984070,0.905851,2.196943,1.990103
1,0,3,7,0.955457,0.989019,1.500567,0.714383,1.071979
1,0,3,8,0.991100,1.012288,1.023007,7.478341,7.650393
1,0,3,9,0.984201,1.048571,1.095307,2.713272,2.971866
1,0,3,10,0.892127,0.784385,0.519822,3.283262,1.706712
1,0,3,11,0.841817,1.040917,4.457396,0.401125,1.787974
1,0,3,12,0.978678,0.964721,0.938711,2.448074,2.298034
1,0,3,13,0.988337,1.083985,1.099434,6.685734,7.350521
1,0,3,14,0.940165,0.973167,0.895087,1.221540,1.093384
1,0,3,15,0.974276,0.972299,0.850869,2.406199,2.047360
1,0,4,0,0.966695,0.935937,0.905714,2.704056,2.449102
1,0,4,1,0.978688,1.095956,1.119681,2.129755,2.384646
1,0,4,2,0.958305,1.013747,1.302176,0.746493,0.972065
1,0,4,3,0.968237,1.051095,1.117238,2.490964,2.783000
1,0,4,4,0.987664,1.064563,1.086331,3.690104,4.008676
1,0,4,5,0.960985,1.121302,1.478320,1.779638,2.630875
1,0,4,6,0.960944,1.112260,1.579637,1.693408,2.674970
1,0,4,7,0.975073,0.956744,0.798548,1.904462,1.520804
1,0,4,8,0.856178,0.702009,-0.170641,-0.328424,0.056043
1,0,4,9,0.964104,1.015493,1.010678,0.800026,0.808568
1,0,4,10,0.988832,0.999442,1.001745,7.012299,7.024535
1,0,4,11,0.980849,0.929603,0.933513,4.656775,4.347158
1,0,4,12,0.960103,0.962067,0.909158,1.871227,1.701241
1,0,4,13,0.982413,1.056656,1.079444,4.216126,4.551071
1,0,4,14,0.975655,0.993362,0.855711,1.546474,1.323334
1,0,4,15,0.951746,1.094712,1.564455,1.339591,2.095731
1,0,5,0,0.992744,1.002470,1.007449,10.980906,11.062699
1,0,5,1,0.914838,0.749256,0.628674,3.536247,2.223147
1,0,5,2,0.982679,0.919137,0.918671,7.458386,6.851801
1,0,5,3,0.981098,0.945539,0.850068,2.795712,2.376546
1,0,5,4,0.995345,1.054544,1.064028,9.775749,10.401670
1,0,5,5,0.988760,1.021008,1.024959,7.852250,8.048232
1,0,5,6,0.995638,1.065819,1.073577,13.532814,14.528524
1,0,5,7,0.947027,1.116014,1.371395,2.680936,3.676623
1,0,5,8,0.965944,1.072529,1.179819,3.414558,4.028559
1,0,5,9,0.975347,1.032798,1.078504,4.621311,4.984101
1,0,5,10,0.964219,0.813924,0.754424,5.966027,4.500913
1,0,5,11,0.937896,0.913169,0.966212,4.436447,4.286551
1,0,5,12,0.906107,0.857133,0.711635,1.345230,0.957313
1,0,5,13,0.989663,0.989275,0.969715,5.509855,5.342988
1,0,5,14,0.984097,0.945171,0.948276,6.740891,6.392223
1,0,5,15,0.849671,0.808620,0.696087,1.004532,0.699241
1,0,6,0,0.947727,0.962240,1.013951,3.036895,3.079264
1,0,6,1,0.973395,0.875767,0.845848,5.480937,4.636042
1,0,6,2,0.979811,0.906879,0.819886,5.173784,4.241913
1,0,6,3,0.910530,0.982332,1.103523,1.888956,2.084507
1,0,6,4,0.979327,1.127749,1.206270,4.901970,5.913100
1,0,6,5,0.952018,0.843623,0.751954,3.860954,2.903260
1,0,6,6,0.991584,0.954078,0.956437,12.515577,11.970357
1,0,6,7,0.992526,1.021340,1.025174,8.107801,8.311909
1,0,6,8,0.961470,0.848366,0.734793,5.291155,3.887905
1,0,6,9,0.994859,0.961070,0.955057,11.869106,11.335676
1,0,6,10,0.947295,0.988878,1.010882,2.226372,2.250599
1,0,6,11,0.907992,0.967676,1.084356,2.744694,2.976225
1,0,6,12,0.993443,0.968783,0.953870,12.269135,11.703163
1,0,6,13,0.906955,0.972595,1.639597,-0.424841,-0.696567
1,0,6,14,0.965835,0.930538,0.828471,2.626096,2.175645
1,0,6,15,0.981467,0.995482,1.004450,4.248298,4.267203
1,0,7,0,0.991710,1.036798,1.043886,9.555373,9.974720
1,0,7,1,0.979268,0.984829,0.987613,5.504423,5.436242
1,0,7,2,0.977561,0.985626,1.002892,3.532670,3.542886
1,0,7,3,0.976504,0.908582,0.920546,6.648943,6.120656
1,0,7,4,0.916409,0.716850,0.564273,4.236757,2.390686
1,0,7,5,0.933107,1.013992,1.098002,3.302230,3.625855
1,0,7,6,0.977644,0.950257,0.961120,8.517388,8.186232
1,0,7,7,0.975763,1.146991,1.246716,3.927428,4.896387
1,0,7,8,0.976596,1.023503,0.994546,6.705095,6.668523
1,0,7,9,0.993132,0.953778,0.952052,10.999061,10.471680
1,0,7,10,0.997718,1.009809,1.011059,25.403755,25.684692
1,0,7,11,0.992324,0.949325,0.931878,5.831690,5.434422
1,0,7,12,0.991701,0.990773,0.994417,11.374158,11.310660
1,0,7,13,0.976329,0.887395,0.875328,6.710907,5.874246
1,0,7,14,0.974472,0.824488,0.817636,4.338380,3.547217
1,0,7,15,0.839248,0.798623,-0.228149,0.938523,-0.214123
1,0,8,0,0.966438,1.081258,1.162014,3.696371,4.295236
1,0,8,1,0.976374,0.920295,0.879144,5.427130,4.771227
1,0,8,2,0.911818,0.777841,0.672558,3.109244,2.091147
1,0,8,3,0.968766,0.866224,0.809134,5.236764,4.237242
1,0,8,4,0.990471,1.030942,1.027694,11.091719,11.398888
1,0,8,5,0.954863,1.027099,1.127039,-1.788661,-2.015891
1,0,8,6,0.974425,1.044726,1.082382,4.277557,4.629950
1,0,8,7,0.988463,1.082880,1.165917,6.425297,7.491363
1,0,8,8,0.988115,0.991248,0.968094,5.371226,5.199853
1,0,8,9,0.984598,1.006274,1.005770,5.583453,5.615670
1,0,8,10,0.984641,0.964355,0.951202,6.737972,6.409175
1,0,8,11,0.982089,1.028785,1.068359,5.201890,5.557486
1,0,8,12,0.965098,1.009829,1.003004,3.687315,3.698393
1,0,8,13,0.984020,0.963433,0.947025,7.008745,6.637459
1,0,8,14,0.975469,1.073874,1.093776,4.591522,5.022099
1,0,8,15,0.833383,0.859938,1.029584,0.915437,0.942520
1,0,9,0,0.964701,0.956889,0.952842,3.205769,3.054592
1,0,9,1,0.852956,0.752145,0.228470,1.914665,0.437444
1,0,9,2,0.947027,0.869624,0.737441,2.682051,1.977855
1,0,9,3,0.985273,1.048535,1.064750,5.645461,6.011003
1,0,9,4,0.977410,1.101719,1.142929,5.761309,6.584767
1,0,9,5,0.976063,1.075365,1.145837,5.587365,6.402212
1,0,9,6,0.990149,1.064735,1.109494,8.065145,8.948230
1,0,9,7,0.991764,0.943105,0.928360,5.679501,5.272623
1,0,9,8,0.839724,0.785932,-0.438096,0.519246,-0.227479
1,0,9,9,0.990317,1.006353,1.013198,6.870120,6.960795
1,0,9,10,0.980989,0.880721,0.865623,7.846503,6.792115
1,0,9,11,0.978754,0.822141,0.763037,5.783250,4.412831
1,0,9,12,0.903094,0.919967,1.054534,5.148888,5.429675
1,0,9,13,0.950059,0.871011,0.798886,2.951197,2.357671
1,0,9,14,0.983443,1.029184,1.043766,5.659916,5.907629
1,0,9,15,0.993279,0.980150,0.954687,9.754025,9.312038
1,0,10,0,0.934742,0.800127,0.588195,3.844153,2.261112
1,0,10,1,0.994441,0.988274,0.994158,18.287947,18.181108
1,0,10,2,0.971284,0.911940,0.845559,5.412940,4.576958
1,0,10,3,0.962938,0.788853,0.713073,3.790418,2.702846
1,0,10,4,0.996114,0.936659,0.936102,7.380711,6.909099
1,0,10,5,0.992759,1.034015,1.035724,9.838635,10.190115
1,0,10,6,0.986737,0.967597,0.969460,9.601620,9.308386
1,0,10,7,0.987304,0.854236,0.813491,7.214270,5.868746
1,0,10,8,0.982908,1.024214,1.035936,6.886999,7.134489
1,0,10,9,0.980021,0.992321,1.012956,7.080987,7.172731
1,0,10,10,0.979613,0.929623,0.947792,11.469414,10.870617
1,0,10,11,0.987493,0.978901,0.964495,8.108427,7.820536
1,0,10,12,0.948556,0.786726,0.667331,4.604641,3.072819
1,0,10,13,0.994139,1.039581,1.042384,11.060929,11.529731
1,0,10,14,0.949862,0.857049,0.770866,4.040705,3.114841
1,0,10,15,0.978126,1.021256,1.033876,4.992078,5.161189
1,0,11,0,0.996242,1.023550,1.030085,8.596999,8.855636
1,0,11,1,0.990765,1.097815,1.099912,10.210322,11.230461
1,0,11,2,0.976469,1.060273,1.106040,4.985590,5.514264
1,0,11,3,0.849138,1.009369,1.654336,-1.260046,-2.084539
1,0,11,4,0.945418,0.812666,0.672485,4.058369,2.729194
1,0,11,5,0.966634,1.108354,1.227896,4.049586,4.972472
1,0,11,6,0.901012,0.921205,1.056257,6.149311,6.495253
1,0,11,7,0.927473,0.888882,0.864980,3.581861,3.098238
1,0,11,8,0.967687,0.975066,0.959677,3.696236,3.547192
1,0,11,9,0.983727,0.910730,0.864534,4.192648,3.624685
1,0,11,10,0.897843,0.889904,0.649917,1.709134,1.110796
1,0,11,11,0.987047,0.850273,0.828441,6.365474,5.273419
1,0,11,12,0.909796,0.741915,0.504529,3.892856,1.964059
1,0,11,13,0.989369,1.084323,1.087839,10.205668,11.102125
1,0,11,14,0.975118,1.121597,1.202994,4.605652,5.540571
1,0,11,15,0.990716,1.073681,1.075318,9.940485,10.689185
1,0,12,0,0.985186,1.176768,1.214933,-2.782971,-3.381123
1,0,12,1,0.982583,1.067360,1.090021,7.791466,8.492864
1,0,12,2,0.924541,1.059827,1.776176,1.497028,2.658986
1,0,12,3,0.998248,1.093966,1.094264,-3.388983,-3.708443
1,0,12,4,0.957563,1.100128,1.369600,2.936770,4.022200
1,0,12,5,0.890572,1.024194,1.212867,2.621668,3.179735
1,0,12,6,0.900073,1.055447,2.419079,0.908851,2.198581
1,0,12,7,0.962618,0.930202,0.904848,4.947835,4.477039
1,0,12,8,0.936196,0.955936,0.996563,3.999408,3.985662
1,0,12,9,0.987508,1.164084,1.186680,7.443696,8.833283
1,0,12,10,0.981004,0.881676,0.840044,3.572603,3.001143
1,0,12,11,0.933812,1.037505,1.215620,3.223857,3.918985
1,0,12,12,0.970115,1.191968,1.348279,4.409078,5.944667
1,0,12,13,0.876346,0.868556,0.971878,2.616576,2.542994
1,0,12,14,0.950320,1.073073,1.167717,4.588248,5.357778
1,0,12,15,0.847610,0.928994,0.949884,2.531577,2.404704
1,0,13,0,0.933741,0.867577,0.857246,4.618845,3.959485
1,0,13,1,0.950597,1.019635,1.060883,4.280179,4.540771
1,0,13,2,0.922059,0.986227,1.508373,1.198348,1.807556
1,0,13,3,0.948783,1.002144,1.060641,3.957243,4.197215
1,0,13,4,0.982667,0.956686,0.968799,8.402575,8.140408
1,0,13,5,0.969479,0.723584,0.688916,4.371394,3.011523
1,0,13,6,0.986050,1.070910,1.075806,7.287790,7.840245
1,0,13,7,0.948464,0.939578,0.893277,1.902334,1.699312
1,0,13,8,0.883640,0.751255,0.427974,2.536952,1.085750
1,0,13,9,0.938085,1.039351,1.156205,3.426021,3.961182
1,0,13,10,0.932075,1.081307,1.280417,3.098263,3.967068
1,0,13,11,0.917792,0.877836,0.891041,5.201076,4.634371
1,0,13,12,0.946468,0.892245,0.915765,4.977540,4.558256
1,0,13,13,0.921281,0.938565,0.878098,-1.056809,-0.927981
1,0,13,14,0.948464,0.982719,1.023044,4.889047,5.001710
1,0,13,15,0.988691,1.246549,1.290855,-2.040224,-2.633633
1,0,14,0,0.882697,0.928485,0.988881,2.140836,2.117031
1,0,14,1,0.985026,0.903801,0.885273,9.818474,8.692025
1,0,14,2,0.960082,1.063526,1.125404,4.719981,5.311886
1,0,14,3,0.886053,0.984944,1.077103,1.567283,1.688126
1,0,14,4,0.967018,1.070134,1.134519,5.316372,6.031526
1,0,14,5,0.761583,0.711900,0.164739,1.425765,0.234879
1,0,14,6,0.887678,0.946177,0.985955,1.849375,1.823402
1,0,14,7,0.954619,0.710280,0.656447,6.008384,3.944188
1,0,14,8,0.923395,0.956832,0.996567,3.103348,3.092695
1,0,14,9,0.809872,0.956919,2.265874,0.831501,1.884076
1,0,14,10,0.750013,0.695951,-0.054312,0.981244,-0.053293
1,0,14,11,0.913893,1.076950,1.384375,2.751165,3.808643
1,0,14,12,0.935612,1.011775,1.119080,2.552894,2.856894
1,0,14,13,0.874333,1.000821,1.390107,1.617856,2.248994
1,0,14,14,0.952459,1.021125,1.085858,4.305772,4.675459
1,0,14,15,0.851397,1.088429,2.046940,1.406120,2.878242
1,0,15,0,0.980857,1.054875,1.089172,4.265822,4.646215
1,0,15,1,0.966238,0.982106,0.933215,2.820600,2.632226
1,0,15,2,0.975351,0.889543,0.838008,4.775840,4.002192
1,0,15,3,0.975844,0.992878,0.989643,3.497777,3.461552
1,0,15,4,0.997321,0.998536,0.998953,-3.362001,-3.358481
1,0,15,5,0.970219,1.024156,1.098566,3.647650,4.007186
1,0,15,6,0.649575,0.941178,3.859591,0.336898,1.300289
1,0,15,7,0.956226,0.932030,0.844978,3.114167,2.631402
1,0,15,8,0.960664,1.049147,1.107432,3.678003,4.073138
1,0,15,9,0.978971,0.984873,0.958036,3.877966,3.715229
1,0,15,10,0.963241,0.930064,0.861134,-2.111171,-1.818001
1,0,15,11,0.971384,0.923784,0.877167,4.082296,3.580856
1,0,15,12,0.990267,1.123522,1.098000,5.998536,6.586390
1,0,15,13,0.923181,0.869816,0.711622,2.439125,1.735734
1,0,15,14,0.946497,0.897983,0.879646,3.460571,3.044078
1,0,15,15,0.716143,0.658173,-0.080517,1.641973,-0.132206
88,0,0,0,0.829910,0.906992,-3.608987,-0.203089,0.732945
88,0,0,1,0.957000,0.860604,0.715533,-0.700175,-0.500998
88,0,0,2,0.958499,0.852753,0.810336,0.694466,0.562751
88,0,0,3,0.944103,1.062314,1.361296,-1.061727,-1.445325
88,0,0,4,0.798376,0.725595,-0.724197,0.313083,-0.226734
88,0,0,5,0.814857,0.701642,0.159514,1.275244,0.203420
88,0,0,6,0.945928,0.958893,0.612013,1.412243,0.864311
88,0,0,7,0.990716,1.033481,1.056656,-2.101033,-2.220069
88,0,0,8,0.941713,0.773467,0.732369,1.810095,1.325658
88,0,0,9,0.820850,0.933782,-5.870937,0.078562,-0.461233
88,0,0,10,0.950232,0.933339,0.977248,-0.247839,-0.242200
88,0,0,11,0.807273,0.937471,52.346011,0.022227,1.163482
88,0,0,12,0.870489,0.750449,0.556706,1.100207,0.612492
88,0,0,13,0.983312,1.048112,1.072366,-2.049221,-2.197515
88,0,0,14,0.945030,0.817319,0.792955,1.018359,0.807513
88,0,0,15,0.990721,1.017281,1.197015,-0.462305,-0.553386
88,0,1,0,0.979991,1.012528,1.096002,0.713524,0.782023
88,0,1,1,0.971554,0.948966,0.894102,0.733641,0.655950
88,0,1,2,0.973178,1.038526,1.102882,1.546534,1.705646
88,0,1,3,0.895936,1.090845,4.816815,0.285036,1.372965
88,0,1,4,0.936180,0.911066,1.474930,0.152160,0.224425
88,0,1,5,0.924265,1.202323,2.059030,1.090599,2.245576
88,0,1,6,0.988798,0.975490,0.986878,2.422659,2.390867
88,0,1,7,0.952817,0.983236,1.333372,0.738296,0.984424
88,0,1,8,0.923133,1.063393,3.044743,0.389409,1.185650
88,0,1,9,0.941226,0.949403,0.516740,-0.472273,-0.244043
88,0,1,10,0.951621,0.962857,0.739630,0.975174,0.721268
88,0,1,11,0.965581,0.960574,0.671056,1.682508,1.129057
88,0,1,12,0.955842,1.088382,1.572991,-0.543831,-0.855441
88,0,1,13,0.959643,0.864752,0.829686,1.691451,1.403373
88,0,1,14,0.728422,0.474809,0.243016,-0.925623,-0.224941
88,0,1,15,0.967130,1.232024,1.310081,3.159003,4.138550
88,0,2,0,0.959922,0.947366,0.861267,2.326523,2.003757
88,0,2,1,0.945678,0.951378,0.975617,1.588601,1.549866
88,0,2,2,0.962046,1.027239,2.101743,0.297171,0.624577
88,0,2,3,0.964977,1.042740,2.093747,0.293299,0.614094
88,0,2,4,0.952894,1.058496,1.369024,0.586676,0.803173
88,0,2,5,0.979806,1.037316,1.026521,3.429814,3.520775
88,0,2,6,0.953521,1.057564,1.138300,1.343484,1.529287
88,0,2,7,0.960926,1.020095,1.702559,0.406449,0.692004
88,0,2,8,0.953584,1.026209,1.232702,0.667721,0.823101
88,0,2,9,0.981957,0.884124,0.838809,4.485784,3.762718
88,0,2,10,0.913658,1.005859,3.738299,0.251709,0.940962
88,0,2,11,0.972415,1.064657,1.211485,1.704350,2.064795
88,0,2,12,0.961523,1.030134,2.095310,0.340478,0.713407
88,0,2,13,0.931689,0.924908,0.852145,0.938754,0.799955
88,0,2,14,0.929211,0.975804,1.150912,-0.660547,-0.760232
88,0,2,15,0.947935,1.044651,3.557041,0.211562,0.752534
88,0,3,0,0.927202,0.987660,1.270746,0.854628,1.086015
88,0,3,1,0.952734,0.937994,0.831082,2.154111,1.790243
88,0,3,2,0.932725,0.951917,0.706196,0.962167,0.679478
88,0,3,3,0.956865,0.957160,0.687159,1.359577,0.934245
88,0,3,4,0.917966,0.894208,0.730713,2.350474,1.717521
88,0,3,5,0.972936,1.135814,1.294496,1.644733,2.129099
88,0,3,6,0.962048,0.984794,0.891508,2.074272,1.849230
88,0,3,7,0.953171,0.981843,1.634024,0.515228,0.841896
88,0,3,8,0.990377,1.015839,1.025783,8.004619,8.210999
88,0,3,9,0.978480,1.070967,1.142366,2.278344,2.602703
88,0,3,10,0.900432,0.802367,0.554736,3.270230,1.814115
88,0,3,11,0.846208,1.077377,3.653573,0.547409,1.999999
88,0,3,12,0.979882,1.001890,1.004469,2.812283,2.824851
88,0,3,13,0.987045,1.141930,1.160902,6.793013,7.886024
88,0,3,14,0.936447,0.976130,0.899724,1.144343,1.029593
88,0,3,15,0.972261,0.967799,0.835792,2.367981,1.979139
88,0,4,0,0.963792,0.947426,0.957006,2.460651,2.354857
88,0,4,1,0.978052,1.122682,1.190613,1.917458,2.282951
88,0,4,2,0.953270,1.019612,1.416432,0.633678,0.897563
88,0,4,3,0.967890,1.046759,1.111600,2.582527,2.870738
88,0,4,4,0.987438,1.060727,1.075339,3.893125,4.186428
88,0,4,5,0.955837,1.138916,1.552109,1.681420,2.609747
88,0,4,6,0.955954,1.119124,1.654101,1.576062,2.606966
88,0,4,7,0.974582,0.960785,0.808282,1.868507,1.510280
88,0,4,8,0.855783,0.701295,-0.154044,-0.267422,0.041195
88,0,4,9,0.961242,1.021302,1.101248,0.695823,0.766274
88,0,4,10,0.991076,1.027519,1.035752,7.553584,7.823638
88,0,4,11,0.983030,0.927313,0.930132,5.191904,4.829154
88,0,4,12,0.954593,0.960203,0.886804,1.714350,1.520292
88,0,4,13,0.964567,1.108477,1.158797,3.244497,3.759715
88,0,4,14,0.974108,0.993075,0.844792,1.507908,1.273870
88,0,4,15,0.948567,1.103968,1.622243,1.289939,2.092594
88,0,5,0,0.990169,0.999952,1.006533,10.575650,10.644740
88,0,5,1,0.882128,0.735128,0.534902,3.046990,1.629841
88,0,5,2,0.981591,0.940206,0.944170,7.514938,7.095379
88,0,5,3,0.983137,0.953397,0.887190,2.973311,2.637892
88,0,5,4,0.993877,1.056301,1.065588,9.353789,9.967284
88,0,5,5,0.989178,1.008356,1.010065,8.478868,8.564209
88,0,5,6,0.996728,1.052682,1.056839,15.406236,16.281918
88,0,5,7,0.945977,1.101694,1.360150,2.469256,3.358558
88,0,5,8,0.966587,1.075513,1.186331,3.322222,3.941256
88,0,5,9,0.972070,1.046387,1.107005,4.333397,4.797092
88,0,5,10,0.960722,0.801372,0.744144,5.963790,4.437917
88,0,5,11,0.966492,0.942933,0.969806,5.676440,5.505045
88,0,5,12,0.908238,0.844239,0.803030,1.680269,1.349307
88,0,5,13,0.990317,0.990430,0.974785,5.809477,5.662992
88,0,5,14,0.976980,0.951348,0.965076,6.243199,6.025163
88,0,5,15,0.909620,0.845905,0.843515,1.769798,1.492850
88,0,6,0,0.951795,0.960595,0.990577,3.065682,3.036793
88,0,6,1,0.973740,0.880262,0.850487,5.595281,4.758715
88,0,6,2,0.981032,0.903275,0.821498,5.394923,4.431917
88,0,6,3,0.913195,0.934056,1.009242,2.117421,2.136991
88,0,6,4,0.977451,1.121595,1.200147,4.681038,5.617934
88,0,6,5,0.950067,0.841849,0.754969,3.835076,2.895365
88,0,6,6,0.993021,0.966927,0.971836,13.211957,12.839855
88,0,6,7,0.986900,1.006257,1.011434,7.670526,7.758232
88,0,6,8,0.962619,0.846838,0.737253,5.326547,3.927014
88,0,6,9,0.995641,0.967117,0.965222,14.043734,13.555314
88,0,6,10,0.951226,1.002958,1.033465,2.205856,2.279674
88,0,6,11,0.919231,0.963103,1.069477,2.902447,3.104099
88,0,6,12,0.993935,0.967447,0.963208,13.119174,12.636495
88,0,6,13,0.903188,0.968098,1.976905,-0.345712,-0.683439
88,0,6,14,0.959358,0.921023,0.785930,2.662717,2.092711
88,0,6,15,0.981130,0.985762,0.991813,4.134168,4.100321
88,0,7,0,0.985112,1.048639,1.063164,8.046995,8.555276
88,0,7,1,0.976302,0.997387,1.008085,5.462400,5.506565
88,0,7,2,0.976563,0.988147,1.013786,3.375552,3.422087
88,0,7,3,0.971894,0.918975,0.938726,6.698358,6.287922
88,0,7,4,0.941801,0.756352,0.652186,4.512518,2.943002
88,0,7,5,0.940089,1.047407,1.145072,3.552937,4.068370
88,0,7,6,0.971562,0.977040,0.999967,8.020267,8.020003
88,0,7,7,0.973915,1.151185,1.259936,3.704952,4.668002
88,0,7,8,0.979038,1.055580,1.038412,6.668854,6.925016
88,0,7,9,0.991944,0.958317,0.959165,11.223437,10.765128
88,0,7,10,0.998106,1.016104,1.017721,26.182268,26.646246
88,0,7,11,0.992057,0.949753,0.934054,5.876823,5.489268
88,0,7,12,0.987742,0.975642,0.979629,10.697534,10.479612
88,0,7,13,0.974117,0.890067,0.874717,6.269603,5.484130
88,0,7,14,0.976951,0.846672,0.869008,4.627151,4.021029
88,0,7,15,0.853188,0.779616,0.279182,1.454283,0.406009
88,0,8,0,0.967104,1.081243,1.163164,3.581473,4.165841
88,0,8,1,0.974667,0.929226,0.878269,5.124102,4.500340
88,0,8,2,0.905803,0.796596,0.697922,2.729256,1.904807
88,0,8,3,0.974319,0.889426,0.850439,5.652042,4.806717
88,0,8,4,0.986706,1.028324,1.022461,11.317952,11.572169
88,0,8,5,0.955730,1.009791,1.088113,-1.861545,-2.025571
88,0,8,6,0.972906,1.069462,1.134512,3.985631,4.521744
88,0,8,7,0.990608,1.083398,1.141850,7.017337,8.012748
88,0,8,8,0.988518,0.987539,0.965057,5.492142,5.300231
88,0,8,9,0.982489,1.012291,1.019433,5.173919,5.274464
88,0,8,10,0.983771,0.976966,0.969865,6.612373,6.413113
88,0,8,11,0.985431,1.044797,1.077058,5.820155,6.268642
88,0,8,12,0.966553,1.018666,1.020093,3.614300,3.686924
88,0,8,13,0.983270,1.007635,1.012388,6.375968,6.454951
88,0,8,14,0.971652,1.085604,1.119587,4.264729,4.774734
88,0,8,15,0.834934,0.872430,1.156924,0.975129,1.128150
88,0,9,0,0.956503,0.926380,0.875048,3.068184,2.684809
88,0,9,1,0.873176,0.766543,0.338567,2.096579,0.709832
88,0,9,2,0.942777,0.874804,0.729628,2.416794,1.763360
88,0,9,3,0.985391,1.053451,1.070244,5.575085,5.966698
88,0,9,4,0.976299,1.117239,1.165922,5.526239,6.443163
88,0,9,5,0.973061,1.083503,1.161832,5.223696,6.069055
88,0,9,6,0.990929,1.063930,1.108141,8.285786,9.181817
88,0,9,7,0.990673,0.932618,0.917407,5.557204,5.098218
88,0,9,8,0.857159,0.764069,0.449235,1.031016,0.463169
88,0,9,9,0.988451,1.013723,1.019632,6.334097,6.458451
88,0,9,10,0.981374,0.913786,0.905690,7.623471,6.904499
88,0,9,11,0.979157,0.816888,0.763245,6.009449,4.586681
88,0,9,12,0.854102,0.864724,1.058914,4.387656,4.646152
88,0,9,13,0.942489,0.872235,0.789834,2.641369,2.086242
88,0,9,14,0.986815,1.043015,1.056442,6.446057,6.809886
88,0,9,15,0.992976,0.983251,0.968515,10.359048,10.032892
88,0,10,0,0.940632,0.807911,0.622807,4.007240,2.495738
88,0,10,1,0.994448,0.987138,0.990837,18.321434,18.153561
88,0,10,2,0.970184,0.908188,0.844855,5.296860,4.475078
88,0,10,3,0.966265,0.771248,0.726908,4.009387,2.914457
88,0,10,4,0.995605,0.944577,0.945249,7.245605,6.848899
88,0,10,5,0.988971,1.032678,1.036942,9.806073,10.168330
88,0,10,6,0.984002,0.950945,0.956265,10.150135,9.706216
88,0,10,7,0.987975,0.851149,0.815579,7.447402,6.073943
88,0,10,8,0.984729,1.048971,1.065557,7.237976,7.712476
88,0,10,9,0.974785,0.973586,0.996688,6.934691,6.911725
88,0,10,10,0.983539,0.947319,0.964249,12.344486,11.903158
88,0,10,11,0.985702,0.999501,0.986715,7.339580,7.242070
88,0,10,12,0.950654,0.798525,0.679806,4.433279,3.013770
88,0,10,13,0.992632,1.040129,1.044207,11.116158,11.607567
88,0,10,14,0.954278,0.876533,0.809150,4.217513,3.412601
88,0,10,15,0.978845,1.049347,1.078014,4.994127,5.383741
88,0,11,0,0.996471,1.023912,1.028773,9.037875,9.297925
88,0,11,1,0.987708,1.084041,1.088510,11.436347,12.448576
88,0,11,2,0.977444,1.062928,1.117993,4.862175,5.435879
88,0,11,3,0.853259,1.015008,1.558897,-1.318133,-2.054835
88,0,11,4,0.953667,0.839990,0.731727,4.097206,2.998034
88,0,11,5,0.972135,1.118389,1.215175,4.691918,5.701502
88,0,11,6,0.867091,0.887084,1.064226,5.865788,6.242522
88,0,11,7,0.942066,0.903438,0.885588,4.027444,3.566656
88,0,11,8,0.966857,0.978128,0.990009,3.870317,3.831649
88,0,11,9,0.984826,0.917818,0.895624,4.958366,4.440830
88,0,11,10,0.916342,0.896962,0.752956,2.006497,1.510804
88,0,11,11,0.984382,0.841757,0.818618,6.350418,5.198565
88,0,11,12,0.892833,0.740222,0.444776,3.598965,1.600734
88,0,11,13,0.987906,1.117305,1.119941,12.165774,13.624947
88,0,11,14,0.975087,1.104757,1.168660,4.704034,5.497416
88,0,11,15,0.988004,1.055901,1.056671,11.438140,12.086354
88,0,12,0,0.987900,1.174442,1.207754,-2.767889,-3.342928
88,0,12,1,0.979427,1.075644,1.093984,8.513958,9.314133
88,0,12,2,0.923343,1.075412,1.818086,1.583724,2.879346
88,0,12,3,0.998614,1.099084,1.099478,-3.294379,-3.622097
88,0,12,4,0.955313,1.122505,1.413522,3.009612,4.254152
88,0,12,5,0.884509,1.015099,1.212976,2.503376,3.036536
88,0,12,6,0.910828,1.078221,2.077943,1.203344,2.500481
88,0,12,7,0.968648,0.960477,0.946793,5.145864,4.872069
88,0,12,8,0.939618,0.938310,0.952295,4.270737,4.067000
88,0,12,9,0.982097,1.161494,1.173140,7.637403,8.959745
88,0,12,10,0.981426,0.883306,0.860370,4.032831,3.469728
88,0,12,11,0.943294,1.038777,1.172612,3.700211,4.338912
88,0,12,12,0.971427,1.199941,1.348697,4.830728,6.515187
88,0,12,13,0.844555,0.833226,0.990678,2.675181,2.650243
88,0,12,14,0.957789,1.074204,1.138695,5.014297,5.709753
88,0,12,15,0.853587,0.934343,0.946349,2.612665,2.472492
88,0,13,0,0.937330,0.873957,0.865789,4.702951,4.071763
88,0,13,1,0.949539,1.028041,1.076061,4.265953,4.590424
88,0,13,2,0.922513,0.984298,1.559208,1.135983,1.771233
88,0,13,3,0.949132,1.004041,1.067263,4.044493,4.316535
88,0,13,4,0.967395,0.915675,0.932317,7.630110,7.113684
88,0,13,5,0.969162,0.696845,0.677778,4.224872,2.863527
88,0,13,6,0.979438,1.098348,1.099184,7.209769,7.924861
88,0,13,7,0.953131,0.946962,0.927225,1.952371,1.810286
88,0,13,8,0.876150,0.745641,0.409880,2.523610,1.034378
88,0,13,9,0.939692,1.043377,1.175046,3.426381,4.026154
88,0,13,10,0.928672,1.084688,1.296273,2.992161,3.878658
88,0,13,11,0.923213,0.876208,0.879370,5.348888,4.703654
88,0,13,12,0.946643,0.907853,0.947012,4.934880,4.673388
88,0,13,13,0.923343,0.964373,0.939860,-0.872716,-0.820231
88,0,13,14,0.950752,0.977118,1.010428,4.996807,5.048912
88,0,13,15,0.987399,1.272945,1.322529,-1.936412,-2.560962
88,0,14,0,0.882938,0.925117,0.977697,2.131790,2.084244
88,0,14,1,0.981869,0.888110,0.866160,9.466729,8.199697
88,0,14,2,0.960435,1.072129,1.142464,4.732418,5.406618
88,0,14,3,0.881863,0.979169,1.104189,1.520638,1.679072
88,0,14,4,0.965943,1.070183,1.139905,5.285995,6.025531
88,0,14,5,0.758967,0.724074,0.154821,1.355638,0.209881
88,0,14,6,0.890018,0.948977,1.016268,1.883003,1.913636
88,0,14,7,0.954933,0.711665,0.658648,5.886692,3.877258
88,0,14,8,0.922342,0.956069,1.001897,3.096475,3.102349
88,0,14,9,0.808545,0.958595,2.323089,0.862655,2.004025
88,0,14,10,0.736280,0.684015,-0.155838,0.975112,-0.151959
88,0,14,11,0.913967,1.073201,1.369542,2.834332,3.881735
88,0,14,12,0.931573,1.011860,1.148651,2.457398,2.822693
88,0,14,13,0.876027,0.986412,1.329691,1.634356,2.173189
88,0,14,14,0.953178,1.029016,1.099725,4.357122,4.791635
88,0,14,15,0.853110,1.089849,2.027037,1.433540,2.905838
88,0,15,0,0.980460,1.071473,1.121872,4.210337,4.723458
88,0,15,1,0.965784,0.981748,0.939384,2.769354,2.601487
88,0,15,2,0.974465,0.873449,0.818066,4.842425,3.961422
88,0,15,3,0.976482,0.991828,0.991952,3.435716,3.408064
88,0,15,4,0.996734,0.993997,0.994858,-3.281680,-3.264805
88,0,15,5,0.969499,1.021036,1.102816,3.591344,3.960591
88,0,15,6,0.592765,0.841685,5.262148,0.235164,1.237469
88,0,15,7,0.958770,0.928722,0.844702,3.103570,2.621591
88,0,15,8,0.960365,1.050263,1.116267,3.656141,4.081228
88,0,15,9,0.979294,0.991700,0.974799,3.918672,3.819919
88,0,15,10,0.960069,0.938674,0.875405,-2.082751,-1.823250
88,0,15,11,0.973929,0.933608,0.896565,4.095957,3.672292
88,0,15,12,0.990592,1.124332,1.100409,6.186316,6.807477
88,0,15,13,0.906784,0.835637,0.607719,2.385763,1.449875
88,0,15,14,0.928504,0.852742,0.806395,3.272263,2.638735
88,0,15,15,0.648390,0.620752,-0.266822,1.593406,-0.425155
207,0,0,0,0.830836,0.898290,-2.342562,-0.275076,0.644383
207,0,0,1,0.945900,0.859227,0.619860,-0.575817,-0.356926
207,0,0,2,0.958516,0.877053,4.204073,-0.034594,-0.145438
207,0,0,3,0.964839,1.020550,1.135147,-1.380321,-1.566867
207,0,0,4,0.881445,0.836855,1.261150,-0.757625,-0.955478
207,0,0,5,0.863079,0.761938,0.303618,1.330108,0.403845
207,0,0,6,0.947876,0.961219,0.653805,1.472242,0.962560
207,0,0,7,0.984748,1.066092,1.116011,-1.491443,-1.664468
207,0,0,8,0.950185,0.819016,0.774526,1.636801,1.267745
207,0,0,9,0.881175,0.998547,4.389503,-0.125269,-0.549867
207,0,0,10,0.966943,0.905259,0.916374,0.844710,0.774070
207,0,0,11,0.806315,0.918949,-13.603820,-0.077184,1.050001
207,0,0,12,0.856799,0.739501,0.469547,0.730234,0.342879
207,0,0,13,0.972551,1.043504,1.086337,-1.467857,-1.594588
207,0,0,14,0.964689,0.865051,0.644218,0.044093,0.028406
207,0,0,15,0.990697,1.013183,1.226618,-0.374060,-0.458829
207,0,1,0,0.979643,1.002017,1.083584,0.512968,0.555844
207,0,1,1,0.979947,0.968581,0.962650,0.698631,0.672537
207,0,1,2,0.979425,0.998153,1.028213,1.888100,1.941369
207,0,1,3,0.896244,1.092318,5.650907,0.233465,1.319286
207,0,1,4,0.960790,0.918961,1.099602,0.367327,0.403914
207,0,1,5,0.922276,1.199005,2.148359,1.008084,2.165726
207,0,1,6,0.984721,0.990233,0.995787,1.837904,1.830161
207,0,1,7,0.957145,0.979964,1.189602,0.857115,1.019626
207,0,1,8,0.929277,1.067223,2.715018,0.445429,1.209347
207,0,1,9,0.940050,0.938549,0.332215,-0.447459,-0.148652
207,0,1,10,0.955507,0.956176,0.804567,1.095852,0.881687
207,0,1,11,0.967684,0.962836,0.696291,1.678030,1.168397
207,0,1,12,0.947332,1.058841,1.825334,-0.420558,-0.767658
207,0,1,13,0.963257,0.893876,0.896521,1.313561,1.177635
207,0,1,14,0.498635,0.502921,-0.956578,-0.354152,0.338774
207,0,1,15,0.969019,1.161714,1.254749,3.032457,3.804971
207,0,2,0,0.964118,0.950983,0.889031,2.384576,2.119962
207,0,2,1,0.964938,0.963034,0.981087,1.769358,1.735894
207,0,2,2,0.962333,1.030250,2.211269,0.308163,0.681431
207,0,2,3,0.965815,1.045712,2.081186,0.334639,0.696447
207,0,2,4,0.950910,1.079789,1.449020,0.659345,0.955404
207,0,2,5,0.981383,0.993709,0.975220,3.260076,3.179292
207,0,2,6,0.956879,1.063996,1.158774,1.432053,1.659425
207,0,2,7,0.961644,1.020618,1.816597,0.394845,0.717275
207,0,2,8,0.949948,0.968351,1.096538,0.539657,0.591754
207,0,2,9,0.979732,0.879057,0.824104,4.238351,3.492843
207,0,2,10,0.925241,1.024715,2.481506,0.447201,1.109733
207,0,2,11,0.986611,1.046106,1.082974,2.198260,2.380658
207,0,2,12,0.961848,1.035356,2.142676,0.368062,0.788637
207,0,2,13,0.958625,0.946334,0.899930,1.310712,1.179550
207,0,2,14,0.927031,0.977938,1.213398,-0.610790,-0.741132
207,0,2,15,0.948699,1.048560,3.384239,0.238645,0.807632
207,0,3,0,0.939085,0.979888,1.032601,1.261153,1.302269
207,0,3,1,0.958974,0.935526,0.853017,2.394974,2.042953
207,0,3,2,0.935012,0.955856,0.634772,0.898353,0.570249
207,0,3,3,0.957440,0.956751,0.670484,1.284036,0.860925
207,0,3,4,0.925090,0.894285,0.745980,2.426088,1.809813
207,0,3,5,0.982688,1.123508,1.234687,1.889343,2.332747
207,0,3,6,0.965744,0.981408,0.914493,2.237124,2.045835
207,0,3,7,0.956410,0.990795,1.612200,0.622348,1.003349
207,0,3,8,0.993381,1.029706,1.038731,8.169768,8.486190
207,0,3,9,0.985712,1.047696,1.095065,2.723759,2.982692
207,0,3,10,0.890764,0.785957,0.512367,3.219852,1.649746
207,0,3,11,0.842858,1.069916,3.730540,0.536056,1.999780
207,0,3,12,0.976585,0.947185,0.917665,2.505048,2.298794
207,0,3,13,0.989201,1.082288,1.094517,6.596123,7.219568
207,0,3,14,0.939084,0.974542,0.882674,1.056594,0.932628
207,0,3,15,0.976183,0.978576,0.872107,2.354354,2.053249
207,0,4,0,0.966465,0.936154,0.908708,2.709748,2.462369
207,0,4,1,0.979879,1.079618,1.076411,2.320404,2.497710
207,0,4,2,0.958827,1.016720,1.288417,0.691147,0.890485
207,0,4,3,0.969583,1.040519,1.085883,2.559621,2.779449
207,0,4,4,0.992255,1.041278,1.051702,4.391349,4.618389
207,0,4,5,0.963246,1.126335,1.463138,1.819262,2.661831
207,0,4,6,0.958275,1.100760,1.636844,1.546042,2.530631
207,0,4,7,0.974689,0.954235,0.787300,1.896146,1.492836
207,0,4,8,0.881240,0.732633,-0.307920,-0.222559,0.068530
207,0,4,9,0.965138,1.017213,1.014393,0.795301,0.806748
207,0,4,10,0.990709,0.993275,0.994532,7.287594,7.247749
207,0,4,11,0.980563,0.935216,0.941530,4.707361,4.432121
207,0,4,12,0.960371,0.963779,0.890179,1.771596,1.577037
207,0,4,13,0.983274,1.083337,1.114656,3.967282,4.422155
207,0,4,14,0.974929,0.989768,0.827816,1.512484,1.252059
207,0,4,15,0.954767,1.101176,1.517695,1.414695,2.147075
207,0,5,0,0.990892,0.994552,1.000039,10.259439,10.259843
207,0,5,1,0.921058,0.752054,0.650498,3.666682,2.385168
207,0,5,2,0.984932,0.933927,0.933570,7.476258,6.979607
207,0,5,3,0.981650,0.940477,0.846585,2.963741,2.509059
207,0,5,4,0.996400,1.032088,1.037709,10.412705,10.805356
207,0,5,5,0.990930,1.007359,1.006786,8.316242,8.372678
207,0,5,6,0.996877,1.060087,1.065227,14.930423,15.904295
207,0,5,7,0.949092,1.095130,1.308982,2.632637,3.446073
207,0,5,8,0.971304,1.070499,1.161634,3.752898,4.359495
207,0,5,9,0.976028,1.020632,1.056751,4.464048,4.717388
207,0,5,10,0.964191,0.809568,0.751471,6.077685,4.567206
207,0,5,11,0.946181,0.932723,0.979288,4.574792,4.480041
207,0,5,12,0.905171,0.843136,0.656965,1.322961,0.869139
207,0,5,13,0.990364,0.991581,0.970902,5.626957,5.463222
207,0,5,14,0.981691,0.951370,0.960103,6.292434,6.041384
207,0,5,15,0.910322,0.862809,0.825341,1.446178,1.193590
207,0,6,0,0.953690,0.966682,1.011071,3.137486,3.172220
207,0,6,1,0.971487,0.875416,0.839180,5.321375,4.465592
207,0,6,2,0.979874,0.905215,0.817018,5.240345,4.281455
207,0,6,3,0.902257,0.957532,1.121209,1.531847,1.717522
207,0,6,4,0.978534,1.115014,1.191445,4.810148,5.731025
207,0,6,5,0.946051,0.816772,0.704028,3.781053,2.661965
207,0,6,6,0.991086,0.944476,0.945344,12.022435,11.365337
207,0,6,7,0.991308,1.016646,1.024107,7.428136,7.607205
207,0,6,8,0.959704,0.847538,0.730027,5.268372,3.846053
207,0,6,9,0.993523,0.950942,0.945014,11.337213,10.713826
207,0,6,10,0.946478,0.987589,1.032931,2.190031,2.262152
207,0,6,11,0.936425,0.975971,1.063251,3.188778,3.390471
207,0,6,12,0.993046,0.956355,0.944830,11.794397,11.143703
207,0,6,13,0.907083,0.966406,1.838206,-0.367543,-0.675619
207,0,6,14,0.958217,0.918480,0.755764,2.424958,1.832697
207,0,6,15,0.981607,0.981096,0.990715,4.089596,4.051622
207,0,7,0,0.989405,1.035199,1.043796,8.843432,9.230737
207,0,7,1,0.974243,0.993320,1.002639,5.146008,5.159590
207,0,7,2,0.976830,0.989073,0.997101,3.364512,3.354757
207,0,7,3,0.972846,0.883611,0.889986,6.285839,5.594311
207,0,7,4,0.913026,0.730181,0.545703,3.843617,2.097474
207,0,7,5,0.916191,0.992269,1.108321,2.843979,3.152042
207,0,7,6,0.973678,0.948321,0.961407,7.689101,7.392358
207,0,7,7,0.971185,1.153231,1.288773,3.496999,4.506839
207,0,7,8,0.975874,1.024770,0.992429,6.488979,6.439851
207,0,7,9,0.992213,0.959514,0.958917,9.984432,9.574240
207,0,7,10,0.998015,1.010220,1.011191,25.181562,25.463375
207,0,7,11,0.992781,0.965113,0.954796,5.800043,5.537856
207,0,7,12,0.989976,0.982943,0.985324,10.431534,10.278444
207,0,7,13,0.972346,0.878861,0.861392,6.261092,5.393255
207,0,7,14,0.962343,0.788068,0.762612,3.650830,2.784168
207,0,7,15,0.849483,0.819722,-0.241469,0.805436,-0.194488
207,0,8,0,0.967645,1.099037,1.195399,3.501609,4.185819
207,0,8,1,0.971938,0.917651,0.858267,5.094425,4.372376
207,0,8,2,0.902084,0.787026,0.656718,2.767121,1.817218
207,0,8,3,0.969730,0.885207,0.828394,4.886551,4.047990
207,0,8,4,0.985369,0.997986,0.982471,9.746745,9.575890
207,0,8,5,0.968618,1.011614,1.083000,-2.132098,-2.309062
207,0,8,6,0.973753,1.062717,1.121463,3.980549,4.464037
207,0,8,7,0.988460,1.086863,1.171576,6.481772,7.593888
207,0,8,8,0.988616,0.998122,0.978356,5.314403,5.199377
207,0,8,9,0.979649,0.990827,0.978313,4.954031,4.846595
207,0,8,10,0.985204,0.974036,0.965291,6.629855,6.399742
207,0,8,11,0.979984,1.029087,1.084972,4.838779,5.249941
207,0,8,12,0.965515,1.013899,1.023659,3.549680,3.633661
207,0,8,13,0.982646,0.986288,0.983497,6.447724,6.341317
207,0,8,14,0.971733,1.099388,1.138019,4.255150,4.842440
207,0,8,15,0.829781,0.838449,0.911728,0.858612,0.782821
207,0,9,0,0.963636,0.953077,0.946348,3.133147,2.965048
207,0,9,1,0.840013,0.759976,0.059889,1.653558,0.099030
207,0,9,2,0.949396,0.876745,0.741308,2.618839,1.941365
207,0,9,3,0.985729,1.052403,1.071848,5.718800,6.129683
207,0,9,4,0.972622,1.108862,1.162524,5.032856,5.850818
207,0,9,5,0.973975,1.064196,1.138904,5.150871,5.866348
207,0,9,6,0.990501,1.063781,1.114976,8.093663,9.024242
207,0,9,7,0.993095,0.952638,0.940946,5.944266,5.593236
207,0,9,8,0.838091,0.777666,-0.142140,0.631503,-0.089762
207,0,9,9,0.989540,1.010749,1.022510,6.689338,6.839912
207,0,9,10,0.974047,0.883252,0.864341,7.087980,6.126431
207,0,9,11,0.975565,0.811802,0.738925,5.496262,4.061325
207,0,9,12,0.891534,0.916976,1.067453,4.356244,4.650086
207,0,9,13,0.953715,0.877980,0.814112,2.974130,2.421275
207,0,9,14,0.983600,1.032809,1.055480,5.638228,5.951039
207,0,9,15,0.992406,0.968668,0.940667,9.526579,8.961334
207,0,10,0,0.939737,0.793978,0.611812,4.044772,2.474639
207,0,10,1,0.994806,0.985389,0.989241,17.820246,17.628517
207,0,10,2,0.972897,0.913507,0.852330,5.443544,4.639696
207,0,10,3,0.947493,0.765041,0.657492,3.452001,2.269662
207,0,10,4,0.995864,0.933330,0.931900,7.160326,6.672707
207,0,10,5,0.989945,1.025877,1.027293,8.752860,8.991753
207,0,10,6,0.982859,0.947581,0.943337,8.846081,8.344836
207,0,10,7,0.987334,0.850055,0.807313,7.057049,5.697244
207,0,10,8,0.982439,1.045317,1.066111,6.519030,6.950012
207,0,10,9,0.974414,0.978403,1.001988,6.354950,6.367586
207,0,10,10,0.979157,0.940121,0.958893,11.433358,10.963372
207,0,10,11,0.986708,0.972811,0.956122,7.559825,7.228117
207,0,10,12,0.951924,0.795551,0.680143,4.607724,3.133912
207,0,10,13,0.992550,1.033094,1.036161,10.427727,10.804808
207,0,10,14,0.952879,0.849742,0.771245,4.330282,3.339708
207,0,10,15,0.975175,1.024286,1.044884,4.556640,4.761162
207,0,11,0,0.995910,1.008080,1.011262,8.748304,8.846828
207,0,11,1,0.987690,1.092860,1.099001,9.221376,10.134305
207,0,11,2,0.975336,1.057922,1.115535,4.662577,5.201269
207,0,11,3,0.865866,1.018886,1.561112,-1.392987,-2.174609
207,0,11,4,0.939973,0.804301,0.649993,3.989035,2.592843
207,0,11,5,0.958315,1.115507,1.318206,3.582864,4.722952
207,0,11,6,0.867594,0.886197,1.070851,5.043586,5.400928
207,0,11,7,0.922667,0.882050,0.876004,3.380558,2.961382
207,0,11,8,0.963173,0.977014,0.964640,3.245222,3.130472
207,0,11,9,0.973363,0.913318,0.838128,3.678971,3.083447
207,0,11,10,0.886002,0.883700,0.648526,1.615793,1.047884
207,0,11,11,0.984924,0.844731,0.822231,6.208440,5.104771
207,0,11,12,0.895968,0.727618,0.463337,3.776807,1.749935
207,0,11,13,0.988093,1.082053,1.079188,9.790172,10.565432
207,0,11,14,0.967192,1.124628,1.245157,4.120459,5.130620
207,0,11,15,0.988135,1.056733,1.052833,8.988139,9.463011
207,0,12,0,0.985198,1.147403,1.183699,-2.771739,-3.280904
207,0,12,1,0.982159,1.055300,1.068892,7.672423,8.200990
207,0,12,2,0.925448,1.051865,1.786936,1.464310,2.616629
207,0,12,3,0.998227,1.086157,1.086429,-3.375177,-3.666891
207,0,12,4,0.957009,1.091662,1.352462,2.865259,3.875155
207,0,12,5,0.875801,1.022649,1.294033,2.202054,2.849530
207,0,12,6,0.907556,1.043835,2.440075,0.830051,2.025385
207,0,12,7,0.961416,0.935740,0.901103,4.630249,4.172333
207,0,12,8,0.930019,0.949698,1.022069,3.742221,3.824809
207,0,12,9,0.984743,1.149118,1.169223,6.835563,7.992297
207,0,12,10,0.968110,0.856707,0.785426,3.237001,2.542425
207,0,12,11,0.927596,1.038115,1.295729,2.898998,3.756316
207,0,12,12,0.961649,1.187542,1.408952,3.986989,5.617477
207,0,12,13,0.861530,0.853300,0.946702,2.278658,2.157210
207,0,12,14,0.948348,1.057919,1.146438,4.430297,5.079063
207,0,12,15,0.846004,0.919671,0.962595,2.455660,2.363807
207,0,13,0,0.937056,0.876894,0.874423,4.562871,3.989881
207,0,13,1,0.941539,1.007491,1.050434,3.909527,4.106699
207,0,13,2,0.922744,0.977014,1.516811,1.107925,1.680513
207,0,13,3,0.942924,0.991601,1.060973,3.653757,3.876539
207,0,13,4,0.975092,0.921771,0.924214,8.152813,7.534941
207,0,13,5,0.953170,0.694416,0.641071,3.917155,2.511175
207,0,13,6,0.985120,1.048988,1.044711,7.470073,7.804068
207,0,13,7,0.949446,0.934942,0.849739,1.825176,1.550924
207,0,13,8,0.874044,0.738474,0.402470,2.545840,1.024624
207,0,13,9,0.933080,1.034597,1.173191,3.085900,3.620351
207,0,13,10,0.923414,1.085975,1.330056,2.876684,3.826152
207,0,13,11,0.919145,0.895711,0.930936,5.121482,4.767769
207,0,13,12,0.948372,0.909446,0.939243,5.040552,4.734303
207,0,13,13,0.921974,0.946928,0.888779,-1.043305,-0.927267
207,0,13,14,0.946369,0.980273,1.019927,4.771502,4.866584
207,0,13,15,0.989410,1.224730,1.261001,-2.116700,-2.669160
207,0,14,0,0.876953,0.933287,1.031667,1.959902,2.021966
207,0,14,1,0.985582,0.914161,0.895182,9.638359,8.628084
207,0,14,2,0.955037,1.053556,1.120605,4.398920,4.929451
207,0,14,3,0.877134,0.979960,1.113927,1.327383,1.478608
207,0,14,4,0.962383,1.079142,1.158579,5.064446,5.867563
207,0,14,5,0.776138,0.718178,0.245518,1.424942,0.349849
207,0,14,6,0.877871,0.947700,1.049351,1.639841,1.720768
207,0,14,7,0.950463,0.699958,0.638855,5.865393,3.747134
207,0,14,8,0.916882,0.944709,0.978789,2.895754,2.834331
207,0,14,9,0.790458,0.928272,2.741391,0.636756,1.745597
207,0,14,10,0.756623,0.708193,-0.126003,0.887592,-0.111839
207,0,14,11,0.906022,1.048204,1.368036,2.532718,3.464851
207,0,14,12,0.932203,1.003622,1.110564,2.349998,2.609822
207,0,14,13,0.861761,0.981598,1.496011,1.355646,2.028061
207,0,14,14,0.951320,1.037646,1.114997,4.214419,4.699066
207,0,14,15,0.851591,1.052166,2.075750,1.221742,2.536031
207,0,15,0,0.981730,1.068158,1.107300,4.295725,4.756654
207,0,15,1,0.966620,0.996118,0.970355,2.702020,2.621917
207,0,15,2,0.974652,0.886552,0.832096,4.717510,3.925421
207,0,15,3,0.976327,0.992522,0.988228,3.485522,3.444491
207,0,15,4,0.997344,1.010190,1.011442,-3.393613,-3.432444
207,0,15,5,0.970814,1.022196,1.095263,3.649137,3.996764
207,0,15,6,0.620995,0.948912,4.764896,0.309559,1.475016
207,0,15,7,0.953254,0.937020,0.842550,2.835523,2.389069
207,0,15,8,0.956520,1.046308,1.112472,3.512959,3.908070
207,0,15,9,0.979789,0.993558,0.963740,3.743036,3.607311
207,0,15,10,0.964207,0.917836,0.845660,-2.208710,-1.867818
207,0,15,11,0.972145,0.930205,0.886908,4.039834,3.582963
207,0,15,12,0.989735,1.122375,1.090862,5.901620,6.437854
207,0,15,13,0.929498,0.895426,0.776291,2.358595,1.830955
207,0,15,14,0.949595,0.925495,0.924975,3.502074,3.239331
207,0,15,15,0.728056,0.674047,-0.068552,1.602584,-0.109860
323,0,0,0,0.829294,0.911019,-4.207766,-0.177355,0.746267
323,0,0,1,0.949080,0.839226,0.668893,-0.646092,-0.432167
323,0,0,2,0.947906,0.843777,0.750977,0.550142,0.413144
323,0,0,3,0.945856,1.094245,1.372092,-1.109884,-1.522863
323,0,0,4,0.774348,0.776993,-1.933681,0.192612,-0.372451
323,0,0,5,0.838343,0.687311,0.289606,1.407264,0.407553
323,0,0,6,0.944966,0.957987,0.576853,1.361390,0.785322
323,0,0,7,0.992779,0.995402,0.998595,-2.490851,-2.487350
323,0,0,8,0.957587,0.791379,0.766913,2.107714,1.616434
323,0,0,9,0.859812,0.963996,-19.601769,0.016462,-0.322681
323,0,0,10,0.954471,0.936319,1.532235,-0.038463,-0.058935
323,0,0,11,0.806254,0.932404,87.321620,0.013152,1.148489
323,0,0,12,0.903278,0.783374,0.746676,1.403179,1.047720
323,0,0,13,0.981771,1.068900,1.122722,-1.646552,-1.848621
323,0,0,14,0.981691,0.783736,0.782619,2.092074,1.637297
323,0,0,15,0.990387,1.013091,1.181025,-0.392425,-0.463464
323,0,1,0,0.980438,1.020701,1.125375,0.835624,0.940390
323,0,1,1,0.981782,0.918450,0.890739,2.001149,1.782502
323,0,1,2,0.974023,1.017478,1.077237,1.422760,1.532650
323,0,1,3,0.888134,1.087639,5.095774,0.277607,1.414622
323,0,1,4,0.956791,0.905533,1.278807,0.494197,0.631983
323,0,1,5,0.923110,1.200374,2.066654,1.097872,2.268922
323,0,1,6,0.988896,0.946013,0.941828,2.744747,2.585079
323,0,1,7,0.953703,0.981957,1.320100,0.773462,1.021047
323,0,1,8,0.924110,1.037959,3.755698,0.268860,1.009758
323,0,1,9,0.944778,0.959072,0.812729,-0.518719,-0.421578
323,0,1,10,0.946199,0.963763,0.597362,0.848060,0.506599
323,0,1,11,0.962977,0.958711,0.637380,1.621303,1.033386
323,0,1,12,0.945735,1.060893,1.771946,-0.421751,-0.747319
323,0,1,13,0.947390,0.808086,0.704205,1.489945,1.049227
323,0,1,14,0.851139,0.551702,0.438837,-1.149449,-0.504421
323,0,1,15,0.977649,1.190878,1.235275,3.627379,4.480812
323,0,2,0,0.959918,0.954012,0.860499,2.299981,1.979132
323,0,2,1,0.954742,0.948781,0.969961,1.646057,1.596612
323,0,2,2,0.961587,1.026147,2.448203,0.249001,0.609605
323,0,2,3,0.965132,1.042461,2.275234,0.260578,0.592876
323,0,2,4,0.915122,1.012002,1.887541,0.325181,0.613792
323,0,2,5,0.988441,1.005950,1.003174,4.590448,4.605020
323,0,2,6,0.952849,1.050745,1.106380,1.353393,1.497367
323,0,2,7,0.960929,1.018419,1.862818,0.337724,0.629119
323,0,2,8,0.939291,0.961990,1.330853,0.405645,0.539853
323,0,2,9,0.981282,0.885209,0.836297,4.425898,3.701367
323,0,2,10,0.908324,0.994244,5.472440,0.160406,0.877810
323,0,2,11,0.980372,1.070228,1.151628,1.854700,2.135925
323,0,2,12,0.961913,1.031148,2.172349,0.324699,0.705361
323,0,2,13,0.927068,0.947426,0.894744,0.817406,0.731369
323,0,2,14,0.932465,0.987945,1.120791,-0.748482,-0.838892
323,0,2,15,0.946723,1.042858,3.833184,0.191094,0.732498
323,0,3,0,0.934864,0.990662,1.133111,1.128329,1.278522
323,0,3,1,0.947704,0.930982,0.792222,2.064695,1.635698
323,0,3,2,0.931669,0.951967,0.643878,0.907857,0.584549
323,0,3,3,0.957395,0.971492,0.704866,1.324873,0.933859
323,0,3,4,0.916089,0.889079,0.722071,2.422486,1.749206
323,0,3,5,0.968092,1.075050,1.274663,1.469250,1.872798
323,0,3,6,0.958268,0.988169,0.876797,1.958022,1.716787
323,0,3,7,0.952279,0.979676,1.597814,0.552893,0.883419
323,0,3,8,0.993599,0.989365,0.993192,8.797010,8.737119
323,0,3,9,0.987118,1.036390,1.076566,2.917217,3.140578
323,0,3,10,0.905040,0.812676,0.582989,3.340958,1.947743
323,0,3,11,0.848147,1.061713,3.631106,0.525354,1.907615
323,0,3,12,0.983601,0.988058,0.984502,3.040824,2.993699
323,0,3,13,0.987940,1.078848,1.088576,7.212842,7.851724
323,0,3,14,0.932182,0.968774,0.865320,1.002503,0.867486
323,0,3,15,0.971118,0.968594,0.831880,2.277231,1.894383
323,0,4,0,0.958271,0.939212,0.929412,2.317754,2.154147
323,0,4,1,0.978453,1.120863,1.172904,2.138695,2.508483
323,0,4,2,0.952248,1.009281,1.433222,0.558665,0.800691
323,0,4,3,0.968146,1.068322,1.143985,2.698643,3.087208
323,0,4,4,0.988788,1.037766,1.048496,3.935116,4.125952
323,0,4,5,0.955292,1.134864,1.546544,1.661172,2.569076
323,0,4,6,0.957493,1.107312,1.617203,1.567008,2.534170
323,0,4,7,0.973069,0.959992,0.792951,1.784909,1.415345
323,0,4,8,0.870503,0.774359,3.034488,0.098040,0.297502
323,0,4,9,0.958824,1.017231,1.094172,0.600274,0.656803
323,0,4,10,0.991596,1.038529,1.045578,7.790452,8.145526
323,0,4,11,0.983463,0.940206,0.945948,5.222243,4.939969
323,0,4,12,0.951398,0.961656,0.900167,1.536743,1.383326
323,0,4,13,0.980527,1.104843,1.135204,4.035835,4.581497
323,0,4,14,0.973387,0.997634,0.839618,1.353849,1.136715
323,0,4,15,0.944126,1.096969,1.669968,1.226736,2.048609
323,0,5,0,0.992553,0.999831,1.005122,11.110813,11.167726
323,0,5,1,0.882685,0.722936,0.538672,3.257419,1.754682
323,0,5,2,0.984819,0.952673,0.960298,7.727242,7.420453
323,0,5,3,0.983037,0.951256,0.887356,3.087754,2.739936
323,0,5,4,0.995407,1.054439,1.061022,9.827520,10.427217
323,0,5,5,0.991130,1.006614,1.010373,9.490672,9.589117
323,0,5,6,0.997383,1.029375,1.031373,15.854933,16.352348
323,0,5,7,0.944421,1.089381,1.328055,2.405463,3.194586
323,0,5,8,0.959014,1.074270,1.231197,2.969321,3.655818
323,0,5,9,0.968555,1.057677,1.132335,4.057241,4.594155
323,0,5,10,0.962727,0.800399,0.743980,6.243412,4.644972
323,0,5,11,0.957705,0.954784,0.989660,5.124213,5.071229
323,0,5,12,0.886744,0.873901,0.800751,1.187043,0.950526
323,0,5,13,0.990759,0.997285,0.984714,5.926785,5.836187
323,0,5,14,0.980975,0.990014,1.010122,6.458928,6.524302
323,0,5,15,0.918670,0.843998,0.839712,1.870767,1.570907
323,0,6,0,0.944896,0.969872,1.050275,2.731135,2.868443
323,0,6,1,0.968413,0.887335,0.858572,5.013588,4.304524
323,0,6,2,0.981972,0.910584,0.833694,5.479036,4.567839
323,0,6,3,0.893528,0.935881,1.055363,1.714761,1.809695
323,0,6,4,0.974062,1.140413,1.245345,4.396776,5.475502
323,0,6,5,0.946368,0.856961,0.754262,3.634272,2.741195
323,0,6,6,0.990910,0.967110,0.972853,12.552153,12.211394
323,0,6,7,0.985837,1.027015,1.034604,7.027078,7.270246
323,0,6,8,0.959135,0.839298,0.724399,5.362479,3.884573
323,0,6,9,0.995933,0.965044,0.960403,13.838470,13.290511
323,0,6,10,0.947083,1.005197,1.063653,2.110351,2.244682
323,0,6,11,0.941019,0.980857,1.058064,3.344230,3.538408
323,0,6,12,0.993217,0.976111,0.966826,12.539716,12.123728
323,0,6,13,0.889517,0.963350,2.401862,-0.268724,-0.645438
323,0,6,14,0.954740,0.905728,0.732160,2.612059,1.912444
323,0,6,15,0.980953,0.999260,1.014405,4.222364,4.283188
323,0,7,0,0.986932,1.038477,1.047493,8.537977,8.943468
323,0,7,1,0.977815,1.001106,1.016519,5.572989,5.665048
323,0,7,2,0.973328,0.996801,1.038996,3.307492,3.436472
323,0,7,3,0.967448,0.899191,0.923065,6.344528,5.856413
323,0,7,4,0.942404,0.749717,0.656316,4.796339,3.147913
323,0,7,5,0.943066,1.030761,1.098653,3.818699,4.195423
323,0,7,6,0.977032,0.975453,0.994868,8.887325,8.841717
323,0,7,7,0.974209,1.157201,1.261951,3.830976,4.834504
323,0,7,8,0.978738,1.053146,1.034923,6.605153,6.835824
323,0,7,9,0.991515,0.949378,0.948886,11.463069,10.877142
323,0,7,10,0.997979,1.004798,1.006233,26.471565,26.636566
323,0,7,11,0.991283,0.931135,0.911084,5.902901,5.378037
323,0,7,12,0.988465,0.982524,0.990061,10.851600,10.743745
323,0,7,13,0.975357,0.902970,0.891740,6.481558,5.779864
323,0,7,14,0.976519,0.823502,0.840694,4.638050,3.899180
323,0,7,15,0.839361,0.760067,0.248889,1.538964,0.383032
323,0,8,0,0.964069,1.101104,1.218951,3.432972,4.184625
323,0,8,1,0.973327,0.924173,0.876315,5.108962,4.477059
323,0,8,2,0.917069,0.804454,0.732281,3.042797,2.228183
323,0,8,3,0.976733,0.887717,0.850944,5.882846,5.005972
323,0,8,4,0.987100,1.054773,1.052688,11.760250,12.379869
323,0,8,5,0.948716,1.022534,1.130634,-1.671536,-1.889894
323,0,8,6,0.973431,1.101965,1.182714,4.110061,4.861025
323,0,8,7,0.989349,1.097392,1.169004,6.888753,8.052980
323,0,8,8,0.987777,0.990057,0.964614,5.230741,5.045644
323,0,8,9,0.983340,1.008052,1.005670,5.524940,5.556268
323,0,8,10,0.981803,0.970456,0.952907,6.566963,6.257705
323,0,8,11,0.983923,1.028643,1.051400,5.558596,5.844306
323,0,8,12,0.966625,1.049113,1.090396,3.596411,3.921512
323,0,8,13,0.982573,0.979950,0.971969,6.793408,6.602983
323,0,8,14,0.971735,1.105673,1.159710,4.199286,4.869952
323,0,8,15,0.836812,0.866006,1.128857,1.109504,1.252472
323,0,9,0,0.957919,0.925896,0.860116,3.162731,2.720317
323,0,9,1,0.856514,0.734790,0.311411,2.223675,0.692477
323,0,9,2,0.941067,0.881774,0.737734,2.342963,1.728483
323,0,9,3,0.984156,1.050168,1.067753,5.395813,5.761397
323,0,9,4,0.980475,1.100281,1.129206,6.235583,7.041260
323,0,9,5,0.969538,1.090021,1.188604,5.077084,6.034640
323,0,9,6,0.990645,1.055856,1.090623,8.334515,9.089812
323,0,9,7,0.986942,0.924199,0.904778,4.909356,4.441876
323,0,9,8,0.863861,0.774298,0.573561,1.121329,0.643151
323,0,9,9,0.988539,1.005868,1.008157,6.483249,6.536134
323,0,9,10,0.976814,0.880609,0.867995,7.850182,6.813921
323,0,9,11,0.981400,0.825103,0.780364,6.403306,4.996910
323,0,9,12,0.840460,0.819718,1.023201,4.417606,4.520097
323,0,9,13,0.933475,0.868914,0.781430,2.497264,1.951437
323,0,9,14,0.984683,1.025608,1.032631,6.062369,6.260187
323,0,9,15,0.991663,0.982257,0.956487,9.918845,9.487250
323,0,10,0,0.937993,0.799585,0.620465,4.182423,2.595048
323,0,10,1,0.994412,0.954647,0.957695,18.786409,17.991650
323,0,10,2,0.961371,0.888580,0.801174,4.862648,3.895825
323,0,10,3,0.966090,0.748935,0.705494,4.451131,3.140244
323,0,10,4,0.995272,0.925943,0.925704,7.400498,6.850668
323,0,10,5,0.989667,1.054742,1.060051,11.195269,11.867552
323,0,10,6,0.984830,0.979430,0.984623,10.935838,10.767673
323,0,10,7,0.991014,0.871641,0.845854,7.954046,6.727964
323,0,10,8,0.984138,1.019933,1.027617,7.156761,7.354411
323,0,10,9,0.965352,0.936620,0.963488,6.718825,6.473506
323,0,10,10,0.980605,0.921667,0.938460,11.975444,11.238477
323,0,10,11,0.986094,0.972882,0.951240,8.188193,7.788936
323,0,10,12,0.951516,0.791909,0.684472,4.589170,3.141157
323,0,10,13,0.992730,1.028674,1.031242,11.788322,12.156610
323,0,10,14,0.950718,0.867444,0.791702,4.158476,3.292275
323,0,10,15,0.977226,1.016328,1.022292,5.067686,5.180657
323,0,11,0,0.996351,1.009000,1.013121,9.301600,9.423642
323,0,11,1,0.988590,1.127866,1.133693,11.700889,13.265212
323,0,11,2,0.976862,1.070370,1.117950,5.037322,5.631475
323,0,11,3,0.851843,0.996090,1.548726,-1.291548,-2.000254
323,0,11,4,0.953073,0.845666,0.737353,3.949616,2.912262
323,0,11,5,0.969982,1.107576,1.201624,4.346854,5.223285
323,0,11,6,0.799116,0.787505,1.036179,5.134296,5.320050
323,0,11,7,0.940445,0.900998,0.880399,4.060839,3.575158
323,0,11,8,0.967391,0.970949,0.970659,4.068103,3.948741
323,0,11,9,0.986578,0.926883,0.908783,4.851043,4.408547
323,0,11,10,0.931521,0.917813,0.819196,2.101775,1.721766
323,0,11,11,0.985990,0.830218,0.810573,6.684580,5.418339
323,0,11,12,0.904931,0.732185,0.501510,4.016003,2.014065
323,0,11,13,0.988133,1.141148,1.148426,12.421649,14.265349
323,0,11,14,0.973869,1.103533,1.171531,4.676827,5.479046
323,0,11,15,0.987679,1.077114,1.079706,11.429397,12.340391
323,0,12,0,0.986819,1.200267,1.238334,-2.672908,-3.309954
323,0,12,1,0.982371,1.088340,1.108434,9.482866,10.511136
323,0,12,2,0.920999,1.082344,1.833033,1.622348,2.973817
323,0,12,3,0.998590,1.091909,1.092430,-3.253351,-3.554060
323,0,12,4,0.955631,1.121416,1.409936,3.081657,4.344940
323,0,12,5,0.887937,1.006239,1.110211,2.717093,3.016546
323,0,12,6,0.906730,1.068541,2.211671,1.085273,2.400266
323,0,12,7,0.965477,0.958289,0.950297,4.951463,4.705360
323,0,12,8,0.937675,0.931141,0.942801,4.196135,3.956121
323,0,12,9,0.984389,1.156965,1.172223,8.454273,9.910296
323,0,12,10,0.984959,0.865195,0.846782,4.394050,3.720803
323,0,12,11,0.947340,1.039527,1.149491,3.869021,4.447406
323,0,12,12,0.967682,1.183665,1.351035,4.420157,5.971786
323,0,12,13,0.858740,0.837530,0.979684,2.960298,2.900156
323,0,12,14,0.955710,1.077880,1.142093,5.086909,5.809723
323,0,12,15,0.854908,0.911687,0.854464,2.926036,2.500193
323,0,13,0,0.937780,0.893670,0.887814,4.679800,4.154791
323,0,13,1,0.947728,1.035222,1.095137,4.068646,4.455727
323,0,13,2,0.918656,0.980573,1.625284,1.043084,1.695308
323,0,13,3,0.949139,1.025211,1.105978,3.982965,4.405072
323,0,13,4,0.975825,0.937152,0.952935,8.343000,7.950340
323,0,13,5,0.979123,0.742807,0.733535,4.776616,3.503814
323,0,13,6,0.982086,1.093215,1.095179,8.201413,8.982018
323,0,13,7,0.955006,0.961156,0.951772,1.890616,1.799436
323,0,13,8,0.877011,0.746829,0.398719,2.517857,1.003917
323,0,13,9,0.936403,1.052382,1.213783,3.272518,3.972128
323,0,13,10,0.926635,1.082940,1.312868,2.903594,3.812034
323,0,13,11,0.930761,0.901844,0.912011,5.483668,5.001163
323,0,13,12,0.947044,0.916114,0.957899,4.826883,4.623664
323,0,13,13,0.927813,0.967746,0.983960,-0.867082,-0.853174
323,0,13,14,0.953629,0.988631,1.025708,5.006694,5.135404
323,0,13,15,0.983952,1.315821,1.385397,-1.762540,-2.441818
323,0,14,0,0.888101,0.919580,0.932225,2.338819,2.180307
323,0,14,1,0.976116,0.852737,0.824852,9.184467,7.575823
323,0,14,2,0.962144,1.066659,1.131507,4.774559,5.402447
323,0,14,3,0.879427,0.972812,1.081584,1.514729,1.638307
323,0,14,4,0.969162,1.074300,1.140521,5.420389,6.182067
323,0,14,5,0.748398,0.722414,0.126384,1.362689,0.172222
323,0,14,6,0.894101,0.950031,0.981811,1.981329,1.945292
323,0,14,7,0.959304,0.716378,0.671358,6.078563,4.080894
323,0,14,8,0.922218,0.964453,1.017651,3.150191,3.205795
323,0,14,9,0.815974,0.972458,2.149803,0.936490,2.013269
323,0,14,10,0.717245,0.659731,-0.153735,1.048946,-0.161260
323,0,14,11,0.912073,1.075920,1.390526,2.774352,3.857810
323,0,14,12,0.928264,1.026042,1.191874,2.494742,2.973418
323,0,14,13,0.882294,0.984177,1.294735,1.655160,2.142993
323,0,14,14,0.958833,1.038828,1.104559,4.537747,5.012212
323,0,14,15,0.853755,1.101853,2.024883,1.490621,3.018335
323,0,15,0,0.980619,1.079576,1.133687,4.309678,4.885824
323,0,15,1,0.965729,0.993700,0.966195,2.782349,2.688292
323,0,15,2,0.972188,0.868512,0.809987,4.825596,3.908671
323,0,15,3,0.975378,0.998127,1.006284,3.399430,3.420793
323,0,15,4,0.996307,0.992545,0.993658,-3.242357,-3.221793
323,0,15,5,0.967505,1.010853,1.091190,3.525491,3.846981
323,0,15,6,0.588151,0.893692,4.354480,0.293320,1.277256
323,0,15,7,0.957451,0.926759,0.849139,3.153898,2.678097
323,0,15,8,0.958809,1.051112,1.122611,3.563806,4.000767
323,0,15,9,0.980594,0.996108,0.991041,3.994898,3.959108
323,0,15,10,0.953474,0.935645,0.865243,-1.953272,-1.690055
323,0,15,11,0.974526,0.928501,0.892465,4.244809,3.788344
323,0,15,12,0.991271,1.132246,1.116198,6.545685,7.306282
323,0,15,13,0.888722,0.793858,0.515507,2.430510,1.252944
323,0,15,14,0.909435,0.819753,0.738981,3.022359,2.233464
323,0,15,15,0.642268,0.623930,-0.298654,1.538818,-0.459574
500,0,0,0,0.836254,0.914306,-4.819270,-0.151156,0.728460
500,0,0,1,0.948187,0.870417,0.656193,-0.601517,-0.394711
500,0,0,2,0.960517,0.882334,0.792040,0.600255,0.475426
500,0,0,3,0.957418,0.979911,1.103645,-1.342650,-1.481808
500,0,0,4,0.910642,0.856324,1.062609,-0.588426,-0.625267
500,0,0,5,0.842362,0.708916,0.285676,1.387977,0.396512
500,0,0,6,0.946736,0.960070,0.632595,1.437515,0.909365
500,0,0,7,0.985147,1.073828,1.117043,-1.544618,-1.725404
500,0,0,8,0.958715,0.821720,0.787551,1.821102,1.434211
500,0,0,9,0.923642,1.139828,1.626330,-0.613129,-0.997151
500,0,0,10,0.941431,0.929621,1.138060,-0.370445,-0.421589
500,0,0,11,0.814174,0.932597,44.927684,0.023953,1.076149
500,0,0,12,0.856756,0.714042,0.552664,1.065480,0.588853
500,0,0,13,0.976501,1.028724,1.051116,-1.640056,-1.723889
500,0,0,14,0.903591,0.752938,0.586042,0.667519,0.391194
500,0,0,15,0.990865,1.013777,1.228651,-0.362849,-0.445814
500,0,1,0,0.979641,1.006878,1.094957,0.597905,0.654680
500,0,1,1,0.994729,0.932665,0.921690,4.340612,4.000697
500,0,1,2,0.964684,1.007815,1.148877,1.057812,1.215296
500,0,1,3,0.891894,1.102652,4.654895,0.317846,1.479540
500,0,1,4,0.956028,0.887013,0.694314,-0.448549,-0.311434
500,0,1,5,0.924751,1.206566,2.080309,1.089200,2.265872
500,0,1,6,0.989788,0.973668,0.974336,2.611557,2.544533
500,0,1,7,0.954612,0.983388,1.274293,0.812287,1.035091
500,0,1,8,0.926870,1.062951,2.765439,0.437372,1.209524
500,0,1,9,0.941030,0.943689,0.519523,-0.525646,-0.273085
500,0,1,10,0.953174,0.955504,0.766305,1.043504,0.799642
500,0,1,11,0.966522,0.963332,0.676824,1.651016,1.117448
500,0,1,12,0.959819,1.106977,1.564297,-0.618225,-0.967088
500,0,1,13,0.962151,0.893854,0.914623,1.216061,1.112237
500,0,1,14,0.502628,0.404648,-0.260743,-0.574959,0.149916
500,0,1,15,0.966626,1.201976,1.313849,3.004205,3.947073
500,0,2,0,0.962030,0.946327,0.864727,2.366701,2.046551
500,0,2,1,0.972377,0.973645,0.981870,1.624552,1.595099
500,0,2,2,0.962470,1.029925,2.198196,0.314003,0.690241
500,0,2,3,0.966917,1.042762,1.997298,0.344631,0.688331
500,0,2,4,0.944449,1.010785,1.518846,0.471515,0.716159
500,0,2,5,0.984489,0.993955,0.988228,3.970504,3.923765
500,0,2,6,0.956483,1.067200,1.157383,1.443947,1.671199
500,0,2,7,0.961888,1.020555,1.832176,0.399054,0.731136
500,0,2,8,0.960609,0.974523,1.130184,0.545972,0.617049
500,0,2,9,0.979624,0.881768,0.825448,4.213630,3.478132
500,0,2,10,0.916717,1.020953,2.878267,0.373364,1.074642
500,0,2,11,0.990694,1.031522,1.056963,2.853985,3.016556
500,0,2,12,0.961222,1.035062,2.176590,0.372960,0.811781
500,0,2,13,0.938361,0.965993,0.929640,0.732889,0.681323
500,0,2,14,0.939022,0.990840,1.171400,-0.713414,-0.835694
500,0,2,15,0.947448,1.050250,3.281110,0.254793,0.836005
500,0,3,0,0.942391,0.985019,1.053362,1.333556,1.404716
500,0,3,1,0.955649,0.939314,0.842615,2.246407,1.892855
500,0,3,2,0.934363,0.956342,0.679724,0.952812,0.647649
500,0,3,3,0.956895,0.956220,0.655519,1.268503,0.831528
500,0,3,4,0.923951,0.902025,0.742349,2.342977,1.739307
500,0,3,5,0.982771,1.123182,1.198547,2.083325,2.496962
500,0,3,6,0.963982,0.984546,0.896840,2.082495,1.867665
500,0,3,7,0.956188,0.990765,1.507861,0.701703,1.058071
500,0,3,8,0.993793,1.017385,1.023705,8.646295,8.851253
500,0,3,9,0.986403,1.053236,1.094231,2.633519,2.881678
500,0,3,10,0.894004,0.794312,0.523731,3.223167,1.688072
500,0,3,11,0.834652,1.036715,4.719981,0.390551,1.843393
500,0,3,12,0.981898,0.961328,0.946633,2.680368,2.537326
500,0,3,13,0.988281,1.094373,1.113635,6.377693,7.102419
500,0,3,14,0.939912,0.978624,0.928352,1.115487,1.035565
500,0,3,15,0.974232,0.975333,0.847009,2.274654,1.926652
500,0,4,0,0.963176,0.940966,0.908441,2.501585,2.272542
500,0,4,1,0.978269,1.093523,1.126405,2.169417,2.443641
500,0,4,2,0.957906,1.019326,1.378038,0.661791,0.911973
500,0,4,3,0.970381,1.045717,1.099422,2.615009,2.874998
500,0,4,4,0.991960,1.057927,1.075410,4.270255,4.592273
500,0,4,5,0.961363,1.124151,1.484716,1.794783,2.664743
500,0,4,6,0.957525,1.104201,1.638637,1.567789,2.569037
500,0,4,7,0.975246,0.958562,0.800067,1.876044,1.500961
500,0,4,8,0.859962,0.695152,0.212134,-0.406044,-0.086136
500,0,4,9,0.964414,1.021721,1.037242,0.764195,0.792655
500,0,4,10,0.991525,1.016217,1.019974,7.276087,7.421416
500,0,4,11,0.981943,0.935019,0.940602,4.779715,4.495809
500,0,4,12,0.958428,0.962434,0.897275,1.758331,1.577706
500,0,4,13,0.988267,1.034086,1.049905,4.467009,4.689935
500,0,4,14,0.976034,0.993879,0.854950,1.512106,1.292775
500,0,4,15,0.952074,1.102082,1.561801,1.390578,2.171807
500,0,5,0,0.994726,0.976155,0.977618,11.766124,11.502770
500,0,5,1,0.927730,0.769435,0.670733,3.710656,2.488860
500,0,5,2,0.992676,0.947150,0.948455,9.492487,9.003196
500,0,5,3,0.982900,0.951887,0.880116,2.908877,2.560149
500,0,5,4,0.997262,1.036506,1.041017,11.345836,11.811206
500,0,5,5,0.994487,0.978719,0.976280,10.017747,9.780129
500,0,5,6,0.997116,1.048908,1.052873,15.157009,15.958411
500,0,5,7,0.937631,1.105828,1.467332,2.239311,3.285813
500,0,5,8,0.966575,1.084925,1.214701,3.468298,4.212945
500,0,5,9,0.972313,1.038637,1.095017,4.201065,4.600237
500,0,5,10,0.960101,0.797282,0.733522,5.974057,4.382100
500,0,5,11,0.968597,0.930755,0.948899,5.447990,5.169594
500,0,5,12,0.910597,0.828058,0.687004,1.555245,1.068460
500,0,5,13,0.989919,0.991274,0.971343,5.630002,5.468662
500,0,5,14,0.988442,0.944452,0.948180,7.240502,6.865303
500,0,5,15,0.939711,0.845413,0.824164,2.316294,1.909005
500,0,6,0,0.951177,0.973779,1.043310,2.967399,3.095918
500,0,6,1,0.975466,0.891345,0.868293,5.572465,4.838532
500,0,6,2,0.981182,0.908689,0.826275,5.307436,4.385402
500,0,6,3,0.959661,0.939081,0.964857,3.090515,2.981903
500,0,6,4,0.972452,1.154609,1.279525,4.380569,5.605047
500,0,6,5,0.958447,0.847320,0.765885,4.098441,3.138936
500,0,6,6,0.991779,0.943913,0.940748,12.045008,11.331322
500,0,6,7,0.991638,0.992554,0.995629,7.741084,7.707248
500,0,6,8,0.960013,0.847742,0.729454,5.249788,3.829478
500,0,6,9,0.993771,0.948252,0.935749,10.866017,10.167867
500,0,6,10,0.950212,1.012875,1.073458,2.307987,2.477528
500,0,6,11,0.969950,0.973735,0.997043,4.108883,4.096733
500,0,6,12,0.993589,0.966115,0.947795,11.952003,11.328050
500,0,6,13,0.897982,0.967141,1.681484,-0.399065,-0.671022
500,0,6,14,0.964073,0.929106,0.806832,2.597803,2.095991
500,0,6,15,0.983197,0.989165,0.998091,4.477266,4.468718
500,0,7,0,0.992792,1.037162,1.041932,9.952660,10.369993
500,0,7,1,0.976761,1.018367,1.034682,5.127272,5.305098
500,0,7,2,0.974766,0.986394,1.006055,3.364857,3.385232
500,0,7,3,0.976587,0.890658,0.900357,6.658391,5.994930
500,0,7,4,0.923377,0.749244,0.590732,4.073320,2.406239
500,0,7,5,0.933739,1.018826,1.101970,3.326821,3.666057
500,0,7,6,0.980416,0.950373,0.956332,9.162830,8.762711
500,0,7,7,0.969900,1.162107,1.302116,3.517882,4.580690
500,0,7,8,0.976856,1.034127,1.001540,6.475445,6.485415
500,0,7,9,0.994402,0.961052,0.961177,11.242555,10.806088
500,0,7,10,0.998334,1.004806,1.005715,25.611130,25.757500
500,0,7,11,0.993315,0.962524,0.951959,6.148503,5.853122
500,0,7,12,0.991891,0.992991,0.995330,10.876376,10.825587
500,0,7,13,0.975747,0.890370,0.873390,6.524924,5.698802
500,0,7,14,0.973604,0.821970,0.821012,4.261814,3.499001
500,0,7,15,0.855628,0.807818,0.106187,1.147261,0.121824
500,0,8,0,0.962352,1.110443,1.232061,3.405306,4.195545
500,0,8,1,0.973761,0.923032,0.871887,5.176264,4.513115
500,0,8,2,0.922316,0.797759,0.712516,3.167374,2.256804
500,0,8,3,0.972666,0.881825,0.830963,5.310670,4.412973
500,0,8,4,0.990372,1.061905,1.065566,11.191764,11.925563
500,0,8,5,0.958201,1.057153,1.163403,-1.722440,-2.003893
500,0,8,6,0.970461,1.086246,1.151390,3.850693,4.433650
500,0,8,7,0.986906,1.089967,1.193707,6.334242,7.561233
500,0,8,8,0.988962,0.996786,0.973803,5.439232,5.296741
500,0,8,9,0.984203,0.988032,0.984439,5.369032,5.285483
500,0,8,10,0.988655,0.990732,0.983069,7.227832,7.105460
500,0,8,11,0.982977,1.036611,1.096922,5.347232,5.865495
500,0,8,12,0.963968,1.029256,1.050368,3.461612,3.635967
500,0,8,13,0.988149,0.983429,0.974450,7.553606,7.360614
500,0,8,14,0.973507,1.085213,1.111073,4.250145,4.722223
500,0,8,15,0.837364,0.865323,0.972581,0.959861,0.933542
500,0,9,0,0.960852,0.939934,0.924863,3.117818,2.883555
500,0,9,1,0.872669,0.780658,0.259371,1.879384,0.487458
500,0,9,2,0.947536,0.876024,0.746729,2.622047,1.957959
500,0,9,3,0.987956,1.046973,1.060920,6.032650,6.400162
500,0,9,4,0.983010,1.099967,1.133082,6.005413,6.804625
500,0,9,5,0.976219,1.082559,1.154505,5.443680,6.284758
500,0,9,6,0.989956,1.065453,1.123215,8.042759,9.033747
500,0,9,7,0.991225,0.928710,0.910852,5.738010,5.226478
500,0,9,8,0.860034,0.783738,0.340510,1.055114,0.359277
500,0,9,9,0.990209,1.009012,1.000053,6.897768,6.898131
500,0,9,10,0.983054,0.898624,0.890209,8.085232,7.197548
500,0,9,11,0.976642,0.820076,0.752069,5.466461,4.111154
500,0,9,12,0.906604,0.944434,1.073834,4.833739,5.190634
500,0,9,13,0.949486,0.870044,0.794643,2.905181,2.308582
500,0,9,14,0.986222,1.041945,1.057396,6.174330,6.528713
500,0,9,15,0.995151,0.990040,0.973710,10.416990,10.143130
500,0,10,0,0.940038,0.795122,0.610596,4.218967,2.576086
500,0,10,1,0.995635,0.984722,0.987651,18.658054,18.427654
500,0,10,2,0.970183,0.907745,0.846851,5.431671,4.599815
500,0,10,3,0.975037,0.804380,0.759106,4.179281,3.172518
500,0,10,4,0.996621,0.929460,0.928446,7.710143,7.158448
500,0,10,5,0.992533,1.044327,1.051312,10.141048,10.661404
500,0,10,6,0.988861,0.987607,0.988862,10.662580,10.543820
500,0,10,7,0.987765,0.855971,0.818319,7.346902,6.012109
500,0,10,8,0.986918,1.028178,1.037538,7.309801,7.584196
500,0,10,9,0.986620,1.001194,1.015485,7.997791,8.121635
500,0,10,10,0.986311,0.956986,0.968934,12.703400,12.308758
500,0,10,11,0.989009,0.985412,0.974443,8.461876,8.245614
500,0,10,12,0.954529,0.804707,0.696151,4.652432,3.238797
500,0,10,13,0.995079,1.043235,1.045349,11.418790,11.936617
500,0,10,14,0.941498,0.839052,0.714087,3.908675,2.791135
500,0,10,15,0.981224,1.015648,1.024802,5.327960,5.460104
500,0,11,0,0.996677,1.020384,1.025220,9.463417,9.702083
500,0,11,1,0.990444,1.126306,1.138683,10.104833,11.506200
500,0,11,2,0.983082,1.063981,1.091559,5.804343,6.335782
500,0,11,3,0.849491,1.010130,1.688614,-1.131685,-1.910979
500,0,11,4,0.948685,0.821988,0.682662,4.212508,2.875718
500,0,11,5,0.972729,1.103386,1.203144,4.593604,5.526768
500,0,11,6,0.899183,0.935517,1.082393,5.955544,6.446238
500,0,11,7,0.943105,0.900333,0.883404,4.079669,3.603996
500,0,11,8,0.975191,0.995183,1.010311,4.383087,4.428281
500,0,11,9,0.984560,0.925444,0.886944,4.027066,3.571780
500,0,11,10,0.900765,0.877098,0.549775,1.825426,1.003574
500,0,11,11,0.985754,0.833622,0.809252,6.536017,5.289283
500,0,11,12,0.916082,0.744046,0.531214,4.142787,2.200705
500,0,11,13,0.990902,1.150025,1.157113,10.534840,12.190001
500,0,11,14,0.974363,1.109491,1.190895,4.704715,5.602824
500,0,11,15,0.990082,1.108579,1.115894,10.003477,11.162816
500,0,12,0,0.986479,1.184581,1.221392,-2.762312,-3.373865
500,0,12,1,0.984968,1.121287,1.144669,8.114161,9.288028
500,0,12,2,0.928731,1.048732,1.737148,1.520830,2.641907
500,0,12,3,0.998726,1.095312,1.095870,-3.327869,-3.646913
500,0,12,4,0.957467,1.096690,1.368494,2.974606,4.070730
500,0,12,5,0.895204,1.026237,1.177248,2.600959,3.061975
500,0,12,6,0.915071,1.058125,2.114538,1.045369,2.210473
500,0,12,7,0.963331,0.940764,0.916964,4.809147,4.409815
500,0,12,8,0.944322,0.938583,0.950508,4.148854,3.943520
500,0,12,9,0.987741,1.164427,1.185675,7.779078,9.223462
500,0,12,10,0.982391,0.878296,0.842909,3.674862,3.097573
500,0,12,11,0.952070,1.048410,1.158156,3.690913,4.274652
500,0,12,12,0.968484,1.197571,1.370823,4.478231,6.138863
500,0,12,13,0.876402,0.887730,1.019387,2.626670,2.677594
500,0,12,14,0.955531,1.055234,1.111839,4.715850,5.243264
500,0,12,15,0.859008,0.929757,0.861571,2.516628,2.168255
500,0,13,0,0.935995,0.885833,0.875346,4.580658,4.009662
500,0,13,1,0.952492,1.007699,1.032872,4.249793,4.389491
500,0,13,2,0.923674,0.983493,1.549675,1.097344,1.700527
500,0,13,3,0.949097,0.999200,1.052095,3.869591,4.071176
500,0,13,4,0.977695,0.939556,0.953544,8.205830,7.824617
500,0,13,5,0.968185,0.712313,0.681536,4.098051,2.792969
500,0,13,6,0.985877,1.092034,1.099387,7.651514,8.411971
500,0,13,7,0.952418,0.927443,0.863464,1.881652,1.624738
500,0,13,8,0.892263,0.763896,0.450415,2.583392,1.163599
500,0,13,9,0.937528,1.030637,1.161657,3.221614,3.742409
500,0,13,10,0.927292,1.077753,1.311499,2.888748,3.788590
500,0,13,11,0.927512,0.887574,0.889979,5.358426,4.768888
500,0,13,12,0.950171,0.906961,0.938552,4.961804,4.656913
500,0,13,13,0.928868,0.976900,0.969698,-0.784235,-0.760471
500,0,13,14,0.951287,0.967191,0.995630,4.922374,4.900865
500,0,13,15,0.986169,1.281971,1.345224,-1.888799,-2.540859
500,0,14,0,0.896194,0.930772,0.952964,2.171143,2.069020
500,0,14,1,0.983074,0.902909,0.881102,9.444911,8.321934
500,0,14,2,0.961714,1.057678,1.116478,4.640401,5.180906
500,0,14,3,0.888844,0.977172,1.046664,1.521566,1.592568
500,0,14,4,0.969431,1.071809,1.136214,5.399228,6.134679
500,0,14,5,0.773838,0.722499,0.220937,1.495637,0.330442
500,0,14,6,0.900038,0.954349,0.969723,1.896304,1.838890
500,0,14,7,0.948208,0.695863,0.632467,5.870296,3.712767
500,0,14,8,0.928900,0.954428,0.974745,3.143797,3.064401
500,0,14,9,0.831741,0.967136,2.098149,0.841672,1.765953
500,0,14,10,0.751828,0.704857,-0.224130,0.880881,-0.197432
500,0,14,11,0.917689,1.071417,1.360834,2.763618,3.760824
500,0,14,12,0.937788,1.005938,1.109232,2.518058,2.793111
500,0,14,13,0.887811,0.986862,1.303158,1.614258,2.103633
500,0,14,14,0.960449,1.030518,1.085146,4.517386,4.902024
500,0,14,15,0.864909,1.082833,1.956596,1.422573,2.783400
500,0,15,0,0.981978,1.058969,1.093857,4.302615,4.706446
500,0,15,1,0.967687,0.984426,0.940944,2.850130,2.681813
500,0,15,2,0.975133,0.873870,0.818839,4.910791,4.021146
500,0,15,3,0.976654,0.992070,0.991210,3.498613,3.467860
500,0,15,4,0.997275,1.010441,1.011410,-3.359526,-3.397860
500,0,15,5,0.970962,1.020110,1.095061,3.716637,4.069942
500,0,15,6,0.631964,0.983201,4.390671,0.341125,1.497769
500,0,15,7,0.957267,0.921036,0.825692,3.102646,2.561829
500,0,15,8,0.960299,1.044746,1.104806,3.665125,4.049250
500,0,15,9,0.979658,0.991281,0.965942,3.810682,3.680898
500,0,15,10,0.962448,0.938580,0.869286,-2.087155,-1.814334
500,0,15,11,0.974226,0.924109,0.877063,4.223158,3.703976
500,0,15,12,0.989731,1.111600,1.079802,6.133880,6.623374
500,0,15,13,0.918105,0.840239,0.645653,2.542086,1.641307
500,0,15,14,0.942736,0.878886,0.848403,3.458849,2.934500
500,0,15,15,0.689921,0.649720,-0.159888,1.605702,-0.256733
849,0,0,0,0.827966,0.897650,-2.323586,-0.282545,0.656518
849,0,0,1,0.940950,0.835535,0.534412,-0.553612,-0.295857
849,0,0,2,0.944780,0.864651,-1.516226,0.058945,-0.089374
849,0,0,3,0.968116,1.009572,1.094009,-1.245372,-1.362449
849,0,0,4,0.900737,0.841918,0.932620,-0.903004,-0.842159
849,0,0,5,0.850309,0.717725,0.328418,1.659838,0.545120
849,0,0,6,0.947879,0.958759,0.657221,1.505071,0.989165
849,0,0,7,0.989158,1.034732,1.063207,-1.922313,-2.043817
849,0,0,8,0.957936,0.798884,0.764304,1.990464,1.521319
849,0,0,9,0.852435,0.929604,5.993662,-0.082014,-0.491565
849,0,0,10,0.963028,0.888036,0.869332,0.917518,0.797628
849,0,0,11,0.799603,0.910030,-9.569264,-0.109358,1.046474
849,0,0,12,0.817844,0.730856,0.355965,0.551524,0.196323
849,0,0,13,0.976647,1.043639,1.064667,-1.595920,-1.699123
849,0,0,14,0.925560,0.763705,0.695536,0.986331,0.686029
849,0,0,15,0.990870,1.011088,1.216453,-0.370570,-0.450781
849,0,1,0,0.979337,0.997495,1.125079,0.472928,0.532081
849,0,1,1,0.979352,0.960522,0.969688,1.514649,1.468736
849,0,1,2,0.978038,0.981114,1.007156,1.819063,1.832080
849,0,1,3,0.891642,1.091115,6.258627,0.212912,1.332537
849,0,1,4,0.960849,0.891894,0.511748,-0.150486,-0.077011
849,0,1,5,0.921476,1.193524,2.145403,0.995644,2.136058
849,0,1,6,0.986968,0.979219,0.988774,1.993353,1.970975
849,0,1,7,0.955523,0.980670,1.223319,0.810621,0.991648
849,0,1,8,0.926107,1.059672,3.074916,0.372157,1.144353
849,0,1,9,0.938213,0.932558,0.281809,-0.471359,-0.132833
849,0,1,10,0.956852,0.958621,0.862616,1.116676,0.963262
849,0,1,11,0.968272,0.964100,0.703078,1.674061,1.176996
849,0,1,12,0.957604,1.074387,1.526529,-0.699397,-1.067650
849,0,1,13,0.953884,0.871781,0.791598,0.914253,0.723721
849,0,1,14,0.396743,0.402781,-1.088526,-0.366234,0.398655
849,0,1,15,0.963091,1.216968,1.318288,3.007138,3.964274
849,0,2,0,0.962676,0.946654,0.879393,2.385151,2.097484
849,0,2,1,0.965003,0.919078,0.933629,2.217597,2.070413
849,0,2,2,0.962188,1.026613,2.271402,0.283140,0.643126
849,0,2,3,0.965605,1.042579,2.116784,0.308567,0.653169
849,0,2,4,0.935957,1.059191,1.907078,0.401730,0.766130
849,0,2,5,0.985229,1.006545,1.003875,3.834215,3.849071
849,0,2,6,0.955550,1.061947,1.167171,1.391839,1.624513
849,0,2,7,0.961098,1.019745,1.809722,0.376447,0.681265
849,0,2,8,0.942071,0.951061,1.276625,0.342072,0.436698
849,0,2,9,0.980546,0.880077,0.829444,4.276745,3.547320
849,0,2,10,0.922092,1.034472,2.374160,0.493717,1.172163
849,0,2,11,0.988227,1.044937,1.083025,2.479825,2.685714
849,0,2,12,0.961996,1.030999,2.141858,0.343528,0.735788
849,0,2,13,0.941349,0.927391,0.829384,0.848764,0.703951
849,0,2,14,0.926332,0.973027,1.173372,-0.576585,-0.676549
849,0,2,15,0.948228,1.052809,2.953072,0.285060,0.841803
849,0,3,0,0.935377,0.978540,1.029942,1.253582,1.291117
849,0,3,1,0.958297,0.936542,0.854241,2.350177,2.007618
849,0,3,2,0.933195,0.958671,0.640071,0.895248,0.573022
849,0,3,3,0.956798,0.951671,0.653039,1.322854,0.863876
849,0,3,4,0.924666,0.895722,0.751882,2.399286,1.803981
849,0,3,5,0.987568,1.115475,1.170002,2.320665,2.715183
849,0,3,6,0.966586,0.982917,0.926749,2.284096,2.116785
849,0,3,7,0.955106,0.997120,1.489459,0.725096,1.080001
849,0,3,8,0.992335,1.029494,1.040085,7.975511,8.295208
849,0,3,9,0.988104,1.037637,1.068423,2.960914,3.163508
849,0,3,10,0.887816,0.780779,0.502566,3.204069,1.610257
849,0,3,11,0.839250,1.053445,4.115681,0.476811,1.962400
849,0,3,12,0.975578,0.977953,0.971260,2.523923,2.451386
849,0,3,13,0.988346,1.096308,1.110690,6.431930,7.143880
849,0,3,14,0.937139,0.974259,0.883048,1.004751,0.887243
849,0,3,15,0.977138,0.978270,0.879174,2.397537,2.107853
849,0,4,0,0.964858,0.932259,0.889491,2.670798,2.375651
849,0,4,1,0.978025,1.082284,1.113137,2.098042,2.335408
849,0,4,2,0.957446,1.013499,1.252492,0.720395,0.902288
849,0,4,3,0.969920,1.041491,1.090602,2.556025,2.787606
849,0,4,4,0.991317,1.055823,1.065756,4.330616,4.615380
849,0,4,5,0.963552,1.134282,1.457110,1.875538,2.732864
849,0,4,6,0.956196,1.106751,1.674069,1.496055,2.504499
849,0,4,7,0.974669,0.955908,0.795439,1.895409,1.507682
849,0,4,8,0.879633,0.786643,9.835797,0.031421,0.309051
849,0,4,9,0.964035,1.013896,1.003981,0.777486,0.780581
849,0,4,10,0.991252,0.997055,0.998013,7.324373,7.309821
849,0,4,11,0.980707,0.925034,0.926369,4.698335,4.352391
849,0,4,12,0.958445,0.963372,0.894530,1.749715,1.565173
849,0,4,13,0.982111,1.060296,1.088780,4.204900,4.578210
849,0,4,14,0.975357,0.991653,0.850487,1.510209,1.284413
849,0,4,15,0.956171,1.096461,1.489120,1.448014,2.156267
849,0,5,0,0.993205,0.998998,1.004260,11.198485,11.246193
849,0,5,1,0.912479,0.758007,0.625213,3.358334,2.099674
849,0,5,2,0.987047,0.926842,0.930784,8.445681,7.861101
849,0,5,3,0.982268,0.943067,0.855947,3.002083,2.569623
849,0,5,4,0.996637,1.031824,1.035686,10.667439,11.048120
849,0,5,5,0.992625,0.998207,0.999486,9.483794,9.478917
849,0,5,6,0.995397,1.069741,1.078120,13.742801,14.816387
849,0,5,7,0.952096,1.109830,1.328264,2.801116,3.720623
849,0,5,8,0.967588,1.086605,1.204737,3.500654,4.217366
849,0,5,9,0.974337,1.023088,1.054545,4.383677,4.622783
849,0,5,10,0.963243,0.808024,0.749035,5.928040,4.440310
849,0,5,11,0.965085,0.930552,0.959068,5.472033,5.248053
849,0,5,12,0.919973,0.842941,0.726108,1.778497,1.291381
849,0,5,13,0.990304,0.994584,0.976925,5.569818,5.441295
849,0,5,14,0.984537,0.958880,0.969078,6.851438,6.639577
849,0,5,15,0.913435,0.840347,0.811524,1.649647,1.338729
849,0,6,0,0.955172,0.959231,0.984508,3.330625,3.279029
849,0,6,1,0.970360,0.855825,0.810855,5.414934,4.390726
849,0,6,2,0.981906,0.912098,0.833713,5.305328,4.423121
849,0,6,3,0.921858,0.969528,1.052948,2.108855,2.220515
849,0,6,4,0.977630,1.124950,1.210621,4.903213,5.935933
849,0,6,5,0.951900,0.846721,0.766405,3.785509,2.901232
849,0,6,6,0.991754,0.958836,0.959698,12.292624,11.797211
849,0,6,7,0.988631,1.009508,1.014417,7.756441,7.868262
849,0,6,8,0.961469,0.851296,0.736293,5.266815,3.877917
849,0,6,9,0.993669,0.955970,0.946323,11.498054,10.880871
849,0,6,10,0.948439,0.979701,0.977490,2.382580,2.328948
849,0,6,11,0.948607,0.954374,1.004046,3.603115,3.617693
849,0,6,12,0.992530,0.956656,0.942447,12.248588,11.543649
849,0,6,13,0.913765,0.969545,1.478809,-0.452257,-0.668802
849,0,6,14,0.959714,0.941459,0.828016,2.304883,1.908480
849,0,6,15,0.981331,0.978123,0.978993,4.356491,4.264972
849,0,7,0,0.992383,1.052434,1.059705,9.492534,10.059289
849,0,7,1,0.975974,0.968587,0.966352,5.375852,5.194967
849,0,7,2,0.977867,0.982664,0.989052,3.378334,3.341348
849,0,7,3,0.972790,0.889603,0.897251,6.376353,5.721189
849,0,7,4,0.916633,0.745615,0.562051,3.750883,2.108186
849,0,7,5,0.918677,1.031645,1.213062,2.670975,3.240059
849,0,7,6,0.973148,0.951916,0.967994,8.017766,7.761149
849,0,7,7,0.972420,1.148291,1.264693,3.595788,4.547566
849,0,7,8,0.975488,1.007004,0.973282,6.589050,6.413004
849,0,7,9,0.991670,0.963140,0.961772,10.174108,9.785169
849,0,7,10,0.997518,1.020824,1.022751,24.587841,25.147234
849,0,7,11,0.992654,0.962028,0.952297,6.032937,5.745147
849,0,7,12,0.989192,0.984281,0.986088,11.040250,10.886653
849,0,7,13,0.974779,0.897750,0.888191,6.332995,5.624910
849,0,7,14,0.962296,0.808432,0.793328,3.668416,2.910258
849,0,7,15,0.857702,0.824630,-0.152217,0.779845,-0.118705
849,0,8,0,0.968004,1.104167,1.200192,3.702989,4.444296
849,0,8,1,0.970237,0.912769,0.853768,5.049242,4.310879
849,0,8,2,0.901880,0.794684,0.668880,2.502529,1.673891
849,0,8,3,0.971364,0.896841,0.848545,4.860013,4.123938
849,0,8,4,0.986219,0.996768,0.981245,9.967699,9.780753
849,0,8,5,0.969165,1.026977,1.100553,-2.084270,-2.293850
849,0,8,6,0.976017,1.055039,1.092904,4.341173,4.744484
849,0,8,7,0.988472,1.094145,1.169708,6.724093,7.865228
849,0,8,8,0.989332,0.990129,0.965013,5.417185,5.227653
849,0,8,9,0.982001,1.005349,1.005728,5.135868,5.165284
849,0,8,10,0.982633,0.966603,0.962220,6.402902,6.161001
849,0,8,11,0.980439,1.066121,1.135574,5.001616,5.679707
849,0,8,12,0.963304,1.031156,1.053008,3.529388,3.716473
849,0,8,13,0.982613,1.003889,1.005044,6.594880,6.628143
849,0,8,14,0.974964,1.083340,1.107112,4.542279,5.028811
849,0,8,15,0.830640,0.835691,1.133457,0.675451,0.765594
849,0,9,0,0.964610,0.961635,0.989225,3.055029,3.022112
849,0,9,1,0.857723,0.776880,0.131456,1.630617,0.214355
849,0,9,2,0.949157,0.875940,0.750401,2.608591,1.957489
849,0,9,3,0.984492,1.050713,1.072327,5.588972,5.993203
849,0,9,4,0.967673,1.129472,1.196722,4.969200,5.946751
849,0,9,5,0.976760,1.080402,1.144829,5.530907,6.331942
849,0,9,6,0.990647,1.077346,1.126471,8.294096,9.343056
849,0,9,7,0.993336,0.949799,0.937507,6.152914,5.768400
849,0,9,8,0.843122,0.772688,-0.177937,0.520797,-0.092669
849,0,9,9,0.990530,1.017853,1.026839,7.109861,7.300683
849,0,9,10,0.976590,0.898428,0.886375,7.019945,6.222307
849,0,9,11,0.973283,0.815019,0.735268,5.105924,3.754221
849,0,9,12,0.893704,0.929936,1.090305,4.534863,4.944384
849,0,9,13,0.955793,0.877452,0.815038,3.006541,2.450444
849,0,9,14,0.982994,1.045924,1.078054,5.442309,5.867102
849,0,9,15,0.991862,0.978039,0.951227,9.240495,8.789807
849,0,10,0,0.948709,0.810256,0.650502,4.039580,2.627756
849,0,10,1,0.995127,0.992050,0.995788,17.843317,17.768160
849,0,10,2,0.971594,0.913760,0.853652,5.393279,4.603981
849,0,10,3,0.944079,0.780676,0.655921,3.221100,2.112787
849,0,10,4,0.995877,0.929503,0.928324,7.436731,6.903697
849,0,10,5,0.989637,1.013054,1.014924,9.021890,9.156531
849,0,10,6,0.984034,0.966523,0.968838,9.006655,8.725986
849,0,10,7,0.987599,0.852711,0.810506,6.916712,5.606037
849,0,10,8,0.982885,1.054564,1.079452,6.505285,7.022145
849,0,10,9,0.978612,0.989126,1.006470,7.021078,7.066504
849,0,10,10,0.978420,0.945225,0.967620,11.199139,10.836514
849,0,10,11,0.987554,0.999347,0.992223,7.487954,7.429716
849,0,10,12,0.949840,0.785930,0.669293,4.565293,3.055521
849,0,10,13,0.991926,1.044320,1.049188,10.145707,10.644753
849,0,10,14,0.954518,0.857796,0.778728,4.249974,3.309572
849,0,10,15,0.974500,1.060900,1.109013,4.255847,4.719791
849,0,11,0,0.995769,1.016186,1.020064,8.690192,8.864552
849,0,11,1,0.988421,1.068914,1.069328,9.738598,10.413752
849,0,11,2,0.976454,1.070145,1.131432,4.754246,5.379107
849,0,11,3,0.865355,1.029567,1.595216,-1.437049,-2.292404
849,0,11,4,0.943152,0.802492,0.660225,4.189091,2.765744
849,0,11,5,0.959255,1.134180,1.329622,3.726802,4.955236
849,0,11,6,0.865923,0.884449,1.061834,5.163531,5.482815
849,0,11,7,0.930764,0.888301,0.905910,3.575686,3.239251
849,0,11,8,0.959916,0.972159,0.965756,3.256517,3.145000
849,0,11,9,0.976098,0.900231,0.841187,3.984701,3.351877
849,0,11,10,0.891545,0.864878,0.636917,1.877224,1.195636
849,0,11,11,0.987478,0.850990,0.830977,6.393056,5.312484
849,0,11,12,0.905153,0.732160,0.495421,3.945548,1.954708
849,0,11,13,0.987170,1.085507,1.083633,9.804722,10.624716
849,0,11,14,0.968524,1.132627,1.280242,3.982053,5.097991
849,0,11,15,0.988207,1.069576,1.063873,9.134955,9.718433
849,0,12,0,0.984900,1.155022,1.193057,-2.780117,-3.316838
849,0,12,1,0.980400,1.067460,1.090141,7.811841,8.516008
849,0,12,2,0.928233,1.053908,1.757778,1.491832,2.622309
849,0,12,3,0.998370,1.084698,1.084482,-3.416103,-3.704703
849,0,12,4,0.960691,1.098287,1.322831,3.091344,4.089327
849,0,12,5,0.864860,1.013087,1.352386,2.043283,2.763308
849,0,12,6,0.909393,1.040489,2.382542,0.813212,1.937511
849,0,12,7,0.960725,0.924739,0.898461,4.769031,4.284787
849,0,12,8,0.928678,0.953059,1.048613,3.739824,3.921629
849,0,12,9,0.984794,1.160965,1.186618,6.792635,8.060266
849,0,12,10,0.971052,0.849081,0.788323,3.320492,2.617619
849,0,12,11,0.932997,1.051767,1.280211,3.224619,4.128193
849,0,12,12,0.962739,1.201514,1.419915,4.013232,5.698446
849,0,12,13,0.860276,0.848697,0.962171,2.443099,2.350679
849,0,12,14,0.948076,1.061823,1.154677,4.397210,5.077357
849,0,12,15,0.838030,0.923669,1.042774,2.266020,2.362947
849,0,13,0,0.939552,0.887285,0.897579,4.653887,4.177233
849,0,13,1,0.940775,1.007921,1.053346,3.956730,4.167807
849,0,13,2,0.922366,0.981609,1.494116,1.236854,1.848003
849,0,13,3,0.945318,1.005332,1.082327,3.805825,4.119147
849,0,13,4,0.980565,0.934348,0.942822,8.685102,8.188503
849,0,13,5,0.957642,0.705964,0.668223,4.022635,2.688016
849,0,13,6,0.985636,1.059000,1.060102,7.480577,7.930172
849,0,13,7,0.944813,0.936431,0.884764,1.838822,1.626923
849,0,13,8,0.890017,0.752952,0.472896,2.625535,1.241606
849,0,13,9,0.931289,1.028146,1.148607,3.246167,3.728571
849,0,13,10,0.922553,1.070885,1.293442,2.937045,3.798898
849,0,13,11,0.922501,0.897648,0.934381,5.341794,4.991270
849,0,13,12,0.946889,0.903456,0.937368,4.999300,4.686184
849,0,13,13,0.920772,0.947664,0.904066,-0.876250,-0.792188
849,0,13,14,0.946952,0.988024,1.030838,4.813322,4.961753
849,0,13,15,0.989604,1.201081,1.238119,-2.117253,-2.621412
849,0,14,0,0.886076,0.944466,1.054659,1.924700,2.029903
849,0,14,1,0.985892,0.914159,0.896513,9.837952,8.819851
849,0,14,2,0.955218,1.050927,1.118963,4.393873,4.916583
849,0,14,3,0.877770,0.980649,1.143907,1.257173,1.438088
849,0,14,4,0.961553,1.064761,1.139327,5.031021,5.731979
849,0,14,5,0.785474,0.716278,0.311193,1.476182,0.459378
849,0,14,6,0.881399,0.952454,1.074252,1.588116,1.706037
849,0,14,7,0.946797,0.697906,0.629316,5.683583,3.576769
849,0,14,8,0.921055,0.953098,0.994247,2.910756,2.894010
849,0,14,9,0.793714,0.927608,2.882673,0.611053,1.761466
849,0,14,10,0.764093,0.709745,-0.071328,0.900236,-0.064212
849,0,14,11,0.907988,1.043176,1.354301,2.552119,3.456337
849,0,14,12,0.931882,0.995327,1.090132,2.357700,2.570205
849,0,14,13,0.865903,0.975842,1.485639,1.312465,1.949850
849,0,14,14,0.952243,1.037418,1.114601,4.234258,4.719507
849,0,14,15,0.858137,1.055622,1.975373,1.304137,2.576157
849,0,15,0,0.981723,1.070585,1.116629,4.337207,4.843051
849,0,15,1,0.968616,0.995084,0.974864,2.765063,2.695562
849,0,15,2,0.974789,0.888259,0.833478,4.674818,3.896358
849,0,15,3,0.976413,0.987329,0.980293,3.532944,3.463321
849,0,15,4,0.997509,1.018997,1.020412,-3.387955,-3.457111
849,0,15,5,0.971352,1.017325,1.089999,3.622987,3.949052
849,0,15,6,0.563352,0.881794,6.467942,0.227316,1.470267
849,0,15,7,0.953911,0.927406,0.826726,2.847372,2.353996
849,0,15,8,0.956818,1.032521,1.093881,3.537300,3.869384
849,0,15,9,0.979133,0.988885,0.954610,3.791933,3.619819
849,0,15,10,0.964005,0.932279,0.864970,-2.136212,-1.847759
849,0,15,11,0.973788,0.929619,0.887414,4.082447,3.622819
849,0,15,12,0.988146,1.108281,1.067555,5.796087,6.187642
849,0,15,13,0.932542,0.900167,0.799530,2.444688,1.954601
849,0,15,14,0.957610,0.940413,0.946645,3.679780,3.483447
849,0,15,15,0.721918,0.653154,-0.045123,1.676185,-0.075635
17,0,0,0,0.829388,0.904286,-3.616931,-0.208478,0.754050
17,0,0,1,0.944255,0.827316,0.616851,-0.591197,-0.364680
17,0,0,2,0.949702,0.833093,0.810839,0.674640,0.547024
17,0,0,3,0.953214,1.071488,1.292300,-1.201178,-1.552282
17,0,0,4,0.775119,0.758483,-1.971260,0.167054,-0.329307
17,0,0,5,0.808891,0.685077,0.148203,1.305000,0.193405
17,0,0,6,0.945987,0.960172,0.612083,1.400038,0.856939
17,0,0,7,0.989801,1.024657,1.042210,-2.071870,-2.159323
17,0,0,8,0.942200,0.743836,0.711157,1.919242,1.364882
17,0,0,9,0.844949,0.967614,-11.635681,0.033860,-0.393984
17,0,0,10,0.951289,0.909856,0.951701,0.175092,0.166635
17,0,0,11,0.804683,0.928403,-106.453725,-0.010709,1.140063
17,0,0,12,0.877618,0.742893,0.612482,1.146082,0.701955
17,0,0,13,0.981058,1.018196,1.017492,-2.097567,-2.134258
17,0,0,14,0.945124,0.837155,0.756220,0.750946,0.567881
17,0,0,15,0.990550,1.016736,1.226526,-0.453787,-0.556582
17,0,1,0,0.979914,1.014003,1.105241,0.659117,0.728483
17,0,1,1,0.961998,0.943423,0.953624,0.917341,0.874799
17,0,1,2,0.974579,1.008323,1.069391,1.665380,1.780941
17,0,1,3,0.898706,1.096214,4.324264,0.324392,1.402757
17,0,1,4,0.962733,0.912195,1.121029,0.550339,0.616946
17,0,1,5,0.924857,1.202579,2.031932,1.118829,2.273384
17,0,1,6,0.989982,0.984163,0.994375,2.752720,2.737234
17,0,1,7,0.953094,0.979505,1.290784,0.772162,0.996694
17,0,1,8,0.925501,1.050414,3.288838,0.328779,1.081300
17,0,1,9,0.941853,0.954137,0.573550,-0.428309,-0.245657
17,0,1,10,0.949967,0.962362,0.722834,0.981413,0.709399
17,0,1,11,0.965079,0.958908,0.668752,1.671927,1.118104
17,0,1,12,0.959903,1.098195,1.489385,-0.668151,-0.995134
17,0,1,13,0.962625,0.849734,0.817423,2.033930,1.662581
17,0,1,14,0.751652,0.499080,0.279593,-0.923823,-0.258294
17,0,1,15,0.976677,1.227130,1.264843,3.811612,4.821090
17,0,2,0,0.960123,0.951765,0.866786,2.313442,2.005258
17,0,2,1,0.964022,0.921229,0.931004,2.401539,2.235844
17,0,2,2,0.961846,1.027314,2.377056,0.262153,0.623151
17,0,2,3,0.966024,1.043062,2.050784,0.307739,0.631106
17,0,2,4,0.921529,1.115081,1.790552,0.530670,0.950192
17,0,2,5,0.982166,1.032273,1.042673,3.856729,4.021306
17,0,2,6,0.952825,1.052470,1.133786,1.301734,1.475888
17,0,2,7,0.961170,1.016217,1.824316,0.360726,0.658079
17,0,2,8,0.953485,1.034285,1.236898,0.676961,0.837332
17,0,2,9,0.981643,0.881420,0.834770,4.482322,3.741708
17,0,2,10,0.919365,1.014447,2.895026,0.348396,1.008617
17,0,2,11,0.974745,1.107013,1.260756,1.683618,2.122630
17,0,2,12,0.961343,1.031196,2.208181,0.333852,0.737205
17,0,2,13,0.919554,0.942867,0.840531,0.637640,0.535956
17,0,2,14,0.925893,0.969510,1.078035,-0.633438,-0.682869
17,0,2,15,0.949231,1.043641,3.269922,0.234240,0.765947
17,0,3,0,0.926581,0.992946,1.332040,0.813035,1.082995
17,0,3,1,0.952048,0.938607,0.820925,2.095971,1.720635
17,0,3,2,0.932154,0.956408,0.660628,0.911710,0.602301
17,0,3,3,0.958049,0.964772,0.701270,1.360529,0.954098
17,0,3,4,0.916320,0.887804,0.721412,2.418782,1.744937
17,0,3,5,0.969101,1.096605,1.280331,1.430319,1.831282
17,0,3,6,0.960486,0.983971,0.883004,2.096989,1.851649
17,0,3,7,0.952965,0.978900,1.738579,0.451626,0.785188
17,0,3,8,0.992481,1.016883,1.021553,8.314058,8.493252
17,0,3,9,0.981090,1.060455,1.112116,2.411920,2.682335
17,0,3,10,0.904039,0.805700,0.569626,3.337624,1.901198
17,0,3,11,0.835161,1.047451,4.608259,0.395685,1.823421
17,0,3,12,0.980720,0.992406,1.002153,2.738715,2.744612
17,0,3,13,0.983255,1.151641,1.177191,6.226725,7.330048
17,0,3,14,0.934267,0.977970,0.896855,0.995943,0.893216
17,0,3,15,0.970973,0.966899,0.828424,2.354267,1.950331
17,0,4,0,0.960054,0.941021,0.926540,2.360202,2.186822
17,0,4,1,0.976875,1.118517,1.185965,1.923809,2.281571
17,0,4,2,0.952939,1.015336,1.397280,0.573278,0.801029
17,0,4,3,0.967696,1.059328,1.138381,2.571784,2.927669
17,0,4,4,0.985970,1.058372,1.073276,3.565438,3.826699
17,0,4,5,0.954156,1.139030,1.572862,1.645871,2.588729
17,0,4,6,0.951696,1.111834,1.756764,1.402323,2.463552
17,0,4,7,0.971937,0.957719,0.767357,1.731622,1.328771
17,0,4,8,0.858469,0.686889,0.087544,-0.339696,-0.029738
17,0,4,9,0.960199,1.017541,1.070584,0.643281,0.688686
17,0,4,10,0.990004,1.030286,1.039611,7.466511,7.762269
17,0,4,11,0.984014,0.930305,0.933897,5.294349,4.944375
17,0,4,12,0.952449,0.957505,0.872703,1.616062,1.410342
17,0,4,13,0.938334,1.125374,1.236431,2.459231,3.040670
17,0,4,14,0.973325,0.991338,0.818685,1.404828,1.150112
17,0,4,15,0.946451,1.100480,1.657680,1.223880,2.028802
17,0,5,0,0.987424,0.997654,1.008652,10.324103,10.413424
17,0,5,1,0.878458,0.734312,0.532638,2.970709,1.582312
17,0,5,2,0.987329,0.949220,0.956954,8.655387,8.282807
17,0,5,3,0.982518,0.945843,0.869492,3.003226,2.611280
17,0,5,4,0.993975,1.049757,1.057769,9.384167,9.926285
17,0,5,5,0.990146,1.020628,1.023934,8.763813,8.973568
17,0,5,6,0.997100,1.040199,1.042426,15.595776,16.257446
17,0,5,7,0.942345,1.099647,1.377125,2.379203,3.276460
17,0,5,8,0.961757,1.086779,1.225583,3.209342,3.933315
17,0,5,9,0.971803,1.048211,1.108980,4.311895,4.781806
17,0,5,10,0.961762,0.797816,0.742463,6.256020,4.644860
17,0,5,11,0.960380,0.954830,0.994998,5.454717,5.427433
17,0,5,12,0.909196,0.840324,0.806579,1.738932,1.402586
17,0,5,13,0.990888,0.996931,0.984697,5.883152,5.793123
17,0,5,14,0.976576,0.968621,0.986917,6.345562,6.262542
17,0,5,15,0.894997,0.811839,0.792077,1.643289,1.301612
17,0,6,0,0.953888,0.957609,0.994695,3.180854,3.163980
17,0,6,1,0.970302,0.864022,0.826472,5.452976,4.506731
17,0,6,2,0.981647,0.907725,0.829704,5.481999,4.548440
17,0,6,3,0.874832,0.935330,1.079925,1.748172,1.887895
17,0,6,4,0.977239,1.133336,1.215090,4.731248,5.748893
17,0,6,5,0.948217,0.839582,0.746880,3.789426,2.830247
17,0,6,6,0.992555,0.976566,0.982568,13.447183,13.212765
17,0,6,7,0.988843,1.011729,1.015385,8.338694,8.466983
17,0,6,8,0.960915,0.848014,0.733926,5.290759,3.883026
17,0,6,9,0.995475,0.964549,0.963063,14.414180,13.881768
17,0,6,10,0.951749,0.990451,1.009888,2.485296,2.509871
17,0,6,11,0.906182,0.955750,1.077457,2.726292,2.937462
17,0,6,12,0.993519,0.965584,0.962495,13.168940,12.675040
17,0,6,13,0.897887,0.959850,1.724728,-0.444798,-0.767155
17,0,6,14,0.956007,0.913165,0.742799,2.563030,1.903816
17,0,6,15,0.981313,0.988467,0.991567,4.377124,4.340212
17,0,7,0,0.985618,1.044840,1.056779,8.422449,8.900664
17,0,7,1,0.978852,0.998478,1.006650,5.641000,5.678512
17,0,7,2,0.974247,0.987670,1.016361,3.267577,3.321038
17,0,7,3,0.975011,0.927342,0.946913,7.139398,6.760387
17,0,7,4,0.938974,0.748495,0.637943,4.563997,2.911568
17,0,7,5,0.935316,1.040055,1.145963,3.491403,4.001019
17,0,7,6,0.973408,0.973711,0.997589,8.775597,8.754441
17,0,7,7,0.973555,1.159286,1.276097,3.751967,4.787873
17,0,7,8,0.979596,1.053196,1.037010,6.835237,7.088210
17,0,7,9,0.992447,0.956085,0.955643,12.119796,11.582195
17,0,7,10,0.997856,1.005645,1.007142,26.392509,26.580996
17,0,7,11,0.991147,0.931959,0.913536,5.882189,5.373592
17,0,7,12,0.988896,0.983157,0.990065,11.490538,11.376381
17,0,7,13,0.974612,0.908894,0.900698,6.228765,5.610237
17,0,7,14,0.976968,0.829343,0.851957,4.814733,4.101945
17,0,7,15,0.842878,0.766934,0.199765,1.412987,0.282266
17,0,8,0,0.965926,1.099066,1.208554,3.539460,4.277630
17,0,8,1,0.971906,0.926365,0.870781,4.943956,4.305102
17,0,8,2,0.916457,0.813916,0.749827,3.025013,2.268235
17,0,8,3,0.976771,0.894735,0.858166,5.736377,4.922766
17,0,8,4,0.987432,1.037523,1.033581,11.885223,12.284346
17,0,8,5,0.950686,1.011112,1.100675,-1.779621,-1.958784
17,0,8,6,0.975061,1.078973,1.143339,4.170443,4.768230
17,0,8,7,0.988947,1.094253,1.172423,6.672493,7.822988
17,0,8,8,0.987799,0.986897,0.963757,5.279991,5.088629
17,0,8,9,0.983561,1.000501,0.991631,5.469243,5.423469
17,0,8,10,0.977673,0.963120,0.949121,5.999949,5.694678
17,0,8,11,0.983006,1.039174,1.075691,5.360009,5.765714
17,0,8,12,0.966955,1.036220,1.049801,3.635713,3.816773
17,0,8,13,0.982358,0.983728,0.974219,6.514048,6.346108
17,0,8,14,0.968795,1.097123,1.155398,4.078048,4.711768
17,0,8,15,0.832236,0.862777,1.145731,1.001642,1.147613
17,0,9,0,0.959759,0.940353,0.908173,3.123504,2.836681
17,0,9,1,0.850328,0.748482,0.241229,1.973671,0.476106
17,0,9,2,0.941340,0.874566,0.728353,2.409216,1.754759
17,0,9,3,0.984644,1.047180,1.063927,5.497991,5.849463
17,0,9,4,0.979025,1.082851,1.107441,6.309680,6.987600
17,0,9,5,0.972544,1.086944,1.169417,5.188035,6.066979
17,0,9,6,0.989446,1.070406,1.121538,7.752229,8.694420
17,0,9,7,0.989841,0.931169,0.914445,5.501838,5.031129
17,0,9,8,0.839963,0.749034,0.245220,0.864049,0.211882
17,0,9,9,0.989595,1.019727,1.027950,6.469044,6.649855
17,0,9,10,0.977079,0.886890,0.874407,7.690730,6.724827
17,0,9,11,0.981117,0.826613,0.781152,6.200077,4.843201
17,0,9,12,0.852349,0.870870,1.072648,4.657005,4.995327
17,0,9,13,0.939548,0.865421,0.781863,2.722470,2.128598
17,0,9,14,0.984591,1.042338,1.060689,6.068085,6.436348
17,0,9,15,0.992881,0.978637,0.955046,10.191579,9.733428
17,0,10,0,0.933745,0.793182,0.589541,3.979161,2.345878
17,0,10,1,0.993818,0.972136,0.975650,18.183697,17.740932
17,0,10,2,0.964747,0.900525,0.823984,5.030215,4.144815
17,0,10,3,0.963736,0.757741,0.715648,4.214105,3.015816
17,0,10,4,0.995682,0.936683,0.936876,7.468114,6.996699
17,0,10,5,0.987478,1.016108,1.015508,10.695040,10.860897
17,0,10,6,0.983128,0.946080,0.955765,10.644561,10.173695
17,0,10,7,0.989519,0.861969,0.831367,7.625218,6.339355
17,0,10,8,0.982159,1.019009,1.026659,6.868392,7.051498
17,0,10,9,0.962581,0.942074,0.974059,6.379645,6.214149
17,0,10,10,0.980704,0.937338,0.955322,11.738770,11.214306
17,0,10,11,0.985767,0.977872,0.960338,7.656152,7.352493
17,0,10,12,0.948249,0.784881,0.666458,4.534814,3.022263
17,0,10,13,0.991812,1.039679,1.042459,11.368073,11.850745
17,0,10,14,0.953542,0.866179,0.794735,4.189058,3.329191
17,0,10,15,0.975938,1.031045,1.051905,4.751881,4.998528
17,0,11,0,0.995910,1.012801,1.017065,9.138243,9.294186
17,0,11,1,0.987843,1.099141,1.101128,11.515909,12.680495
17,0,11,2,0.975738,1.049803,1.102262,4.772483,5.260526
17,0,11,3,0.841204,1.002058,1.576613,-1.327188,-2.092462
17,0,11,4,0.941715,0.825516,0.685147,3.766811,2.580818
17,0,11,5,0.965205,1.121459,1.262820,4.027259,5.085705
17,0,11,6,0.870064,0.887598,1.056962,6.162063,6.513069
17,0,11,7,0.937048,0.886167,0.855209,3.908592,3.342664
17,0,11,8,0.960225,0.969665,0.962528,3.615699,3.480213
17,0,11,9,0.985344,0.907248,0.888020,5.184883,4.604278
17,0,11,10,0.910806,0.893481,0.749269,1.896638,1.421093
17,0,11,11,0.986473,0.846728,0.826694,6.554132,5.418264
17,0,11,12,0.896434,0.725938,0.470323,3.888716,1.828953
17,0,11,13,0.988046,1.129456,1.130429,12.130549,13.712725
17,0,11,14,0.970290,1.100788,1.189210,4.326176,5.144731
17,0,11,15,0.985427,1.055422,1.054689,11.371266,11.993151
17,0,12,0,0.987790,1.165207,1.197345,-2.783711,-3.333063
17,0,12,1,0.978702,1.080551,1.099696,8.966892,9.860860
17,0,12,2,0.926448,1.079179,1.788042,1.605469,2.870646
17,0,12,3,0.998336,1.084561,1.084999,-3.339959,-3.623854
17,0,12,4,0.957691,1.124088,1.396740,3.093476,4.320783
17,0,12,5,0.872304,1.005131,1.238517,2.351838,2.912790
17,0,12,6,0.906259,1.066318,2.222419,1.061525,2.359154
17,0,12,7,0.967210,0.962335,0.953220,5.028358,4.793130
17,0,12,8,0.937173,0.937885,0.954635,4.175741,3.986307
17,0,12,9,0.981255,1.152378,1.162699,7.967544,9.263852
17,0,12,10,0.979103,0.859542,0.840558,4.156589,3.493852
17,0,12,11,0.941710,1.045078,1.190775,3.616633,4.306596
17,0,12,12,0.967148,1.197452,1.372982,4.457039,6.119432
17,0,12,13,0.832363,0.815218,0.995135,2.769390,2.755916
17,0,12,14,0.954660,1.074181,1.149124,4.921837,5.655804
17,0,12,15,0.850301,0.931952,0.951948,2.628292,2.501998
17,0,13,0,0.937153,0.880268,0.877639,4.773636,4.189528
17,0,13,1,0.947434,1.026822,1.080621,4.207963,4.547215
17,0,13,2,0.918461,0.975931,1.550805,1.114528,1.728415
17,0,13,3,0.949224,1.012124,1.081999,4.114924,4.452343
17,0,13,4,0.965964,0.912216,0.931975,7.924630,7.385553
17,0,13,5,0.969763,0.684452,0.673010,4.548539,3.061213
17,0,13,6,0.975334,1.060871,1.061296,7.473209,7.931288
17,0,13,7,0.952611,0.961274,0.960320,1.949146,1.871804
17,0,13,8,0.868950,0.726304,0.388324,2.596765,1.008386
17,0,13,9,0.935352,1.049122,1.199425,3.360579,4.030762
17,0,13,10,0.929103,1.082318,1.284668,3.093070,3.973567
17,0,13,11,0.926880,0.887588,0.898326,5.454725,4.900124
17,0,13,12,0.948004,0.908660,0.943707,5.088475,4.802031
17,0,13,13,0.922186,0.955060,0.933739,-0.974379,-0.909816
17,0,13,14,0.952000,0.980542,1.018264,5.065974,5.158496
17,0,13,15,0.986997,1.275814,1.323622,-1.945423,-2.575005
17,0,14,0,0.877400,0.923157,0.976016,2.145977,2.094507
17,0,14,1,0.982011,0.883443,0.862955,9.606494,8.289973
17,0,14,2,0.956916,1.071456,1.149239,4.599846,5.286324
17,0,14,3,0.870924,0.975528,1.130634,1.425260,1.611447
17,0,14,4,0.965484,1.074570,1.147624,5.265733,6.043082
17,0,14,5,0.752344,0.712461,0.166618,1.379687,0.229881
17,0,14,6,0.882497,0.941690,1.006437,1.828460,1.840229
17,0,14,7,0.956746,0.712077,0.661670,5.941479,3.931299
17,0,14,8,0.915941,0.956108,1.015115,3.036649,3.082549
17,0,14,9,0.794263,0.943920,2.514214,0.762740,1.917691
17,0,14,10,0.726150,0.665229,-0.093360,1.039999,-0.097094
17,0,14,11,0.905407,1.073593,1.411661,2.685647,3.791222
17,0,14,12,0.927009,1.013679,1.161858,2.431347,2.824879
17,0,14,13,0.868252,0.981344,1.366804,1.543594,2.109791
17,0,14,14,0.954628,1.042831,1.115307,4.403822,4.911613
17,0,14,15,0.849827,1.088459,2.020034,1.432478,2.893655
17,0,15,0,0.979904,1.070865,1.118581,4.253653,4.758054
17,0,15,1,0.964684,0.984737,0.941234,2.742137,2.580992
17,0,15,2,0.972817,0.866022,0.808126,4.825748,3.899812
17,0,15,3,0.975415,0.986606,0.981997,3.421259,3.359666
17,0,15,4,0.996611,0.995154,0.996449,-3.251323,-3.239779
17,0,15,5,0.967586,1.014820,1.096834,3.548668,3.892301
17,0,15,6,0.607094,0.848930,4.269932,0.280454,1.197518
17,0,15,7,0.953999,0.917120,0.823709,3.086131,2.542073
17,0,15,8,0.957291,1.045711,1.113441,3.571260,3.976389
17,0,15,9,0.979274,0.983548,0.958681,3.992208,3.827255
17,0,15,10,0.959362,0.945448,0.884055,-2.005380,-1.772866
17,0,15,11,0.972457,0.924876,0.880923,4.127107,3.635664
17,0,15,12,0.990568,1.127513,1.103595,6.368545,7.028296
17,0,15,13,0.904132,0.826485,0.600653,2.432289,1.460963
17,0,15,14,0.923493,0.845866,0.795789,3.181357,2.531689
17,0,15,15,0.640116,0.598923,-0.211842,1.671924,-0.354184
146,0,0,0,0.831843,0.906793,-3.085871,-0.229259,0.707462
146,0,0,1,0.944344,0.872398,0.602234,-0.569555,-0.343005
146,0,0,2,0.953913,0.856695,0.354445,0.092297,0.032714
146,0,0,3,0.927729,0.932849,1.785618,-0.526030,-0.939289
146,0,0,4,0.896719,0.925361,1.388638,-0.547236,-0.759913
146,0,0,5,0.883336,0.718802,0.445978,1.792988,0.799632
146,0,0,6,0.948014,0.957900,0.668379,1.532919,1.024571
146,0,0,7,0.989153,1.065248,1.098022,-1.810494,-1.987962
146,0,0,8,0.972037,0.829327,0.809846,2.330504,1.887350
146,0,0,9,0.866421,0.964057,-985.257766,0.000463,-0.455821
146,0,0,10,0.970350,0.895102,0.888771,1.352674,1.202217
146,0,0,11,0.799614,0.912681,-10.729656,-0.098912,1.061297
146,0,0,12,0.917863,0.769894,0.718623,1.736366,1.247792
146,0,0,13,0.972773,1.061272,1.114106,-1.359059,-1.514136
146,0,0,14,0.972797,0.939764,0.975209,-1.328347,-1.295415
146,0,0,15,0.990699,1.012333,1.278409,-0.324692,-0.415088
146,0,1,0,0.979662,1.001832,1.144651,0.559205,0.640094
146,0,1,1,0.979241,0.966742,0.958799,2.139253,2.051114
146,0,1,2,0.970721,0.960149,1.066267,1.053260,1.123057
146,0,1,3,0.897333,1.105539,4.306687,0.339867,1.463702
146,0,1,4,0.946717,0.958136,1.145170,0.623036,0.713482
146,0,1,5,0.926567,1.210559,2.014062,1.168261,2.352950
146,0,1,6,0.992365,0.986594,0.984686,3.310989,3.260284
146,0,1,7,0.954580,0.977697,1.249211,0.727168,0.908386
146,0,1,8,0.929628,1.063630,2.738402,0.444161,1.216290
146,0,1,9,0.939435,0.931977,0.416957,-0.531851,-0.221759
146,0,1,10,0.955950,0.959207,0.845377,1.065052,0.900371
146,0,1,11,0.967684,0.965262,0.689217,1.637397,1.128522
146,0,1,12,0.979673,1.124154,1.273240,-1.205063,-1.534334
146,0,1,13,0.966222,0.899065,0.909618,1.268972,1.154280
146,0,1,14,0.410705,0.335781,-0.371590,-0.591666,0.219857
146,0,1,15,0.965624,1.250248,1.374000,3.163741,4.346981
146,0,2,0,0.961873,0.950217,0.880496,2.256142,1.986524
146,0,2,1,0.972892,0.997916,1.001780,2.452139,2.456505
146,0,2,2,0.961460,1.028693,2.261817,0.318574,0.720557
146,0,2,3,0.965647,1.044542,2.090849,0.342257,0.715608
146,0,2,4,0.934664,1.109398,1.719023,0.552825,0.950318
146,0,2,5,0.982815,1.025219,1.025694,4.090278,4.195375
146,0,2,6,0.955545,1.062030,1.167510,1.440794,1.682142
146,0,2,7,0.959625,1.021116,1.950639,0.389057,0.758909
146,0,2,8,0.918237,0.922708,74.567887,0.001970,0.146894
146,0,2,9,0.979332,0.882070,0.826959,4.159580,3.439804
146,0,2,10,0.919569,1.042611,2.562110,0.462245,1.184322
146,0,2,11,0.984261,1.045643,1.104356,2.128478,2.350598
146,0,2,12,0.960547,1.030290,2.204225,0.362151,0.798262
146,0,2,13,0.947837,0.975126,0.941574,0.951695,0.896091
146,0,2,14,0.942264,0.989463,1.155446,-0.800693,-0.925158
146,0,2,15,0.947159,1.050480,3.254562,0.263504,0.857590
146,0,3,0,0.938999,0.992965,1.081832,1.351348,1.461931
146,0,3,1,0.955332,0.939299,0.845888,2.146643,1.815820
146,0,3,2,0.933241,0.953690,0.725705,0.987947,0.716958
146,0,3,3,0.956710,0.958421,0.645171,1.229369,0.793153
146,0,3,4,0.922615,0.898278,0.749720,2.336564,1.751769
146,0,3,5,0.963317,1.100417,1.324888,1.326176,1.757036
146,0,3,6,0.964733,0.979377,0.909122,2.227824,2.025363
146,0,3,7,0.953722,0.986331,1.641154,0.568420,0.932864
146,0,3,8,0.992647,1.041867,1.054650,8.482263,8.945815
146,0,3,9,0.991567,1.019753,1.056324,3.287552,3.472721
146,0,3,10,0.888139,0.783477,0.506489,3.233424,1.637694
146,0,3,11,0.843018,1.051012,4.022262,0.486320,1.956106
146,0,3,12,0.975248,0.991422,1.001443,2.515695,2.519324
146,0,3,13,0.988271,1.137845,1.158409,6.914549,8.009875
146,0,3,14,0.938183,0.982006,0.924125,1.132136,1.046235
146,0,3,15,0.975664,0.973940,0.867539,2.423180,2.102203
146,0,4,0,0.958605,0.920756,0.862820,2.463264,2.125354
146,0,4,1,0.974856,1.098837,1.156361,1.768612,2.045153
146,0,4,2,0.957675,1.019406,1.248692,0.850278,1.061735
146,0,4,3,0.968730,1.049733,1.109500,2.574330,2.856219
146,0,4,4,0.987923,1.063948,1.081514,3.894885,4.212372
146,0,4,5,0.955973,1.136468,1.547078,1.673749,2.589420
146,0,4,6,0.955543,1.119341,1.629036,1.662125,2.707662
146,0,4,7,0.974560,0.956677,0.807245,1.936100,1.562906
146,0,4,8,0.831452,0.707873,-6.467148,-0.038044,0.246037
146,0,4,9,0.963449,1.019077,1.017749,0.877306,0.892877
146,0,4,10,0.993064,1.008714,1.012231,8.133877,8.233361
146,0,4,11,0.979691,0.933399,0.941344,4.650108,4.377354
146,0,4,12,0.956922,0.961944,0.899765,1.842806,1.658093
146,0,4,13,0.985402,1.041346,1.058071,4.616863,4.884967
146,0,4,14,0.974897,0.989400,0.858488,1.631429,1.400562
146,0,4,15,0.952570,1.108475,1.513924,1.482536,2.244447
146,0,5,0,0.994424,0.991056,0.995925,11.987041,11.938193
146,0,5,1,0.929573,0.763502,0.675267,3.870701,2.613757
146,0,5,2,0.985560,0.943558,0.952790,7.789229,7.421500
146,0,5,3,0.978783,0.930999,0.822150,2.890804,2.376673
146,0,5,4,0.995213,1.059885,1.070594,9.549121,10.223234
146,0,5,5,0.994194,1.003552,1.008368,10.827602,10.918206
146,0,5,6,0.997330,1.047457,1.051377,15.695846,16.502251
146,0,5,7,0.936149,1.109668,1.464470,2.246787,3.290351
146,0,5,8,0.960176,1.090725,1.240254,3.227391,4.002786
146,0,5,9,0.974300,1.022166,1.063257,4.616644,4.908678
146,0,5,10,0.962354,0.809386,0.750856,5.813634,4.365201
146,0,5,11,0.951378,0.907759,0.946243,4.666131,4.415294
146,0,5,12,0.929376,0.831922,0.773756,2.092825,1.619336
146,0,5,13,0.989961,0.991291,0.973179,5.633035,5.481953
146,0,5,14,0.987807,0.965535,0.976448,7.488754,7.312376
146,0,5,15,0.917026,0.831381,0.807036,1.824809,1.472686
146,0,6,0,0.941187,0.966495,1.029675,2.680642,2.760189
146,0,6,1,0.971467,0.880495,0.849944,5.410317,4.598465
146,0,6,2,0.981111,0.910325,0.829542,5.319975,4.413143
146,0,6,3,0.936158,0.964568,1.053748,2.319428,2.444093
146,0,6,4,0.976019,1.131577,1.222145,4.630870,5.659595
146,0,6,5,0.950016,0.851352,0.753065,3.711196,2.794773
146,0,6,6,0.991321,0.945101,0.947802,12.956183,12.279892
146,0,6,7,0.991529,1.026612,1.032482,8.510887,8.787336
146,0,6,8,0.957162,0.840802,0.719328,5.235804,3.766263
146,0,6,9,0.995987,0.966707,0.962273,12.231592,11.770126
146,0,6,10,0.946819,1.006550,1.035980,2.164567,2.242449
146,0,6,11,0.948180,0.984359,1.043435,3.524560,3.677649
146,0,6,12,0.994612,0.991483,0.983866,13.518341,13.300241
146,0,6,13,0.915511,0.977024,1.844048,-0.331691,-0.611653
146,0,6,14,0.964476,0.940269,0.839964,2.611598,2.193649
146,0,6,15,0.980714,1.004504,1.031616,4.105244,4.235034
146,0,7,0,0.989330,1.044375,1.055664,8.846122,9.338535
146,0,7,1,0.974109,0.998404,1.013334,4.783962,4.847750
146,0,7,2,0.975730,0.981466,1.003709,3.437295,3.450044
146,0,7,3,0.975881,0.903725,0.924774,6.809758,6.297484
146,0,7,4,0.894434,0.718001,0.507108,3.609823,1.830571
146,0,7,5,0.921095,1.030167,1.178901,2.895252,3.413216
146,0,7,6,0.979339,0.980559,0.998772,9.267519,9.256141
146,0,7,7,0.969956,1.152743,1.283510,3.491513,4.481392
146,0,7,8,0.974012,1.008644,0.969390,6.447161,6.249816
146,0,7,9,0.992958,0.980822,0.984159,11.222953,11.045173
146,0,7,10,0.998205,1.009559,1.010839,26.016336,26.298325
146,0,7,11,0.993498,0.972945,0.968593,6.177866,5.983836
146,0,7,12,0.984673,0.989698,1.001700,9.960307,9.977236
146,0,7,13,0.970517,0.894365,0.878652,6.133698,5.389385
146,0,7,14,0.969953,0.800359,0.807357,3.845765,3.104904
146,0,7,15,0.834754,0.792499,-0.103977,1.025836,-0.106663
146,0,8,0,0.963206,1.077494,1.156879,3.387188,3.918566
146,0,8,1,0.970073,0.914378,0.853699,5.219242,4.455662
146,0,8,2,0.911067,0.782395,0.696910,2.946234,2.053261
146,0,8,3,0.971602,0.886146,0.843566,5.235745,4.416698
146,0,8,4,0.990028,1.101588,1.116708,11.680268,13.043448
146,0,8,5,0.958001,1.054672,1.160601,-1.746481,-2.026967
146,0,8,6,0.972725,1.060549,1.099233,3.930293,4.320309
146,0,8,7,0.985224,1.095691,1.205620,5.942517,7.164416
146,0,8,8,0.988431,0.983944,0.952075,5.504585,5.240779
146,0,8,9,0.983412,0.978293,0.968466,5.645184,5.467169
146,0,8,10,0.987513,0.979001,0.972766,7.347172,7.147082
146,0,8,11,0.977643,1.042300,1.107967,4.743378,5.255507
146,0,8,12,0.963650,1.018010,1.001922,3.560448,3.567292
146,0,8,13,0.989155,0.988312,0.984585,7.570902,7.454196
146,0,8,14,0.974159,1.052829,1.054992,4.303310,4.539958
146,0,8,15,0.813698,0.842475,0.703236,0.731241,0.514235
146,0,9,0,0.963284,0.947625,0.945820,3.142694,2.972423
146,0,9,1,0.867577,0.796471,0.175487,1.589191,0.278883
146,0,9,2,0.950426,0.873829,0.766873,2.816225,2.159688
146,0,9,3,0.986614,1.027322,1.034110,5.891760,6.092728
146,0,9,4,0.984299,1.106805,1.150205,6.695770,7.701509
146,0,9,5,0.980622,1.074143,1.112655,5.656029,6.293211
146,0,9,6,0.988813,1.081149,1.142130,7.685720,8.778091
146,0,9,7,0.991933,0.929606,0.912099,5.943582,5.421135
146,0,9,8,0.845278,0.734954,0.376236,1.407173,0.529429
146,0,9,9,0.987115,0.976253,0.945852,6.810734,6.441944
146,0,9,10,0.985823,0.914420,0.910301,8.156904,7.425239
146,0,9,11,0.972806,0.810170,0.732166,5.133793,3.758789
146,0,9,12,0.840569,0.890340,1.141482,4.360210,4.977102
146,0,9,13,0.952321,0.879741,0.813932,2.874714,2.339821
146,0,9,14,0.981834,1.055015,1.083259,5.308902,5.750915
146,0,9,15,0.994787,1.000355,0.988236,9.994284,9.876711
146,0,10,0,0.927928,0.792170,0.557552,3.801617,2.119601
146,0,10,1,0.993445,0.983572,0.989248,17.376202,17.189375
146,0,10,2,0.971891,0.926758,0.868811,5.332382,4.632833
146,0,10,3,0.957772,0.751076,0.688101,3.758475,2.586211
146,0,10,4,0.996692,0.934087,0.934119,7.793251,7.279825
146,0,10,5,0.990720,1.035787,1.049192,10.381480,10.892170
146,0,10,6,0.982976,0.982352,0.999973,9.907592,9.907321
146,0,10,7,0.987419,0.851710,0.810994,7.195694,5.835663
146,0,10,8,0.984681,1.043783,1.057802,6.989991,7.394023
146,0,10,9,0.986565,0.996621,1.013033,8.293099,8.401187
146,0,10,10,0.988150,0.959669,0.972521,12.893194,12.538899
146,0,10,11,0.991628,0.998311,0.992460,9.261121,9.191295
146,0,10,12,0.956421,0.806681,0.703946,4.667568,3.285717
146,0,10,13,0.992528,1.046574,1.056974,10.670650,11.278603
146,0,10,14,0.917855,0.812267,0.586696,3.338748,1.958832
146,0,10,15,0.979230,1.051759,1.075630,5.005451,5.384014
146,0,11,0,0.995661,1.034274,1.043602,8.359233,8.723713
146,0,11,1,0.988824,1.116095,1.135701,11.060601,12.561538
146,0,11,2,0.986746,1.082467,1.117750,6.424309,7.180770
146,0,11,3,0.816257,0.939044,1.834864,-0.920891,-1.689711
146,0,11,4,0.932264,0.812053,0.623608,4.013179,2.502651
146,0,11,5,0.965079,1.100235,1.222822,4.005427,4.897924
146,0,11,6,0.876621,0.906823,1.088547,6.162590,6.708271
146,0,11,7,0.941557,0.886938,0.872233,4.269400,3.723912
146,0,11,8,0.980484,1.019343,1.042901,4.997819,5.212229
146,0,11,9,0.985245,0.905113,0.889955,4.278426,3.807607
146,0,11,10,0.881188,0.878512,0.472486,1.639471,0.774627
146,0,11,11,0.979879,0.815421,0.780363,6.011944,4.691501
146,0,11,12,0.930196,0.748517,0.585270,4.479749,2.621861
146,0,11,13,0.990227,1.159109,1.176882,10.944857,12.880802
146,0,11,14,0.980620,1.111512,1.166970,5.569642,6.499607
146,0,11,15,0.988652,1.096569,1.107277,10.657662,11.800987
146,0,12,0,0.987668,1.170046,1.201378,-2.710980,-3.256912
146,0,12,1,0.978399,1.096103,1.133116,8.515642,9.649212
146,0,12,2,0.929864,1.046981,1.741181,1.418778,2.470350
146,0,12,3,0.998792,1.097923,1.098516,-3.377017,-3.709708
146,0,12,4,0.954805,1.104750,1.399105,2.948720,4.125568
146,0,12,5,0.890675,1.029612,1.238241,2.533843,3.137508
146,0,12,6,0.915555,1.058316,2.031968,1.084833,2.204346
146,0,12,7,0.963984,0.932762,0.898960,5.017183,4.510249
146,0,12,8,0.941297,0.916629,0.918213,4.383692,4.025161
146,0,12,9,0.985821,1.160960,1.191339,8.070566,9.614782
146,0,12,10,0.984545,0.874819,0.852357,3.837613,3.271016
146,0,12,11,0.947341,1.030962,1.126542,3.959677,4.460741
146,0,12,12,0.966959,1.217591,1.401455,4.238847,5.940552
146,0,12,13,0.868586,0.848670,1.001232,2.916633,2.920227
146,0,12,14,0.958178,1.040260,1.080075,5.193759,5.609652
146,0,12,15,0.849475,0.929443,0.891800,2.398344,2.138842
146,0,13,0,0.924907,0.875010,0.857858,4.207266,3.609236
146,0,13,1,0.947596,0.968794,0.963502,4.334546,4.176344
146,0,13,2,0.928177,0.989779,1.406104,1.289513,1.813188
146,0,13,3,0.942150,0.966265,0.998795,3.864470,3.859815
146,0,13,4,0.971473,0.920743,0.941003,8.224884,7.739642
146,0,13,5,0.960693,0.668365,0.650463,4.006382,2.606004
146,0,13,6,0.987499,1.090080,1.099804,8.399072,9.237332
146,0,13,7,0.952202,0.924818,0.837571,2.027406,1.698096
146,0,13,8,0.888913,0.739596,0.457419,2.769563,1.266852
146,0,13,9,0.936788,0.993667,1.060662,3.378473,3.583419
146,0,13,10,0.926867,1.056529,1.253690,2.930938,3.674487
146,0,13,11,0.911780,0.844165,0.828159,5.204064,4.309793
146,0,13,12,0.946181,0.870817,0.872785,4.999123,4.363158
146,0,13,13,0.925100,0.974498,1.038014,-0.601340,-0.624199
146,0,13,14,0.942925,0.928774,0.935709,4.814545,4.505012
146,0,13,15,0.982939,1.285685,1.367867,-1.780573,-2.435588
146,0,14,0,0.897977,0.924351,0.929739,2.123851,1.974626
146,0,14,1,0.986594,0.918468,0.900427,9.959322,8.967647
146,0,14,2,0.963855,1.039934,1.083355,4.864646,5.270139
146,0,14,3,0.892820,0.969781,0.992037,1.596437,1.583724
146,0,14,4,0.969295,1.049390,1.098356,5.516106,6.058649
146,0,14,5,0.771710,0.699159,0.236351,1.618551,0.382545
146,0,14,6,0.894214,0.925571,0.882361,1.832059,1.616536
146,0,14,7,0.944745,0.694423,0.626606,5.736348,3.594428
146,0,14,8,0.930024,0.936408,0.940795,3.187720,2.998992
146,0,14,9,0.835705,0.946945,2.019429,0.817609,1.651103
146,0,14,10,0.745663,0.678094,-0.059598,1.049414,-0.062543
146,0,14,11,0.923995,1.056795,1.290987,2.955158,3.815070
146,0,14,12,0.940135,0.984051,1.036341,2.661378,2.758096
146,0,14,13,0.889678,0.980800,1.274435,1.632932,2.081067
146,0,14,14,0.957480,0.997623,1.039893,4.451526,4.629110
146,0,14,15,0.883239,1.080058,1.712693,1.652411,2.830072
146,0,15,0,0.981708,1.052372,1.089957,4.267402,4.651285
146,0,15,1,0.970735,0.975282,0.929012,2.905227,2.698991
146,0,15,2,0.977320,0.886999,0.836400,4.866870,4.070650
146,0,15,3,0.977677,0.999167,1.003374,3.537251,3.549184
146,0,15,4,0.997750,1.017703,1.018703,-3.382910,-3.446181
146,0,15,5,0.972124,1.029219,1.105435,3.820213,4.222996
146,0,15,6,0.653673,0.991696,4.577496,0.304256,1.392730
146,0,15,7,0.959176,0.925087,0.831282,3.170608,2.635669
146,0,15,8,0.964058,1.038611,1.087454,3.865050,4.203065
146,0,15,9,0.979892,0.993274,0.975708,3.871067,3.777031
146,0,15,10,0.961102,0.945225,0.882644,-1.942152,-1.714229
146,0,15,11,0.974133,0.918583,0.868052,4.137733,3.591765
146,0,15,12,0.989069,1.118055,1.083169,5.925649,6.418478
146,0,15,13,0.926633,0.853826,0.691819,2.644576,1.829569
146,0,15,14,0.950974,0.899404,0.889746,3.604177,3.206803
146,0,15,15,0.671561,0.592210,-0.064659,1.825831,-0.118057
281,0,0,0,0.828304,0.897701,-2.493831,-0.269322,0.671644
281,0,0,1,0.952899,0.838279,0.641500,-0.650704,-0.417426
281,0,0,2,0.954734,0.877280,2.906798,-0.058163,-0.169069
281,0,0,3,0.969612,1.019349,1.126564,-1.524490,-1.717436
281,0,0,4,0.847970,0.915811,1.780544,-0.389828,-0.694105
281,0,0,5,0.855783,0.747351,0.268215,1.374722,0.368721
281,0,0,6,0.947372,0.958604,0.638611,1.465730,0.936031
281,0,0,7,0.986359,1.037278,1.076626,-1.684046,-1.813088
281,0,0,8,0.948093,0.787727,0.744416,1.782346,1.326807
281,0,0,9,0.883037,0.939846,-20.999979,0.017224,-0.361708
281,0,0,10,0.962894,0.908649,0.935863,0.815860,0.763533
281,0,0,11,0.803372,0.912211,-10.003425,-0.102482,1.025166
281,0,0,12,0.831900,0.717476,0.422979,0.793908,0.335806
281,0,0,13,0.974320,1.021997,1.043280,-1.570365,-1.638331
281,0,0,14,0.951931,0.826114,0.867834,0.620274,0.538295
281,0,0,15,0.990769,1.013730,1.229249,-0.397766,-0.488954
281,0,1,0,0.979991,1.003644,1.126654,0.523860,0.590209
281,0,1,1,0.976105,0.959111,0.997541,1.329003,1.325734
281,0,1,2,0.982945,1.006687,1.023502,2.149740,2.200263
281,0,1,3,0.896533,1.088174,6.120217,0.211000,1.291369
281,0,1,4,0.954206,0.915002,1.206021,0.300433,0.362329
281,0,1,5,0.920637,1.197151,2.162925,1.001383,2.165917
281,0,1,6,0.980722,0.999216,1.033440,1.759339,1.818172
281,0,1,7,0.956585,0.981589,1.232449,0.827433,1.019770
281,0,1,8,0.929651,1.069177,2.661348,0.454991,1.210889
281,0,1,9,0.940811,0.943387,0.330125,-0.416527,-0.137506
281,0,1,10,0.954735,0.959161,0.801904,1.060557,0.850464
281,0,1,11,0.967320,0.960414,0.693942,1.718970,1.192866
281,0,1,12,0.961872,1.079988,1.470210,-0.713895,-1.049577
281,0,1,13,0.965461,0.886844,0.860604,1.432653,1.232947
281,0,1,14,0.504021,0.414494,-0.285903,-0.546383,0.156213
281,0,1,15,0.966971,1.205552,1.297671,3.136369,4.069974
281,0,2,0,0.962415,0.949734,0.879006,2.359697,2.074188
281,0,2,1,0.947478,0.953848,0.998367,1.546620,1.544095
281,0,2,2,0.963026,1.027816,2.241989,0.275214,0.617027
281,0,2,3,0.966956,1.041950,2.077755,0.304278,0.632215
281,0,2,4,0.947046,1.048118,1.481634,0.570001,0.844532
281,0,2,5,0.978311,0.991428,0.978220,3.420419,3.345924
281,0,2,6,0.955053,1.057732,1.156697,1.367854,1.582193
281,0,2,7,0.961642,1.016989,1.818295,0.357735,0.650468
281,0,2,8,0.935664,0.915772,1.185178,0.365200,0.432826
281,0,2,9,0.980367,0.880723,0.830285,4.342930,3.605868
281,0,2,10,0.922960,1.025951,2.536082,0.421558,1.069106
281,0,2,11,0.968985,1.064910,1.216897,1.491421,1.814906
281,0,2,12,0.962426,1.033499,2.196386,0.333762,0.733069
281,0,2,13,0.952418,0.907205,0.851268,1.378286,1.173291
281,0,2,14,0.930337,0.962289,1.075813,-0.689846,-0.742145
281,0,2,15,0.949164,1.050735,3.472902,0.220655,0.766314
281,0,3,0,0.937619,0.977898,1.015674,1.167329,1.185626
281,0,3,1,0.956472,0.931513,0.840126,2.357378,1.980494
281,0,3,2,0.932322,0.960363,0.620374,0.822527,0.510274
281,0,3,3,0.956696,0.954462,0.674203,1.329359,0.896258
281,0,3,4,0.923996,0.889362,0.744731,2.486513,1.851785
281,0,3,5,0.978245,1.133539,1.245529,1.752570,2.182877
281,0,3,6,0.964521,0.983552,0.911068,2.213845,2.016963
281,0,3,7,0.956280,0.998430,1.487300,0.738157,1.097862
281,0,3,8,0.991735,1.014138,1.022118,7.837274,8.010615
281,0,3,9,0.981803,1.073303,1.132653,2.373512,2.688366
281,0,3,10,0.894945,0.786816,0.528556,3.273301,1.730122
281,0,3,11,0.833802,1.036742,5.112859,0.350506,1.792090
281,0,3,12,0.973147,0.962412,0.941860,2.376259,2.238103
281,0,3,13,0.984508,1.079913,1.095515,6.150001,6.737417
281,0,3,14,0.934292,0.970654,0.852209,0.968819,0.825636
281,0,3,15,0.975505,0.976881,0.860604,2.325291,2.001155
281,0,4,0,0.965136,0.932325,0.896263,2.683148,2.404806
281,0,4,1,0.977305,1.091249,1.127262,1.837594,2.071450
281,0,4,2,0.958322,1.016057,1.254280,0.671009,0.841634
281,0,4,3,0.969229,1.048999,1.109685,2.534066,2.812016
281,0,4,4,0.988380,1.053567,1.068592,3.832940,4.095848
281,0,4,5,0.961187,1.137596,1.488122,1.790770,2.664884
281,0,4,6,0.958850,1.108695,1.619975,1.555920,2.520552
281,0,4,7,0.973487,0.959411,0.780157,1.820022,1.419904
281,0,4,8,0.881125,0.715171,0.008317,-0.356771,-0.002967
281,0,4,9,0.964441,1.020097,0.997597,0.766690,0.764847
281,0,4,10,0.989029,1.003405,1.008161,6.819925,6.875579
281,0,4,11,0.981858,0.927834,0.928698,4.887214,4.538748
281,0,4,12,0.957572,0.965554,0.887265,1.710540,1.517703
281,0,4,13,0.973587,1.075639,1.117459,3.515984,3.928968
281,0,4,14,0.974056,0.993495,0.831420,1.460050,1.213915
281,0,4,15,0.953561,1.100034,1.541323,1.367502,2.107763
281,0,5,0,0.991817,0.998057,1.003149,11.145489,11.180588
281,0,5,1,0.905811,0.740200,0.606261,3.414690,2.070194
281,0,5,2,0.988182,0.946000,0.949499,8.377405,7.954338
281,0,5,3,0.980161,0.937072,0.835682,2.904192,2.426982
281,0,5,4,0.996616,1.028012,1.032061,10.445077,10.779955
281,0,5,5,0.989219,1.009255,1.011733,8.376117,8.474391
281,0,5,6,0.996714,1.030910,1.032629,15.404452,15.907079
281,0,5,7,0.946361,1.111740,1.360607,2.587205,3.520171
281,0,5,8,0.968620,1.073920,1.178948,3.706553,4.369833
281,0,5,9,0.974197,1.015855,1.045344,4.428873,4.629697
281,0,5,10,0.963553,0.800533,0.741502,6.081406,4.509377
281,0,5,11,0.953394,0.939974,0.986967,4.975671,4.910822
281,0,5,12,0.902163,0.837228,0.661038,1.451238,0.959323
281,0,5,13,0.990256,0.993384,0.974763,5.672265,5.529112
281,0,5,14,0.983283,0.972875,0.984532,6.603749,6.501599
281,0,5,15,0.906020,0.811399,0.787702,1.748813,1.377544
281,0,6,0,0.952455,0.958048,0.985729,3.226495,3.180450
281,0,6,1,0.967863,0.858909,0.813574,5.390589,4.385643
281,0,6,2,0.980731,0.905454,0.823288,5.305758,4.368165
281,0,6,3,0.901727,0.956195,1.094632,1.669644,1.827646
281,0,6,4,0.977632,1.120444,1.202454,4.696376,5.647179
281,0,6,5,0.951339,0.839984,0.739019,3.687594,2.725201
281,0,6,6,0.991439,0.948518,0.950076,12.241596,11.630443
281,0,6,7,0.987789,1.022720,1.030247,6.721899,6.925217
281,0,6,8,0.960599,0.852243,0.733678,5.227423,3.835245
281,0,6,9,0.992835,0.956264,0.946136,11.117807,10.518961
281,0,6,10,0.949077,0.978766,0.984064,2.398787,2.360561
281,0,6,11,0.934660,0.980454,1.072508,3.142599,3.370461
281,0,6,12,0.991174,0.965606,0.951014,11.195168,10.646764
281,0,6,13,0.912134,0.975230,1.649569,-0.475116,-0.783737
281,0,6,14,0.958483,0.936027,0.776410,2.142377,1.663363
281,0,6,15,0.982503,0.972252,0.965176,4.266885,4.118295
281,0,7,0,0.991908,1.027423,1.031885,9.631196,9.938289
281,0,7,1,0.972576,0.995933,1.005132,4.983094,5.008667
281,0,7,2,0.974795,0.981359,0.990830,3.271655,3.241652
281,0,7,3,0.970866,0.904044,0.914658,6.272364,5.737067
281,0,7,4,0.910468,0.739454,0.542464,3.687734,2.000464
281,0,7,5,0.911818,1.016921,1.203654,2.561589,3.083266
281,0,7,6,0.976653,0.963947,0.977214,8.241642,8.053851
281,0,7,7,0.967083,1.163567,1.329022,3.306596,4.394538
281,0,7,8,0.975416,1.024306,0.992084,6.429035,6.378145
281,0,7,9,0.991439,0.962577,0.959051,10.771558,10.330469
281,0,7,10,0.998090,1.006828,1.007458,26.080755,26.275259
281,0,7,11,0.991235,0.946738,0.930167,5.729142,5.329056
281,0,7,12,0.990149,0.969391,0.968759,11.031013,10.686390
281,0,7,13,0.971754,0.890372,0.879452,6.084524,5.351044
281,0,7,14,0.970066,0.810363,0.798407,4.162324,3.323230
281,0,7,15,0.852475,0.814986,-0.224226,0.817094,-0.183214
281,0,8,0,0.967782,1.097384,1.189674,3.683138,4.381735
281,0,8,1,0.973425,0.915623,0.863037,5.230444,4.514066
281,0,8,2,0.920414,0.817973,0.744637,2.980118,2.219106
281,0,8,3,0.972098,0.886524,0.837947,5.120175,4.290436
281,0,8,4,0.983977,1.022126,1.006214,9.581249,9.640783
281,0,8,5,0.965367,1.036157,1.109541,-2.007794,-2.227731
281,0,8,6,0.975839,1.057888,1.100318,4.268029,4.696190
281,0,8,7,0.988085,1.083799,1.166987,6.530336,7.620819
281,0,8,8,0.988577,0.993344,0.968743,5.322371,5.156008
281,0,8,9,0.980751,0.992305,0.987951,5.083152,5.021905
281,0,8,10,0.982072,0.959714,0.947278,6.344028,6.009559
281,0,8,11,0.977701,1.038243,1.110306,4.579578,5.084731
281,0,8,12,0.965793,1.019789,1.039528,3.635475,3.779179
281,0,8,13,0.984150,0.984253,0.975574,6.739916,6.575285
281,0,8,14,0.974973,1.089222,1.112662,4.530853,5.041309
281,0,8,15,0.826806,0.839613,1.050906,0.714942,0.751337
281,0,9,0,0.963614,0.955122,0.957213,3.086701,2.954630
281,0,9,1,0.858054,0.772783,0.154734,1.700334,0.263099
281,0,9,2,0.946372,0.870385,0.730520,2.598390,1.898177
281,0,9,3,0.986521,1.043051,1.055799,6.021524,6.357519
281,0,9,4,0.973903,1.114961,1.164076,5.304291,6.174598
281,0,9,5,0.975666,1.070859,1.139218,5.363320,6.109993
281,0,9,6,0.990205,1.067266,1.118312,8.020972,8.969952
281,0,9,7,0.992575,0.948196,0.934681,5.869431,5.486043
281,0,9,8,0.855216,0.782655,0.126718,0.682113,0.086436
281,0,9,9,0.990397,1.006128,1.006946,6.861240,6.908895
281,0,9,10,0.977657,0.893950,0.879865,7.339394,6.457675
281,0,9,11,0.977027,0.819272,0.753610,5.540041,4.175029
281,0,9,12,0.904698,0.920658,1.043103,4.777142,4.983050
281,0,9,13,0.951572,0.867853,0.791337,2.942050,2.328153
281,0,9,14,0.981252,1.034670,1.056934,5.323688,5.626787
281,0,9,15,0.992419,0.972977,0.946920,9.100030,8.617001
281,0,10,0,0.943051,0.809331,0.627693,3.859934,2.422855
281,0,10,1,0.994351,0.989612,0.993935,17.681595,17.574358
281,0,10,2,0.970049,0.905286,0.838503,5.336189,4.474408
281,0,10,3,0.954980,0.776763,0.699105,3.710321,2.593903
281,0,10,4,0.995577,0.932047,0.930940,7.255287,6.754240
281,0,10,5,0.987714,1.017300,1.017527,9.164421,9.325044
281,0,10,6,0.983467,0.969004,0.971810,8.986968,8.733624
281,0,10,7,0.986833,0.849426,0.808170,7.080200,5.722005
281,0,10,8,0.980725,1.040781,1.053832,6.483633,6.832657
281,0,10,9,0.973756,0.979175,1.003440,6.580994,6.603634
281,0,10,10,0.978096,0.948210,0.971715,11.074904,10.761648
281,0,10,11,0.986886,0.978937,0.967242,7.736695,7.483256
281,0,10,12,0.948361,0.787600,0.666229,4.569663,3.044441
281,0,10,13,0.992052,1.029656,1.031976,10.540710,10.877764
281,0,10,14,0.950701,0.860040,0.772648,4.062426,3.138825
281,0,10,15,0.972827,1.049139,1.088478,4.276225,4.654578
281,0,11,0,0.995607,1.011674,1.015429,8.789166,8.924776
281,0,11,1,0.987615,1.080631,1.081019,9.730217,10.518548
281,0,11,2,0.977043,1.069766,1.124473,4.830226,5.431458
281,0,11,3,0.856158,1.014228,1.627609,-1.276158,-2.077086
281,0,11,4,0.941220,0.810805,0.656169,4.026731,2.642218
281,0,11,5,0.961168,1.106705,1.295007,3.605247,4.668819
281,0,11,6,0.875088,0.888277,1.058615,5.306640,5.617687
281,0,11,7,0.933877,0.891807,0.890981,3.694831,3.292024
281,0,11,8,0.963860,0.962790,0.942848,3.564662,3.360935
281,0,11,9,0.973436,0.899983,0.838950,3.994422,3.351121
281,0,11,10,0.896874,0.892226,0.691861,1.639277,1.134152
281,0,11,11,0.987138,0.859482,0.838903,6.169088,5.175268
281,0,11,12,0.913425,0.739451,0.524496,4.058270,2.128548
281,0,11,13,0.988383,1.099802,1.100406,9.873550,10.864911
281,0,11,14,0.972540,1.121330,1.219163,4.494355,5.479352
281,0,11,15,0.987106,1.079364,1.073270,9.105914,9.773108
281,0,12,0,0.984805,1.160633,1.198799,-2.774694,-3.326300
281,0,12,1,0.981164,1.068439,1.082731,7.742124,8.382636
281,0,12,2,0.929926,1.060820,1.723921,1.591717,2.743994
281,0,12,3,0.998300,1.092878,1.092994,-3.415749,-3.733395
281,0,12,4,0.959975,1.101780,1.334755,3.099536,4.137120
281,0,12,5,0.881004,1.013155,1.234618,2.346778,2.897375
281,0,12,6,0.911584,1.048769,2.222068,0.932795,2.072735
281,0,12,7,0.962536,0.903136,0.864326,5.094565,4.403368
281,0,12,8,0.932845,0.953197,1.025760,3.871853,3.971591
281,0,12,9,0.982848,1.176245,1.198256,6.907088,8.276460
281,0,12,10,0.968364,0.871977,0.819228,3.378945,2.768127
281,0,12,11,0.928236,1.035422,1.273064,3.108171,3.956901
281,0,12,12,0.966582,1.193574,1.377901,4.200990,5.788549
281,0,12,13,0.863302,0.842575,0.930594,2.515117,2.340552
281,0,12,14,0.949387,1.059975,1.151060,4.602609,5.297877
281,0,12,15,0.847817,0.931285,1.016823,2.532943,2.575554
281,0,13,0,0.941024,0.885885,0.888469,4.777857,4.244979
281,0,13,1,0.940820,1.015639,1.071130,3.867920,4.143045
281,0,13,2,0.924277,0.981523,1.491989,1.189320,1.774452
281,0,13,3,0.945695,1.002317,1.078291,3.807772,4.105885
281,0,13,4,0.976293,0.926269,0.932442,8.249765,7.692430
281,0,13,5,0.953208,0.704771,0.662644,4.089774,2.710064
281,0,13,6,0.984739,1.078425,1.079007,7.308382,7.885796
281,0,13,7,0.945976,0.935516,0.885167,1.853000,1.640214
281,0,13,8,0.884819,0.752635,0.447186,2.513758,1.124118
281,0,13,9,0.933464,1.033149,1.161954,3.274322,3.804611
281,0,13,10,0.927600,1.083324,1.299162,2.990428,3.885052
281,0,13,11,0.922196,0.895286,0.927800,5.278598,4.897483
281,0,13,12,0.951420,0.910361,0.939208,5.117837,4.806714
281,0,13,13,0.924110,0.945762,0.883584,-1.000008,-0.883591
281,0,13,14,0.947533,0.988630,1.035144,4.787219,4.955461
281,0,13,15,0.989285,1.226033,1.259138,-2.092366,-2.634577
281,0,14,0,0.873653,0.938295,1.070476,1.967711,2.106387
281,0,14,1,0.984851,0.907599,0.888084,9.674767,8.592007
281,0,14,2,0.953844,1.054700,1.127017,4.419984,4.981396
281,0,14,3,0.873987,0.978846,1.127483,1.302106,1.468102
281,0,14,4,0.963896,1.074303,1.144698,5.158091,5.904457
281,0,14,5,0.772421,0.719261,0.245062,1.421507,0.348358
281,0,14,6,0.875808,0.949749,1.061620,1.681093,1.784682
281,0,14,7,0.951535,0.703596,0.645011,5.869211,3.785703
281,0,14,8,0.916176,0.949163,0.997133,2.910243,2.901901
281,0,14,9,0.787568,0.925065,2.707962,0.649529,1.758900
281,0,14,10,0.757692,0.708534,-0.123922,0.919176,-0.113906
281,0,14,11,0.902276,1.042890,1.372553,2.510771,3.446167
281,0,14,12,0.931801,1.006822,1.109625,2.416687,2.681616
281,0,14,13,0.856286,0.981195,1.497170,1.375296,2.059052
281,0,14,14,0.950851,1.044649,1.126333,4.213779,4.746120
281,0,14,15,0.849971,1.054813,2.078141,1.237733,2.572183
281,0,15,0,0.981219,1.068127,1.109011,4.316167,4.786678
281,0,15,1,0.965857,0.991371,0.962600,2.788999,2.684689
281,0,15,2,0.973041,0.880283,0.824005,4.644186,3.826834
281,0,15,3,0.975486,0.982434,0.972434,3.483582,3.387552
281,0,15,4,0.997227,1.019951,1.021287,-3.364594,-3.436214
281,0,15,5,0.969730,1.017006,1.090922,3.604158,3.931855
281,0,15,6,0.604147,0.887324,5.370289,0.245496,1.318383
281,0,15,7,0.951307,0.925998,0.833032,2.891665,2.408848
281,0,15,8,0.952847,1.035497,1.102808,3.445647,3.799886
281,0,15,9,0.978443,0.988266,0.955648,3.810396,3.641397
281,0,15,10,0.964742,0.918569,0.849460,-2.205585,-1.873556
281,0,15,11,0.971859,0.927917,0.884923,4.088411,3.617930
281,0,15,12,0.989722,1.120687,1.092883,5.986739,6.542808
281,0,15,13,0.922505,0.882123,0.749697,2.359130,1.768634
281,0,15,14,0.947588,0.913287,0.902993,3.576035,3.229136
281,0,15,15,0.718281,0.661008,-0.074068,1.643703,-0.121745
340,0,0,0,0.830240,0.906659,-3.638742,-0.195157,0.710127
340,0,0,1,0.952778,0.856666,0.664276,-0.668739,-0.444227
340,0,0,2,0.961612,0.893099,1.514559,-0.159364,-0.241367
340,0,0,3,0.966019,1.029268,1.137523,-1.512648,-1.720671
340,0,0,4,0.893157,0.940875,1.268074,-0.839812,-1.064944
340,0,0,5,0.860441,0.773760,0.233445,1.202643,0.280751
340,0,0,6,0.947101,0.958157,0.652052,1.504655,0.981114
340,0,0,7,0.987527,1.038419,1.072487,-1.740128,-1.866264
340,0,0,8,0.945875,0.794945,0.751028,1.673093,1.256539
340,0,0,9,0.900347,1.038275,2.500614,-0.262770,-0.657087
340,0,0,10,0.957849,0.894476,0.889973,0.773237,0.688160
340,0,0,11,0.805190,0.923382,-41.736242,-0.025710,1.073055
340,0,0,12,0.852494,0.737839,0.550421,0.985539,0.542461
340,0,0,13,0.974692,1.025162,1.054646,-1.606677,-1.694476
340,0,0,14,0.953001,0.877399,1.249156,-0.094111,-0.117559
340,0,0,15,0.990866,1.013543,1.215947,-0.409051,-0.497384
340,0,1,0,0.979612,1.003141,1.118539,0.524941,0.587167
340,0,1,1,0.976246,0.949945,0.954505,1.181522,1.127769
340,0,1,2,0.979057,1.000598,1.040210,1.868405,1.943534
340,0,1,3,0.894097,1.089894,5.820402,0.228866,1.332090
340,0,1,4,0.940539,0.893391,2.422723,0.055398,0.134213
340,0,1,5,0.921373,1.194772,2.143006,1.022869,2.192013
340,0,1,6,0.980960,0.986610,1.009803,1.667642,1.683990
340,0,1,7,0.955484,0.980974,1.249946,0.748913,0.936101
340,0,1,8,0.930277,1.062765,2.677095,0.441823,1.182802
340,0,1,9,0.941386,0.942412,0.366132,-0.428918,-0.157041
340,0,1,10,0.955509,0.961791,0.816757,1.052904,0.859967
340,0,1,11,0.967619,0.961686,0.691722,1.691783,1.170244
340,0,1,12,0.942930,1.086619,1.820630,-0.477044,-0.868521
340,0,1,13,0.962060,0.895896,0.897636,1.042924,0.936166
340,0,1,14,0.499685,0.462978,-0.549320,-0.448667,0.246462
340,0,1,15,0.968642,1.181092,1.281227,3.073517,3.937873
340,0,2,0,0.963235,0.949758,0.884063,2.421033,2.140347
340,0,2,1,0.940990,0.943579,0.872233,0.924768,0.806613
340,0,2,2,0.962667,1.030377,2.171726,0.292497,0.635224
340,0,2,3,0.966767,1.043909,2.005925,0.321568,0.645041
340,0,2,4,0.959013,1.072832,1.346200,0.751298,1.011397
340,0,2,5,0.982353,0.981257,0.964565,3.769272,3.635707
340,0,2,6,0.955416,1.061735,1.151344,1.409059,1.622311
340,0,2,7,0.961053,1.020429,1.805625,0.374320,0.675882
340,0,2,8,0.950893,0.983929,1.215119,0.528206,0.641833
340,0,2,9,0.980317,0.881664,0.830583,4.318580,3.586939
340,0,2,10,0.920257,1.026600,2.806641,0.372267,1.044819
340,0,2,11,0.984001,1.043307,1.080873,2.305621,2.492085
340,0,2,12,0.961968,1.033213,2.151494,0.340606,0.732812
340,0,2,13,0.932046,0.922531,0.801970,0.864981,0.693689
340,0,2,14,0.931269,0.970342,1.166268,-0.622819,-0.726373
340,0,2,15,0.948846,1.051877,3.432650,0.224577,0.770893
340,0,3,0,0.939396,0.980533,1.021386,1.297204,1.324946
340,0,3,1,0.956230,0.934221,0.839339,2.331264,1.956722
340,0,3,2,0.932518,0.958206,0.620807,0.842707,0.523158
340,0,3,3,0.957002,0.962571,0.665932,1.263841,0.841632
340,0,3,4,0.923673,0.899554,0.753086,2.429877,1.829907
340,0,3,5,0.970552,1.128032,1.316936,1.497911,1.972653
340,0,3,6,0.964231,0.979772,0.900544,2.200912,1.982018
340,0,3,7,0.956824,0.986951,1.505354,0.658809,0.991741
340,0,3,8,0.992620,1.024056,1.033374,7.753388,8.012148
340,0,3,9,0.983518,1.046863,1.105500,2.592537,2.866049
340,0,3,10,0.889685,0.796751,0.513756,3.137742,1.612033
340,0,3,11,0.839756,1.059382,3.966258,0.495530,1.965401
340,0,3,12,0.971345,0.972479,0.952449,2.366950,2.254398
340,0,3,13,0.988490,1.079804,1.090622,6.463776,7.049533
340,0,3,14,0.937209,0.972252,0.867212,1.013008,0.878493
340,0,3,15,0.975227,0.974799,0.858388,2.341586,2.009989
340,0,4,0,0.965021,0.928344,0.884138,2.669542,2.360243
340,0,4,1,0.978024,1.086576,1.099902,2.020103,2.221915
340,0,4,2,0.958973,1.012012,1.260077,0.677031,0.853112
340,0,4,3,0.968048,1.055151,1.131429,2.498755,2.827164
340,0,4,4,0.987490,1.064966,1.087719,3.665302,3.986820
340,0,4,5,0.961078,1.134201,1.486481,1.808948,2.688967
340,0,4,6,0.957471,1.101628,1.630309,1.549303,2.525843
340,0,4,7,0.973047,0.950933,0.764790,1.821130,1.392783
340,0,4,8,0.890650,0.719575,0.134473,-0.373696,-0.050252
340,0,4,9,0.964172,1.014875,0.982804,0.770967,0.757710
340,0,4,10,0.988668,0.997826,1.000359,6.727558,6.729974
340,0,4,11,0.980512,0.933010,0.938319,4.711927,4.421291
340,0,4,12,0.957762,0.957982,0.882137,1.742761,1.537354
340,0,4,13,0.978941,1.070218,1.106934,3.785196,4.189961
340,0,4,14,0.974092,0.988685,0.828082,1.456515,1.206114
340,0,4,15,0.953969,1.092497,1.533668,1.363258,2.090785
340,0,5,0,0.992708,0.990585,0.994487,11.239539,11.177576
340,0,5,1,0.913427,0.761145,0.632294,3.351163,2.118921
340,0,5,2,0.988587,0.933853,0.936227,8.368621,7.834927
340,0,5,3,0.982858,0.948877,0.868613,2.905700,2.523929
340,0,5,4,0.995743,1.030176,1.036537,9.998763,10.364089
340,0,5,5,0.990586,0.989090,0.985736,8.473892,8.353020
340,0,5,6,0.997082,1.038882,1.041251,15.174368,15.800326
340,0,5,7,0.950478,1.095519,1.322156,2.590144,3.424576
340,0,5,8,0.971590,1.069379,1.168810,3.650440,4.266671
340,0,5,9,0.974620,1.019399,1.054579,4.314715,4.550210
340,0,5,10,0.963835,0.801306,0.740726,6.003999,4.447316
340,0,5,11,0.963193,0.941177,0.976736,5.297168,5.173933
340,0,5,12,0.906355,0.845789,0.663702,1.378201,0.914715
340,0,5,13,0.989848,0.989396,0.966988,5.582758,5.398458
340,0,5,14,0.982753,0.945424,0.952202,6.466014,6.156952
340,0,5,15,0.890882,0.821401,0.769381,1.400940,1.077857
340,0,6,0,0.948399,0.951888,0.994794,2.887911,2.872878
340,0,6,1,0.967808,0.860178,0.816471,5.266829,4.300210
340,0,6,2,0.980794,0.905792,0.824032,5.322475,4.385889
340,0,6,3,0.885266,0.912403,1.057887,1.381377,1.461341
340,0,6,4,0.975377,1.127502,1.226486,4.456456,5.465780
340,0,6,5,0.945199,0.823546,0.704574,3.631068,2.558355
340,0,6,6,0.991325,0.956782,0.958462,11.767939,11.279125
340,0,6,7,0.990499,0.997139,1.000750,7.241587,7.247020
340,0,6,8,0.959172,0.846681,0.728941,5.265687,3.838373
340,0,6,9,0.992643,0.948291,0.934839,10.768764,10.067062
340,0,6,10,0.947297,0.977112,0.969193,2.297618,2.226835
340,0,6,11,0.935841,0.986362,1.070963,3.135095,3.357570
340,0,6,12,0.992408,0.952425,0.929696,11.137149,10.354158
340,0,6,13,0.905053,0.978355,1.775184,-0.432629,-0.767995
340,0,6,14,0.957997,0.918388,0.730479,2.335301,1.705887
340,0,6,15,0.981566,0.972282,0.975443,4.047887,3.948485
340,0,7,0,0.990578,1.043106,1.048791,8.797867,9.227127
340,0,7,1,0.975660,0.992518,1.000166,4.882379,4.883189
340,0,7,2,0.975345,0.980821,0.991093,3.286733,3.257457
340,0,7,3,0.977050,0.892834,0.899168,6.520252,5.862805
340,0,7,4,0.910824,0.742597,0.535991,3.712715,1.989982
340,0,7,5,0.920339,0.998608,1.109713,2.691008,2.986245
340,0,7,6,0.976274,0.936519,0.941464,8.038454,7.567912
340,0,7,7,0.967836,1.143740,1.309004,3.234125,4.233484
340,0,7,8,0.973768,1.013968,0.978520,6.422088,6.284144
340,0,7,9,0.993205,0.955817,0.952757,10.716562,10.210280
340,0,7,10,0.998188,1.004365,1.004208,25.088545,25.194105
340,0,7,11,0.992265,0.957381,0.945150,5.716095,5.402567
340,0,7,12,0.992202,0.969853,0.967863,11.412562,11.045793
340,0,7,13,0.967930,0.868927,0.848687,5.848068,4.963181
340,0,7,14,0.967246,0.793998,0.766853,3.908775,2.997457
340,0,7,15,0.838979,0.809025,-0.361955,0.839936,-0.304019
340,0,8,0,0.965499,1.094733,1.190284,3.572973,4.252854
340,0,8,1,0.973575,0.917336,0.864165,5.200577,4.494157
340,0,8,2,0.914300,0.800693,0.692012,2.818536,1.950461
340,0,8,3,0.970509,0.885294,0.828937,5.007066,4.150543
340,0,8,4,0.987579,1.022267,1.013667,10.171529,10.310543
340,0,8,5,0.963914,1.023551,1.098672,-1.949769,-2.142156
340,0,8,6,0.971408,1.060300,1.115863,4.026372,4.492882
340,0,8,7,0.987343,1.087751,1.177535,6.290152,7.406877
340,0,8,8,0.988148,0.990459,0.959628,5.279209,5.066076
340,0,8,9,0.980308,0.983352,0.969391,5.104284,4.948050
340,0,8,10,0.981566,0.974653,0.965231,6.197086,5.981622
340,0,8,11,0.979887,1.031349,1.098277,4.556741,5.004566
340,0,8,12,0.962185,1.025589,1.051996,3.405440,3.582510
340,0,8,13,0.985279,0.991284,0.990634,6.820728,6.756848
340,0,8,14,0.973976,1.088687,1.120182,4.393719,4.921765
340,0,8,15,0.825012,0.835117,1.036628,0.713967,0.740119
340,0,9,0,0.963644,0.955692,0.960195,3.105891,2.982261
340,0,9,1,0.854394,0.775659,0.101879,1.581294,0.161101
340,0,9,2,0.945525,0.870421,0.727806,2.604834,1.895813
340,0,9,3,0.987201,1.054547,1.067327,6.181324,6.597492
340,0,9,4,0.975826,1.115990,1.163158,5.322383,6.190775
340,0,9,5,0.974120,1.067612,1.136536,5.291406,6.013874
340,0,9,6,0.989666,1.071428,1.130079,7.883275,8.908725
340,0,9,7,0.991744,0.937632,0.921932,5.857741,5.400437
340,0,9,8,0.849542,0.775985,0.162330,0.796290,0.129262
340,0,9,9,0.989605,1.010584,1.009744,6.745368,6.811094
340,0,9,10,0.979057,0.890020,0.876730,7.433865,6.517489
340,0,9,11,0.975865,0.814650,0.744855,5.506435,4.101498
340,0,9,12,0.909871,0.914463,1.017944,4.837782,4.924591
340,0,9,13,0.949509,0.864479,0.779473,2.913789,2.271219
340,0,9,14,0.984405,1.036257,1.055473,5.541102,5.848486
340,0,9,15,0.992747,0.971842,0.941380,9.186831,8.648298
340,0,10,0,0.945405,0.808777,0.639862,3.952113,2.528807
340,0,10,1,0.995283,1.001166,1.005193,17.899689,17.992649
340,0,10,2,0.970777,0.902524,0.838757,5.498932,4.612267
340,0,10,3,0.959533,0.775709,0.693670,3.730572,2.587786
340,0,10,4,0.996358,0.930884,0.930106,7.528411,7.002223
340,0,10,5,0.989885,1.008693,1.009794,9.260230,9.350929
340,0,10,6,0.986798,0.963196,0.963120,9.441170,9.092976
340,0,10,7,0.987752,0.853793,0.814684,7.135649,5.813296
340,0,10,8,0.982992,1.056320,1.079364,6.475986,6.989947
340,0,10,9,0.976900,0.986901,1.007032,6.772105,6.819723
340,0,10,10,0.980780,0.953785,0.973775,11.430166,11.130413
340,0,10,11,0.987610,0.993529,0.982394,7.660748,7.525874
340,0,10,12,0.949905,0.791800,0.674695,4.585073,3.093525
340,0,10,13,0.993748,1.030388,1.032455,10.717063,11.064890
340,0,10,14,0.947844,0.850394,0.754633,4.011101,3.026910
340,0,10,15,0.976346,1.052562,1.085544,4.502467,4.887626
340,0,11,0,0.996471,1.020787,1.026002,8.913368,9.145134
340,0,11,1,0.988429,1.074656,1.080865,9.899840,10.700387
340,0,11,2,0.978688,1.064752,1.117424,5.233366,5.847888
340,0,11,3,0.852019,1.017982,1.681900,-1.217896,-2.048378
340,0,11,4,0.943233,0.813212,0.665288,4.036515,2.685444
340,0,11,5,0.963638,1.118050,1.283257,3.804298,4.881892
340,0,11,6,0.897188,0.917486,1.049450,5.784580,6.070624
340,0,11,7,0.934773,0.882734,0.878203,3.882123,3.409293
340,0,11,8,0.967497,0.965221,0.962158,3.741588,3.600000
340,0,11,9,0.976284,0.911531,0.845220,3.854156,3.257608
340,0,11,10,0.879222,0.865626,0.549618,1.533142,0.842643
340,0,11,11,0.985008,0.849645,0.826442,6.052580,5.002109
340,0,11,12,0.912367,0.731345,0.521659,4.176594,2.178760
340,0,11,13,0.988833,1.086632,1.089105,9.796849,10.669802
340,0,11,14,0.974813,1.139975,1.237268,4.689154,5.801739
340,0,11,15,0.989059,1.060496,1.056311,9.481439,10.015345
340,0,12,0,0.985025,1.162943,1.203132,-2.771892,-3.334952
340,0,12,1,0.982747,1.059053,1.070244,7.788862,8.335979
340,0,12,2,0.927971,1.044602,1.752922,1.529145,2.680472
340,0,12,3,0.998394,1.092781,1.093124,-3.430268,-3.749709
340,0,12,4,0.958567,1.095640,1.345977,3.025564,4.072340
340,0,12,5,0.883570,1.013775,1.236482,2.371323,2.932098
340,0,12,6,0.907611,1.044917,2.216698,0.973658,2.158305
340,0,12,7,0.963894,0.926275,0.896341,4.973110,4.457604
340,0,12,8,0.931125,0.941504,1.006738,3.723744,3.748836
340,0,12,9,0.984486,1.157064,1.182014,6.871146,8.121788
340,0,12,10,0.971292,0.859162,0.800831,3.481456,2.788058
340,0,12,11,0.930557,1.034220,1.275275,3.068211,3.912811
340,0,12,12,0.968239,1.202115,1.376769,4.362793,6.006559
340,0,12,13,0.868027,0.846099,0.925015,2.491063,2.304271
340,0,12,14,0.950844,1.056080,1.136276,4.660395,5.295493
340,0,12,15,0.845142,0.923202,0.957131,2.448735,2.343761
340,0,13,0,0.936001,0.869602,0.862207,4.600436,3.966527
340,0,13,1,0.940256,1.006131,1.043533,3.912297,4.082610
340,0,13,2,0.925624,0.976270,1.425318,1.151708,1.641551
340,0,13,3,0.943967,0.986401,1.040017,3.805280,3.957556
340,0,13,4,0.977085,0.923914,0.925675,8.146667,7.541167
340,0,13,5,0.956164,0.710001,0.660744,4.032302,2.664318
340,0,13,6,0.984091,1.078241,1.074902,7.288177,7.834077
340,0,13,7,0.945539,0.920648,0.843433,1.882204,1.587512
340,0,13,8,0.873614,0.740140,0.391662,2.517375,0.985961
340,0,13,9,0.931589,1.020595,1.138553,3.200897,3.644392
340,0,13,10,0.929124,1.065558,1.255938,3.007490,3.777221
340,0,13,11,0.918548,0.876398,0.898878,5.244375,4.714056
340,0,13,12,0.950982,0.903963,0.929061,5.060233,4.701268
340,0,13,13,0.923838,0.957469,0.942731,-0.938030,-0.884310
340,0,13,14,0.946952,0.968086,0.996954,4.847907,4.833141
340,0,13,15,0.989715,1.234524,1.273885,-2.061479,-2.626087
340,0,14,0,0.875870,0.935626,1.049269,2.013615,2.112825
340,0,14,1,0.982948,0.898225,0.875982,9.631851,8.437324
340,0,14,2,0.955413,1.053652,1.122855,4.449079,4.995670
340,0,14,3,0.875796,0.981314,1.111414,1.354529,1.505443
340,0,14,4,0.964623,1.075226,1.145107,5.168874,5.918916
340,0,14,5,0.762012,0.713354,0.213543,1.468061,0.313494
340,0,14,6,0.882289,0.956667,1.061461,1.754069,1.861876
340,0,14,7,0.950920,0.701621,0.641288,5.878548,3.769845
340,0,14,8,0.916654,0.947427,0.984552,2.956987,2.911306
340,0,14,9,0.794829,0.939600,2.623857,0.696809,1.828326
340,0,14,10,0.749409,0.704653,-0.150116,0.918517,-0.137884
340,0,14,11,0.904095,1.044576,1.363403,2.510741,3.423154
340,0,14,12,0.932188,1.006336,1.114192,2.423355,2.700082
340,0,14,13,0.862772,0.985239,1.441203,1.444629,2.082003
340,0,14,14,0.951169,1.036533,1.114287,4.252544,4.738554
340,0,14,15,0.851669,1.064611,2.051734,1.284830,2.636130
340,0,15,0,0.981219,1.073055,1.120942,4.252956,4.767317
340,0,15,1,0.966656,0.993260,0.970087,2.759737,2.677185
340,0,15,2,0.974448,0.887168,0.834568,4.616660,3.852919
340,0,15,3,0.976168,0.987468,0.985377,3.479048,3.428173
340,0,15,4,0.997104,1.011025,1.012946,-3.368446,-3.412054
340,0,15,5,0.970794,1.023193,1.101987,3.660768,4.034117
340,0,15,6,0.598181,0.906580,5.003499,0.285897,1.430487
340,0,15,7,0.952972,0.933651,0.851640,2.872707,2.446513
340,0,15,8,0.954942,1.038348,1.105653,3.503301,3.873435
340,0,15,9,0.978849,0.997166,0.970642,3.747994,3.637959
340,0,15,10,0.962497,0.926704,0.856298,-2.166492,-1.855164
340,0,15,11,0.973029,0.933604,0.896981,4.081922,3.661404
340,0,15,12,0.989905,1.120643,1.091866,6.025882,6.579457
340,0,15,13,0.917873,0.861631,0.691916,2.406313,1.664968
340,0,15,14,0.946549,0.892706,0.871101,3.568379,3.108418
340,0,15,15,0.697840,0.651772,-0.123174,1.626955,-0.200398
388,0,0,0,0.833279,0.911501,-4.231532,-0.179141,0.758039
388,0,0,1,0.945931,0.864830,0.658617,-0.560928,-0.369436
388,0,0,2,0.954701,0.862777,0.733930,0.409802,0.300766
388,0,0,3,0.956517,1.000363,1.189278,-1.388684,-1.651531
388,0,0,4,0.909921,0.833959,2.226184,-0.157080,-0.349689
388,0,0,5,0.834286,0.759216,0.006870,0.921222,0.006329
388,0,0,6,0.946158,0.960681,0.602044,1.376888,0.828948
388,0,0,7,0.988059,1.050553,1.089069,-1.839885,-2.003761
388,0,0,8,0.942831,0.807461,0.745508,1.537735,1.146394
388,0,0,9,0.856281,0.901808,-2.405793,0.139986,-0.336776
388,0,0,10,0.959296,0.898035,0.940505,0.110534,0.103958
388,0,0,11,0.798813,0.928175,-63.157465,-0.018761,1.184879
388,0,0,12,0.898913,0.774646,0.613390,1.182162,0.725126
388,0,0,13,0.979814,1.050889,1.082540,-1.826763,-1.977545
388,0,0,14,0.959926,0.893731,0.204784,0.216561,0.044348
388,0,0,15,0.990620,1.013960,1.155315,-0.495176,-0.572084
388,0,1,0,0.979702,1.014612,1.095274,0.679196,0.743906
388,0,1,1,0.964754,0.944446,0.784239,0.488103,0.382789
388,0,1,2,0.969524,0.980212,1.042638,1.402908,1.462725
388,0,1,3,0.899964,1.089862,4.948502,0.267199,1.322233
388,0,1,4,0.945780,0.907296,1.182839,0.227707,0.269341
388,0,1,5,0.923940,1.188006,2.135778,0.988453,2.111116
388,0,1,6,0.986599,0.963641,0.944589,2.205078,2.082893
388,0,1,7,0.954629,0.980665,1.276646,0.780159,0.995987
388,0,1,8,0.927471,1.049562,3.161935,0.344453,1.089137
388,0,1,9,0.942712,0.952571,0.633641,-0.498260,-0.315718
388,0,1,10,0.949186,0.960723,0.675857,0.949453,0.641695
388,0,1,11,0.965055,0.961021,0.659278,1.643387,1.083449
388,0,1,12,0.947335,1.039447,1.871742,-0.319047,-0.597174
388,0,1,13,0.957735,0.883365,0.854151,1.363344,1.164501
388,0,1,14,0.716058,0.506669,0.213187,-0.824712,-0.175818
388,0,1,15,0.968159,1.173456,1.261410,2.995717,3.778826
388,0,2,0,0.960938,0.945882,0.858661,2.392403,2.054263
388,0,2,1,0.955939,0.987716,1.007286,1.366004,1.375957
388,0,2,2,0.962066,1.029549,2.257119,0.291000,0.656822
388,0,2,3,0.965714,1.044476,2.153256,0.292712,0.630284
388,0,2,4,0.951860,1.039428,1.337972,0.624714,0.835849
388,0,2,5,0.983032,0.988895,0.971701,3.821410,3.713267
388,0,2,6,0.953896,1.058123,1.132480,1.355668,1.535267
388,0,2,7,0.960753,1.021908,1.864918,0.359476,0.670393
388,0,2,8,0.937081,0.965368,1.226446,0.426525,0.523110
388,0,2,9,0.980300,0.880345,0.828882,4.351539,3.606913
388,0,2,10,0.916559,1.025989,2.966671,0.358102,1.062371
388,0,2,11,0.986529,1.044395,1.086942,2.470795,2.685612
388,0,2,12,0.960483,1.031618,2.293937,0.324611,0.744638
388,0,2,13,0.933725,0.957698,0.915912,0.862397,0.789879
388,0,2,14,0.931108,0.991155,1.205846,-0.657093,-0.792353
388,0,2,15,0.948066,1.046064,3.270398,0.245754,0.803714
388,0,3,0,0.935844,0.991979,1.123290,1.156632,1.299233
388,0,3,1,0.953269,0.932593,0.819438,2.268513,1.858907
388,0,3,2,0.931227,0.947762,0.637830,0.892098,0.569007
388,0,3,3,0.956643,0.964212,0.682038,1.320714,0.900776
388,0,3,4,0.919612,0.888791,0.728988,2.472679,1.802554
388,0,3,5,0.978935,1.095840,1.215781,1.844473,2.242476
388,0,3,6,0.961548,0.979626,0.879728,2.126176,1.870456
388,0,3,7,0.953972,0.986145,1.609508,0.574286,0.924317
388,0,3,8,0.991545,1.023487,1.032295,7.640859,7.887620
388,0,3,9,0.986834,1.028045,1.055517,2.854082,3.012532
388,0,3,10,0.895423,0.798195,0.544822,3.312329,1.804629
388,0,3,11,0.851287,1.073607,3.615969,0.532846,1.926754
388,0,3,12,0.975159,0.966556,0.944748,2.432962,2.298537
388,0,3,13,0.988809,1.075031,1.085038,6.888273,7.474041
388,0,3,14,0.934630,0.973699,0.892018,1.056641,0.942542
388,0,3,15,0.973391,0.969479,0.844774,2.374244,2.005701
388,0,4,0,0.961576,0.934930,0.912275,2.530089,2.308137
388,0,4,1,0.980377,1.094895,1.110085,2.221850,2.466441
388,0,4,2,0.954753,1.017835,1.327584,0.653197,0.867173
388,0,4,3,0.968855,1.062975,1.140804,2.606946,2.974014
388,0,4,4,0.990280,1.051575,1.069037,3.967646,4.241561
388,0,4,5,0.954086,1.128504,1.576619,1.569720,2.474851
388,0,4,6,0.957044,1.107952,1.632802,1.582606,2.584083
388,0,4,7,0.972857,0.956828,0.779316,1.835981,1.430809
388,0,4,8,0.876854,0.726294,-0.381558,-0.176390,0.067303
388,0,4,9,0.961518,1.017911,1.031998,0.701473,0.723919
388,0,4,10,0.990297,1.012317,1.018200,7.122579,7.252209
388,0,4,11,0.983215,0.945715,0.954990,5.035637,4.808985
388,0,4,12,0.954194,0.959955,0.878982,1.635069,1.437196
388,0,4,13,0.975650,1.060782,1.094969,3.364943,3.684510
388,0,4,14,0.973334,0.992546,0.821291,1.431402,1.175597
388,0,4,15,0.946655,1.093566,1.642884,1.226598,2.015159
388,0,5,0,0.992267,0.994010,0.997857,11.074759,11.051021
388,0,5,1,0.886647,0.707060,0.536351,3.396605,1.821773
388,0,5,2,0.984703,0.921131,0.926725,7.679350,7.116643
388,0,5,3,0.980549,0.937119,0.845550,3.007098,2.542651
388,0,5,4,0.996173,1.031367,1.036155,10.081875,10.446387
388,0,5,5,0.989525,1.005861,1.005900,8.207494,8.255920
388,0,5,6,0.997817,1.038398,1.041100,16.368557,17.041307
388,0,5,7,0.942094,1.098978,1.377606,2.408336,3.317737
388,0,5,8,0.962491,1.070091,1.195594,3.233730,3.866229
388,0,5,9,0.974647,1.028967,1.078238,4.630555,4.992842
388,0,5,10,0.961859,0.807304,0.748292,6.023933,4.507660
388,0,5,11,0.955596,0.933429,0.967848,4.824724,4.669598
388,0,5,12,0.911025,0.847924,0.674032,1.356901,0.914595
388,0,5,13,0.991024,0.994749,0.982103,5.898656,5.793088
388,0,5,14,0.979794,0.960692,0.975184,6.092819,5.941619
388,0,5,15,0.930104,0.845169,0.811930,1.928925,1.566153
388,0,6,0,0.945098,0.976645,1.060277,2.557163,2.711303
388,0,6,1,0.971989,0.883826,0.852498,5.440305,4.637851
388,0,6,2,0.981189,0.914934,0.831652,5.259442,4.374026
388,0,6,3,0.909147,0.957106,1.075228,1.726502,1.856382
388,0,6,4,0.975415,1.146696,1.247008,4.550406,5.674392
388,0,6,5,0.942897,0.831407,0.716439,3.627835,2.599122
388,0,6,6,0.992339,0.962280,0.964708,12.222021,11.790683
388,0,6,7,0.983659,1.024976,1.038150,6.238577,6.476576
388,0,6,8,0.958481,0.837155,0.723195,5.434562,3.930247
388,0,6,9,0.993224,0.966990,0.959754,11.012775,10.569554
388,0,6,10,0.947503,0.998200,1.029824,2.103843,2.166589
388,0,6,11,0.932042,0.962557,1.052738,3.126027,3.290888
388,0,6,12,0.993232,0.958727,0.943151,11.511048,10.856653
388,0,6,13,0.893499,0.964504,2.327205,-0.288534,-0.671479
388,0,6,14,0.959745,0.920097,0.782414,2.653836,2.076398
388,0,6,15,0.980840,0.988645,0.989640,4.012874,3.971302
388,0,7,0,0.989128,1.027949,1.031967,8.684468,8.962082
388,0,7,1,0.971250,1.024267,1.063546,4.613263,4.906417
388,0,7,2,0.974738,0.983097,1.007896,3.288886,3.314856
388,0,7,3,0.975284,0.903223,0.914755,6.423038,5.875508
388,0,7,4,0.926871,0.735529,0.599209,4.232440,2.536115
388,0,7,5,0.927718,1.002734,1.085383,3.247668,3.524964
388,0,7,6,0.972963,0.950006,0.965596,7.527051,7.268090
388,0,7,7,0.964798,1.166068,1.341996,3.327525,4.465526
388,0,7,8,0.974549,1.019398,0.986649,6.390378,6.305059
388,0,7,9,0.991159,0.971744,0.969835,9.870827,9.573076
388,0,7,10,0.998160,1.005567,1.006319,26.273617,26.439629
388,0,7,11,0.989757,0.942615,0.920487,5.534293,5.094242
388,0,7,12,0.990514,0.990360,0.993553,10.325963,10.259395
388,0,7,13,0.970743,0.882274,0.865371,5.964550,5.161551
388,0,7,14,0.975527,0.823361,0.831471,4.389661,3.649875
388,0,7,15,0.840022,0.780482,0.050058,1.191287,0.059633
388,0,8,0,0.963576,1.084993,1.173087,3.453393,4.051131
388,0,8,1,0.977008,0.931500,0.892545,5.428393,4.845087
388,0,8,2,0.931254,0.823934,0.778908,3.578575,2.787382
388,0,8,3,0.975260,0.889779,0.851115,5.686340,4.839728
388,0,8,4,0.986989,1.058651,1.056710,10.079214,10.650807
388,0,8,5,0.959485,1.015101,1.083972,-1.889342,-2.047995
388,0,8,6,0.971330,1.066641,1.129680,3.836901,4.334471
388,0,8,7,0.988147,1.087477,1.172624,6.601413,7.740977
388,0,8,8,0.987851,0.998045,0.970912,5.301446,5.147236
388,0,8,9,0.984513,0.987020,0.976126,5.835292,5.695983
388,0,8,10,0.983795,0.975451,0.961455,6.492267,6.242022
388,0,8,11,0.983984,1.031549,1.059018,5.535192,5.861870
388,0,8,12,0.964633,1.021285,1.031701,3.508832,3.620064
388,0,8,13,0.982215,0.970123,0.954836,6.926830,6.613984
388,0,8,14,0.970328,1.106621,1.164424,4.099962,4.774095
388,0,8,15,0.843833,0.863102,1.019415,1.188508,1.211583
388,0,9,0,0.959120,0.941056,0.906593,3.101628,2.811913
388,0,9,1,0.853514,0.756367,0.239068,1.947393,0.465560
388,0,9,2,0.941695,0.877544,0.735302,2.477350,1.821601
388,0,9,3,0.984308,1.046972,1.062538,5.745442,6.104750
388,0,9,4,0.978201,1.090553,1.126370,5.771194,6.500496
388,0,9,5,0.973693,1.081521,1.162569,5.307487,6.170322
388,0,9,6,0.991336,1.064915,1.100885,8.212177,9.040663
388,0,9,7,0.989134,0.920524,0.899777,5.441428,4.896071
388,0,9,8,0.843288,0.759565,0.325133,0.947516,0.308068
388,0,9,9,0.988668,0.994544,0.980880,6.645209,6.518151
388,0,9,10,0.981052,0.888693,0.878640,8.011057,7.038838
388,0,9,11,0.979338,0.823276,0.770611,5.997139,4.621464
388,0,9,12,0.904740,0.926525,1.041310,4.733688,4.929238
388,0,9,13,0.940815,0.869410,0.778896,2.626563,2.045820
388,0,9,14,0.983750,1.021363,1.030071,5.826775,6.001991
388,0,9,15,0.993026,0.977610,0.953574,9.962030,9.499534
388,0,10,0,0.932576,0.784245,0.588206,4.160792,2.447403
388,0,10,1,0.995608,0.987979,0.991135,18.310673,18.148352
388,0,10,2,0.966706,0.899146,0.824783,5.186601,4.277820
388,0,10,3,0.972393,0.798958,0.759818,4.264885,3.240537
388,0,10,4,0.995874,0.929645,0.928419,7.482552,6.946943
388,0,10,5,0.990369,1.051659,1.057337,9.373551,9.911004
388,0,10,6,0.985727,0.977269,0.982631,9.719173,9.550365
388,0,10,7,0.988624,0.863451,0.830516,7.539813,6.261933
388,0,10,8,0.980952,1.034178,1.057626,6.581762,6.961040
388,0,10,9,0.976228,0.985676,1.004476,6.952745,6.983868
388,0,10,10,0.985294,0.954541,0.965541,12.194795,11.774575
388,0,10,11,0.985940,0.970874,0.948252,7.936344,7.525653
388,0,10,12,0.947563,0.785377,0.665353,4.540757,3.021204
388,0,10,13,0.994168,1.049378,1.051734,10.891330,11.454780
388,0,10,14,0.950927,0.861272,0.767750,4.159868,3.193740
388,0,10,15,0.976529,1.000912,1.007613,4.957822,4.995567
388,0,11,0,0.996327,1.020929,1.025722,9.123261,9.357928
388,0,11,1,0.987859,1.116786,1.126012,9.975255,11.232255
388,0,11,2,0.978176,1.064875,1.107588,5.176045,5.732924
388,0,11,3,0.857557,0.984888,1.504226,-1.252717,-1.884369
388,0,11,4,0.948145,0.830058,0.704895,3.969007,2.797734
388,0,11,5,0.967666,1.109684,1.214862,4.275590,5.194252
388,0,11,6,0.879571,0.914735,1.078860,5.447226,5.876793
388,0,11,7,0.939333,0.891136,0.860430,4.035245,3.472044
388,0,11,8,0.968856,0.982279,0.986651,4.129486,4.074360
388,0,11,9,0.979665,0.915606,0.877223,4.178453,3.665436
388,0,11,10,0.916251,0.894739,0.731491,1.975367,1.444963
388,0,11,11,0.985540,0.839139,0.818962,6.650861,5.446803
388,0,11,12,0.901093,0.734097,0.489994,3.949675,1.935316
388,0,11,13,0.989085,1.120788,1.126835,10.388940,11.706625
388,0,11,14,0.976352,1.110114,1.170002,4.984518,5.831893
388,0,11,15,0.988339,1.081227,1.085213,10.050291,10.906711
388,0,12,0,0.986862,1.187196,1.223035,-2.708147,-3.312157
388,0,12,1,0.981828,1.105072,1.125107,7.873880,8.858955
388,0,12,2,0.921936,1.060401,1.816728,1.514700,2.751797
388,0,12,3,0.998465,1.094892,1.095034,-3.245193,-3.553598
388,0,12,4,0.952376,1.109104,1.409148,2.902329,4.089812
388,0,12,5,0.880448,1.014825,1.199997,2.286745,2.744088
388,0,12,6,0.911511,1.072120,2.089193,1.182372,2.470203
388,0,12,7,0.963549,0.947128,0.936049,4.775525,4.470126
388,0,12,8,0.938906,0.931435,0.937674,4.076631,3.822551
388,0,12,9,0.985956,1.161564,1.177154,7.679905,9.040432
388,0,12,10,0.979731,0.874862,0.847218,4.036947,3.420174
388,0,12,11,0.940706,1.026734,1.158573,3.467813,4.017714
388,0,12,12,0.969362,1.192847,1.358750,4.418624,6.003804
388,0,12,13,0.870539,0.864842,0.977828,2.747754,2.686831
388,0,12,14,0.956285,1.069166,1.133190,5.039578,5.710797
388,0,12,15,0.856866,0.920729,0.866504,2.712405,2.350310
388,0,13,0,0.935669,0.876077,0.865482,4.651199,4.025530
388,0,13,1,0.951611,1.018540,1.061560,4.298517,4.563133
388,0,13,2,0.924727,0.980427,1.482926,1.132556,1.679497
388,0,13,3,0.948541,1.004865,1.074003,3.928050,4.218737
388,0,13,4,0.976559,0.944773,0.958149,7.723247,7.400024
388,0,13,5,0.966597,0.717282,0.690524,4.113231,2.840284
388,0,13,6,0.982479,1.083106,1.082768,7.285615,7.888634
388,0,13,7,0.953428,0.944496,0.934757,2.008478,1.877439
388,0,13,8,0.880219,0.743328,0.444077,2.615250,1.161371
388,0,13,9,0.942414,1.039552,1.171771,3.519986,4.124616
388,0,13,10,0.933489,1.088049,1.285194,3.190692,4.100659
388,0,13,11,0.921651,0.872549,0.874539,5.305866,4.640187
388,0,13,12,0.948801,0.908243,0.943708,4.961820,4.682511
388,0,13,13,0.927303,0.965244,0.944416,-0.912711,-0.861979
388,0,13,14,0.949841,0.963644,0.992332,4.961438,4.923394
388,0,13,15,0.987970,1.256807,1.305328,-2.057485,-2.685692
388,0,14,0,0.882201,0.919442,0.959411,2.110649,2.024980
388,0,14,1,0.980919,0.884598,0.862382,9.372954,8.083063
388,0,14,2,0.961022,1.065584,1.128695,4.756124,5.368213
388,0,14,3,0.884371,0.979907,1.078781,1.571592,1.695404
388,0,14,4,0.966271,1.076223,1.148994,5.350358,6.147529
388,0,14,5,0.765283,0.721758,0.197336,1.420852,0.280385
388,0,14,6,0.887375,0.940592,0.982566,1.846505,1.814313
388,0,14,7,0.954812,0.705715,0.653089,6.030781,3.938637
388,0,14,8,0.922054,0.956052,1.001035,3.095300,3.098505
388,0,14,9,0.815751,0.958487,2.242277,0.842468,1.889047
388,0,14,10,0.741788,0.687818,-0.108542,0.994482,-0.107943
388,0,14,11,0.915439,1.085899,1.388042,2.862655,3.973485
388,0,14,12,0.933541,1.015970,1.149205,2.565454,2.948233
388,0,14,13,0.878288,0.994369,1.330740,1.669950,2.222269
388,0,14,14,0.952949,1.028423,1.098391,4.361570,4.790707
388,0,14,15,0.857347,1.098127,2.009099,1.464173,2.941670
388,0,15,0,0.979284,1.061558,1.108743,4.136514,4.586332
388,0,15,1,0.964288,0.979405,0.933708,2.682962,2.505105
388,0,15,2,0.973218,0.871554,0.813328,4.771501,3.880794
388,0,15,3,0.975513,0.990656,0.991755,3.431041,3.402751
388,0,15,4,0.996853,0.998236,0.998939,-3.293777,-3.290282
388,0,15,5,0.968078,1.013587,1.096455,3.539968,3.881417
388,0,15,6,0.568207,0.828496,5.956088,0.198971,1.185090
388,0,15,7,0.955874,0.927891,0.845561,3.081230,2.605368
388,0,15,8,0.959248,1.060993,1.137977,3.627840,4.128397
388,0,15,9,0.978739,0.990684,0.977011,3.886228,3.796886
388,0,15,10,0.959686,0.927395,0.855278,-2.080877,-1.779728
388,0,15,11,0.970198,0.927495,0.884098,3.926821,3.471693
388,0,15,12,0.990648,1.125872,1.103533,6.377019,7.037254
388,0,15,13,0.909081,0.841535,0.626731,2.404377,1.506897
388,0,15,14,0.931992,0.866927,0.822200,3.262778,2.682657
388,0,15,15,0.693741,0.661048,-0.176651,1.554298,-0.274568
620,0,0,0,0.831164,0.898758,-2.101121,-0.298815,0.627847
620,0,0,1,0.947884,0.877255,0.616026,-0.540095,-0.332712
620,0,0,2,0.966830,0.923917,1.366622,-0.280309,-0.383076
620,0,0,3,0.971959,0.978363,1.015057,-1.652850,-1.677737
620,0,0,4,0.892007,0.884282,1.137771,-0.485991,-0.552947
620,0,0,5,0.862468,0.777160,0.234049,1.223197,0.286288
620,0,0,6,0.948432,0.961317,0.662018,1.484732,0.982919
620,0,0,7,0.984792,1.051573,1.085523,-1.593250,-1.729509
620,0,0,8,0.947092,0.830750,0.775200,1.488662,1.154011
620,0,0,9,0.939977,1.009171,1.383706,-0.565113,-0.781951
620,0,0,10,0.970772,0.904185,0.929373,1.224013,1.137565
620,0,0,11,0.807733,0.918905,-12.300145,-0.082846,1.019021
620,0,0,12,0.833388,0.753199,0.402358,0.633044,0.254710
620,0,0,13,0.970172,1.049765,1.130495,-1.308671,-1.479446
620,0,0,14,0.929239,0.876610,1.130404,-0.444862,-0.502874
620,0,0,15,0.991002,1.007248,1.199964,-0.325080,-0.390084
620,0,1,0,0.979502,1.003064,1.101832,0.616145,0.678889
620,0,1,1,0.981455,0.963604,0.914631,1.593035,1.457039
620,0,1,2,0.971649,0.999727,1.077203,1.418242,1.527734
620,0,1,3,0.894531,1.091440,5.821825,0.225588,1.313336
620,0,1,4,0.975017,0.946620,1.006569,1.438453,1.447902
620,0,1,5,0.922791,1.198321,2.117053,1.015916,2.150747
620,0,1,6,0.981833,0.970990,0.940320,1.501358,1.411756
620,0,1,7,0.954839,0.985659,1.260856,0.871161,1.098409
620,0,1,8,0.926427,1.069366,2.788338,0.438993,1.224062
620,0,1,9,0.939264,0.935252,0.333030,-0.459037,-0.152873
620,0,1,10,0.954749,0.958506,0.805763,1.077750,0.868411
620,0,1,11,0.968100,0.961243,0.702232,1.690832,1.187357
620,0,1,12,0.946039,1.045509,1.733846,-0.431424,-0.748023
620,0,1,13,0.969934,0.886259,0.934761,1.287874,1.203855
620,0,1,14,0.442509,0.471201,-1.399777,-0.275609,0.385791
620,0,1,15,0.966632,1.165331,1.290064,2.805645,3.619460
620,0,2,0,0.964422,0.951873,0.889436,2.409578,2.143164
620,0,2,1,0.968557,0.951780,0.949768,1.931152,1.834146
620,0,2,2,0.962961,1.028373,2.037683,0.328151,0.668669
620,0,2,3,0.966839,1.042098,2.022955,0.316312,0.639884
620,0,2,4,0.964987,1.079660,1.369775,0.739914,1.013516
620,0,2,5,0.982715,1.007316,1.009503,3.276444,3.307581
620,0,2,6,0.956028,1.061249,1.150034,1.428077,1.642337
620,0,2,7,0.962151,1.021143,1.741886,0.406412,0.707924
620,0,2,8,0.932748,0.965906,1.341861,0.280141,0.375910
620,0,2,9,0.979559,0.873449,0.817551,4.307830,3.521869
620,0,2,10,0.924899,1.042198,2.196000,0.560445,1.230736
620,0,2,11,0.982275,1.047002,1.111667,1.799950,2.000944
620,0,2,12,0.962734,1.028497,2.095667,0.354264,0.742420
620,0,2,13,0.935716,0.977756,0.781356,0.481662,0.376349
620,0,2,14,0.933572,0.982468,1.181819,-0.651179,-0.769576
620,0,2,15,0.948327,1.042205,3.601958,0.211563,0.762039
620,0,3,0,0.937552,0.967084,0.969262,1.157753,1.122166
620,0,3,1,0.960249,0.940105,0.865382,2.430171,2.103026
620,0,3,2,0.930932,0.948278,0.576495,0.749719,0.432209
620,0,3,3,0.958109,0.957243,0.667718,1.276386,0.852265
620,0,3,4,0.925123,0.900838,0.760790,2.378190,1.809303
620,0,3,5,0.978123,1.112768,1.220191,1.965557,2.398355
620,0,3,6,0.966795,0.983621,0.920835,2.247244,2.069341
620,0,3,7,0.955040,0.982731,1.599232,0.593126,0.948547
620,0,3,8,0.991301,1.030540,1.043108,7.158257,7.466834
620,0,3,9,0.979620,1.073011,1.134999,2.170373,2.463372
620,0,3,10,0.891533,0.785407,0.520925,3.271813,1.704369
620,0,3,11,0.837508,1.037579,4.361128,0.435059,1.897347
620,0,3,12,0.979095,0.976495,0.942903,2.327747,2.194839
620,0,3,13,0.989310,1.073887,1.085521,6.517569,7.074960
620,0,3,14,0.937076,0.970552,0.813544,0.902422,0.734160
620,0,3,15,0.976762,0.973538,0.867039,2.406085,2.086170
620,0,4,0,0.965061,0.926601,0.882880,2.645553,2.335705
620,0,4,1,0.976027,1.083943,1.097318,1.640851,1.800535
620,0,4,2,0.959156,1.012956,1.294958,0.640396,0.829286
620,0,4,3,0.968448,1.041980,1.092600,2.521870,2.755395
620,0,4,4,0.990844,1.036260,1.044495,3.932446,4.107420
620,0,4,5,0.956815,1.106269,1.575119,1.444808,2.275745
620,0,4,6,0.956926,1.099408,1.663625,1.501488,2.497912
620,0,4,7,0.975425,0.961545,0.794117,1.797434,1.427374
620,0,4,8,0.887549,0.743958,-0.873663,-0.144258,0.126033
620,0,4,9,0.966097,1.016168,1.013051,0.773254,0.783346
620,0,4,10,0.990396,0.985945,0.979015,7.057977,6.909862
620,0,4,11,0.980197,0.933898,0.939828,4.561358,4.286891
620,0,4,12,0.961251,0.966030,0.902633,1.710832,1.544253
620,0,4,13,0.984340,1.060010,1.083981,3.958645,4.291098
620,0,4,14,0.975663,0.996087,0.839809,1.455996,1.222759
620,0,4,15,0.946942,1.077282,1.717601,1.055677,1.813233
620,0,5,0,0.991884,0.987290,0.990556,10.456005,10.357258
620,0,5,1,0.902193,0.738192,0.575265,3.304892,1.901189
620,0,5,2,0.980894,0.911251,0.904348,7.306172,6.607322
620,0,5,3,0.978558,0.940342,0.813679,2.632857,2.142299
620,0,5,4,0.995765,1.022831,1.026396,9.872825,10.133430
620,0,5,5,0.987816,1.000220,1.002629,7.939080,7.959954
620,0,5,6,0.997059,1.049964,1.053973,14.414381,15.192373
620,0,5,7,0.944390,1.097158,1.392700,2.350432,3.273446
620,0,5,8,0.963785,1.083164,1.223732,3.216156,3.935714
620,0,5,9,0.974277,1.019518,1.067705,4.512898,4.818443
620,0,5,10,0.964245,0.805702,0.746026,6.006206,4.480783
620,0,5,11,0.961251,0.919897,0.939843,5.099911,4.793114
620,0,5,12,0.897527,0.845714,0.610617,1.190897,0.727182
620,0,5,13,0.989837,0.995548,0.975615,5.329845,5.199879
620,0,5,14,0.978325,0.934333,0.923618,6.298808,5.817691
620,0,5,15,0.886697,0.836133,0.682312,1.119654,0.763953
620,0,6,0,0.941489,0.967882,1.032168,2.610975,2.694965
620,0,6,1,0.970837,0.867628,0.829354,5.387829,4.468416
620,0,6,2,0.981697,0.913551,0.832154,5.256248,4.374009
620,0,6,3,0.913562,0.968622,1.079428,1.691049,1.825364
620,0,6,4,0.974411,1.113438,1.207521,4.499873,5.433691
620,0,6,5,0.932055,0.829462,0.668190,3.224255,2.154415
620,0,6,6,0.989915,0.944328,0.940576,11.503566,10.819975
620,0,6,7,0.987817,1.027759,1.039331,6.586683,6.845744
620,0,6,8,0.960918,0.852475,0.734502,5.251075,3.856923
620,0,6,9,0.994033,0.955287,0.947069,11.387070,10.784335
620,0,6,10,0.941573,0.984547,1.007578,1.673926,1.686611
620,0,6,11,0.943775,0.961724,1.013776,3.363706,3.410046
620,0,6,12,0.990451,0.953997,0.933373,10.732625,10.017540
620,0,6,13,0.899291,0.973714,2.157385,-0.324999,-0.701147
620,0,6,14,0.964348,0.949388,0.826445,2.272328,1.877954
620,0,6,15,0.979230,0.987082,0.998425,3.637006,3.631279
620,0,7,0,0.990769,1.029548,1.034983,9.371709,9.699564
620,0,7,1,0.971245,0.982030,0.988710,4.554131,4.502713
620,0,7,2,0.976244,0.986026,0.991227,3.315066,3.285982
620,0,7,3,0.979528,0.913319,0.915179,6.714468,6.144938
620,0,7,4,0.905941,0.743791,0.533310,3.477767,1.854726
620,0,7,5,0.901511,0.989973,1.163110,2.278780,2.650471
620,0,7,6,0.967949,0.942049,0.938674,7.510506,7.049914
620,0,7,7,0.970393,1.153754,1.284871,3.465458,4.452665
620,0,7,8,0.974714,1.018478,0.982319,6.455280,6.341142
620,0,7,9,0.992008,0.945166,0.938639,10.370997,9.734624
620,0,7,10,0.998375,1.012174,1.012746,25.806490,26.135410
620,0,7,11,0.992703,0.956113,0.942746,5.940221,5.600120
620,0,7,12,0.988643,0.981908,0.977463,10.440360,10.205069
620,0,7,13,0.965551,0.877078,0.853340,5.962342,5.087905
620,0,7,14,0.962682,0.820746,0.787005,3.658618,2.879350
620,0,7,15,0.856102,0.827402,-0.435781,0.644598,-0.280904
620,0,8,0,0.959586,1.092064,1.221797,3.074980,3.757000
620,0,8,1,0.968948,0.896362,0.827524,5.146724,4.259037
620,0,8,2,0.906019,0.788338,0.637750,2.792879,1.781158
620,0,8,3,0.969196,0.881278,0.827754,4.934015,4.084152
620,0,8,4,0.985513,1.000454,0.981360,9.556008,9.377889
620,0,8,5,0.965294,1.011108,1.088077,-1.900433,-2.067818
620,0,8,6,0.965785,1.053248,1.122960,3.450030,3.874247
620,0,8,7,0.989827,1.075969,1.143888,6.770528,7.744724
620,0,8,8,0.988478,0.995146,0.972896,5.388487,5.242440
620,0,8,9,0.981339,0.988224,0.976632,4.886597,4.772409
620,0,8,10,0.986921,0.978578,0.974228,6.912650,6.734497
620,0,8,11,0.981801,1.035182,1.076317,5.038461,5.422982
620,0,8,12,0.961102,1.008981,1.015128,3.286168,3.335881
620,0,8,13,0.977797,0.976002,0.954213,5.979941,5.706139
620,0,8,14,0.968826,1.061187,1.081068,3.896006,4.211849
620,0,8,15,0.823134,0.849377,1.077366,0.744906,0.802536
620,0,9,0,0.964770,0.957051,0.953835,3.185017,3.037980
620,0,9,1,0.848083,0.774752,0.092526,1.630930,0.150903
620,0,9,2,0.952533,0.882788,0.762009,2.664648,2.030487
620,0,9,3,0.981892,1.032908,1.050991,4.845842,5.092936
620,0,9,4,0.963728,1.094187,1.168135,4.146755,4.843970
620,0,9,5,0.975382,1.081538,1.167643,5.330842,6.224522
620,0,9,6,0.991635,1.052260,1.086055,8.408728,9.132338
620,0,9,7,0.992964,0.953270,0.940934,5.875738,5.528680
620,0,9,8,0.855863,0.803211,-0.127287,0.591755,-0.075323
620,0,9,9,0.988525,1.006645,1.008451,6.371044,6.424885
620,0,9,10,0.974664,0.883602,0.863062,7.010469,6.050472
620,0,9,11,0.976472,0.827001,0.755434,5.258644,3.972559
620,0,9,12,0.920078,0.934835,1.023929,4.913265,5.030836
620,0,9,13,0.956539,0.887880,0.835096,2.940152,2.455309
620,0,9,14,0.984655,1.011828,1.024122,5.796638,5.936465
620,0,9,15,0.992075,0.961143,0.931678,9.330860,8.693354
620,0,10,0,0.936510,0.802633,0.603608,3.841314,2.318648
620,0,10,1,0.994386,0.991441,0.995061,17.609493,17.522516
620,0,10,2,0.970785,0.907129,0.839977,5.367101,4.508243
620,0,10,3,0.941721,0.775728,0.628675,3.236117,2.034467
620,0,10,4,0.995982,0.924588,0.922321,7.332167,6.762609
620,0,10,5,0.988499,1.008129,1.003971,8.588878,8.622982
620,0,10,6,0.981358,0.952400,0.940487,8.463421,7.959737
620,0,10,7,0.987251,0.849778,0.806801,6.955051,5.611342
620,0,10,8,0.983579,1.024788,1.038046,6.785243,7.043392
620,0,10,9,0.974347,0.987894,1.008021,6.310400,6.361016
620,0,10,10,0.976617,0.933828,0.954048,10.955205,10.451788
620,0,10,11,0.985788,0.974199,0.956653,7.488525,7.163917
620,0,10,12,0.946085,0.784053,0.652538,4.441882,2.898498
620,0,10,13,0.993368,1.031337,1.030818,10.695584,11.025196
620,0,10,14,0.952220,0.850812,0.761621,4.241918,3.230733
620,0,10,15,0.973568,1.030253,1.058079,4.366558,4.620164
620,0,11,0,0.995228,1.010237,1.013160,8.639266,8.752957
620,0,11,1,0.986588,1.057278,1.048967,9.100653,9.546284
620,0,11,2,0.972180,1.038575,1.087706,4.363389,4.746083
620,0,11,3,0.856478,0.975269,1.643482,-1.090902,-1.792878
620,0,11,4,0.949420,0.821457,0.684249,4.057293,2.776199
620,0,11,5,0.965398,1.120422,1.273017,3.901565,4.966759
620,0,11,6,0.886061,0.911484,1.061258,5.162802,5.479064
620,0,11,7,0.929988,0.887482,0.884467,3.663773,3.240488
620,0,11,8,0.961494,0.950978,0.926183,3.417246,3.164996
620,0,11,9,0.971323,0.918826,0.814729,3.337434,2.719105
620,0,11,10,0.890360,0.877791,0.648406,1.787788,1.159213
620,0,11,11,0.985213,0.846014,0.823784,6.293581,5.184554
620,0,11,12,0.894428,0.725381,0.459471,3.801357,1.746614
620,0,11,13,0.985758,1.054138,1.046961,9.608410,10.059626
620,0,11,14,0.964280,1.102243,1.235490,3.675052,4.540489
620,0,11,15,0.985500,1.034608,1.020539,8.966722,9.150888
620,0,12,0,0.984244,1.156146,1.194718,-2.711683,-3.239696
620,0,12,1,0.980550,1.061514,1.073613,7.482824,8.033659
620,0,12,2,0.929581,1.032589,1.721228,1.354578,2.331538
620,0,12,3,0.998164,1.084266,1.084955,-3.360829,-3.646348
620,0,12,4,0.953827,1.083013,1.363365,2.612706,3.562073
620,0,12,5,0.879487,0.996048,1.251467,2.195254,2.747288
620,0,12,6,0.909034,1.057558,2.189508,1.019525,2.232259
620,0,12,7,0.960001,0.917172,0.887148,4.916809,4.361937
620,0,12,8,0.938192,0.945606,1.001822,4.123499,4.131014
620,0,12,9,0.986153,1.141822,1.159741,7.221154,8.374665
620,0,12,10,0.969712,0.881947,0.797643,2.941448,2.346224
620,0,12,11,0.928897,1.025875,1.236881,3.062923,3.788470
620,0,12,12,0.966547,1.172400,1.344054,4.192983,5.635594
620,0,12,13,0.890918,0.895940,0.957530,2.370527,2.269851
620,0,12,14,0.947789,1.041404,1.116641,4.483390,5.006339
620,0,12,15,0.846549,0.935311,0.984412,2.472907,2.434360
620,0,13,0,0.930081,0.856440,0.845494,4.323862,3.655801
620,0,13,1,0.944716,1.003594,1.031248,4.087473,4.215197
620,0,13,2,0.923414,0.984540,1.490801,1.202208,1.792253
620,0,13,3,0.936363,0.991192,1.067009,3.372839,3.598851
620,0,13,4,0.982242,0.941086,0.946106,8.584970,8.122291
620,0,13,5,0.947110,0.714060,0.637052,3.734161,2.378855
620,0,13,6,0.984960,1.041204,1.039651,7.191631,7.476784
620,0,13,7,0.949414,0.913616,0.829744,1.980611,1.643400
620,0,13,8,0.891254,0.758487,0.483684,2.679658,1.296108
620,0,13,9,0.940535,1.034069,1.132303,3.534898,4.002576
620,0,13,10,0.932008,1.087324,1.285542,3.178501,4.086097
620,0,13,11,0.914845,0.880937,0.907391,5.015660,4.551165
620,0,13,12,0.948938,0.909934,0.946395,4.992019,4.724420
620,0,13,13,0.919598,0.943999,0.891669,-0.911225,-0.812511
620,0,13,14,0.937916,0.966319,1.003704,4.470773,4.487331
620,0,13,15,0.989401,1.203596,1.239847,-2.192720,-2.718638
620,0,14,0,0.875854,0.924942,0.985001,1.839737,1.812144
620,0,14,1,0.985648,0.915413,0.897285,9.663843,8.671220
620,0,14,2,0.954317,1.033692,1.086087,4.303597,4.674081
620,0,14,3,0.883989,0.980463,1.074349,1.467181,1.576265
620,0,14,4,0.963535,1.061303,1.125449,5.145576,5.791083
620,0,14,5,0.780865,0.718207,0.243493,1.403501,0.341743
620,0,14,6,0.885358,0.957547,1.045983,1.708543,1.787107
620,0,14,7,0.952757,0.709056,0.649416,5.823177,3.781666
620,0,14,8,0.916685,0.943688,0.960953,2.810102,2.700376
620,0,14,9,0.809902,0.947648,2.408660,0.723181,1.741897
620,0,14,10,0.768816,0.711366,-0.034919,0.940220,-0.032832
620,0,14,11,0.915200,1.067091,1.357053,2.703344,3.668580
620,0,14,12,0.935967,1.001958,1.087029,2.521383,2.740817
620,0,14,13,0.869567,0.996771,1.395616,1.562432,2.180556
620,0,14,14,0.948820,1.013952,1.075448,4.106699,4.416541
620,0,14,15,0.860460,1.053831,1.933301,1.309309,2.531288
620,0,15,0,0.979067,1.044261,1.071689,4.145516,4.442703
620,0,15,1,0.964937,0.979101,0.926714,2.747319,2.545979
620,0,15,2,0.973091,0.876404,0.814892,4.721191,3.847263
620,0,15,3,0.976297,0.986129,0.975686,3.529161,3.443353
620,0,15,4,0.997476,1.011563,1.012482,-3.432422,-3.475265
620,0,15,5,0.971503,1.020603,1.092888,3.675927,4.017378
620,0,15,6,0.647610,0.987533,4.240795,0.322137,1.366117
620,0,15,7,0.953855,0.928654,0.833593,3.047318,2.540224
620,0,15,8,0.960080,1.042850,1.095375,3.685771,4.037302
620,0,15,9,0.978011,0.982233,0.948131,3.778164,3.582194
620,0,15,10,0.965592,0.912930,0.841129,-2.179392,-1.833149
620,0,15,11,0.967643,0.917007,0.855504,3.850527,3.294142
620,0,15,12,0.989542,1.130652,1.101024,5.888001,6.482832
620,0,15,13,0.937869,0.910018,0.822004,2.398595,1.971654
620,0,15,14,0.956598,0.941421,0.950114,3.641757,3.460086
620,0,15,15,0.755819,0.692268,-0.030385,1.567575,-0.047630
701,0,0,0,0.831203,0.894122,-1.585493,-0.355803,0.564123
701,0,0,1,0.945207,0.856430,0.604891,-0.636148,-0.384800
701,0,0,2,0.965315,0.917310,0.174393,0.142617,0.024871
701,0,0,3,0.974645,0.954789,0.952953,-1.850123,-1.763081
701,0,0,4,0.907449,0.872485,0.879423,-0.596537,-0.524608
701,0,0,5,0.872162,0.776746,0.323976,1.325700,0.429496
701,0,0,6,0.948433,0.960338,0.672805,1.526961,1.027347
701,0,0,7,0.986384,1.071732,1.099851,-1.592008,-1.750972
701,0,0,8,0.959744,0.859448,0.803203,1.572491,1.263030
701,0,0,9,0.969858,1.077654,1.144333,-1.219200,-1.395170
701,0,0,10,0.982312,0.879596,0.896977,1.577452,1.414938
701,0,0,11,0.808749,0.912573,-8.566967,-0.112007,0.959561
701,0,0,12,0.810822,0.747538,0.080096,0.552962,0.044290
701,0,0,13,0.972785,1.038356,1.084685,-1.476613,-1.601659
701,0,0,14,0.920273,0.981197,1.599088,-0.408843,-0.653776
701,0,0,15,0.990647,1.007942,1.264885,-0.291005,-0.368088
701,0,1,0,0.979607,1.001309,1.102239,0.602580,0.664187
701,0,1,1,0.991968,0.989210,0.956912,2.609148,2.496725
701,0,1,2,0.947709,0.964886,1.370945,0.538609,0.738403
701,0,1,3,0.895197,1.088467,6.546966,0.197380,1.292239
701,0,1,4,0.980726,0.945056,1.061573,1.379984,1.464953
701,0,1,5,0.918235,1.188798,2.248400,0.929350,2.089551
701,0,1,6,0.986881,0.990353,0.954526,1.346034,1.284823
701,0,1,7,0.956507,0.985442,1.223563,0.887832,1.086319
701,0,1,8,0.921713,1.057242,3.249277,0.352073,1.143982
701,0,1,9,0.937669,0.922558,0.359647,-0.540658,-0.194446
701,0,1,10,0.955194,0.958423,0.803437,1.057835,0.849904
701,0,1,11,0.968405,0.965772,0.697758,1.616878,1.128190
701,0,1,12,0.960287,1.058623,1.465175,-0.568811,-0.833407
701,0,1,13,0.971562,0.882443,0.961741,0.833238,0.801359
701,0,1,14,0.469996,0.557196,-2.310358,-0.210554,0.486455
701,0,1,15,0.970181,1.175990,1.304701,2.787685,3.637094
701,0,2,0,0.964164,0.954858,0.893627,2.320342,2.073521
701,0,2,1,0.975307,0.982635,1.013276,1.778384,1.801994
701,0,2,2,0.961976,1.024694,2.422981,0.247906,0.600671
701,0,2,3,0.964552,1.042893,2.407292,0.257764,0.620513
701,0,2,4,0.953940,1.000905,1.772370,0.351528,0.623037
701,0,2,5,0.979086,0.986621,0.978822,2.958970,2.896305
701,0,2,6,0.956734,1.060886,1.157376,1.420081,1.643569
701,0,2,7,0.959581,1.021469,2.017692,0.334566,0.675051
701,0,2,8,0.928797,0.889499,2.056274,0.076026,0.156330
701,0,2,9,0.977713,0.872890,0.808098,4.092780,3.307366
701,0,2,10,0.919942,1.022881,2.697107,0.402518,1.085633
701,0,2,11,0.985254,1.014566,1.100841,1.501476,1.652885
701,0,2,12,0.962135,1.028969,2.333148,0.294342,0.686743
701,0,2,13,0.957252,0.954684,0.960062,0.867421,0.832779
701,0,2,14,0.939478,0.984022,1.142699,-0.711136,-0.812614
701,0,2,15,0.946428,1.039138,4.641949,0.148353,0.688648
701,0,3,0,0.942697,0.981551,1.025497,1.297991,1.331086
701,0,3,1,0.957841,0.940451,0.866261,2.343658,2.030220
701,0,3,2,0.932855,0.970250,0.631040,0.666552,0.420621
701,0,3,3,0.958610,0.961248,0.664354,1.252178,0.831889
701,0,3,4,0.927011,0.905127,0.768440,2.354446,1.809251
701,0,3,5,0.963735,1.108345,1.332139,1.290378,1.718963
701,0,3,6,0.967915,0.982069,0.925140,2.282803,2.111911
701,0,3,7,0.953883,0.989841,1.549244,0.687370,1.064904
701,0,3,8,0.992162,1.051238,1.067191,7.166070,7.647566
701,0,3,9,0.983540,1.061918,1.123863,2.304276,2.589690
701,0,3,10,0.890991,0.781667,0.512074,3.251246,1.664879
701,0,3,11,0.824651,1.015209,6.334784,0.282326,1.788472
701,0,3,12,0.980669,0.983728,0.928650,1.976420,1.835404
701,0,3,13,0.988395,1.059665,1.069130,6.019473,6.435601
701,0,3,14,0.935124,0.979164,0.859708,0.784434,0.674384
701,0,3,15,0.977108,0.977333,0.868300,2.423120,2.103995
701,0,4,0,0.965546,0.925056,0.881678,2.763439,2.436464
701,0,4,1,0.974931,1.075693,1.076234,1.752755,1.886375
701,0,4,2,0.957841,1.018881,1.274959,0.726766,0.926596
701,0,4,3,0.966808,1.032063,1.082935,2.424313,2.625373
701,0,4,4,0.988753,1.068600,1.090322,3.685475,4.018355
701,0,4,5,0.961254,1.130271,1.475695,1.752496,2.586149
701,0,4,6,0.952056,1.086033,1.720932,1.367705,2.353727
701,0,4,7,0.973029,0.955053,0.781082,1.813412,1.416422
701,0,4,8,0.889537,0.759600,-0.037693,-0.244052,0.009199
701,0,4,9,0.962093,1.009792,0.985870,0.679941,0.670333
701,0,4,10,0.989272,0.991015,0.983222,6.696925,6.584562
701,0,4,11,0.978690,0.929625,0.930186,4.356687,4.052531
701,0,4,12,0.957408,0.959519,0.880263,1.736699,1.528752
701,0,4,13,0.985526,1.045304,1.067499,4.006327,4.276749
701,0,4,14,0.972797,0.992433,0.828314,1.419333,1.175653
701,0,4,15,0.949681,1.088137,1.634406,1.179625,1.927987
701,0,5,0,0.992546,0.978062,0.980934,10.815066,10.608871
701,0,5,1,0.912144,0.766020,0.633709,3.452282,2.187743
701,0,5,2,0.980860,0.902777,0.891910,6.911740,6.164647
701,0,5,3,0.979932,0.943465,0.837069,2.803821,2.346991
701,0,5,4,0.997107,1.023615,1.027142,10.676041,10.965813
701,0,5,5,0.988799,0.994005,0.994412,8.066213,8.021138
701,0,5,6,0.996233,1.054005,1.059496,13.658124,14.470731
701,0,5,7,0.952490,1.125781,1.348147,2.977087,4.013552
701,0,5,8,0.953757,1.067551,1.264063,2.603582,3.291091
701,0,5,9,0.968815,1.009348,1.053445,4.076119,4.293969
701,0,5,10,0.965836,0.809432,0.753435,5.954723,4.486494
701,0,5,11,0.958676,0.905078,0.919807,4.696305,4.319694
701,0,5,12,0.914469,0.831369,0.684905,1.629719,1.116203
701,0,5,13,0.988878,0.991406,0.964760,5.333052,5.145113
701,0,5,14,0.980606,0.951810,0.950624,5.977469,5.682325
701,0,5,15,0.872182,0.838583,0.593482,0.753679,0.447295
701,0,6,0,0.940181,0.978050,1.079888,2.480983,2.679185
701,0,6,1,0.958435,0.854329,0.789512,4.528871,3.575596
701,0,6,2,0.980960,0.909091,0.827236,5.192422,4.295358
701,0,6,3,0.917694,0.983118,1.096569,1.800035,1.973864
701,0,6,4,0.977719,1.129331,1.220798,4.806344,5.867576
701,0,6,5,0.951589,0.859768,0.791114,3.987695,3.154722
701,0,6,6,0.989775,0.950027,0.946555,11.196914,10.598491
701,0,6,7,0.986027,1.031466,1.042287,6.808483,7.096391
701,0,6,8,0.962593,0.853245,0.740908,5.274810,3.908151
701,0,6,9,0.993128,0.963848,0.949005,10.853325,10.299865
701,0,6,10,0.941950,0.993687,1.023811,1.746351,1.787934
701,0,6,11,0.928383,0.968826,1.051657,2.887228,3.036374
701,0,6,12,0.992376,0.976450,0.958905,11.646312,11.167711
701,0,6,13,0.911473,0.961528,1.401781,-0.422598,-0.592389
701,0,6,14,0.961190,0.948976,0.859449,2.342500,2.013260
701,0,6,15,0.981474,0.972553,0.971982,4.405234,4.281806
701,0,7,0,0.992407,1.031735,1.037338,9.685693,10.047338
701,0,7,1,0.965913,0.982835,0.988699,4.233683,4.185836
701,0,7,2,0.976015,0.978334,0.986308,3.423043,3.376174
701,0,7,3,0.973702,0.887856,0.884739,6.129831,5.423303
701,0,7,4,0.897049,0.729506,0.504806,3.477894,1.755662
701,0,7,5,0.918110,1.017183,1.129195,2.817691,3.181723
701,0,7,6,0.964191,0.937346,0.937075,7.179545,6.727774
701,0,7,7,0.957241,1.146524,1.374209,2.668706,3.667360
701,0,7,8,0.972378,1.000048,0.960017,6.456352,6.198210
701,0,7,9,0.987790,0.956344,0.943315,9.418614,8.884718
701,0,7,10,0.997661,1.014822,1.015317,24.141657,24.511429
701,0,7,11,0.991364,0.957386,0.949837,5.798536,5.507662
701,0,7,12,0.985684,0.972071,0.964813,9.643986,9.304647
701,0,7,13,0.965717,0.871502,0.856267,6.027129,5.160833
701,0,7,14,0.946432,0.815121,0.716222,3.131269,2.242683
701,0,7,15,0.858005,0.835190,-0.460814,0.593102,-0.273310
701,0,8,0,0.962990,1.102437,1.211118,3.532073,4.277758
701,0,8,1,0.974740,0.936180,0.901368,5.270593,4.750742
701,0,8,2,0.913516,0.795759,0.688162,2.947248,2.028183
701,0,8,3,0.967587,0.889786,0.828547,4.660608,3.861532
701,0,8,4,0.982566,1.045017,1.021443,8.789107,8.977570
701,0,8,5,0.973274,1.023082,1.094249,-1.999493,-2.187943
701,0,8,6,0.970553,1.055720,1.102905,4.068062,4.486688
701,0,8,7,0.985558,1.098451,1.212369,5.700016,6.910523
701,0,8,8,0.987716,0.986611,0.956981,5.519577,5.282127
701,0,8,9,0.980729,0.982410,0.973249,5.032021,4.897407
701,0,8,10,0.979248,0.964973,0.956229,5.848892,5.592882
701,0,8,11,0.977634,1.056619,1.124524,4.800613,5.398405
701,0,8,12,0.953265,1.012665,1.013968,3.175437,3.219793
701,0,8,13,0.982198,0.975252,0.961222,6.672653,6.413899
701,0,8,14,0.970602,1.096512,1.157139,4.287607,4.961358
701,0,8,15,0.824032,0.854706,1.197704,0.729861,0.874157
701,0,9,0,0.963793,0.965153,0.994257,3.059370,3.041800
701,0,9,1,0.856227,0.788943,0.077273,1.455573,0.112476
701,0,9,2,0.950396,0.876390,0.753284,2.706996,2.039136
701,0,9,3,0.983193,1.035246,1.045963,5.446835,5.697185
701,0,9,4,0.972543,1.071450,1.109194,5.178142,5.743566
701,0,9,5,0.974099,1.068089,1.141464,5.396020,6.159362
701,0,9,6,0.989494,1.076246,1.135951,7.998948,9.086414
701,0,9,7,0.992628,0.960912,0.948308,5.865681,5.562469
701,0,9,8,0.854959,0.778990,0.192050,0.817224,0.156948
701,0,9,9,0.989791,1.014924,1.021074,7.067576,7.216520
701,0,9,10,0.973974,0.878282,0.859879,7.126301,6.127759
701,0,9,11,0.972464,0.820092,0.729229,4.918515,3.586722
701,0,9,12,0.890274,0.936232,1.071082,3.876875,4.152452
701,0,9,13,0.956427,0.873197,0.813215,3.041062,2.473038
701,0,9,14,0.980184,1.027293,1.049881,4.894567,5.138712
701,0,9,15,0.992256,0.975152,0.946358,9.050475,8.564990
701,0,10,0,0.947744,0.817911,0.655178,3.937179,2.579553
701,0,10,1,0.992156,0.961027,0.964511,17.002535,16.399137
701,0,10,2,0.967107,0.907504,0.836367,5.145235,4.303304
701,0,10,3,0.920044,0.804277,0.533345,2.571557,1.371528
701,0,10,4,0.995246,0.908809,0.904982,7.167675,6.486618
701,0,10,5,0.984404,1.020445,1.018622,7.878964,8.025690
701,0,10,6,0.973995,0.952845,0.938010,7.556093,7.087691
701,0,10,7,0.987824,0.855113,0.812056,6.687129,5.430326
701,0,10,8,0.980141,1.029385,1.047524,6.443117,6.749321
701,0,10,9,0.973071,0.971116,0.994248,6.285003,6.248849
701,0,10,10,0.977623,0.944037,0.964383,10.588134,10.211012
701,0,10,11,0.988119,0.981883,0.968713,7.793478,7.549641
701,0,10,12,0.952737,0.790591,0.681489,4.532419,3.088795
701,0,10,13,0.991273,1.043604,1.047401,9.701475,10.161335
701,0,10,14,0.951951,0.870718,0.796365,4.020649,3.201904
701,0,10,15,0.977640,1.034672,1.052918,4.863377,5.120737
701,0,11,0,0.993230,1.003529,1.008437,7.473829,7.536888
701,0,11,1,0.980318,1.096206,1.096221,7.567381,8.295525
701,0,11,2,0.978601,1.036692,1.060452,5.130437,5.440581
701,0,11,3,0.876809,0.971734,1.640127,-0.985776,-1.616798
701,0,11,4,0.947964,0.809336,0.676651,4.185237,2.831943
701,0,11,5,0.963762,1.107612,1.243649,3.933268,4.891604
701,0,11,6,0.858789,0.870482,1.037222,4.363264,4.525672
701,0,11,7,0.929742,0.894125,0.892276,3.870059,3.453161
701,0,11,8,0.965748,0.948098,0.925320,3.619746,3.349422
701,0,11,9,0.962563,0.930644,0.762407,2.695511,2.055076
701,0,11,10,0.893547,0.871530,0.666499,1.940101,1.293075
701,0,11,11,0.985380,0.848378,0.822223,6.097235,5.013287
701,0,11,12,0.915633,0.741980,0.539928,4.109801,2.218998
701,0,11,13,0.981074,1.088178,1.081474,8.138834,8.801940
701,0,11,14,0.968712,1.097599,1.187437,4.252347,5.049396
701,0,11,15,0.980531,1.064107,1.039481,7.588314,7.887904
701,0,12,0,0.984562,1.132215,1.169146,-2.735065,-3.197691
701,0,12,1,0.971996,1.068704,1.086812,6.280061,6.825248
701,0,12,2,0.926726,1.023170,1.922608,1.054502,2.027394
701,0,12,3,0.998369,1.083670,1.083666,-3.459732,-3.749195
701,0,12,4,0.956168,1.079318,1.338430,2.885489,3.862027
701,0,12,5,0.884588,0.996247,1.186679,2.384849,2.830051
701,0,12,6,0.901324,1.007692,3.556016,0.414493,1.473944
701,0,12,7,0.957215,0.931532,0.916634,4.814667,4.413288
701,0,12,8,0.922986,0.929592,0.977488,3.523848,3.444517
701,0,12,9,0.978238,1.143724,1.175983,5.876699,6.910898
701,0,12,10,0.965272,0.887615,0.765281,2.522922,1.930745
701,0,12,11,0.939917,1.036137,1.197443,3.497766,4.188375
701,0,12,12,0.961611,1.171059,1.385819,3.791627,5.254509
701,0,12,13,0.899594,0.911364,0.955865,2.085853,1.993793
701,0,12,14,0.947037,1.034605,1.104143,4.476574,4.942779
701,0,12,15,0.843384,0.927540,1.036465,2.442727,2.531800
701,0,13,0,0.935822,0.863404,0.860377,4.487049,3.860556
701,0,13,1,0.946860,0.991710,1.007722,4.213964,4.246507
701,0,13,2,0.927487,1.008765,1.391983,1.582010,2.202132
701,0,13,3,0.950214,0.990211,1.045269,3.935547,4.113707
701,0,13,4,0.975764,0.923379,0.924071,7.738865,7.151259
701,0,13,5,0.926824,0.718898,0.584916,3.161039,1.848942
701,0,13,6,0.980302,1.053942,1.054154,6.485763,6.836990
701,0,13,7,0.938355,0.916943,0.765880,1.626400,1.245628
701,0,13,8,0.897440,0.771429,0.542293,2.595401,1.407469
701,0,13,9,0.925386,1.004319,1.114003,3.106587,3.460748
701,0,13,10,0.912826,1.053738,1.332604,2.546391,3.393331
701,0,13,11,0.911779,0.873633,0.893735,4.958956,4.431994
701,0,13,12,0.936193,0.892232,0.919569,4.366853,4.015621
701,0,13,13,0.916532,0.939214,0.908377,-0.814770,-0.740118
701,0,13,14,0.948434,0.971620,1.003669,4.965523,4.983742
701,0,13,15,0.989743,1.194775,1.234962,-2.259371,-2.790237
701,0,14,0,0.885282,0.941704,1.018533,1.958869,1.995173
701,0,14,1,0.985363,0.920440,0.900820,9.747553,8.780793
701,0,14,2,0.958420,1.044249,1.089428,4.609202,5.021395
701,0,14,3,0.890162,0.975123,1.031428,1.498727,1.545828
701,0,14,4,0.954490,1.014465,1.063739,4.654838,4.951533
701,0,14,5,0.797419,0.720444,0.345640,1.525086,0.527131
701,0,14,6,0.870186,0.915902,0.846579,1.450446,1.227917
701,0,14,7,0.951848,0.712999,0.653650,5.771187,3.772336
701,0,14,8,0.929100,0.949016,0.968247,3.130753,3.031343
701,0,14,9,0.819876,0.962075,2.241609,0.819367,1.836699
701,0,14,10,0.779499,0.718627,0.088635,0.973769,0.086310
701,0,14,11,0.912510,1.031906,1.296412,2.628903,3.408143
701,0,14,12,0.925926,0.959810,0.956386,2.221147,2.124275
701,0,14,13,0.871818,0.986852,1.412059,1.388899,1.961207
701,0,14,14,0.947170,0.998520,1.047620,4.157743,4.355737
701,0,14,15,0.872396,1.075690,1.810736,1.503498,2.722438
701,0,15,0,0.982224,1.051540,1.085590,4.385365,4.760707
701,0,15,1,0.968297,0.982494,0.943427,2.791710,2.633775
701,0,15,2,0.975875,0.886918,0.833524,4.827204,4.023589
701,0,15,3,0.973782,0.983377,0.973694,3.422557,3.332523
701,0,15,4,0.997337,1.017306,1.019026,-3.436200,-3.501576
701,0,15,5,0.965325,0.992774,1.049047,3.267446,3.427702
701,0,15,6,0.640951,0.870515,7.799303,0.136115,1.061605
701,0,15,7,0.945884,0.915312,0.777156,2.778089,2.159010
701,0,15,8,0.951258,1.005996,1.044419,3.328975,3.476844
701,0,15,9,0.976780,0.971350,0.918136,3.700164,3.397252
701,0,15,10,0.967215,0.913396,0.849929,-2.211128,-1.879303
701,0,15,11,0.969165,0.906840,0.850806,4.143693,3.525481
701,0,15,12,0.988643,1.116735,1.079884,5.825619,6.290993
701,0,15,13,0.935959,0.904386,0.832258,2.472522,2.057776
701,0,15,14,0.963631,0.966909,0.980109,3.826742,3.750625
701,0,15,15,0.749422,0.671795,0.040259,1.686956,0.067916
933,0,0,0,0.829964,0.909811,-3.896272,-0.190454,0.742060
933,0,0,1,0.951085,0.832698,0.679674,-0.726793,-0.493982
933,0,0,2,0.962094,0.845079,0.800486,0.851625,0.681714
933,0,0,3,0.947245,1.064645,1.311806,-1.059881,-1.390357
933,0,0,4,0.876332,0.880210,1.417747,-0.519120,-0.735981
933,0,0,5,0.822413,0.675591,0.265650,1.406970,0.373761
933,0,0,6,0.945474,0.959526,0.586158,1.379931,0.808858
933,0,0,7,0.987690,1.023642,1.047361,-1.891494,-1.981078
933,0,0,8,0.950291,0.786947,0.752855,1.811243,1.363604
933,0,0,9,0.840095,0.791658,0.139353,0.542160,0.075552
933,0,0,10,0.940566,0.940976,1.013657,-0.145330,-0.147315
933,0,0,11,0.805806,0.925505,-24.389295,-0.044401,1.082901
933,0,0,12,0.842307,0.728963,0.473695,0.890725,0.421932
933,0,0,13,0.982168,1.017866,1.024702,-2.009942,-2.059591
933,0,0,14,0.973979,0.841154,0.848285,1.725727,1.463909
933,0,0,15,0.990590,1.012610,1.208867,-0.410873,-0.496691
933,0,1,0,0.980127,1.019202,1.104532,0.733254,0.809902
933,0,1,1,0.980420,0.892781,0.861763,2.116187,1.823652
933,0,1,2,0.979199,0.976757,1.002478,1.913818,1.918560
933,0,1,3,0.897299,1.096793,4.061240,0.359027,1.458094
933,0,1,4,0.962887,0.907566,0.590038,-0.160887,-0.094929
933,0,1,5,0.922594,1.200161,2.086507,1.078620,2.250548
933,0,1,6,0.981715,0.937602,0.918766,1.730284,1.589726
933,0,1,7,0.953892,0.985954,1.333989,0.806598,1.075992
933,0,1,8,0.925803,1.048108,3.327086,0.319970,1.064569
933,0,1,9,0.943357,0.955466,0.766899,-0.503814,-0.386374
933,0,1,10,0.945545,0.958973,0.605408,0.905372,0.548119
933,0,1,11,0.963821,0.959985,0.640548,1.588875,1.017750
933,0,1,12,0.943792,1.087603,1.803010,-0.467446,-0.842809
933,0,1,13,0.936338,0.829919,0.730311,1.339937,0.978570
933,0,1,14,0.627094,0.462454,0.054002,-0.668930,-0.036124
933,0,1,15,0.975033,1.136460,1.182293,3.395593,4.014585
933,0,2,0,0.962076,0.951714,0.869142,2.389566,2.076873
933,0,2,1,0.969027,0.964250,0.983152,2.465523,2.423985
933,0,2,2,0.963006,1.028410,2.084973,0.308823,0.643888
933,0,2,3,0.966115,1.046987,1.902842,0.365868,0.696189
933,0,2,4,0.928319,1.091526,1.636475,0.505152,0.826669
933,0,2,5,0.986603,0.995149,0.991847,4.112681,4.079149
933,0,2,6,0.954294,1.056814,1.115510,1.421729,1.585954
933,0,2,7,0.961579,1.021601,1.709041,0.403912,0.690302
933,0,2,8,0.926071,0.959624,1.821669,0.198004,0.360698
933,0,2,9,0.981332,0.881345,0.833256,4.497062,3.747201
933,0,2,10,0.919834,1.023252,2.743093,0.390328,1.070706
933,0,2,11,0.991253,1.041359,1.058850,3.248966,3.440168
933,0,2,12,0.961495,1.035685,2.126421,0.359068,0.763530
933,0,2,13,0.920736,0.962693,0.762459,0.547199,0.417217
933,0,2,14,0.940245,0.982671,1.107551,-0.689742,-0.763925
933,0,2,15,0.947456,1.051037,3.014751,0.275394,0.830244
933,0,3,0,0.947107,0.991753,1.036427,1.673046,1.733989
933,0,3,1,0.952462,0.935084,0.819925,2.206088,1.808826
933,0,3,2,0.932152,0.951897,0.619699,0.958240,0.593821
933,0,3,3,0.958029,0.966567,0.693033,1.317888,0.913340
933,0,3,4,0.921067,0.893758,0.737434,2.492126,1.837780
933,0,3,5,0.988247,1.111541,1.150317,2.443906,2.811267
933,0,3,6,0.959553,0.980562,0.862134,2.020278,1.741751
933,0,3,7,0.957939,0.989784,1.385818,0.832215,1.153299
933,0,3,8,0.990556,1.032514,1.043938,7.282397,7.602368
933,0,3,9,0.981836,1.109092,1.165293,2.423598,2.824203
933,0,3,10,0.906593,0.804793,0.576212,3.411246,1.965602
933,0,3,11,0.844714,1.047541,4.207899,0.443316,1.865429
933,0,3,12,0.980992,0.964886,0.958978,2.827142,2.711167
933,0,3,13,0.987116,1.128692,1.148881,6.414854,7.369905
933,0,3,14,0.938278,0.979818,0.914577,1.116067,1.020729
933,0,3,15,0.971519,0.968242,0.827351,2.294616,1.898453
933,0,4,0,0.964024,0.943755,0.932825,2.623054,2.446851
933,0,4,1,0.980914,1.104009,1.129736,2.444869,2.762056
933,0,4,2,0.954499,1.011783,1.420227,0.609012,0.864936
933,0,4,3,0.968839,1.065704,1.146701,2.561690,2.937493
933,0,4,4,0.987805,1.067240,1.086974,3.926108,4.267578
933,0,4,5,0.959891,1.139459,1.502538,1.819836,2.734373
933,0,4,6,0.955959,1.115706,1.671914,1.522210,2.545004
933,0,4,7,0.973651,0.955617,0.788635,1.850322,1.459228
933,0,4,8,0.861881,0.689199,0.148311,-0.365140,-0.054154
933,0,4,9,0.961781,1.016242,1.035730,0.687416,0.711978
933,0,4,10,0.990370,1.017359,1.023648,7.392405,7.567222
933,0,4,11,0.983540,0.936984,0.939175,5.093560,4.783741
933,0,4,12,0.953809,0.958536,0.891710,1.615706,1.440740
933,0,4,13,0.954398,1.161902,1.287062,2.540639,3.269958
933,0,4,14,0.974986,0.995890,0.855116,1.437628,1.229338
933,0,4,15,0.948867,1.103856,1.597816,1.350312,2.157550
933,0,5,0,0.992966,1.000247,1.005561,11.193224,11.255469
933,0,5,1,0.922224,0.750743,0.656103,3.778666,2.479193
933,0,5,2,0.986541,0.936589,0.943102,8.110458,7.648993
933,0,5,3,0.981628,0.941518,0.848907,2.828588,2.401207
933,0,5,4,0.997134,1.028895,1.031785,11.557790,11.925156
933,0,5,5,0.985084,1.025069,1.029468,7.565233,7.788166
933,0,5,6,0.996210,1.062346,1.069316,14.388660,15.386027
933,0,5,7,0.945690,1.085677,1.309787,2.549305,3.339048
933,0,5,8,0.968114,1.077881,1.181537,3.539145,4.181632
933,0,5,9,0.971880,1.030869,1.083090,4.173793,4.520595
933,0,5,10,0.960611,0.804383,0.742510,5.951983,4.419407
933,0,5,11,0.956912,0.953412,0.991504,5.150716,5.106958
933,0,5,12,0.914110,0.849486,0.787527,1.695058,1.334904
933,0,5,13,0.990490,0.999234,0.987907,5.689624,5.620821
933,0,5,14,0.982308,0.943434,0.955056,6.593666,6.297319
933,0,5,15,0.913962,0.811115,0.799014,2.016595,1.611288
933,0,6,0,0.953880,0.972880,1.029100,3.276829,3.372184
933,0,6,1,0.973714,0.870220,0.840385,5.793039,4.868382
933,0,6,2,0.980252,0.912391,0.831092,5.282941,4.390610
933,0,6,3,0.935257,0.980925,1.074199,2.652290,2.849089
933,0,6,4,0.978094,1.129507,1.210027,4.915567,5.947971
933,0,6,5,0.954201,0.842408,0.754136,4.050889,3.054922
933,0,6,6,0.992474,0.950743,0.954045,12.902243,12.309316
933,0,6,7,0.989256,1.006356,1.012367,7.376789,7.468014
933,0,6,8,0.960004,0.841805,0.729215,5.443720,3.969644
933,0,6,9,0.994256,0.960710,0.955224,11.995765,11.458639
933,0,6,10,0.952811,0.993820,1.019019,2.511652,2.559420
933,0,6,11,0.947243,0.967446,1.029355,3.427101,3.527703
933,0,6,12,0.993465,0.958984,0.945959,12.314118,11.648647
933,0,6,13,0.900554,0.972018,2.052022,-0.314837,-0.646052
933,0,6,14,0.960560,0.913144,0.763564,2.740894,2.092849
933,0,6,15,0.981877,0.982858,0.982950,4.523886,4.446755
933,0,7,0,0.991829,1.046997,1.051988,10.016086,10.536799
933,0,7,1,0.979976,0.983302,0.982020,5.557449,5.457528
933,0,7,2,0.972880,0.990405,1.026798,3.222303,3.308655
933,0,7,3,0.973087,0.881885,0.895635,6.814219,6.103050
933,0,7,4,0.928816,0.732008,0.598059,4.416101,2.641089
933,0,7,5,0.932675,1.026095,1.123025,3.314824,3.722628
933,0,7,6,0.967737,0.943907,0.967908,7.733055,7.484882
933,0,7,7,0.969217,1.162722,1.304420,3.595309,4.689794
933,0,7,8,0.975514,1.031518,1.003287,6.360233,6.381138
933,0,7,9,0.991574,0.959837,0.961089,10.959661,10.533207
933,0,7,10,0.997993,1.016275,1.018390,25.363621,25.830051
933,0,7,11,0.991207,0.945503,0.927955,5.562302,5.161564
933,0,7,12,0.989143,0.994760,1.001206,10.487786,10.500434
933,0,7,13,0.973019,0.881563,0.863881,6.326946,5.465726
933,0,7,14,0.974174,0.806398,0.814110,4.300031,3.500699
933,0,7,15,0.835896,0.784310,-0.037541,1.140579,-0.042818
933,0,8,0,0.964916,1.099141,1.207608,3.598031,4.345012
933,0,8,1,0.971426,0.902767,0.844485,5.239599,4.424765
933,0,8,2,0.931039,0.819557,0.765133,3.247061,2.484433
933,0,8,3,0.972912,0.876749,0.826368,5.502540,4.547121
933,0,8,4,0.986034,1.008279,1.002466,11.000959,11.028091
933,0,8,5,0.960942,1.060573,1.139854,-1.884384,-2.147922
933,0,8,6,0.975502,1.080110,1.136290,4.223874,4.799544
933,0,8,7,0.987080,1.088665,1.182417,6.393919,7.560278
933,0,8,8,0.987244,0.994392,0.969283,5.180875,5.021736
933,0,8,9,0.982689,0.984589,0.977071,5.425339,5.300942
933,0,8,10,0.986098,0.949136,0.936555,7.239488,6.780180
933,0,8,11,0.979054,1.039178,1.103455,4.697853,5.183867
933,0,8,12,0.970632,1.005985,1.003306,3.920171,3.933130
933,0,8,13,0.985477,0.981454,0.977446,7.069483,6.910038
933,0,8,14,0.975397,1.068555,1.091015,4.509064,4.919456
933,0,8,15,0.837206,0.844127,0.997185,1.135937,1.132739
933,0,9,0,0.959448,0.932134,0.870071,3.385991,2.946052
933,0,9,1,0.864578,0.763876,0.285455,1.924438,0.549340
933,0,9,2,0.939668,0.867732,0.714886,2.527461,1.806847
933,0,9,3,0.985956,1.049141,1.065778,5.697021,6.071763
933,0,9,4,0.978254,1.119111,1.153786,5.825233,6.721071
933,0,9,5,0.976796,1.077008,1.136938,5.469559,6.218551
933,0,9,6,0.990616,1.055270,1.093071,8.186696,8.948638
933,0,9,7,0.987602,0.918170,0.894321,5.066695,4.531252
933,0,9,8,0.863379,0.784372,0.297008,0.796739,0.236638
933,0,9,9,0.990115,1.003755,0.997722,7.048854,7.032794
933,0,9,10,0.977365,0.882168,0.874299,7.718244,6.748053
933,0,9,11,0.981081,0.824543,0.776099,6.270218,4.866313
933,0,9,12,0.888088,0.916774,1.082787,4.600141,4.980971
933,0,9,13,0.943903,0.875371,0.795303,2.688257,2.137979
933,0,9,14,0.983982,1.030845,1.046840,5.731138,5.999585
933,0,9,15,0.993582,0.981848,0.963516,10.085045,9.717107
933,0,10,0,0.939306,0.800304,0.609017,3.985078,2.426982
933,0,10,1,0.994623,0.988239,0.992359,17.924177,17.787220
933,0,10,2,0.963077,0.887055,0.802955,5.011235,4.023798
933,0,10,3,0.969017,0.773059,0.721526,4.191401,3.024204
933,0,10,4,0.995864,0.928243,0.927125,7.421529,6.880683
933,0,10,5,0.989948,1.028849,1.031221,9.691844,9.994430
933,0,10,6,0.985573,0.967827,0.973433,9.715184,9.457082
933,0,10,7,0.990455,0.864462,0.835980,7.797181,6.518287
933,0,10,8,0.983708,1.025882,1.033625,6.809655,7.038630
933,0,10,9,0.975946,1.018710,1.049644,6.838976,7.178491
933,0,10,10,0.982455,0.941155,0.959584,11.813579,11.336118
933,0,10,11,0.988967,0.979374,0.963920,8.378994,8.076684
933,0,10,12,0.948852,0.780524,0.665548,4.623451,3.077126
933,0,10,13,0.992787,1.041719,1.044709,10.822746,11.306617
933,0,10,14,0.948939,0.864533,0.777442,3.914826,3.043551
933,0,10,15,0.977513,1.033283,1.052364,4.751229,5.000022
933,0,11,0,0.996275,1.021833,1.026653,9.096516,9.338965
933,0,11,1,0.988738,1.092139,1.096340,10.447335,11.453834
933,0,11,2,0.979503,1.065114,1.106770,5.400285,5.976873
933,0,11,3,0.859661,0.996037,1.546821,-1.306927,-2.021582
933,0,11,4,0.948910,0.832386,0.702699,4.076093,2.864264
933,0,11,5,0.964140,1.111682,1.260094,3.854122,4.856556
933,0,11,6,0.859664,0.858574,1.050224,5.395288,5.666259
933,0,11,7,0.936185,0.885034,0.875026,3.990470,3.491764
933,0,11,8,0.968754,0.967945,0.966097,4.082890,3.944465
933,0,11,9,0.982137,0.921359,0.890051,4.370078,3.889594
933,0,11,10,0.903714,0.899157,0.727801,1.739900,1.266301
933,0,11,11,0.987408,0.856074,0.838592,6.426974,5.389609
933,0,11,12,0.919451,0.739123,0.547898,4.352941,2.384967
933,0,11,13,0.987442,1.113399,1.115389,10.160419,11.332818
933,0,11,14,0.968812,1.113711,1.219492,4.268815,5.205787
933,0,11,15,0.988287,1.064855,1.063128,10.412814,11.070155
933,0,12,0,0.985752,1.182931,1.222188,-2.746066,-3.356209
933,0,12,1,0.981159,1.083463,1.102146,8.037078,8.858029
933,0,12,2,0.927794,1.070021,1.793247,1.551957,2.783041
933,0,12,3,0.998339,1.092669,1.092282,-3.277525,-3.579982
933,0,12,4,0.955135,1.107748,1.408937,2.864194,4.035469
933,0,12,5,0.878878,1.006316,1.168915,2.479224,2.898003
933,0,12,6,0.906882,1.044621,2.400553,0.880310,2.113230
933,0,12,7,0.957955,0.913519,0.870955,4.751993,4.138772
933,0,12,8,0.937607,0.944877,0.986192,4.176239,4.118574
933,0,12,9,0.985648,1.161982,1.174583,7.730026,9.079554
933,0,12,10,0.978262,0.882413,0.850666,3.786598,3.221128
933,0,12,11,0.936916,1.044587,1.229130,3.434599,4.221568
933,0,12,12,0.963779,1.181300,1.367092,4.110525,5.619467
933,0,12,13,0.874996,0.847507,0.958989,2.837246,2.720888
933,0,12,14,0.949859,1.062041,1.149026,4.696313,5.396185
933,0,12,15,0.841205,0.895309,0.841009,2.584070,2.173225
933,0,13,0,0.933628,0.897168,0.900050,4.610321,4.149521
933,0,13,1,0.949573,1.025449,1.076725,4.176759,4.497220
933,0,13,2,0.921539,0.972891,1.533838,1.026690,1.574776
933,0,13,3,0.946304,1.024602,1.112863,3.891179,4.330349
933,0,13,4,0.980205,0.941678,0.950713,8.312424,7.902732
933,0,13,5,0.974867,0.731763,0.715482,4.407344,3.153373
933,0,13,6,0.981573,1.070830,1.070863,7.386903,7.910364
933,0,13,7,0.948518,0.955152,0.938216,1.719796,1.613540
933,0,13,8,0.875126,0.742102,0.396936,2.562925,1.017317
933,0,13,9,0.930512,1.049176,1.230940,3.092183,3.806291
933,0,13,10,0.920376,1.080263,1.340753,2.819293,3.779975
933,0,13,11,0.922039,0.917479,0.956054,5.261189,5.029982
933,0,13,12,0.946485,0.921044,0.966194,4.910183,4.744190
933,0,13,13,0.925556,0.953072,0.932852,-0.975645,-0.910133
933,0,13,14,0.949348,1.001891,1.055862,4.847317,5.118096
933,0,13,15,0.989614,1.230808,1.262298,-2.118940,-2.674734
933,0,14,0,0.881296,0.933288,0.983333,2.142729,2.107017
933,0,14,1,0.979926,0.868298,0.843461,9.426455,7.950845
933,0,14,2,0.957002,1.060740,1.134598,4.553001,5.165827
933,0,14,3,0.875629,0.975645,1.086311,1.416008,1.538225
933,0,14,4,0.965838,1.077638,1.154458,5.275807,6.090695
933,0,14,5,0.756158,0.729606,0.155940,1.309425,0.204192
933,0,14,6,0.879693,0.941709,0.990802,1.791428,1.774951
933,0,14,7,0.958916,0.716430,0.668264,6.047479,4.041310
933,0,14,8,0.917585,0.960281,1.013938,3.024894,3.067055
933,0,14,9,0.801504,0.944688,2.424359,0.742599,1.800327
933,0,14,10,0.729803,0.673757,-0.083847,1.044033,-0.087540
933,0,14,11,0.905422,1.049911,1.374524,2.594814,3.566634
933,0,14,12,0.928137,1.009403,1.135910,2.451465,2.784645
933,0,14,13,0.874488,0.981841,1.341118,1.487443,1.994836
933,0,14,14,0.955932,1.045838,1.121565,4.436893,4.976265
933,0,14,15,0.847500,1.088051,2.059993,1.386604,2.856394
933,0,15,0,0.980189,1.079351,1.132332,4.218825,4.777111
933,0,15,1,0.965941,0.994075,0.962675,2.771287,2.667849
933,0,15,2,0.971953,0.873948,0.812786,4.699577,3.819751
933,0,15,3,0.975135,0.999111,1.003752,3.401512,3.414276
933,0,15,4,0.996782,1.003819,1.005115,-3.316791,-3.333757
933,0,15,5,0.968335,1.016861,1.098890,3.567353,3.920130
933,0,15,6,0.490941,0.746272,6.893576,0.190420,1.312674
933,0,15,7,0.953807,0.921439,0.828040,3.035371,2.513409
933,0,15,8,0.955754,1.038025,1.107183,3.477410,3.850128
933,0,15,9,0.979289,0.986667,0.961341,3.839206,3.690785
933,0,15,10,0.960467,0.926444,0.854274,-2.112742,-1.804861
933,0,15,11,0.974336,0.938407,0.905449,4.144475,3.752612
933,0,15,12,0.991433,1.124985,1.104827,6.483364,7.162997
933,0,15,13,0.902437,0.826357,0.605771,2.432827,1.473735
933,0,15,14,0.929613,0.860082,0.811903,3.234370,2.625994
933,0,15,15,0.682871,0.646147,-0.170928,1.585066,-0.270932
72,0,0,0,0.841157,0.926656,-8.346668,-0.091158,0.760866
72,0,0,1,0.947079,0.835825,0.672029,-0.686903,-0.461619
72,0,0,2,0.951218,0.838924,0.758536,0.584924,0.443685
72,0,0,3,0.949500,1.094593,1.335991,-1.077763,-1.439882
72,0,0,4,0.867073,0.980437,2.219184,-0.320972,-0.712295
72,0,0,5,0.837638,0.636335,0.371437,1.817061,0.674923
72,0,0,6,0.944858,0.960626,0.586521,1.343220,0.787826
72,0,0,7,0.992914,1.006966,1.011569,-2.469962,-2.498537
72,0,0,8,0.965310,0.797208,0.778579,2.336844,1.819418
72,0,0,9,0.783707,0.747782,0.099808,0.529510,0.052849
72,0,0,10,0.947155,0.928414,0.617290,0.302148,0.186513
72,0,0,11,0.809801,0.930045,-261.570735,-0.004124,1.078754
72,0,0,12,0.925800,0.797727,0.762888,1.794639,1.369109
72,0,0,13,0.980747,1.094529,1.178314,-1.461257,-1.721820
72,0,0,14,0.987887,0.775053,0.774680,2.699278,2.091078
72,0,0,15,0.990509,1.015350,1.194293,-0.401132,-0.479069
72,0,1,0,0.979861,1.015594,1.131446,0.697747,0.789463
72,0,1,1,0.986519,0.941660,0.917475,2.445998,2.244141
72,0,1,2,0.965489,0.988409,1.117217,1.012501,1.131184
72,0,1,3,0.890564,1.085036,5.145050,0.265372,1.365353
72,0,1,4,0.969523,0.909142,1.316166,0.328923,0.432918
72,0,1,5,0.923905,1.197643,2.048919,1.079372,2.211545
72,0,1,6,0.993024,0.961666,0.958943,3.099334,2.972085
72,0,1,7,0.952660,0.980570,1.321429,0.726597,0.960146
72,0,1,8,0.927014,1.040268,3.626789,0.273905,0.993394
72,0,1,9,0.942011,0.953958,0.770643,-0.528217,-0.407067
72,0,1,10,0.948002,0.963556,0.636400,0.853657,0.543267
72,0,1,11,0.963347,0.961435,0.644642,1.605514,1.034982
72,0,1,12,0.956705,1.054578,1.507025,-0.538030,-0.810825
72,0,1,13,0.938337,0.826549,0.652490,1.181508,0.770922
72,0,1,14,0.828903,0.558995,0.419205,-1.006621,-0.421980
72,0,1,15,0.981647,1.178605,1.209008,4.052882,4.899966
72,0,2,0,0.959421,0.951568,0.862270,2.272626,1.959618
72,0,2,1,0.950539,0.942655,0.972411,1.660167,1.614364
72,0,2,2,0.960575,1.027236,2.537533,0.247721,0.628599
72,0,2,3,0.963071,1.042300,2.533117,0.236655,0.599476
72,0,2,4,0.905998,0.976387,3.378161,0.141367,0.477561
72,0,2,5,0.988385,1.014379,1.017146,4.498759,4.575895
72,0,2,6,0.952687,1.054770,1.118264,1.365826,1.527353
72,0,2,7,0.960530,1.021409,1.917366,0.342410,0.656526
72,0,2,8,0.955407,1.019387,1.191290,0.650459,0.774885
72,0,2,9,0.981552,0.883923,0.837826,4.485651,3.758197
72,0,2,10,0.911505,1.000357,4.134799,0.222920,0.921730
72,0,2,11,0.982097,1.080521,1.178698,2.011355,2.370780
72,0,2,12,0.960080,1.030159,2.480703,0.278992,0.692097
72,0,2,13,0.924749,0.992245,1.010337,0.521601,0.526993
72,0,2,14,0.941811,0.989644,1.084313,-0.923047,-1.000872
72,0,2,15,0.945977,1.043035,4.064961,0.181035,0.735899
72,0,3,0,0.936679,0.998746,1.194744,1.197221,1.430373
72,0,3,1,0.949071,0.932450,0.804556,2.086990,1.679101
72,0,3,2,0.933562,0.956861,0.716632,0.965770,0.692102
72,0,3,3,0.958273,0.966552,0.716634,1.342401,0.962009
72,0,3,4,0.915233,0.897510,0.727116,2.298946,1.671600
72,0,3,5,0.974104,1.079963,1.212676,1.699418,2.060844
72,0,3,6,0.959341,0.986831,0.888084,1.996364,1.772940
72,0,3,7,0.953619,0.981693,1.513720,0.622321,0.942020
72,0,3,8,0.993738,1.002843,1.008535,8.776010,8.850917
72,0,3,9,0.988769,1.054986,1.097735,3.057169,3.355961
72,0,3,10,0.903873,0.805941,0.572602,3.356491,1.921932
72,0,3,11,0.859821,1.103614,2.837364,0.770517,2.186237
72,0,3,12,0.985549,1.019904,1.024005,2.966464,3.037673
72,0,3,13,0.990208,1.092793,1.102115,7.707598,8.494656
72,0,3,14,0.937541,0.977159,0.911594,1.135846,1.035431
72,0,3,15,0.970468,0.966720,0.826041,2.302858,1.902254
72,0,4,0,0.958935,0.937603,0.911035,2.360107,2.150141
72,0,4,1,0.978762,1.115498,1.167796,2.097334,2.449259
72,0,4,2,0.952396,1.012882,1.438683,0.574297,0.826232
72,0,4,3,0.967340,1.067662,1.154355,2.635424,3.042214
72,0,4,4,0.989166,1.065902,1.086206,3.924696,4.263028
72,0,4,5,0.954829,1.131322,1.554695,1.652436,2.569035
72,0,4,6,0.955282,1.110896,1.671808,1.530406,2.558544
72,0,4,7,0.972090,0.958194,0.787817,1.827611,1.439823
72,0,4,8,0.865274,0.756134,4.657178,0.058234,0.271206
72,0,4,9,0.959023,1.016368,1.097521,0.610212,0.669720
72,0,4,10,0.992473,1.039009,1.047592,7.995908,8.376449
72,0,4,11,0.983912,0.940103,0.950083,5.188261,4.929278
72,0,4,12,0.951770,0.957662,0.881305,1.611724,1.420420
72,0,4,13,0.980335,1.089515,1.119817,4.080604,4.569529
72,0,4,14,0.973298,0.995240,0.845455,1.439716,1.217216
72,0,4,15,0.944113,1.098759,1.675584,1.227264,2.056384
72,0,5,0,0.992094,0.997941,1.002587,10.940272,10.968573
72,0,5,1,0.887916,0.728808,0.530771,3.144068,1.668779
72,0,5,2,0.985134,0.956289,0.966386,7.692736,7.434150
72,0,5,3,0.982478,0.944943,0.872680,3.053529,2.664753
72,0,5,4,0.995866,1.063771,1.072537,9.966239,10.689163
72,0,5,5,0.992273,1.028727,1.034822,9.150861,9.469513
72,0,5,6,0.996745,1.055119,1.059449,14.904981,15.791061
72,0,5,7,0.942193,1.103884,1.401937,2.335212,3.273821
72,0,5,8,0.961222,1.082906,1.244982,3.050692,3.798056
72,0,5,9,0.971364,1.051925,1.114061,4.231835,4.714524
72,0,5,10,0.960868,0.806438,0.745828,6.024362,4.493139
72,0,5,11,0.958641,0.944476,0.983725,5.222090,5.137100
72,0,5,12,0.906689,0.863094,0.778901,1.441101,1.122476
72,0,5,13,0.990415,0.997896,0.986695,5.784027,5.707068
72,0,5,14,0.981784,0.956148,0.968650,6.690116,6.480383
72,0,5,15,0.920078,0.857459,0.842975,1.760152,1.483763
72,0,6,0,0.945760,0.973355,1.051534,2.729772,2.870448
72,0,6,1,0.972267,0.882516,0.851580,5.271883,4.489429
72,0,6,2,0.982057,0.916688,0.840386,5.403506,4.541029
72,0,6,3,0.916238,0.973263,1.090231,1.914980,2.087772
72,0,6,4,0.974547,1.134602,1.233973,4.483612,5.532656
72,0,6,5,0.949450,0.868138,0.777288,3.594063,2.793620
72,0,6,6,0.992894,0.966974,0.973086,13.136006,12.782460
72,0,6,7,0.988466,1.020536,1.025014,7.295941,7.478439
72,0,6,8,0.959122,0.841478,0.728283,5.414837,3.943532
72,0,6,9,0.996170,0.984202,0.981940,13.657193,13.410546
72,0,6,10,0.946101,1.003797,1.078992,2.034415,2.195118
72,0,6,11,0.949863,0.953931,1.010170,3.434263,3.469188
72,0,6,12,0.994193,0.978455,0.973589,13.012937,12.669249
72,0,6,13,0.896039,0.972832,2.245485,-0.289295,-0.649609
72,0,6,14,0.958347,0.899294,0.749492,2.869190,2.150435
72,0,6,15,0.980912,1.009435,1.036918,4.166583,4.320405
72,0,7,0,0.988816,1.008324,1.011482,8.875090,8.976995
72,0,7,1,0.977107,0.994278,1.001172,5.382151,5.388457
72,0,7,2,0.973950,0.997254,1.036888,3.309632,3.431718
72,0,7,3,0.970111,0.894783,0.915921,6.478377,5.933683
72,0,7,4,0.940368,0.747483,0.639699,4.616858,2.953399
72,0,7,5,0.933670,1.028186,1.124031,3.367030,3.784647
72,0,7,6,0.976696,0.957971,0.979286,8.935084,8.750003
72,0,7,7,0.974824,1.163227,1.263431,3.903099,4.931294
72,0,7,8,0.977971,1.046699,1.026533,6.641796,6.818026
72,0,7,9,0.991156,0.954130,0.951793,10.785884,10.265925
72,0,7,10,0.998199,1.006359,1.007677,26.366816,26.569244
72,0,7,11,0.992134,0.939021,0.922520,5.943666,5.483152
72,0,7,12,0.989140,0.975871,0.983383,10.831147,10.651170
72,0,7,13,0.971889,0.890655,0.877325,6.138806,5.385726
72,0,7,14,0.976907,0.803316,0.816808,4.441488,3.627845
72,0,7,15,0.849569,0.783211,0.280299,1.429804,0.400772
72,0,8,0,0.961844,1.095802,1.216657,3.347048,4.072211
72,0,8,1,0.974212,0.920027,0.866012,5.087818,4.406113
72,0,8,2,0.912473,0.801125,0.717235,3.073103,2.204136
72,0,8,3,0.976145,0.891719,0.851983,5.765503,4.912109
72,0,8,4,0.988153,1.050348,1.055924,12.020708,12.692953
72,0,8,5,0.940033,1.017318,1.135657,-1.544435,-1.753948
72,0,8,6,0.971712,1.091822,1.174576,4.019886,4.721663
72,0,8,7,0.990250,1.088834,1.157542,7.005785,8.109493
72,0,8,8,0.987509,0.985029,0.951800,5.358450,5.100170
72,0,8,9,0.982729,1.003091,0.999929,5.178174,5.177807
72,0,8,10,0.980122,0.971959,0.952074,6.271323,5.970763
72,0,8,11,0.984168,1.033518,1.060281,5.591560,5.928627
72,0,8,12,0.967999,1.035592,1.057707,3.705992,3.919854
72,0,8,13,0.979589,0.971418,0.953523,6.463083,6.162697
72,0,8,14,0.973541,1.084114,1.117989,4.307363,4.815583
72,0,8,15,0.835597,0.857043,0.998876,1.026945,1.025790
72,0,9,0,0.958437,0.930811,0.887780,3.119659,2.769569
72,0,9,1,0.861934,0.752814,0.296873,2.118358,0.628884
72,0,9,2,0.941831,0.880288,0.736785,2.372302,1.747877
72,0,9,3,0.985181,1.030140,1.031759,5.688179,5.868829
72,0,9,4,0.979080,1.070333,1.094754,6.020054,6.590476
72,0,9,5,0.971316,1.072202,1.156230,5.223898,6.040029
72,0,9,6,0.990167,1.051743,1.084030,8.148319,8.833019
72,0,9,7,0.986751,0.914840,0.891128,5.103929,4.548251
72,0,9,8,0.853666,0.770121,0.408828,1.049252,0.428963
72,0,9,9,0.986932,0.994213,0.978606,6.255573,6.121743
72,0,9,10,0.976016,0.871776,0.853531,7.737735,6.604395
72,0,9,11,0.980021,0.822873,0.774089,6.108887,4.728820
72,0,9,12,0.862694,0.860272,1.048090,4.686656,4.912036
72,0,9,13,0.931483,0.861061,0.765119,2.545195,1.947377
72,0,9,14,0.985600,1.022275,1.028638,6.186749,6.363927
72,0,9,15,0.992839,0.987846,0.964525,9.988419,9.634082
72,0,10,0,0.930423,0.785437,0.584344,4.129151,2.412846
72,0,10,1,0.995230,0.960718,0.962771,18.876276,18.173531
72,0,10,2,0.963262,0.894079,0.813337,4.960816,4.034816
72,0,10,3,0.962225,0.737358,0.685250,4.278154,2.931603
72,0,10,4,0.994711,0.923322,0.923042,7.148503,6.598370
72,0,10,5,0.990197,1.041003,1.045891,10.827836,11.324733
72,0,10,6,0.986269,0.961950,0.970180,11.036337,10.707230
72,0,10,7,0.990017,0.872616,0.844652,7.698989,6.502970
72,0,10,8,0.984728,1.018753,1.025616,7.332503,7.520330
72,0,10,9,0.963560,0.946333,0.973893,6.298916,6.134468
72,0,10,10,0.982527,0.919214,0.934705,12.151541,11.358100
72,0,10,11,0.986525,0.975462,0.954537,8.049548,7.683594
72,0,10,12,0.948685,0.790121,0.674385,4.503315,3.036969
72,0,10,13,0.992491,1.021350,1.022551,11.369561,11.625957
72,0,10,14,0.954550,0.864091,0.786496,4.236214,3.331764
72,0,10,15,0.978794,1.024168,1.037267,5.129934,5.321113
72,0,11,0,0.995892,1.008434,1.013377,8.995841,9.116178
72,0,11,1,0.989192,1.134150,1.142150,11.471945,13.102680
72,0,11,2,0.978597,1.070691,1.114077,5.115236,5.698767
72,0,11,3,0.836056,0.951750,1.579991,-1.141267,-1.803192
72,0,11,4,0.954544,0.842595,0.740325,4.041703,2.992172
72,0,11,5,0.972517,1.132188,1.232042,4.562512,5.621206
72,0,11,6,0.845520,0.857576,1.053661,5.750057,6.058614
72,0,11,7,0.940639,0.889661,0.852122,4.208521,3.586172
72,0,11,8,0.969576,0.982883,0.985756,4.199633,4.139813
72,0,11,9,0.988155,0.909479,0.893979,4.944235,4.420043
72,0,11,10,0.928264,0.904021,0.773039,2.361523,1.825549
72,0,11,11,0.988033,0.840401,0.822818,6.933959,5.705387
72,0,11,12,0.901955,0.734988,0.485317,3.874723,1.880470
72,0,11,13,0.988285,1.131429,1.137980,12.086094,13.753736
72,0,11,14,0.976570,1.113075,1.174502,4.992034,5.863154
72,0,11,15,0.987823,1.084148,1.088589,11.235744,12.231110
72,0,12,0,0.985565,1.176679,1.214982,-2.680501,-3.256762
72,0,12,1,0.982650,1.085923,1.106653,9.513142,10.527747
72,0,12,2,0.915224,1.069562,1.945781,1.441706,2.805245
72,0,12,3,0.998548,1.086045,1.086335,-3.287762,-3.571613
72,0,12,4,0.952832,1.128046,1.442836,3.037606,4.382769
72,0,12,5,0.893022,1.032875,1.181382,2.690176,3.178125
72,0,12,6,0.909869,1.073623,2.098533,1.175914,2.467695
72,0,12,7,0.965697,0.970799,0.963237,5.005492,4.821474
72,0,12,8,0.936652,0.928465,0.922705,4.186314,3.862734
72,0,12,9,0.983396,1.174516,1.193616,8.120637,9.692920
72,0,12,10,0.985536,0.879660,0.862588,4.243812,3.660660
72,0,12,11,0.948390,1.041923,1.131835,3.928929,4.446900
72,0,12,12,0.969256,1.200549,1.362260,4.645784,6.328765
72,0,12,13,0.870018,0.880250,1.036255,3.066193,3.177357
72,0,12,14,0.954812,1.078177,1.140346,5.093933,5.808847
72,0,12,15,0.853805,0.924451,0.887488,2.828867,2.510586
72,0,13,0,0.938587,0.914216,0.919977,4.622175,4.252294
72,0,13,1,0.949475,1.041687,1.099406,4.182030,4.597750
72,0,13,2,0.918542,0.989715,1.631380,1.112969,1.815676
72,0,13,3,0.948552,1.032123,1.115163,4.022381,4.485612
72,0,13,4,0.977822,0.933968,0.950774,8.625439,8.200843
72,0,13,5,0.983335,0.742592,0.738778,4.876240,3.602461
72,0,13,6,0.982483,1.092453,1.094747,8.346583,9.137396
72,0,13,7,0.953833,0.972144,1.007300,1.957146,1.971434
72,0,13,8,0.894853,0.767157,0.477328,2.581766,1.232350
72,0,13,9,0.939798,1.057436,1.208430,3.399753,4.108363
72,0,13,10,0.930371,1.094808,1.312462,3.049666,4.002570
72,0,13,11,0.927999,0.901642,0.909248,5.508610,5.008696
72,0,13,12,0.948019,0.923964,0.968976,4.892870,4.741072
72,0,13,13,0.924386,0.955878,0.897022,-0.861937,-0.773177
72,0,13,14,0.953719,0.989770,1.025099,4.984480,5.109587
72,0,13,15,0.984084,1.286622,1.354140,-1.789042,-2.422614
72,0,14,0,0.887691,0.921437,0.941812,2.274725,2.142362
72,0,14,1,0.979737,0.870514,0.847324,9.507504,8.055939
72,0,14,2,0.962027,1.073694,1.143709,4.803313,5.493592
72,0,14,3,0.884794,0.978933,1.087300,1.612440,1.753206
72,0,14,4,0.968991,1.075377,1.142373,5.476356,6.256042
72,0,14,5,0.753431,0.727184,0.146742,1.358273,0.199316
72,0,14,6,0.896671,0.956115,1.005997,2.015268,2.027354
72,0,14,7,0.957110,0.713550,0.666068,5.983922,3.985701
72,0,14,8,0.924446,0.971469,1.028982,3.183647,3.275917
72,0,14,9,0.819828,0.978601,2.173227,0.953385,2.071923
72,0,14,10,0.717842,0.655875,-0.141115,1.057310,-0.149202
72,0,14,11,0.915023,1.090160,1.397603,2.882602,4.028734
72,0,14,12,0.930843,1.029018,1.187815,2.567273,3.049444
72,0,14,13,0.882124,0.983176,1.294494,1.664772,2.155037
72,0,14,14,0.958192,1.046094,1.113686,4.546503,5.063374
72,0,14,15,0.859055,1.104017,1.988842,1.518987,3.021024
72,0,15,0,0.980987,1.075812,1.128168,4.288424,4.838063
72,0,15,1,0.966339,0.990329,0.958798,2.806663,2.691023
72,0,15,2,0.974019,0.866223,0.810494,4.925980,3.992478
72,0,15,3,0.975501,0.990381,0.993495,3.423708,3.401435
72,0,15,4,0.996614,0.989451,0.990333,-3.248969,-3.217562
72,0,15,5,0.968235,1.006632,1.086294,3.521277,3.825143
72,0,15,6,0.617389,0.887861,4.082333,0.300904,1.228392
72,0,15,7,0.958838,0.925594,0.853498,3.213138,2.742407
72,0,15,8,0.960337,1.057567,1.130969,3.652883,4.131296
72,0,15,9,0.980818,0.993348,0.984764,4.036243,3.974746
72,0,15,10,0.953750,0.948236,0.888900,-1.932926,-1.718178
72,0,15,11,0.975282,0.934086,0.900030,4.219764,3.797912
72,0,15,12,0.990845,1.133934,1.114811,6.391330,7.125124
72,0,15,13,0.885194,0.782107,0.491962,2.500313,1.230060
72,0,15,14,0.911474,0.809818,0.731343,3.090315,2.260080
72,0,15,15,0.618784,0.599135,-0.315125,1.594900,-0.502593
291,0,0,0,0.833239,0.915407,-5.402253,-0.142784,0.771355
291,0,0,1,0.945016,0.856272,0.611166,-0.500258,-0.305741
291,0,0,2,0.956654,0.882448,0.003445,0.103290,0.000356
291,0,0,3,0.939966,1.065677,1.452201,-0.976041,-1.417407
291,0,0,4,0.798537,0.769588,-1.642037,0.171326,-0.281323
291,0,0,5,0.832330,0.697729,0.236882,1.327930,0.314563
291,0,0,6,0.945716,0.958571,0.615058,1.422616,0.874991
291,0,0,7,0.988950,1.016858,1.035679,-1.995944,-2.067157
291,0,0,8,0.949456,0.780697,0.741187,1.808064,1.340114
291,0,0,9,0.871223,1.022958,6.150951,-0.086451,-0.531755
291,0,0,10,0.947272,0.902505,0.824628,0.317432,0.261764
291,0,0,11,0.808733,0.938538,24.562809,0.047550,1.167959
291,0,0,12,0.923426,0.746608,0.685603,1.830536,1.255021
291,0,0,13,0.979287,1.023364,1.033217,-1.814198,-1.874460
291,0,0,14,0.959720,0.830905,0.801161,0.992612,0.795242
291,0,0,15,0.990568,1.015846,1.223560,-0.407373,-0.498445
291,0,1,0,0.980170,1.012162,1.079365,0.667938,0.720949
291,0,1,1,0.976675,0.937136,0.925320,1.308516,1.210797
291,0,1,2,0.967155,1.004521,1.142516,1.273988,1.455552
291,0,1,3,0.895744,1.097732,4.704361,0.296395,1.394348
291,0,1,4,0.933286,0.893353,1.273779,0.334999,0.426715
291,0,1,5,0.925363,1.201662,2.033861,1.115044,2.267843
291,0,1,6,0.985525,0.987302,1.008098,2.048962,2.065554
291,0,1,7,0.954506,0.982664,1.261240,0.781525,0.985691
291,0,1,8,0.925523,1.060655,2.841308,0.422393,1.200149
291,0,1,9,0.941589,0.950437,0.568793,-0.460785,-0.262091
291,0,1,10,0.950724,0.960891,0.726461,0.975006,0.708304
291,0,1,11,0.965382,0.962539,0.668256,1.649534,1.102311
291,0,1,12,0.945257,1.049551,1.844956,-0.376283,-0.694227
291,0,1,13,0.963118,0.873195,0.837776,1.453331,1.217566
291,0,1,14,0.672286,0.460255,0.155757,-0.817068,-0.127264
291,0,1,15,0.958603,1.193385,1.330343,2.836452,3.773454
291,0,2,0,0.961647,0.951109,0.874368,2.403311,2.101378
291,0,2,1,0.944116,0.963073,0.985952,1.013905,0.999661
291,0,2,2,0.961281,1.030964,2.351065,0.278970,0.655877
291,0,2,3,0.965365,1.046847,2.111403,0.300577,0.634640
291,0,2,4,0.947366,1.073208,1.391158,0.620418,0.863100
291,0,2,5,0.983301,0.994924,0.982976,3.962871,3.895408
291,0,2,6,0.954374,1.061775,1.140850,1.405042,1.602942
291,0,2,7,0.960815,1.022085,1.800386,0.372870,0.671311
291,0,2,8,0.957070,1.025024,1.208307,0.723133,0.873766
291,0,2,9,0.981906,0.887005,0.842692,4.452352,3.751960
291,0,2,10,0.918512,1.017505,3.162924,0.305592,0.966566
291,0,2,11,0.981025,1.073596,1.169530,1.917001,2.241989
291,0,2,12,0.961416,1.033291,2.236363,0.336621,0.752807
291,0,2,13,0.932412,0.916130,0.795087,0.948335,0.754009
291,0,2,14,0.935811,0.972518,1.119307,-0.613535,-0.686734
291,0,2,15,0.948931,1.051036,3.414196,0.218944,0.747518
291,0,3,0,0.934784,0.985549,1.085213,1.190245,1.291669
291,0,3,1,0.953719,0.930506,0.826484,2.337002,1.931494
291,0,3,2,0.933959,0.958008,0.670029,0.918009,0.615092
291,0,3,3,0.957408,0.959773,0.694857,1.363324,0.947315
291,0,3,4,0.918805,0.888921,0.730543,2.454712,1.793272
291,0,3,5,0.982162,1.094305,1.171993,2.059065,2.413209
291,0,3,6,0.961968,0.977792,0.879638,2.197772,1.933244
291,0,3,7,0.953530,0.989735,1.564464,0.620759,0.971155
291,0,3,8,0.992396,1.020370,1.027827,7.864519,8.083364
291,0,3,9,0.987773,1.047044,1.081270,2.853815,3.085744
291,0,3,10,0.898975,0.796509,0.544758,3.290555,1.792557
291,0,3,11,0.842628,1.058940,4.020064,0.476170,1.914236
291,0,3,12,0.978964,0.985957,0.981080,2.698272,2.647221
291,0,3,13,0.989162,1.112776,1.130764,6.863187,7.760642
291,0,3,14,0.933726,0.976382,0.930184,1.035966,0.963639
291,0,3,15,0.973419,0.969695,0.848464,2.426933,2.059165
291,0,4,0,0.965886,0.941724,0.919973,2.697912,2.482008
291,0,4,1,0.976278,1.104788,1.163043,1.794899,2.087544
291,0,4,2,0.955774,1.015731,1.321705,0.669034,0.884265
291,0,4,3,0.968653,1.052647,1.120615,2.538218,2.844365
291,0,4,4,0.985768,1.061826,1.093749,3.302281,3.611866
291,0,4,5,0.958725,1.138985,1.513291,1.784574,2.700580
291,0,4,6,0.954267,1.109349,1.684557,1.500872,2.528304
291,0,4,7,0.974770,0.956326,0.795799,1.857189,1.477949
291,0,4,8,0.862724,0.742078,-0.724803,-0.156033,0.113094
291,0,4,9,0.962800,1.018414,1.022723,0.753482,0.770604
291,0,4,10,0.990561,1.006504,1.012274,7.256857,7.345932
291,0,4,11,0.982558,0.937457,0.944925,5.006938,4.731183
291,0,4,12,0.955604,0.956028,0.873349,1.817818,1.587590
291,0,4,13,0.971734,1.053811,1.089509,3.208874,3.496097
291,0,4,14,0.974970,0.989329,0.845202,1.572359,1.328961
291,0,4,15,0.951920,1.107752,1.548652,1.412141,2.186915
291,0,5,0,0.992684,0.995579,0.999188,11.254601,11.245459
291,0,5,1,0.892392,0.723529,0.554448,3.383013,1.875704
291,0,5,2,0.984938,0.929472,0.935087,7.704312,7.204200
291,0,5,3,0.982794,0.943168,0.866816,3.072360,2.663169
291,0,5,4,0.993734,1.066302,1.082320,8.805463,9.530325
291,0,5,5,0.989481,1.003988,1.006747,8.108858,8.163568
291,0,5,6,0.996786,1.064823,1.071042,14.581149,15.617028
291,0,5,7,0.947577,1.095775,1.315432,2.598869,3.418635
291,0,5,8,0.966109,1.078009,1.198482,3.372328,4.041674
291,0,5,9,0.969127,1.043461,1.114302,4.012130,4.470725
291,0,5,10,0.961204,0.802617,0.741907,6.011810,4.460203
291,0,5,11,0.966674,0.951388,0.981491,5.619292,5.515287
291,0,5,12,0.921048,0.861137,0.756161,1.489718,1.126467
291,0,5,13,0.990274,0.989538,0.970715,5.758835,5.590188
291,0,5,14,0.982280,0.955040,0.966756,6.459925,6.245168
291,0,5,15,0.911811,0.862163,0.843445,1.469796,1.239693
291,0,6,0,0.953416,0.966520,1.006341,3.151330,3.171313
291,0,6,1,0.967814,0.862871,0.822537,5.145548,4.232404
291,0,6,2,0.981221,0.908208,0.826654,5.302203,4.383086
291,0,6,3,0.918947,0.958293,1.053481,1.760129,1.854263
291,0,6,4,0.977747,1.132488,1.215201,4.745757,5.767047
291,0,6,5,0.951595,0.844357,0.745899,3.771290,2.813001
291,0,6,6,0.992754,0.955746,0.959015,12.379988,11.872595
291,0,6,7,0.988483,0.992345,0.994933,7.023912,6.988321
291,0,6,8,0.960859,0.846241,0.732768,5.313013,3.893205
291,0,6,9,0.993733,0.963720,0.954156,11.297119,10.779210
291,0,6,10,0.947860,0.998559,1.028156,2.234719,2.297639
291,0,6,11,0.947958,0.955886,1.010003,3.456076,3.490647
291,0,6,12,0.993298,0.971393,0.953676,11.191905,10.673450
291,0,6,13,0.908282,0.982705,1.748566,-0.445389,-0.778792
291,0,6,14,0.963188,0.933114,0.791009,2.426288,1.919215
291,0,6,15,0.979428,1.011238,1.055474,3.993207,4.214728
291,0,7,0,0.988372,1.037730,1.044751,8.639039,9.025640
291,0,7,1,0.975008,0.999054,1.006018,5.202091,5.233395
291,0,7,2,0.974938,0.983118,1.000730,3.420557,3.423053
291,0,7,3,0.976115,0.901838,0.910032,6.570940,5.979766
291,0,7,4,0.931621,0.744442,0.618739,4.421930,2.736020
291,0,7,5,0.929438,1.009678,1.102402,3.208867,3.537462
291,0,7,6,0.975174,0.978654,0.995400,7.673151,7.637853
291,0,7,7,0.969937,1.155731,1.284566,3.429791,4.405795
291,0,7,8,0.977925,1.042022,1.022354,6.580985,6.728093
291,0,7,9,0.991520,0.959806,0.958669,10.140300,9.721190
291,0,7,10,0.998113,1.008696,1.009593,24.987850,25.227552
291,0,7,11,0.991895,0.943955,0.928783,5.851884,5.435133
291,0,7,12,0.992870,0.972779,0.974718,11.542274,11.250467
291,0,7,13,0.970212,0.877223,0.861293,6.077209,5.234260
291,0,7,14,0.975686,0.832698,0.832708,4.307736,3.587085
291,0,7,15,0.851651,0.780609,0.165895,1.360845,0.225758
291,0,8,0,0.968553,1.096786,1.183710,3.788484,4.484467
291,0,8,1,0.974571,0.924526,0.873339,5.275887,4.607639
291,0,8,2,0.924238,0.822052,0.753654,3.053284,2.301119
291,0,8,3,0.974248,0.895825,0.856716,5.321829,4.559298
291,0,8,4,0.987108,1.049948,1.045193,9.746722,10.187203
291,0,8,5,0.955460,0.969597,1.041266,-1.796753,-1.870899
291,0,8,6,0.973689,1.072056,1.128015,4.140557,4.670609
291,0,8,7,0.988434,1.078302,1.150178,6.536557,7.518208
291,0,8,8,0.988710,0.994059,0.969570,5.389822,5.225811
291,0,8,9,0.980680,0.980207,0.961801,5.313009,5.110057
291,0,8,10,0.985603,0.961543,0.946628,6.870869,6.504160
291,0,8,11,0.982146,1.020287,1.048938,5.314651,5.574740
291,0,8,12,0.968147,1.036568,1.052013,3.738870,3.933339
291,0,8,13,0.985746,0.997006,0.998750,6.893672,6.885056
291,0,8,14,0.975258,1.099356,1.128019,4.494179,5.069520
291,0,8,15,0.833977,0.869487,1.047414,1.005130,1.052787
291,0,9,0,0.958541,0.934350,0.899177,3.224339,2.899250
291,0,9,1,0.879589,0.756973,0.400499,2.246909,0.899885
291,0,9,2,0.943340,0.869347,0.727628,2.583672,1.879952
291,0,9,3,0.987401,1.039409,1.047169,6.131772,6.421003
291,0,9,4,0.980198,1.114561,1.149392,5.692493,6.542907
291,0,9,5,0.973669,1.074126,1.150050,5.259200,6.048345
291,0,9,6,0.990835,1.057728,1.087298,8.276665,8.999200
291,0,9,7,0.990054,0.922394,0.903211,5.674651,5.125408
291,0,9,8,0.870637,0.774999,0.533450,1.322989,0.705748
291,0,9,9,0.987038,0.996148,0.990036,6.571322,6.505844
291,0,9,10,0.979516,0.884719,0.870346,7.804427,6.792555
291,0,9,11,0.978888,0.821820,0.765533,5.818705,4.454411
291,0,9,12,0.906238,0.944786,1.067344,4.636671,4.948924
291,0,9,13,0.945311,0.862542,0.774601,2.808546,2.175503
291,0,9,14,0.985368,1.011590,1.016017,6.318741,6.419950
291,0,9,15,0.993528,0.981218,0.959507,10.149406,9.738431
291,0,10,0,0.947381,0.818869,0.651290,4.133628,2.692191
291,0,10,1,0.994695,0.990003,0.993670,18.020735,17.906658
291,0,10,2,0.969416,0.915224,0.848421,5.204997,4.416028
291,0,10,3,0.968535,0.797933,0.742340,4.023628,2.986898
291,0,10,4,0.995622,0.933152,0.932323,7.221256,6.732547
291,0,10,5,0.989720,1.035686,1.036977,9.078315,9.414001
291,0,10,6,0.986075,0.979599,0.983657,9.365016,9.211967
291,0,10,7,0.987541,0.854690,0.817539,7.357475,6.015019
291,0,10,8,0.985776,1.017470,1.027643,7.388809,7.593056
291,0,10,9,0.982581,0.982190,0.997944,7.541937,7.526433
291,0,10,10,0.984252,0.960534,0.975129,12.280039,11.974623
291,0,10,11,0.985835,0.972236,0.953471,7.824789,7.460711
291,0,10,12,0.951138,0.792549,0.678935,4.584361,3.112481
291,0,10,13,0.992859,1.039022,1.042421,10.429611,10.872049
291,0,10,14,0.952982,0.854759,0.774137,4.365461,3.379464
291,0,10,15,0.980893,1.024232,1.039037,5.467158,5.680581
291,0,11,0,0.995446,1.029520,1.036317,8.277203,8.577804
291,0,11,1,0.985547,1.121943,1.133236,9.425879,10.681750
291,0,11,2,0.980501,1.066485,1.114112,5.293794,5.897880
291,0,11,3,0.838780,0.962705,1.574904,-1.166738,-1.837501
291,0,11,4,0.949728,0.824177,0.701299,4.240825,2.974084
291,0,11,5,0.971221,1.107644,1.209015,4.517345,5.461537
291,0,11,6,0.874504,0.920393,1.089640,5.300541,5.775684
291,0,11,7,0.943695,0.905376,0.890443,4.230946,3.767417
291,0,11,8,0.970664,0.992272,1.001814,4.003714,4.010979
291,0,11,9,0.981742,0.927298,0.890457,4.217693,3.755676
291,0,11,10,0.897146,0.867167,0.642596,1.952418,1.254615
291,0,11,11,0.983137,0.840365,0.813063,6.146959,4.997866
291,0,11,12,0.906029,0.733335,0.503482,4.070493,2.049421
291,0,11,13,0.985063,1.105762,1.110367,9.839104,10.925013
291,0,11,14,0.977849,1.108851,1.172671,4.945651,5.799620
291,0,11,15,0.986623,1.078820,1.085159,9.278277,10.068407
291,0,12,0,0.986403,1.161654,1.196597,-2.720299,-3.255100
291,0,12,1,0.980624,1.074794,1.100979,7.659763,8.433241
291,0,12,2,0.933590,1.072075,1.627685,1.802220,2.933447
291,0,12,3,0.998325,1.079855,1.079630,-3.379882,-3.649022
291,0,12,4,0.958780,1.123263,1.360971,3.296981,4.487097
291,0,12,5,0.882047,1.022981,1.209210,2.386397,2.885656
291,0,12,6,0.914959,1.069929,2.014713,1.168651,2.354496
291,0,12,7,0.970186,0.949570,0.928861,5.222059,4.850567
291,0,12,8,0.939437,0.925600,0.933482,4.280467,3.995736
291,0,12,9,0.980941,1.174232,1.203562,6.852287,8.247150
291,0,12,10,0.977315,0.896003,0.862121,3.615002,3.116570
291,0,12,11,0.951064,1.052252,1.156713,4.046553,4.680699
291,0,12,12,0.972384,1.201481,1.338496,4.812677,6.441750
291,0,12,13,0.868471,0.862529,0.980405,2.695138,2.642326
291,0,12,14,0.958359,1.059795,1.111659,5.059405,5.624336
291,0,12,15,0.860154,0.933844,0.913635,2.714732,2.480273
291,0,13,0,0.943838,0.880453,0.875187,4.957705,4.338920
291,0,13,1,0.947968,1.013841,1.051094,4.214348,4.429675
291,0,13,2,0.925557,0.987346,1.464142,1.217813,1.783051
291,0,13,3,0.951052,0.999680,1.057991,4.164233,4.405721
291,0,13,4,0.972936,0.964413,0.980112,7.552108,7.401911
291,0,13,5,0.969291,0.740060,0.717700,4.238204,3.041760
291,0,13,6,0.982553,1.094429,1.100963,7.261338,7.994462
291,0,13,7,0.949067,0.941910,0.890291,1.852646,1.649394
291,0,13,8,0.883835,0.746379,0.435811,2.618249,1.141062
291,0,13,9,0.938273,1.041315,1.155510,3.344281,3.864351
291,0,13,10,0.924737,1.076793,1.293435,2.904034,3.756179
291,0,13,11,0.933633,0.871507,0.872721,5.783208,5.047128
291,0,13,12,0.950085,0.900531,0.925189,5.107288,4.725206
291,0,13,13,0.926597,0.967868,0.937084,-0.775813,-0.727003
291,0,13,14,0.953106,0.979843,1.014418,5.081698,5.154967
291,0,13,15,0.988594,1.254737,1.300650,-2.000895,-2.602463
291,0,14,0,0.888600,0.928994,0.973997,2.282178,2.222833
291,0,14,1,0.982699,0.891418,0.870020,9.550275,8.308934
291,0,14,2,0.961335,1.063774,1.120692,4.816035,5.397290
291,0,14,3,0.880645,0.980828,1.072064,1.488814,1.596105
291,0,14,4,0.966999,1.071831,1.139245,5.391693,6.142457
291,0,14,5,0.758960,0.709380,0.171384,1.487492,0.254932
291,0,14,6,0.889842,0.945678,0.977287,1.945608,1.901417
291,0,14,7,0.951495,0.699368,0.641952,5.946982,3.817678
291,0,14,8,0.927197,0.958696,0.993199,3.230476,3.208505
291,0,14,9,0.815665,0.964529,2.154501,0.894290,1.926749
291,0,14,10,0.740847,0.685217,-0.134117,0.986488,-0.132304
291,0,14,11,0.914067,1.062639,1.343687,2.754210,3.700795
291,0,14,12,0.933613,1.004746,1.108163,2.534294,2.808412
291,0,14,13,0.874971,0.981427,1.309657,1.603465,2.099990
291,0,14,14,0.958076,1.036189,1.097569,4.563969,5.009269
291,0,14,15,0.858292,1.094067,1.967550,1.472185,2.896597
291,0,15,0,0.981501,1.068145,1.112592,4.310080,4.795360
291,0,15,1,0.967366,0.986335,0.949142,2.841997,2.697458
291,0,15,2,0.974292,0.870800,0.815571,4.893552,3.991037
291,0,15,3,0.976226,0.986595,0.980105,3.515417,3.445477
291,0,15,4,0.997024,0.992728,0.993154,-3.347727,-3.324808
291,0,15,5,0.970398,1.013369,1.084881,3.683618,3.996288
291,0,15,6,0.631513,0.905598,4.860958,0.250528,1.217808
291,0,15,7,0.954112,0.914277,0.808428,3.072189,2.483645
291,0,15,8,0.958517,1.036377,1.093776,3.588327,3.924825
291,0,15,9,0.978545,0.984223,0.954784,3.847866,3.673881
291,0,15,10,0.962476,0.937719,0.877477,-2.120707,-1.860872
291,0,15,11,0.974204,0.924713,0.882681,4.277802,3.775937
291,0,15,12,0.990239,1.130629,1.107994,6.130886,6.792986
291,0,15,13,0.907936,0.835041,0.618973,2.473220,1.530857
291,0,15,14,0.933287,0.861071,0.817777,3.394469,2.775918
291,0,15,15,0.666956,0.629087,-0.201873,1.620992,-0.327235
980,1,0,0,0.832915,0.901071,-2.077780,-0.289608,0.601741
980,1,0,1,0.939797,0.871665,0.517681,-0.582217,-0.301403
980,1,0,2,0.962988,0.978814,1.287281,-0.679641,-0.874889
980,1,0,3,0.968296,0.996797,1.097459,-1.153184,-1.265572
980,1,0,4,0.925772,0.920282,1.097668,-0.857570,-0.941327
980,1,0,5,0.900229,0.750682,0.503497,2.046338,1.030325
980,1,0,6,0.949781,0.959701,0.704865,1.568576,1.105635
980,1,0,7,0.990188,1.046532,1.059615,-1.936518,-2.051964
980,1,0,8,0.979866,0.867404,0.848388,2.337419,1.983038
980,1,0,9,0.976931,1.041827,1.110012,-1.498451,-1.663299
980,1,0,10,0.988528,0.860271,0.860429,2.908351,2.502431
980,1,0,11,0.805596,0.912559,-9.420204,-0.106597,1.004163
980,1,0,12,0.854958,0.711809,0.636252,1.115280,0.709599
980,1,0,13,0.968686,1.084255,1.231434,-1.076161,-1.325220
980,1,0,14,0.967742,1.011389,1.124480,-1.292485,-1.453373
980,1,0,15,0.991095,1.007799,1.205119,-0.337972,-0.407297
980,1,1,0,0.978463,0.991502,1.194201,0.472915,0.564755
980,1,1,1,0.994173,0.994102,0.988553,3.257812,3.220519
980,1,1,2,0.949933,0.917233,1.369780,0.405025,0.554796
980,1,1,3,0.896625,1.087502,6.423466,0.198614,1.275791
980,1,1,4,0.982902,0.960636,1.033259,1.572864,1.625175
980,1,1,5,0.923598,1.195242,2.078753,1.037321,2.156333
980,1,1,6,0.990188,0.992395,0.986682,2.237921,2.208116
980,1,1,7,0.954361,0.976906,1.190741,0.775656,0.923605
980,1,1,8,0.924601,1.054670,3.341295,0.334970,1.119235
980,1,1,9,0.935366,0.898669,0.322890,-0.635634,-0.205240
980,1,1,10,0.959770,0.958447,0.933379,1.203662,1.123472
980,1,1,11,0.969609,0.966035,0.716640,1.620392,1.161238
980,1,1,12,0.971239,1.120344,1.352605,-0.996720,-1.348168
980,1,1,13,0.970323,0.902190,1.044283,0.426071,0.444938
980,1,1,14,0.565644,0.898537,13.966156,0.058286,0.814027
980,1,1,15,0.955247,1.188501,1.420138,2.403875,3.413834
980,1,2,0,0.964629,0.950672,0.898893,2.357052,2.118737
980,1,2,1,0.980002,0.962570,0.972747,2.149440,2.090862
980,1,2,2,0.960632,1.027040,2.523552,0.255503,0.644775
980,1,2,3,0.962240,1.039746,2.560584,0.258754,0.662562
980,1,2,4,0.938971,1.029588,1.943873,0.323811,0.629448
980,1,2,5,0.984337,0.981440,0.967678,3.455733,3.344036
980,1,2,6,0.956014,1.075959,1.200634,1.454466,1.746281
980,1,2,7,0.956193,1.022239,2.178635,0.350910,0.764505
980,1,2,8,0.941208,0.929993,0.192800,-0.087282,-0.016828
980,1,2,9,0.975615,0.875427,0.807526,3.850390,3.109290
980,1,2,10,0.910074,1.035671,2.900950,0.403354,1.170111
980,1,2,11,0.986976,0.997396,1.043678,1.691625,1.765511
980,1,2,12,0.960359,1.025761,2.497581,0.288877,0.721494
980,1,2,13,0.944600,0.978033,0.854116,0.296556,0.253293
980,1,2,14,0.946172,0.969496,1.118932,-0.830706,-0.929504
980,1,2,15,0.943007,1.032173,9.250505,0.074211,0.686490
980,1,3,0,0.943396,0.968686,0.951965,1.439637,1.370484
980,1,3,1,0.961967,0.944101,0.897907,2.395398,2.150844
980,1,3,2,0.936897,0.960158,0.757902,0.742344,0.562624
980,1,3,3,0.960052,0.953278,0.653639,1.250440,0.817336
980,1,3,4,0.929715,0.900322,0.776108,2.334840,1.812089
980,1,3,5,0.986265,1.090835,1.144822,2.165623,2.479253
980,1,3,6,0.970027,0.978634,0.942257,2.433803,2.293267
980,1,3,7,0.954585,0.988839,1.583577,0.603522,0.955724
980,1,3,8,0.994932,1.018820,1.025968,8.679356,8.904743
980,1,3,9,0.984774,1.028152,1.064505,2.331580,2.481979
980,1,3,10,0.889823,0.767381,0.500711,3.341294,1.673022
980,1,3,11,0.820938,1.050690,4.895123,0.415679,2.034797
980,1,3,12,0.986076,0.985457,0.960043,2.688059,2.580652
980,1,3,13,0.989458,1.061558,1.076663,5.776280,6.219107
980,1,3,14,0.945330,0.983542,0.940472,1.011802,0.951571
980,1,3,15,0.977642,0.979845,0.875516,2.372891,2.077505
980,1,4,0,0.962661,0.919888,0.845698,2.635798,2.229089
980,1,4,1,0.971780,1.056627,1.046873,1.657333,1.735018
980,1,4,2,0.962000,1.019089,1.211659,0.887197,1.074980
980,1,4,3,0.965879,1.022227,1.053874,2.322290,2.447402
980,1,4,4,0.991462,1.043057,1.063080,3.984544,4.235890
980,1,4,5,0.956754,1.093895,1.603046,1.314994,2.107997
980,1,4,6,0.955989,1.105446,1.653806,1.585782,2.622575
980,1,4,7,0.975526,0.957389,0.799436,1.842814,1.473212
980,1,4,8,0.885923,0.777634,5.987770,0.045711,0.273708
980,1,4,9,0.966572,1.010123,1.002366,0.825905,0.827859
980,1,4,10,0.992055,0.986981,0.981015,6.757799,6.629499
980,1,4,11,0.974803,0.922305,0.916309,4.021234,3.684693
980,1,4,12,0.962567,0.965795,0.896557,1.824009,1.635328
980,1,4,13,0.991386,1.014980,1.018218,4.921620,5.011284
980,1,4,14,0.975361,0.993634,0.851287,1.536211,1.307757
980,1,4,15,0.952575,1.070999,1.635197,1.033398,1.689810
980,1,5,0,0.994434,0.986292,0.988425,11.041901,10.914089
980,1,5,1,0.935493,0.779734,0.693784,3.807501,2.641583
980,1,5,2,0.986234,0.917059,0.908349,7.431286,6.750200
980,1,5,3,0.977910,0.933496,0.808686,2.727140,2.205399
980,1,5,4,0.996780,1.040934,1.048714,10.408512,10.915550
980,1,5,5,0.992739,1.002988,0.999772,8.895574,8.893548
980,1,5,6,0.997397,1.041984,1.045046,15.018248,15.694759
980,1,5,7,0.950512,1.129933,1.387242,2.877062,3.991179
980,1,5,8,0.956042,1.074417,1.295332,2.557591,3.312928
980,1,5,9,0.977767,0.985482,1.001286,5.007342,5.013780
980,1,5,10,0.961509,0.805414,0.744508,5.679115,4.228148
980,1,5,11,0.959721,0.913029,0.921936,4.697663,4.330945
980,1,5,12,0.922320,0.838148,0.650911,1.691596,1.101079
980,1,5,13,0.989757,0.989352,0.966440,5.234188,5.058527
980,1,5,14,0.984950,0.943910,0.939007,6.597230,6.194846
980,1,5,15,0.900833,0.852217,0.743009,1.061131,0.788430
980,1,6,0,0.932708,0.970777,1.084544,1.902477,2.063320
980,1,6,1,0.971148,0.871078,0.833544,5.227029,4.356961
980,1,6,2,0.981993,0.910563,0.831257,5.213235,4.333537
980,1,6,3,0.928879,0.955501,1.031812,2.066260,2.131992
980,1,6,4,0.979126,1.118154,1.195932,4.841149,5.789687
980,1,6,5,0.943736,0.859178,0.741421,3.323110,2.463822
980,1,6,6,0.992219,0.950185,0.945667,11.582370,10.953068
980,1,6,7,0.992333,1.024488,1.037405,7.853658,8.147427
980,1,6,8,0.962438,0.857598,0.740581,5.216737,3.863415
980,1,6,9,0.994484,0.959443,0.948118,10.045385,9.524207
980,1,6,10,0.938901,0.995999,0.956734,1.441497,1.379129
980,1,6,11,0.966038,0.971235,0.996728,4.014356,4.001222
980,1,6,12,0.994058,0.971011,0.953160,11.772080,11.220675
980,1,6,13,0.913539,0.968392,2.299259,-0.194666,-0.447587
980,1,6,14,0.969945,0.961984,0.948672,2.670496,2.533426
980,1,6,15,0.980919,0.985551,0.973021,3.993886,3.886133
980,1,7,0,0.991704,1.048157,1.055883,9.560886,10.095178
980,1,7,1,0.970213,0.982613,0.982963,4.226624,4.154617
980,1,7,2,0.979600,0.988488,0.988799,3.548201,3.508457
980,1,7,3,0.970242,0.862882,0.845039,5.801558,4.902543
980,1,7,4,0.877101,0.704821,0.431854,3.263261,1.409254
980,1,7,5,0.917782,1.012852,1.153625,2.521687,2.909081
980,1,7,6,0.980622,0.953448,0.945217,8.283952,7.830135
980,1,7,7,0.965818,1.151503,1.328590,3.075797,4.086473
980,1,7,8,0.965595,0.970601,0.923473,6.246803,5.768756
980,1,7,9,0.994513,0.942720,0.936795,10.965905,10.272810
980,1,7,10,0.998437,1.005824,1.006656,25.355434,25.524208
980,1,7,11,0.994458,0.994150,0.995094,6.191097,6.160724
980,1,7,12,0.991205,0.991157,0.992850,10.727098,10.650397
980,1,7,13,0.970638,0.891726,0.868735,6.314700,5.485803
980,1,7,14,0.961469,0.820536,0.757471,3.471532,2.629586
980,1,7,15,0.856168,0.834462,-0.653127,0.569565,-0.371999
980,1,8,0,0.950344,1.083946,1.238736,2.604496,3.226282
980,1,8,1,0.975890,0.910366,0.861347,5.407141,4.657425
980,1,8,2,0.909896,0.776200,0.655429,2.912381,1.908860
980,1,8,3,0.965885,0.889059,0.830412,4.422983,3.672900
980,1,8,4,0.989781,1.022774,1.013695,10.503164,10.647004
980,1,8,5,0.970282,1.058868,1.164021,-1.770800,-2.061248
980,1,8,6,0.961385,1.027559,1.063308,3.148612,3.347944
980,1,8,7,0.987914,1.068272,1.156910,6.123276,7.084079
980,1,8,8,0.989665,0.991049,0.969665,5.571554,5.402541
980,1,8,9,0.984532,0.997773,0.997953,5.458132,5.446961
980,1,8,10,0.986015,0.995566,0.994323,6.401652,6.365308
980,1,8,11,0.983594,1.056011,1.113774,5.257088,5.855210
980,1,8,12,0.957684,1.025422,1.034928,2.985737,3.090023
980,1,8,13,0.982558,0.981962,0.959732,6.430573,6.171626
980,1,8,14,0.970883,1.103471,1.146694,3.891275,4.462101
980,1,8,15,0.845507,0.857197,0.842876,0.653875,0.551136
980,1,9,0,0.966947,0.976046,1.039519,3.296848,3.427138
980,1,9,1,0.868724,0.801376,0.073798,1.442738,0.106472
980,1,9,2,0.960923,0.891431,0.811824,2.972237,2.412935
980,1,9,3,0.981045,1.019158,1.012388,5.006063,5.068080
980,1,9,4,0.972144,1.055844,1.085195,4.946934,5.368385
980,1,9,5,0.980452,1.075027,1.134735,5.824523,6.609288
980,1,9,6,0.990490,1.069647,1.120724,8.070592,9.044907
980,1,9,7,0.994617,0.963720,0.953922,6.514220,6.214057
980,1,9,8,0.837475,0.756565,0.080708,1.075231,0.086780
980,1,9,9,0.990166,0.983778,0.970090,6.896834,6.690548
980,1,9,10,0.984364,0.913291,0.901471,7.787152,7.019890
980,1,9,11,0.967148,0.816942,0.694753,4.108454,2.854360
980,1,9,12,0.921062,0.921212,1.013228,4.918921,4.983989
980,1,9,13,0.966413,0.892833,0.857164,3.259998,2.794353
980,1,9,14,0.983024,1.023236,1.037069,5.117799,5.307508
980,1,9,15,0.993632,0.971959,0.943167,9.588328,9.043394
980,1,10,0,0.943698,0.797782,0.634802,4.231925,2.686434
980,1,10,1,0.995474,0.975743,0.978853,18.618603,18.224873
980,1,10,2,0.977172,0.944869,0.900609,5.447013,4.905628
980,1,10,3,0.944990,0.779127,0.633047,3.324217,2.104387
980,1,10,4,0.996476,0.916980,0.914149,7.582330,6.931379
980,1,10,5,0.990205,0.994123,0.984727,8.997764,8.860341
980,1,10,6,0.984166,0.954548,0.950059,8.456650,8.034316
980,1,10,7,0.985687,0.839455,0.785491,6.286972,4.938358
980,1,10,8,0.986726,1.017984,1.022121,6.975264,7.129566
980,1,10,9,0.981881,0.978324,0.992477,7.126090,7.072480
980,1,10,10,0.982605,0.932821,0.944150,11.980135,11.311039
980,1,10,11,0.990997,0.982153,0.973849,8.434099,8.213541
980,1,10,12,0.959137,0.811487,0.712754,4.515033,3.218107
980,1,10,13,0.993977,1.030391,1.031926,10.404634,10.736811
980,1,10,14,0.949242,0.846062,0.745115,3.897230,2.903884
980,1,10,15,0.980171,1.024522,1.042010,4.879547,5.084538
980,1,11,0,0.994827,1.007731,1.009152,7.813768,7.885282
980,1,11,1,0.990395,1.071684,1.076096,8.651546,9.309896
980,1,11,2,0.980042,1.023488,1.035454,5.260188,5.446685
980,1,11,3,0.854177,0.923187,2.042590,-0.609744,-1.245458
980,1,11,4,0.938753,0.797073,0.609669,4.064656,2.478095
980,1,11,5,0.968311,1.108234,1.229965,4.092095,5.033132
980,1,11,6,0.899551,0.896435,1.031950,5.385143,5.557200
980,1,11,7,0.930054,0.877328,0.852140,3.721517,3.171252
980,1,11,8,0.975163,0.975112,0.974041,4.107162,4.000546
980,1,11,9,0.977483,0.888773,0.791858,3.565558,2.823414
980,1,11,10,0.869665,0.815217,0.491773,2.042612,1.004501
980,1,11,11,0.985316,0.836334,0.807629,6.135972,4.955590
980,1,11,12,0.914905,0.734018,0.529419,4.135973,2.189664
980,1,11,13,0.991068,1.074598,1.076560,10.089742,10.862214
980,1,11,14,0.978079,1.115300,1.184441,4.613237,5.464108
980,1,11,15,0.990140,1.059095,1.058384,9.148995,9.683151
980,1,12,0,0.984506,1.142765,1.181932,-2.660705,-3.144773
980,1,12,1,0.983433,1.051999,1.064882,7.577463,8.069100
980,1,12,2,0.932812,1.006507,1.995663,0.700953,1.398866
980,1,12,3,0.998861,1.084049,1.084614,-3.441117,-3.732284
980,1,12,4,0.953109,1.068413,1.344494,2.467006,3.316874
980,1,12,5,0.892853,1.007286,1.230573,2.423876,2.982756
980,1,12,6,0.910975,1.022454,2.325533,0.750137,1.744468
980,1,12,7,0.960115,0.904743,0.867015,4.952847,4.294194
980,1,12,8,0.934999,0.924383,0.962435,3.908185,3.761372
980,1,12,9,0.988149,1.138889,1.161160,7.221672,8.385516
980,1,12,10,0.970692,0.863929,0.758834,2.920388,2.216090
980,1,12,11,0.935388,1.023290,1.185040,3.184704,3.774002
980,1,12,12,0.967144,1.184320,1.369109,4.033812,5.522727
980,1,12,13,0.921241,0.917838,0.977361,2.728475,2.666705
980,1,12,14,0.954951,1.017320,1.073713,4.732973,5.081856
980,1,12,15,0.855024,0.941312,1.010557,2.380751,2.405884
980,1,13,0,0.926596,0.854579,0.835089,4.051506,3.383366
980,1,13,1,0.953517,0.996329,1.018455,4.518716,4.602109
980,1,13,2,0.928587,1.018357,1.421625,1.634312,2.323378
980,1,13,3,0.942631,0.979148,1.025766,3.578181,3.670376
980,1,13,4,0.984277,0.936927,0.939821,8.859792,8.326616
980,1,13,5,0.953611,0.728297,0.639610,3.687981,2.358868
980,1,13,6,0.989251,1.039772,1.044030,7.958775,8.309202
980,1,13,7,0.945241,0.907673,0.808450,1.977795,1.598948
980,1,13,8,0.921830,0.805398,0.635362,2.752599,1.748896
980,1,13,9,0.941303,1.010058,1.086263,3.690264,4.008598
980,1,13,10,0.929944,1.086761,1.304989,3.129892,4.084476
980,1,13,11,0.894201,0.841699,0.837858,4.565195,3.824987
980,1,13,12,0.940188,0.894109,0.923126,4.469470,4.125885
980,1,13,13,0.921142,0.957613,0.886358,-0.529218,-0.469077
980,1,13,14,0.931761,0.928297,0.949144,4.381898,4.159051
980,1,13,15,0.988833,1.231866,1.289647,-1.942700,-2.505397
980,1,14,0,0.897319,0.935598,0.954951,1.741137,1.662700
980,1,14,1,0.989773,0.951925,0.938310,10.094531,9.471803
980,1,14,2,0.963219,1.046124,1.085767,4.781030,5.191082
980,1,14,3,0.902151,0.982860,1.052295,1.729559,1.820005
980,1,14,4,0.958816,1.031661,1.087377,4.786590,5.204830
980,1,14,5,0.828242,0.715590,0.486022,1.762471,0.856600
980,1,14,6,0.892202,0.940439,0.880960,1.492182,1.314552
980,1,14,7,0.946772,0.706883,0.641557,5.693984,3.653013
980,1,14,8,0.934809,0.936832,0.942864,3.108373,2.930773
980,1,14,9,0.838529,0.965510,2.073473,0.858124,1.779297
980,1,14,10,0.792570,0.728708,0.124484,0.869665,0.108259
980,1,14,11,0.927778,1.079295,1.332776,3.004252,4.003994
980,1,14,12,0.942969,0.981611,1.031129,2.544735,2.623950
980,1,14,13,0.889614,1.017345,1.415147,1.635198,2.314046
980,1,14,14,0.946051,0.958639,0.976385,3.929353,3.836561
980,1,14,15,0.889117,1.094014,1.707394,1.707388,2.915184
980,1,15,0,0.982177,1.022985,1.036004,4.360808,4.517816
980,1,15,1,0.971023,0.970050,0.907047,2.975051,2.698512
980,1,15,2,0.982021,0.907933,0.871589,5.071895,4.420608
980,1,15,3,0.979839,0.995648,0.991393,3.771943,3.739478
980,1,15,4,0.997323,1.038715,1.041646,-3.423098,-3.565657
980,1,15,5,0.972199,1.005329,1.055047,3.636436,3.836610
980,1,15,6,0.617499,0.939491,12.408289,0.098586,1.223282
980,1,15,7,0.960750,0.932375,0.845370,3.169641,2.679521
980,1,15,8,0.966705,1.038236,1.075948,4.063406,4.372015
980,1,15,9,0.982442,1.010748,1.001979,3.777143,3.784618
980,1,15,10,0.970689,0.934693,0.885246,-2.226888,-1.971344
980,1,15,11,0.960778,0.881014,0.790365,3.962098,3.131503
980,1,15,12,0.986222,1.109697,1.058436,5.617350,5.945605
980,1,15,13,0.958839,0.948593,0.942459,2.848896,2.684968
980,1,15,14,0.973464,0.999848,1.023333,4.286154,4.386164
980,1,15,15,0.813401,0.698236,0.257829,1.767632,0.455748
437,1,0,0,0.835499,0.903474,-2.044590,-0.288348,0.589554
437,1,0,1,0.947403,0.858121,0.603320,-0.632540,-0.381624
437,1,0,2,0.956797,0.874155,5.911657,-0.032917,-0.194596
437,1,0,3,0.978851,0.980596,1.007079,-1.911725,-1.925258
437,1,0,4,0.875953,0.758836,0.321209,0.311669,0.100111
437,1,0,5,0.876952,0.760073,0.362666,1.550087,0.562164
437,1,0,6,0.949027,0.960720,0.677857,1.528470,1.036084
437,1,0,7,0.987465,1.052988,1.078684,-1.813253,-1.955927
437,1,0,8,0.961717,0.857173,0.821657,1.775868,1.459154
437,1,0,9,0.973264,1.087182,1.178822,-1.404298,-1.655418
437,1,0,10,0.981633,0.898916,0.901189,1.804175,1.625903
437,1,0,11,0.811198,0.920648,-16.829347,-0.059766,1.005826
437,1,0,12,0.854136,0.720831,0.572101,1.196105,0.684293
437,1,0,13,0.969262,1.046426,1.106133,-1.316119,-1.455803
437,1,0,14,0.967774,1.018745,1.120099,-1.161685,-1.301202
437,1,0,15,0.990851,1.005950,1.238469,-0.283705,-0.351359
437,1,1,0,0.979575,0.995876,1.095586,0.590112,0.646518
437,1,1,1,0.993511,0.982486,0.970877,2.857474,2.774256
437,1,1,2,0.947574,0.979689,1.323384,0.570953,0.755590
437,1,1,3,0.896004,1.088571,6.117060,0.210648,1.288547
437,1,1,4,0.984201,0.958965,1.015509,1.639421,1.664847
437,1,1,5,0.923041,1.201784,2.111056,1.020838,2.155045
437,1,1,6,0.985049,0.997658,0.990288,1.227111,1.215193
437,1,1,7,0.954611,0.985005,1.244951,0.832842,1.036847
437,1,1,8,0.924161,1.069231,2.997033,0.398172,1.193335
437,1,1,9,0.936321,0.916422,0.283271,-0.527723,-0.149488
437,1,1,10,0.956610,0.958035,0.863380,1.121257,0.968070
437,1,1,11,0.968573,0.962879,0.712945,1.668284,1.189395
437,1,1,12,0.948233,1.104381,1.560651,-0.573046,-0.894325
437,1,1,13,0.959836,0.919366,0.993866,0.939366,0.933604
437,1,1,14,0.440006,0.567215,-3.687658,-0.151764,0.559655
437,1,1,15,0.952504,1.185673,1.407915,2.290308,3.224558
437,1,2,0,0.964964,0.953883,0.896954,2.466320,2.212174
437,1,2,1,0.966664,0.978997,1.010845,1.715319,1.733922
437,1,2,2,0.961096,1.026748,2.104718,0.318714,0.670804
437,1,2,3,0.967052,1.041600,2.020891,0.301621,0.609544
437,1,2,4,0.956292,1.034400,1.461048,0.497438,0.726781
437,1,2,5,0.982796,1.024475,1.013638,3.289780,3.334648
437,1,2,6,0.955823,1.065523,1.160038,1.445497,1.676832
437,1,2,7,0.959744,1.020849,1.696435,0.445946,0.756519
437,1,2,8,0.929444,0.927265,1.370618,0.095823,0.131337
437,1,2,9,0.976720,0.862135,0.796340,4.173895,3.323841
437,1,2,10,0.916770,1.043329,2.416732,0.499677,1.207587
437,1,2,11,0.980532,1.034001,1.147405,1.373540,1.576007
437,1,2,12,0.961143,1.029780,2.020587,0.369564,0.746736
437,1,2,13,0.950067,0.946564,0.915820,1.013444,0.928132
437,1,2,14,0.936236,0.969276,1.137405,-0.744515,-0.846814
437,1,2,15,0.946573,1.041045,4.405757,0.162456,0.715743
437,1,3,0,0.935931,0.967124,0.964386,1.270181,1.224945
437,1,3,1,0.961117,0.939695,0.880037,2.468724,2.172570
437,1,3,2,0.932769,0.960057,0.622621,0.695261,0.432884
437,1,3,3,0.958514,0.951131,0.683308,1.334107,0.911606
437,1,3,4,0.923213,0.894274,0.755611,2.362451,1.785095
437,1,3,5,0.963056,1.075199,1.289325,1.388227,1.789876
437,1,3,6,0.967784,0.981608,0.933138,2.477087,2.311463
437,1,3,7,0.952812,0.996090,1.580051,0.615116,0.971915
437,1,3,8,0.988424,1.045173,1.067297,6.419603,6.851625
437,1,3,9,0.977264,1.011227,1.079778,1.810907,1.955379
437,1,3,10,0.889101,0.773095,0.501015,3.243606,1.625097
437,1,3,11,0.816827,1.050129,4.770745,0.422652,2.016364
437,1,3,12,0.976502,1.010216,0.954117,2.072809,1.977702
437,1,3,13,0.986279,1.063096,1.065617,6.023043,6.418260
437,1,3,14,0.940241,0.985541,0.845869,0.934696,0.790631
437,1,3,15,0.978165,0.973963,0.876526,2.562181,2.245818
437,1,4,0,0.965303,0.928007,0.887035,2.661631,2.360960
437,1,4,1,0.973609,1.074009,1.079794,1.474249,1.591884
437,1,4,2,0.957053,1.014444,1.236254,0.647511,0.800488
437,1,4,3,0.964971,1.023604,1.062362,2.342453,2.488533
437,1,4,4,0.987385,1.046038,1.065279,3.511161,3.740365
437,1,4,5,0.956122,1.107155,1.615726,1.288330,2.081588
437,1,4,6,0.953345,1.110403,1.713287,1.473494,2.524518
437,1,4,7,0.972200,0.953094,0.743808,1.751561,1.302825
437,1,4,8,0.915181,0.774788,-0.829281,-0.090864,0.075352
437,1,4,9,0.965557,1.015976,0.976095,0.837605,0.817583
437,1,4,10,0.990738,0.970988,0.966393,7.154131,6.913701
437,1,4,11,0.978130,0.922003,0.920014,4.360838,4.012031
437,1,4,12,0.959151,0.962285,0.868460,1.761953,1.530185
437,1,4,13,0.982555,1.022581,1.031993,3.886745,4.011094
437,1,4,14,0.972970,0.988221,0.796961,1.484611,1.183176
437,1,4,15,0.944416,1.063564,1.847053,0.841492,1.554280
437,1,5,0,0.988970,0.961478,0.959727,10.064223,9.658908
437,1,5,1,0.902074,0.740330,0.578989,3.312545,1.917926
437,1,5,2,0.972726,0.884740,0.866843,6.763884,5.863224
437,1,5,3,0.975991,0.934946,0.797684,2.671426,2.130954
437,1,5,4,0.995612,1.019162,1.021421,9.857444,10.068596
437,1,5,5,0.987286,0.968856,0.960289,8.513534,8.175448
437,1,5,6,0.991735,1.095276,1.117254,11.184426,12.495842
437,1,5,7,0.940479,1.097646,1.426747,2.185534,3.118203
437,1,5,8,0.962369,1.072701,1.226702,2.994917,3.673872
437,1,5,9,0.976824,1.004234,1.025027,4.832224,4.953160
437,1,5,10,0.964154,0.813563,0.755783,5.892571,4.453505
437,1,5,11,0.949410,0.906066,0.934618,4.427880,4.138377
437,1,5,12,0.900988,0.802349,0.646922,1.682281,1.088305
437,1,5,13,0.989624,0.989996,0.963412,5.392365,5.195068
437,1,5,14,0.979809,0.939251,0.937181,6.173402,5.785598
437,1,5,15,0.878341,0.848022,0.426167,0.640705,0.273047
437,1,6,0,0.931647,0.972233,1.058895,2.122251,2.247240
437,1,6,1,0.967586,0.881012,0.844158,5.011384,4.230402
437,1,6,2,0.983122,0.914464,0.840893,5.376897,4.521396
437,1,6,3,0.944632,0.947106,0.999505,2.174832,2.173756
437,1,6,4,0.971903,1.122179,1.217809,4.142906,5.045268
437,1,6,5,0.920190,0.844489,0.621893,2.788781,1.734323
437,1,6,6,0.989116,0.928388,0.923100,11.500504,10.616111
437,1,6,7,0.984806,1.010276,1.019301,6.393695,6.517097
437,1,6,8,0.958795,0.848395,0.723238,5.137401,3.715561
437,1,6,9,0.993870,0.940871,0.925927,11.609857,10.749880
437,1,6,10,0.933913,0.983681,0.961204,1.459273,1.402659
437,1,6,11,0.942580,0.978648,1.032254,3.101600,3.201638
437,1,6,12,0.992596,0.944649,0.927005,11.600549,10.753772
437,1,6,13,0.905906,0.969486,1.969291,-0.320625,-0.631405
437,1,6,14,0.960681,0.941397,0.847243,2.378263,2.014966
437,1,6,15,0.978128,0.980915,0.975992,3.571811,3.486058
437,1,7,0,0.988010,1.024379,1.030513,8.480386,8.739144
437,1,7,1,0.971267,0.985726,0.997366,4.479173,4.467377
437,1,7,2,0.977881,0.975014,0.972894,3.386857,3.295053
437,1,7,3,0.959443,0.872597,0.844371,5.355410,4.521952
437,1,7,4,0.897917,0.719990,0.498060,3.446818,1.716722
437,1,7,5,0.904879,0.986496,1.172044,1.954319,2.290548
437,1,7,6,0.960246,0.926579,0.914219,6.896147,6.304590
437,1,7,7,0.963900,1.141420,1.308795,3.071513,4.019979
437,1,7,8,0.975420,1.005655,0.972882,6.597173,6.418273
437,1,7,9,0.980578,0.927927,0.906477,8.396881,7.611576
437,1,7,10,0.997060,1.012961,1.015799,22.172049,22.522337
437,1,7,11,0.993927,0.967032,0.960621,6.112013,5.871329
437,1,7,12,0.980890,0.970141,0.954837,9.455053,9.028036
437,1,7,13,0.967332,0.885417,0.858194,5.698559,4.890466
437,1,7,14,0.923878,0.784710,0.645669,2.954797,1.907820
437,1,7,15,0.856750,0.822101,-0.230423,0.799645,-0.184256
437,1,8,0,0.955397,1.082995,1.216880,2.715895,3.304919
437,1,8,1,0.969361,0.901262,0.839123,5.309384,4.455228
437,1,8,2,0.921399,0.800340,0.729887,3.058959,2.232696
437,1,8,3,0.969624,0.885430,0.823523,4.722897,3.889413
437,1,8,4,0.977518,0.983483,0.944512,9.760643,9.219042
437,1,8,5,0.972023,1.019558,1.093060,-1.881393,-2.056475
437,1,8,6,0.961734,1.043323,1.109936,3.165675,3.513696
437,1,8,7,0.988920,1.090263,1.150665,6.539958,7.525302
437,1,8,8,0.990430,0.996787,0.982007,5.591899,5.491286
437,1,8,9,0.982266,0.974046,0.965653,5.152237,4.975273
437,1,8,10,0.988173,0.975150,0.968589,7.042939,6.821713
437,1,8,11,0.979730,1.024245,1.076170,4.783370,5.147717
437,1,8,12,0.963065,1.023893,1.028611,3.491227,3.591115
437,1,8,13,0.976632,0.970353,0.948543,5.822684,5.523068
437,1,8,14,0.965186,1.082295,1.102214,3.484982,3.841194
437,1,8,15,0.834822,0.866462,1.007075,0.715214,0.720274
437,1,9,0,0.963615,0.973479,1.020858,3.062418,3.126293
437,1,9,1,0.875499,0.780133,0.292063,1.772345,0.517637
437,1,9,2,0.956739,0.887261,0.789274,2.778672,2.193133
437,1,9,3,0.982335,1.040934,1.048418,5.173457,5.423944
437,1,9,4,0.963151,1.051390,1.090639,4.282311,4.670454
437,1,9,5,0.977782,1.093144,1.163071,5.753142,6.691311
437,1,9,6,0.991563,1.072640,1.107183,8.492357,9.402596
437,1,9,7,0.994575,0.971775,0.963152,6.307951,6.075518
437,1,9,8,0.831214,0.742573,0.228319,1.100157,0.251187
437,1,9,9,0.987437,0.999326,0.992304,6.482725,6.432834
437,1,9,10,0.979621,0.901810,0.894229,7.159314,6.402063
437,1,9,11,0.972739,0.828613,0.742124,4.911970,3.645292
437,1,9,12,0.899244,0.940495,1.034790,4.072474,4.214155
437,1,9,13,0.959496,0.873549,0.821431,3.153734,2.590575
437,1,9,14,0.981067,1.046665,1.060112,5.210234,5.523430
437,1,9,15,0.992144,0.963310,0.937660,9.784153,9.174212
437,1,10,0,0.942371,0.812744,0.650419,4.059034,2.640073
437,1,10,1,0.993018,0.972979,0.976134,16.564384,16.169054
437,1,10,2,0.972582,0.929458,0.867561,5.201429,4.512557
437,1,10,3,0.899694,0.783154,0.525870,2.759400,1.451084
437,1,10,4,0.995408,0.921739,0.917390,7.170073,6.577753
437,1,10,5,0.981124,1.012122,0.990383,7.589966,7.516972
437,1,10,6,0.978444,0.947877,0.939808,8.146616,7.656252
437,1,10,7,0.987745,0.853304,0.809736,6.534074,5.290876
437,1,10,8,0.985875,1.035681,1.048149,7.055507,7.395220
437,1,10,9,0.975616,0.951898,0.953876,6.606924,6.302183
437,1,10,10,0.966510,0.905488,0.924147,9.797589,9.054411
437,1,10,11,0.988733,0.977597,0.961971,7.990334,7.686473
437,1,10,12,0.951405,0.782839,0.672792,4.569875,3.074574
437,1,10,13,0.984967,1.046124,1.049890,8.252367,8.664075
437,1,10,14,0.955471,0.862140,0.787442,4.213197,3.317650
437,1,10,15,0.979420,1.030199,1.047281,4.843819,5.072837
437,1,11,0,0.991880,1.016060,1.016522,7.031169,7.147336
437,1,11,1,0.979892,1.081825,1.061408,8.016755,8.509047
437,1,11,2,0.976601,1.026218,1.060072,4.763860,5.050033
437,1,11,3,0.854471,0.985414,1.750460,-0.902811,-1.580334
437,1,11,4,0.950307,0.818774,0.689734,4.209391,2.903361
437,1,11,5,0.962894,1.109549,1.270437,3.699149,4.699537
437,1,11,6,0.822657,0.842858,1.038131,3.670732,3.810702
437,1,11,7,0.931776,0.902772,0.933174,3.763311,3.511825
437,1,11,8,0.970983,0.976224,0.979298,3.775277,3.697119
437,1,11,9,0.963996,0.922112,0.791056,3.306370,2.615523
437,1,11,10,0.887932,0.844549,0.655182,2.040198,1.336700
437,1,11,11,0.986716,0.855821,0.836414,6.381137,5.337274
437,1,11,12,0.913222,0.729397,0.530431,4.172894,2.213433
437,1,11,13,0.978437,1.073560,1.032182,8.299579,8.566679
437,1,11,14,0.974022,1.090889,1.165227,4.241446,4.942249
437,1,11,15,0.979629,1.051116,1.014409,7.917449,8.031532
437,1,12,0,0.982607,1.138202,1.178970,-2.608059,-3.074823
437,1,12,1,0.971503,1.068824,1.081301,6.452522,6.977117
437,1,12,2,0.937476,1.026855,1.712990,1.111516,1.904016
437,1,12,3,0.998217,1.073722,1.074226,-3.344777,-3.593047
437,1,12,4,0.949790,1.064614,1.364557,2.436614,3.324899
437,1,12,5,0.885119,0.981897,1.223395,2.239489,2.739780
437,1,12,6,0.914126,1.043885,2.113124,0.916561,1.936808
437,1,12,7,0.957476,0.947003,0.940577,4.855820,4.567275
437,1,12,8,0.938525,0.930476,0.972753,4.077013,3.965925
437,1,12,9,0.983316,1.126805,1.140400,6.421383,7.322946
437,1,12,10,0.959712,0.863520,0.733468,2.900763,2.127617
437,1,12,11,0.933135,1.023305,1.185318,3.187293,3.777956
437,1,12,12,0.963364,1.191990,1.392180,3.934788,5.477932
437,1,12,13,0.899775,0.898122,0.921215,2.511582,2.313708
437,1,12,14,0.951750,1.037016,1.096721,4.746222,5.205281
437,1,12,15,0.850652,0.954062,1.101822,2.388725,2.631950
437,1,13,0,0.933489,0.860849,0.851209,4.235063,3.604924
437,1,13,1,0.946231,0.997723,1.008735,4.096594,4.132377
437,1,13,2,0.931450,1.008398,1.391279,1.465343,2.038701
437,1,13,3,0.936141,0.984526,1.037368,3.269765,3.391950
437,1,13,4,0.970881,0.913764,0.911400,7.682837,7.002136
437,1,13,5,0.922581,0.697381,0.573685,3.394433,1.947335
437,1,13,6,0.983871,1.029841,1.020482,7.153233,7.299745
437,1,13,7,0.950736,0.920305,0.831743,2.039902,1.696675
437,1,13,8,0.894315,0.759925,0.564987,2.875668,1.624714
437,1,13,9,0.939886,1.037352,1.140382,3.625566,4.134530
437,1,13,10,0.935363,1.099674,1.278902,3.360044,4.297167
437,1,13,11,0.913257,0.863487,0.869230,4.980235,4.328971
437,1,13,12,0.952492,0.901682,0.919551,5.160847,4.745659
437,1,13,13,0.915100,0.956794,0.960382,-0.659099,-0.632986
437,1,13,14,0.936243,0.947428,0.957371,4.456076,4.266117
437,1,13,15,0.987894,1.187562,1.232627,-2.191702,-2.701550
437,1,14,0,0.888014,0.923930,0.866685,1.756331,1.522186
437,1,14,1,0.986759,0.926305,0.908349,9.709446,8.819565
437,1,14,2,0.947982,0.998342,1.013734,4.267309,4.325915
437,1,14,3,0.887898,0.966699,0.990305,1.551133,1.536095
437,1,14,4,0.959471,1.032617,1.071777,5.060866,5.424120
437,1,14,5,0.794719,0.714768,0.344257,1.506067,0.518474
437,1,14,6,0.878355,0.929760,0.915275,1.631145,1.492947
437,1,14,7,0.954356,0.722008,0.663363,5.753531,3.816678
437,1,14,8,0.916711,0.909678,0.861887,2.853586,2.459470
437,1,14,9,0.818953,0.934483,2.033401,0.770836,1.567418
437,1,14,10,0.782856,0.719912,0.179901,0.968515,0.174237
437,1,14,11,0.918943,1.049440,1.271292,2.862908,3.639592
437,1,14,12,0.936980,0.974812,1.008484,2.613051,2.635220
437,1,14,13,0.878830,1.005570,1.356761,1.654699,2.245032
437,1,14,14,0.944236,0.982258,1.003986,4.047658,4.063790
437,1,14,15,0.877772,1.044865,1.679653,1.400705,2.352699
437,1,15,0,0.979289,1.010235,1.007628,4.207702,4.239798
437,1,15,1,0.962705,0.960842,0.880348,2.738662,2.410975
437,1,15,2,0.971933,0.866606,0.801320,4.712594,3.776296
437,1,15,3,0.976335,0.978926,0.961380,3.622282,3.482389
437,1,15,4,0.997363,1.017859,1.020161,-3.435518,-3.504781
437,1,15,5,0.969878,1.007143,1.050567,3.679121,3.865163
437,1,15,6,0.619114,0.829742,20.612630,0.047241,0.973756
437,1,15,7,0.952347,0.909623,0.808316,3.049796,2.465199
437,1,15,8,0.961043,1.023817,1.062111,3.838407,4.076816
437,1,15,9,0.977859,0.971259,0.926837,3.796387,3.518632
437,1,15,10,0.969777,0.907948,0.855748,-2.333231,-1.996658
437,1,15,11,0.959801,0.885119,0.790812,3.794845,3.001010
437,1,15,12,0.988221,1.112749,1.076756,5.752295,6.193819
437,1,15,13,0.944198,0.930605,0.902220,2.579989,2.327718
437,1,15,14,0.964583,0.973814,1.001549,3.965352,3.971496
437,1,15,15,0.790343,0.690206,0.185707,1.730756,0.321414
500,1,0,0,0.836709,0.914124,-4.606968,-0.156811,0.722423
500,1,0,1,0.945747,0.849233,0.647672,-0.615645,-0.398736
500,1,0,2,0.971153,0.898763,0.735323,0.528901,0.388913
500,1,0,3,0.966071,0.986057,1.043921,-1.600590,-1.670891
500,1,0,4,0.892882,0.847114,1.037648,-0.676615,-0.702088
500,1,0,5,0.844753,0.730295,0.212492,1.183350,0.251453
500,1,0,6,0.946356,0.959515,0.624194,1.430510,0.892916
500,1,0,7,0.985496,1.062097,1.102360,-1.606874,-1.771354
500,1,0,8,0.955303,0.830072,0.789705,1.644598,1.298748
500,1,0,9,0.943270,1.083711,1.328487,-0.947592,-1.258863
500,1,0,10,0.953710,0.899627,0.901352,-0.206228,-0.185884
500,1,0,11,0.813346,0.932756,49.974259,0.021621,1.080497
500,1,0,12,0.842605,0.728034,0.433841,0.848056,0.367922
500,1,0,13,0.976663,1.016191,1.030939,-1.735137,-1.788821
500,1,0,14,0.933700,0.830382,0.426705,0.543973,0.232116
500,1,0,15,0.990944,1.012238,1.235342,-0.337122,-0.416460
500,1,1,0,0.979549,1.008265,1.101877,0.606135,0.667886
500,1,1,1,0.993377,0.947254,0.939887,3.566070,3.351702
500,1,1,2,0.961846,0.999433,1.113147,1.162940,1.294524
500,1,1,3,0.893469,1.103718,4.545168,0.325976,1.481616
500,1,1,4,0.951991,0.875171,0.675941,-0.425265,-0.287454
500,1,1,5,0.921192,1.213979,2.129664,1.068848,2.276288
500,1,1,6,0.984332,0.973592,0.961250,1.782417,1.713348
500,1,1,7,0.954725,0.985160,1.281483,0.825352,1.057674
500,1,1,8,0.926515,1.060947,2.799586,0.428422,1.199405
500,1,1,9,0.941561,0.946494,0.520490,-0.504936,-0.262814
500,1,1,10,0.952949,0.956773,0.756839,1.032000,0.781057
500,1,1,11,0.966529,0.962719,0.674411,1.642533,1.107742
500,1,1,12,0.958992,1.089010,1.521861,-0.613877,-0.934235
500,1,1,13,0.965896,0.897853,0.893312,1.074149,0.959550
500,1,1,14,0.517623,0.423348,-0.309518,-0.525458,0.162639
500,1,1,15,0.970362,1.195705,1.286453,3.175433,4.085047
500,1,2,0,0.961821,0.950040,0.868995,2.334708,2.028849
500,1,2,1,0.956480,0.946293,0.934588,1.789696,1.672629
500,1,2,2,0.963874,1.031197,2.033716,0.344625,0.700869
500,1,2,3,0.966518,1.046049,1.950810,0.363594,0.709302
500,1,2,4,0.944503,1.019325,1.591677,0.450065,0.716358
500,1,2,5,0.983598,0.995813,0.998280,3.879225,3.872551
500,1,2,6,0.956964,1.062109,1.138647,1.448643,1.649493
500,1,2,7,0.960768,1.020761,1.803364,0.422258,0.761485
500,1,2,8,0.956705,0.980211,1.199477,0.436322,0.523358
500,1,2,9,0.979552,0.878843,0.822444,4.255554,3.499953
500,1,2,10,0.916700,1.034728,2.688219,0.432638,1.163027
500,1,2,11,0.990146,1.016285,1.023889,2.765822,2.831895
500,1,2,12,0.963194,1.032787,2.043592,0.388629,0.794200
500,1,2,13,0.932286,0.971217,0.607222,0.334077,0.202859
500,1,2,14,0.937125,0.983923,1.152945,-0.756034,-0.871666
500,1,2,15,0.946931,1.042156,3.828635,0.206112,0.789126
500,1,3,0,0.941711,0.977099,1.022333,1.355559,1.385832
500,1,3,1,0.955556,0.934525,0.830790,2.299299,1.910233
500,1,3,2,0.935086,0.946473,0.695696,1.052239,0.732039
500,1,3,3,0.958011,0.963791,0.658024,1.209318,0.795760
500,1,3,4,0.919202,0.893061,0.718253,2.347749,1.686278
500,1,3,5,0.977336,1.136683,1.245722,1.950271,2.429495
500,1,3,6,0.963001,0.981368,0.884456,2.083325,1.842609
500,1,3,7,0.956707,0.988535,1.436863,0.742778,1.067271
500,1,3,8,0.992842,1.026527,1.036345,8.231877,8.531068
500,1,3,9,0.981366,1.074505,1.154560,2.367573,2.733505
500,1,3,10,0.895915,0.795502,0.535852,3.278442,1.756760
500,1,3,11,0.819929,1.015472,5.957437,0.302543,1.802382
500,1,3,12,0.980651,0.969976,0.938723,2.483933,2.331724
500,1,3,13,0.986594,1.092190,1.112177,6.058601,6.738239
500,1,3,14,0.940868,0.973885,0.916052,1.177008,1.078200
500,1,3,15,0.974271,0.973834,0.848148,2.289909,1.942182
500,1,4,0,0.964064,0.934066,0.893273,2.579873,2.304531
500,1,4,1,0.979079,1.087046,1.089334,2.276525,2.479895
500,1,4,2,0.957323,1.021650,1.362917,0.687979,0.937658
500,1,4,3,0.969090,1.059952,1.135175,2.563570,2.910100
500,1,4,4,0.991776,1.058562,1.074752,4.284605,4.604889
500,1,4,5,0.960885,1.120331,1.485779,1.720076,2.555653
500,1,4,6,0.962787,1.113187,1.548697,1.747730,2.706705
500,1,4,7,0.974724,0.955110,0.792859,1.888807,1.497558
500,1,4,8,0.849509,0.712424,-0.031812,-0.323082,0.010278
500,1,4,9,0.963625,1.020112,1.045597,0.729463,0.762724
500,1,4,10,0.990725,1.016156,1.013992,6.941648,7.038777
500,1,4,11,0.980819,0.942215,0.950815,4.737772,4.504746
500,1,4,12,0.957561,0.962288,0.898167,1.731799,1.555445
500,1,4,13,0.983483,1.072182,1.098021,4.168835,4.577466
500,1,4,14,0.974961,0.992496,0.839624,1.479109,1.241895
500,1,4,15,0.951798,1.098484,1.563037,1.347952,2.106899
500,1,5,0,0.992697,0.983384,0.984750,11.238554,11.067167
500,1,5,1,0.915499,0.759760,0.636681,3.544146,2.256492
500,1,5,2,0.991262,0.955152,0.957499,8.996364,8.614009
500,1,5,3,0.981266,0.946910,0.859818,2.865604,2.463898
500,1,5,4,0.997071,1.033634,1.037202,11.523813,11.952527
500,1,5,5,0.993053,1.001074,1.002669,9.288458,9.313245
500,1,5,6,0.996595,1.038754,1.042846,15.072583,15.718382
500,1,5,7,0.946723,1.112657,1.395654,2.562602,3.576505
500,1,5,8,0.965010,1.083556,1.223436,3.278270,4.010752
500,1,5,9,0.973859,1.032763,1.086135,4.409305,4.789098
500,1,5,10,0.961145,0.806998,0.746394,6.059830,4.523023
500,1,5,11,0.969260,0.939921,0.947895,5.269166,4.994616
500,1,5,12,0.891766,0.834142,0.588460,1.231395,0.724627
500,1,5,13,0.990348,0.994510,0.979286,5.653628,5.536518
500,1,5,14,0.987121,0.946742,0.947957,6.750314,6.399010
500,1,5,15,0.916350,0.820582,0.782782,2.059892,1.612447
500,1,6,0,0.946898,0.970093,1.031635,2.740472,2.827166
500,1,6,1,0.974192,0.878420,0.849848,5.642813,4.795536
500,1,6,2,0.980691,0.901191,0.819753,5.371117,4.402990
500,1,6,3,0.953842,0.952005,0.987635,2.927360,2.891163
500,1,6,4,0.975886,1.143161,1.248586,4.624296,5.773833
500,1,6,5,0.950718,0.836722,0.729736,3.889863,2.838573
500,1,6,6,0.990374,0.955531,0.949366,11.144508,10.580216
500,1,6,7,0.991109,0.990657,0.994123,7.830975,7.784950
500,1,6,8,0.957921,0.835049,0.713655,5.308616,3.788521
500,1,6,9,0.994423,0.967273,0.958561,11.037020,10.579659
500,1,6,10,0.949088,0.999122,1.026124,2.203762,2.261334
500,1,6,11,0.935209,0.986882,1.064530,2.866385,3.051354
500,1,6,12,0.993006,0.970203,0.952281,11.682854,11.125364
500,1,6,13,0.898119,0.977210,1.968475,-0.337330,-0.664027
500,1,6,14,0.965368,0.926098,0.810583,2.725863,2.209539
500,1,6,15,0.982081,0.982671,0.979663,4.291345,4.204070
500,1,7,0,0.992079,1.031076,1.035593,10.107691,10.467453
500,1,7,1,0.976266,1.001437,1.012053,5.082323,5.143581
500,1,7,2,0.973713,0.986500,1.010860,3.209492,3.244346
500,1,7,3,0.976465,0.899882,0.909413,6.594765,5.997365
500,1,7,4,0.921871,0.750291,0.595392,4.071819,2.424330
500,1,7,5,0.934610,1.019969,1.103430,3.300303,3.641653
500,1,7,6,0.976923,0.957726,0.963304,8.260097,7.956981
500,1,7,7,0.971927,1.158885,1.287667,3.627755,4.671342
500,1,7,8,0.976283,1.034875,1.008410,6.505905,6.560623
500,1,7,9,0.993730,0.960668,0.963122,11.497788,11.073772
500,1,7,10,0.998278,1.000671,1.000903,25.615870,25.639011
500,1,7,11,0.993321,0.958455,0.946959,6.090165,5.767134
500,1,7,12,0.990729,0.996799,0.999571,10.822210,10.817570
500,1,7,13,0.973059,0.888677,0.870206,6.512770,5.667453
500,1,7,14,0.971564,0.832680,0.819082,3.972074,3.253455
500,1,7,15,0.844945,0.801573,-0.043684,1.057654,-0.046202
500,1,8,0,0.962897,1.087974,1.195349,3.306002,3.951827
500,1,8,1,0.973677,0.926189,0.876130,5.313615,4.655419
500,1,8,2,0.898634,0.785990,0.627743,2.652256,1.664936
500,1,8,3,0.971063,0.878669,0.825482,5.236089,4.322297
500,1,8,4,0.988967,1.045299,1.043035,10.944589,11.415591
500,1,8,5,0.959181,1.024177,1.106650,-1.876777,-2.076935
500,1,8,6,0.967574,1.080341,1.157815,3.629034,4.201751
500,1,8,7,0.988188,1.082895,1.176365,6.336869,7.454471
500,1,8,8,0.989094,0.998312,0.983350,5.449117,5.358388
500,1,8,9,0.981816,0.991761,0.989521,5.156847,5.102807
500,1,8,10,0.985544,0.961362,0.951090,6.862780,6.527120
500,1,8,11,0.980667,1.044828,1.106065,5.032087,5.565814
500,1,8,12,0.962315,1.019766,1.022298,3.345056,3.419642
500,1,8,13,0.985409,0.983564,0.975149,6.869511,6.698797
500,1,8,14,0.970403,1.079662,1.117796,4.003784,4.475414
500,1,8,15,0.828214,0.861043,1.073478,0.942506,1.011760
500,1,9,0,0.960983,0.941490,0.921100,3.154063,2.905206
500,1,9,1,0.864315,0.776040,0.231652,1.822627,0.422216
500,1,9,2,0.944645,0.870601,0.731893,2.574013,1.883902
500,1,9,3,0.987519,1.037762,1.050077,6.065928,6.369689
500,1,9,4,0.977624,1.085360,1.120510,5.513985,6.178476
500,1,9,5,0.976013,1.091105,1.168770,5.435668,6.353048
500,1,9,6,0.990443,1.061777,1.115647,8.064762,8.997426
500,1,9,7,0.990269,0.931319,0.913330,5.473086,4.998736
500,1,9,8,0.846838,0.780706,0.112033,0.843229,0.094470
500,1,9,9,0.989569,1.005404,1.006047,6.846530,6.887932
500,1,9,10,0.980838,0.897623,0.887592,7.715904,6.848573
500,1,9,11,0.978164,0.827376,0.767951,5.652303,4.340692
500,1,9,12,0.886800,0.910886,1.053320,4.351882,4.583923
500,1,9,13,0.947825,0.875540,0.802679,2.797521,2.245512
500,1,9,14,0.985541,1.044500,1.071444,5.769526,6.181724
500,1,9,15,0.993907,0.981853,0.962608,10.123467,9.744926
500,1,10,0,0.933197,0.781580,0.584267,4.091571,2.390570
500,1,10,1,0.995267,0.984441,0.987971,18.464977,18.242865
500,1,10,2,0.969656,0.898379,0.833816,5.403204,4.505279
500,1,10,3,0.957755,0.784390,0.689125,3.661292,2.523089
500,1,10,4,0.996132,0.931620,0.930928,7.589980,7.065721
500,1,10,5,0.991569,1.040175,1.044290,10.099369,10.546672
500,1,10,6,0.982993,0.984623,0.974809,8.572362,8.356420
500,1,10,7,0.988925,0.859929,0.825863,7.525260,6.214832
500,1,10,8,0.985795,1.047904,1.070459,7.076130,7.574704
500,1,10,9,0.983138,1.001322,1.019976,7.760334,7.915357
500,1,10,10,0.982413,0.947853,0.963235,11.976480,11.536170
500,1,10,11,0.989580,0.993856,0.984948,8.245562,8.121452
500,1,10,12,0.954236,0.793932,0.689783,4.748004,3.275092
500,1,10,13,0.994565,1.039210,1.041260,11.400018,11.870388
500,1,10,14,0.944906,0.850066,0.745229,3.933531,2.931382
500,1,10,15,0.979513,1.034544,1.055352,5.088127,5.369766
500,1,11,0,0.996929,1.026116,1.031293,9.564765,9.864076
500,1,11,1,0.988426,1.107675,1.111180,10.020340,11.134400
500,1,11,2,0.979486,1.058243,1.099344,5.463266,6.006009
500,1,11,3,0.863988,1.034149,1.590836,-1.359681,-2.163030
500,1,11,4,0.950165,0.822333,0.692559,4.148154,2.872841
500,1,11,5,0.970898,1.118299,1.229830,4.387002,5.395265
500,1,11,6,0.881642,0.911331,1.076630,5.623353,6.054271
500,1,11,7,0.933371,0.890989,0.869525,3.874050,3.368584
500,1,11,8,0.971252,0.998631,1.017618,4.024526,4.095429
500,1,11,9,0.980777,0.930469,0.864844,3.800477,3.286820
500,1,11,10,0.905869,0.876712,0.617249,1.865278,1.151340
500,1,11,11,0.987623,0.848402,0.829371,6.760254,5.606759
500,1,11,12,0.902297,0.735889,0.494648,3.897296,1.927788
500,1,11,13,0.989303,1.114453,1.118265,10.531455,11.776959
500,1,11,14,0.977801,1.111156,1.181419,4.934002,5.829123
500,1,11,15,0.988341,1.082729,1.082378,9.621545,10.414146
500,1,12,0,0.987354,1.175770,1.208618,-2.786397,-3.367691
500,1,12,1,0.981937,1.095282,1.114337,7.695383,8.575252
500,1,12,2,0.923333,1.054802,1.872940,1.388658,2.600873
500,1,12,3,0.998495,1.089391,1.089631,-3.369910,-3.671958
500,1,12,4,0.953871,1.095458,1.382600,2.863356,3.958876
500,1,12,5,0.888907,1.024569,1.199300,2.533031,3.037863
500,1,12,6,0.911704,1.053973,2.155273,1.026406,2.212185
500,1,12,7,0.959989,0.921534,0.890448,4.757124,4.235970
500,1,12,8,0.934698,0.948440,0.982484,3.890357,3.822214
500,1,12,9,0.981978,1.155588,1.194874,7.060430,8.436321
500,1,12,10,0.977535,0.899569,0.840799,3.351792,2.818183
500,1,12,11,0.941549,1.027960,1.171005,3.374141,3.951135
500,1,12,12,0.968362,1.191946,1.367880,4.362667,5.967603
500,1,12,13,0.872201,0.891224,1.017059,2.259005,2.297541
500,1,12,14,0.956946,1.059291,1.114157,5.007592,5.579244
500,1,12,15,0.853146,0.918178,0.872661,2.567292,2.240376
500,1,13,0,0.931650,0.873910,0.864378,4.504074,3.893220
500,1,13,1,0.951885,1.023835,1.066918,4.276871,4.563069
500,1,13,2,0.920764,0.981443,1.588121,1.084280,1.721968
500,1,13,3,0.947454,1.006488,1.076333,3.898339,4.195912
500,1,13,4,0.975481,0.939466,0.947969,7.930476,7.517845
500,1,13,5,0.961706,0.745802,0.685614,3.802943,2.607351
500,1,13,6,0.981797,1.072289,1.080039,7.187664,7.762955
500,1,13,7,0.953063,0.924444,0.858193,2.010364,1.725280
500,1,13,8,0.886325,0.757237,0.433447,2.530622,1.096890
500,1,13,9,0.936496,1.034365,1.169792,3.323275,3.887540
500,1,13,10,0.928755,1.085862,1.305692,2.997619,3.913968
500,1,13,11,0.917305,0.884883,0.894527,5.082568,4.546496
500,1,13,12,0.944957,0.913409,0.957145,4.764427,4.560249
500,1,13,13,0.923855,0.961779,0.931631,-0.913750,-0.851279
500,1,13,14,0.950693,0.983905,1.024876,4.864554,4.985563
500,1,13,15,0.988548,1.245421,1.292445,-2.027884,-2.620930
500,1,14,0,0.885146,0.925122,0.968870,2.049824,1.986014
500,1,14,1,0.982266,0.895302,0.872426,9.368501,8.173321
500,1,14,2,0.958910,1.070390,1.141779,4.625959,5.281821
500,1,14,3,0.883670,0.980887,1.084841,1.514749,1.643261
500,1,14,4,0.965457,1.083301,1.163696,5.211581,6.064693
500,1,14,5,0.768931,0.725930,0.191200,1.373404,0.262595
500,1,14,6,0.889585,0.950221,1.006568,1.790943,1.802706
500,1,14,7,0.952198,0.703565,0.646707,5.956781,3.852293
500,1,14,8,0.921888,0.960117,1.009187,2.988652,3.016109
500,1,14,9,0.817328,0.957635,2.226899,0.831969,1.852711
500,1,14,10,0.743006,0.691826,-0.189190,0.881408,-0.166753
500,1,14,11,0.911823,1.079670,1.409265,2.715737,3.827192
500,1,14,12,0.932750,1.012952,1.149913,2.446623,2.813403
500,1,14,13,0.880589,0.991635,1.335556,1.621927,2.166174
500,1,14,14,0.954066,1.036694,1.115388,4.244652,4.734433
500,1,14,15,0.848193,1.080334,2.123028,1.339847,2.844533
500,1,15,0,0.979707,1.063199,1.107674,4.172948,4.622267
500,1,15,1,0.965434,0.981320,0.936413,2.767472,2.591496
500,1,15,2,0.974683,0.874071,0.818183,4.866240,3.981475
500,1,15,3,0.975123,0.989727,0.987273,3.420441,3.376908
500,1,15,4,0.997087,0.999666,1.000432,-3.380516,-3.381975
500,1,15,5,0.968747,1.017283,1.098256,3.572776,3.923824
500,1,15,6,0.604125,0.934619,4.709515,0.302248,1.423441
500,1,15,7,0.957503,0.926506,0.834865,3.113305,2.599188
500,1,15,8,0.959678,1.051134,1.110712,3.672729,4.079343
500,1,15,9,0.979506,0.993241,0.973734,3.807306,3.707302
500,1,15,10,0.962541,0.937522,0.871476,-2.125086,-1.851962
500,1,15,11,0.971830,0.923480,0.875462,4.073494,3.566190
500,1,15,12,0.990391,1.129938,1.105510,6.100120,6.743746
500,1,15,13,0.914825,0.845849,0.645780,2.461255,1.589430
500,1,15,14,0.936442,0.860956,0.820056,3.348695,2.746118
500,1,15,15,0.693955,0.662048,-0.185273,1.547073,-0.286630
1,1,0,0,0.833903,0.908301,-3.138831,-0.221199,0.694307
1,1,0,1,0.953912,0.850844,0.688242,-0.715710,-0.492581
1,1,0,2,0.977267,0.887366,0.894214,1.298710,1.161325
1,1,0,3,0.936160,1.002524,1.273252,-0.748139,-0.952570
1,1,0,4,0.817525,0.873644,2.570290,-0.247475,-0.636083
1,1,0,5,0.883020,0.765223,0.353530,1.198447,0.423686
1,1,0,6,0.945513,0.956209,0.616552,1.456108,0.897766
1,1,0,7,0.988732,1.073407,1.108547,-1.640471,-1.818540
1,1,0,8,0.962936,0.840391,0.806984,1.777124,1.434110
1,1,0,9,0.861218,0.972965,-2.684291,0.127376,-0.341915
1,1,0,10,0.941807,0.893267,2.266024,-0.090537,-0.205158
1,1,0,11,0.806829,0.915894,-10.051713,-0.100001,1.005177
1,1,0,12,0.848599,0.809619,-1.263136,0.112216,-0.141744
1,1,0,13,0.970353,1.054248,1.128160,-1.108361,-1.250409
1,1,0,14,0.974938,0.839499,0.842905,1.417793,1.195065
1,1,0,15,0.990740,1.008131,1.260560,-0.249421,-0.314410
1,1,1,0,0.980465,1.010961,1.082006,0.728346,0.788075
1,1,1,1,0.991298,0.965728,0.947292,2.723526,2.579975
1,1,1,2,0.974998,0.969294,1.012381,1.461604,1.479700
1,1,1,3,0.899477,1.116898,3.688876,0.414309,1.528335
1,1,1,4,0.974513,0.932088,1.181510,0.561727,0.663686
1,1,1,5,0.927863,1.214010,1.997933,1.156870,2.311349
1,1,1,6,0.989260,0.976306,0.982392,1.771603,1.740408
1,1,1,7,0.956708,0.988440,1.260374,0.876774,1.105063
1,1,1,8,0.930617,1.049929,2.965999,0.371923,1.103122
1,1,1,9,0.942065,0.946972,0.571742,-0.512725,-0.293146
1,1,1,10,0.951036,0.955418,0.741796,1.028089,0.762633
1,1,1,11,0.966492,0.963718,0.668293,1.615936,1.079918
1,1,1,12,0.960349,1.057145,1.767441,-0.392350,-0.693456
1,1,1,13,0.970644,0.906969,0.890519,1.134304,1.010120
1,1,1,14,0.543422,0.541383,-0.962587,-0.292067,0.281140
1,1,1,15,0.981512,1.109353,1.148321,3.598791,4.132566
1,1,2,0,0.961317,0.949196,0.864900,2.290499,1.981054
1,1,2,1,0.976800,0.944323,0.954399,2.565616,2.448620
1,1,2,2,0.963633,1.033435,1.985072,0.324975,0.645099
1,1,2,3,0.966641,1.046107,1.962536,0.350887,0.688628
1,1,2,4,0.945138,1.093323,1.792022,0.504153,0.903452
1,1,2,5,0.983559,0.976420,0.948628,3.301559,3.131953
1,1,2,6,0.956422,1.064988,1.138825,1.484681,1.690792
1,1,2,7,0.962154,1.024055,1.692908,0.429393,0.726923
1,1,2,8,0.930485,0.910896,4.362098,0.021479,0.093692
1,1,2,9,0.979173,0.881836,0.824628,4.164102,3.433837
1,1,2,10,0.925166,1.026896,2.310086,0.494004,1.141192
1,1,2,11,0.993158,1.018110,1.033945,3.218875,3.328139
1,1,2,12,0.962164,1.036033,2.132855,0.347389,0.740930
1,1,2,13,0.941454,1.003588,1.059848,0.331368,0.351200
1,1,2,14,0.938886,0.976242,1.147747,-0.682032,-0.782800
1,1,2,15,0.949607,1.050169,2.966106,0.278412,0.825799
1,1,3,0,0.944558,0.975235,0.959556,1.663437,1.596162
1,1,3,1,0.956885,0.945657,0.844924,2.188431,1.849058
1,1,3,2,0.937170,0.960691,0.721984,0.905356,0.653652
1,1,3,3,0.957320,0.964433,0.658019,1.213154,0.798278
1,1,3,4,0.917560,0.888524,0.706885,2.352018,1.662607
1,1,3,5,0.981298,1.116017,1.223485,2.026515,2.479411
1,1,3,6,0.963451,0.985054,0.891151,2.078587,1.852335
1,1,3,7,0.956013,0.990045,1.518347,0.708637,1.075956
1,1,3,8,0.992670,1.036938,1.048064,7.788024,8.162347
1,1,3,9,0.986319,1.062273,1.106851,2.750920,3.044859
1,1,3,10,0.890324,0.788826,0.510034,3.212600,1.638537
1,1,3,11,0.839295,1.050042,4.300256,0.438592,1.886060
1,1,3,12,0.974651,0.978243,0.939970,1.935567,1.819374
1,1,3,13,0.989273,1.077322,1.092736,6.602695,7.215001
1,1,3,14,0.938767,0.979563,0.912201,1.023245,0.933405
1,1,3,15,0.974136,0.975194,0.847239,2.348399,1.989655
1,1,4,0,0.966872,0.939405,0.908137,2.725030,2.474699
1,1,4,1,0.983073,1.081561,1.072985,2.962463,3.178677
1,1,4,2,0.959321,1.018156,1.300385,0.709981,0.923248
1,1,4,3,0.966757,1.056877,1.137616,2.479652,2.820892
1,1,4,4,0.992801,1.041217,1.046881,4.716138,4.937237
1,1,4,5,0.958125,1.116820,1.527568,1.636970,2.500584
1,1,4,6,0.957068,1.117999,1.625933,1.646830,2.677634
1,1,4,7,0.974723,0.956628,0.793651,1.908076,1.514347
1,1,4,8,0.875737,0.748635,-0.614585,-0.160249,0.098487
1,1,4,9,0.964065,1.016639,1.019771,0.739417,0.754036
1,1,4,10,0.990033,1.002892,1.005164,7.089287,7.125895
1,1,4,11,0.980178,0.933466,0.940282,4.644755,4.367382
1,1,4,12,0.957906,0.963141,0.895399,1.726518,1.545922
1,1,4,13,0.991107,1.024296,1.036507,5.211899,5.402172
1,1,4,14,0.974916,0.992130,0.831974,1.486666,1.236868
1,1,4,15,0.953547,1.095127,1.529131,1.390355,2.126034
1,1,5,0,0.993251,0.996543,1.000410,10.844934,10.849379
1,1,5,1,0.907430,0.726660,0.593563,3.643412,2.162593
1,1,5,2,0.986244,0.938681,0.931228,7.569441,7.048878
1,1,5,3,0.982503,0.935488,0.850147,3.072478,2.612059
1,1,5,4,0.997757,1.028032,1.031894,11.542189,11.910316
1,1,5,5,0.992887,1.009033,1.010372,9.116546,9.211102
1,1,5,6,0.997724,1.029639,1.032185,16.153582,16.673491
1,1,5,7,0.942965,1.115907,1.433889,2.454988,3.520181
1,1,5,8,0.957455,1.091790,1.276070,3.048800,3.890480
1,1,5,9,0.971116,1.059620,1.130275,4.246058,4.799213
1,1,5,10,0.965714,0.819913,0.765706,6.138806,4.700522
1,1,5,11,0.965438,0.938618,0.957661,4.874640,4.668251
1,1,5,12,0.922000,0.831936,0.704585,1.882189,1.326161
1,1,5,13,0.990004,0.986856,0.965708,5.613934,5.421422
1,1,5,14,0.985485,0.939719,0.940325,6.590898,6.197587
1,1,5,15,0.947610,0.863473,0.826807,2.124002,1.756140
1,1,6,0,0.946377,0.978465,1.052660,2.716027,2.859054
1,1,6,1,0.974280,0.883409,0.857297,5.520086,4.732356
1,1,6,2,0.979535,0.902644,0.816479,5.268020,4.301226
1,1,6,3,0.946992,0.969684,1.046989,2.402913,2.515823
1,1,6,4,0.978714,1.122769,1.213802,4.777889,5.799413
1,1,6,5,0.956821,0.869835,0.786916,3.649729,2.872030
1,1,6,6,0.992580,0.958283,0.957138,12.301397,11.774140
1,1,6,7,0.993831,1.012186,1.014239,8.458080,8.578518
1,1,6,8,0.960687,0.848912,0.731988,5.263298,3.852672
1,1,6,9,0.995414,0.972031,0.969961,11.781749,11.427835
1,1,6,10,0.945989,1.005888,1.057534,2.102050,2.222990
1,1,6,11,0.957204,0.977000,1.024874,3.486591,3.573317
1,1,6,12,0.994763,0.976170,0.965724,12.606517,12.174410
1,1,6,13,0.904274,0.968346,2.365077,-0.223798,-0.529299
1,1,6,14,0.965911,0.933935,0.828985,2.778296,2.303165
1,1,6,15,0.980135,1.017650,1.054675,3.999120,4.217771
1,1,7,0,0.992681,1.026778,1.031069,10.120646,10.435081
1,1,7,1,0.976343,1.011861,1.025574,5.310442,5.446254
1,1,7,2,0.975515,0.988745,1.011196,3.250331,3.286721
1,1,7,3,0.982409,0.930652,0.941677,6.703439,6.312477
1,1,7,4,0.926851,0.738884,0.601021,4.201146,2.524976
1,1,7,5,0.930849,1.027330,1.138231,3.260755,3.711493
1,1,7,6,0.977706,0.969226,0.980067,7.770771,7.615873
1,1,7,7,0.972499,1.153198,1.276626,3.746724,4.783164
1,1,7,8,0.976832,1.048835,1.029802,6.542274,6.737243
1,1,7,9,0.991687,0.964039,0.965973,10.008543,9.667985
1,1,7,10,0.998482,1.008074,1.008732,26.144661,26.372946
1,1,7,11,0.992519,0.966965,0.955289,5.762865,5.505203
1,1,7,12,0.990163,0.997646,0.999563,9.918450,9.914117
1,1,7,13,0.974766,0.899688,0.891191,6.522022,5.812369
1,1,7,14,0.972533,0.843200,0.816964,3.716518,3.036261
1,1,7,15,0.842420,0.801812,-0.071471,0.997137,-0.071266
1,1,8,0,0.965588,1.095295,1.195196,3.636349,4.346151
1,1,8,1,0.976229,0.927384,0.884013,5.500103,4.862163
1,1,8,2,0.909745,0.799206,0.687282,2.664175,1.831041
1,1,8,3,0.966393,0.869347,0.800162,4.911945,3.930350
1,1,8,4,0.987955,1.049524,1.054807,9.700864,10.232543
1,1,8,5,0.957293,1.024063,1.122923,-1.875652,-2.106213
1,1,8,6,0.972354,1.061486,1.117757,4.099098,4.581795
1,1,8,7,0.987065,1.094254,1.193600,6.308783,7.530165
1,1,8,8,0.988873,1.000159,0.983970,5.330515,5.245069
1,1,8,9,0.984260,1.002990,0.999582,5.577743,5.575409
1,1,8,10,0.984814,0.978168,0.969290,6.710126,6.504059
1,1,8,11,0.981928,1.044378,1.106949,5.060895,5.602154
1,1,8,12,0.964986,1.026933,1.044040,3.532854,3.688442
1,1,8,13,0.983491,0.983116,0.975738,7.032431,6.861809
1,1,8,14,0.973832,1.088750,1.116603,4.531948,5.060385
1,1,8,15,0.823851,0.846563,1.145595,0.910954,1.043585
1,1,9,0,0.961655,0.949473,0.940456,3.022662,2.842680
1,1,9,1,0.842744,0.749114,0.161155,1.834231,0.295595
1,1,9,2,0.946093,0.869268,0.732258,2.665570,1.951885
1,1,9,3,0.986783,1.052334,1.061935,5.964954,6.334396
1,1,9,4,0.976359,1.097159,1.148210,5.500793,6.316065
1,1,9,5,0.976377,1.095269,1.161987,5.528603,6.424165
1,1,9,6,0.989522,1.073389,1.134230,8.008530,9.083511
1,1,9,7,0.990960,0.929853,0.911791,5.590633,5.097489
1,1,9,8,0.834599,0.781679,-0.143362,0.718873,-0.103059
1,1,9,9,0.989136,1.022216,1.028649,6.662454,6.853324
1,1,9,10,0.981503,0.898183,0.888315,7.915041,7.031052
1,1,9,11,0.978248,0.825764,0.765824,5.639174,4.318613
1,1,9,12,0.896364,0.929491,1.082387,4.335771,4.692980
1,1,9,13,0.950141,0.864107,0.790257,3.043569,2.405201
1,1,9,14,0.983214,1.058496,1.093400,5.341118,5.839979
1,1,9,15,0.993223,0.985394,0.965470,9.573640,9.243063
1,1,10,0,0.933855,0.781378,0.593695,4.137079,2.456163
1,1,10,1,0.995237,0.981380,0.985928,18.328396,18.070482
1,1,10,2,0.971978,0.915283,0.855100,5.450358,4.660601
1,1,10,3,0.954367,0.804495,0.679295,3.291201,2.235698
1,1,10,4,0.995569,0.918693,0.917954,7.360845,6.756916
1,1,10,5,0.989528,1.017197,1.031606,8.511064,8.780066
1,1,10,6,0.983366,0.961483,0.960423,8.613856,8.272946
1,1,10,7,0.987079,0.855963,0.812940,6.981902,5.675870
1,1,10,8,0.985192,1.042607,1.055130,6.975104,7.359644
1,1,10,9,0.971106,0.969817,0.986569,6.613470,6.524648
1,1,10,10,0.975945,0.936012,0.958752,10.876599,10.427966
1,1,10,11,0.989533,0.983731,0.970343,8.602630,8.347499
1,1,10,12,0.952701,0.789537,0.682124,4.766062,3.251044
1,1,10,13,0.993944,1.043491,1.046862,10.329936,10.814019
1,1,10,14,0.949512,0.864655,0.775632,3.896990,3.022629
1,1,10,15,0.980228,1.036991,1.052210,5.096789,5.362893
1,1,11,0,0.995063,1.018968,1.024174,8.217898,8.416556
1,1,11,1,0.987479,1.102977,1.119736,8.815911,9.871496
1,1,11,2,0.978943,1.053840,1.086002,5.401203,5.865716
1,1,11,3,0.845984,0.991181,1.681903,-1.158756,-1.948915
1,1,11,4,0.947677,0.814363,0.677871,4.205571,2.850833
1,1,11,5,0.966202,1.127521,1.278920,3.964772,5.070628
1,1,11,6,0.901327,0.924159,1.055007,5.835152,6.156126
1,1,11,7,0.932102,0.886675,0.851444,3.925357,3.342220
1,1,11,8,0.970882,0.975048,0.964582,4.175128,4.027254
1,1,11,9,0.980861,0.928948,0.874846,3.661712,3.203436
1,1,11,10,0.910694,0.864631,0.678947,2.369768,1.608946
1,1,11,11,0.985972,0.841079,0.817141,6.514119,5.322954
1,1,11,12,0.908124,0.730287,0.510895,4.066337,2.077471
1,1,11,13,0.987505,1.119444,1.133808,8.897836,10.088433
1,1,11,14,0.980549,1.113891,1.162833,5.337690,6.206842
1,1,11,15,0.987928,1.069339,1.074977,8.850287,9.513854
1,1,12,0,0.985646,1.182279,1.219997,-2.695596,-3.288617
1,1,12,1,0.980460,1.082649,1.108741,7.038946,7.804369
1,1,12,2,0.925812,1.057969,1.786446,1.491768,2.664963
1,1,12,3,0.998230,1.095500,1.095467,-3.407170,-3.732442
1,1,12,4,0.953980,1.103878,1.405323,2.829844,3.976846
1,1,12,5,0.887556,1.027634,1.222112,2.563534,3.132927
1,1,12,6,0.912916,1.069128,2.057260,1.139155,2.343538
1,1,12,7,0.958866,0.933883,0.900631,4.791594,4.315456
1,1,12,8,0.932152,0.947940,0.988047,4.179902,4.129940
1,1,12,9,0.983927,1.164425,1.197309,6.402140,7.665340
1,1,12,10,0.971377,0.864152,0.800779,3.248742,2.601525
1,1,12,11,0.940064,1.021948,1.164413,3.433476,3.997985
1,1,12,12,0.964029,1.198135,1.407541,4.106181,5.779620
1,1,12,13,0.890104,0.881860,0.969561,2.447468,2.372970
1,1,12,14,0.952799,1.057315,1.122850,4.896650,5.498204
1,1,12,15,0.844268,0.926264,0.917564,2.668555,2.448570
1,1,13,0,0.926987,0.861924,0.849815,4.448057,3.780024
1,1,13,1,0.950807,1.012938,1.053283,4.365894,4.598523
1,1,13,2,0.928921,0.988536,1.403298,1.310401,1.838883
1,1,13,3,0.952470,0.994846,1.039779,4.199497,4.366547
1,1,13,4,0.977872,0.929309,0.928645,8.012820,7.441069
1,1,13,5,0.960926,0.724012,0.668364,3.852385,2.574796
1,1,13,6,0.985381,1.087863,1.087543,6.690165,7.275840
1,1,13,7,0.952213,0.941978,0.860951,2.008358,1.729099
1,1,13,8,0.881176,0.741679,0.408976,2.648769,1.083282
1,1,13,9,0.938372,1.024514,1.129310,3.476131,3.925630
1,1,13,10,0.931105,1.064444,1.250964,3.129380,3.914743
1,1,13,11,0.914241,0.881902,0.892689,5.143503,4.591551
1,1,13,12,0.944539,0.900051,0.929134,4.807655,4.466957
1,1,13,13,0.927257,0.965728,0.958086,-0.891180,-0.853827
1,1,13,14,0.950906,0.969365,0.998437,4.983420,4.975631
1,1,13,15,0.989320,1.234670,1.274615,-2.062728,-2.629183
1,1,14,0,0.893098,0.934971,0.973582,2.131621,2.075308
1,1,14,1,0.983229,0.896022,0.873062,9.644913,8.420605
1,1,14,2,0.961585,1.069357,1.137863,4.685438,5.331388
1,1,14,3,0.893598,0.982778,1.047953,1.630080,1.708247
1,1,14,4,0.968041,1.058443,1.120996,5.316452,5.959723
1,1,14,5,0.770459,0.716978,0.220650,1.481880,0.326977
1,1,14,6,0.894977,0.950326,0.992547,1.836888,1.823197
1,1,14,7,0.952920,0.707668,0.649759,5.824867,3.784757
1,1,14,8,0.928487,0.957851,0.989055,3.164793,3.130154
1,1,14,9,0.823413,0.966162,2.211361,0.854068,1.888653
1,1,14,10,0.751076,0.694543,-0.126404,0.945982,-0.119576
1,1,14,11,0.919611,1.063021,1.343393,2.818452,3.786288
1,1,14,12,0.939027,1.001864,1.091479,2.574705,2.810237
1,1,14,13,0.886167,0.997935,1.357439,1.607974,2.182726
1,1,14,14,0.955269,1.011724,1.071161,4.306667,4.613135
1,1,14,15,0.863276,1.097288,1.947631,1.513893,2.948506
1,1,15,0,0.980851,1.062567,1.107766,4.123423,4.567788
1,1,15,1,0.968692,0.988068,0.945453,2.770213,2.619105
1,1,15,2,0.976452,0.893792,0.842469,4.722127,3.978245
1,1,15,3,0.977187,0.999432,1.004342,3.418681,3.433524
1,1,15,4,0.997105,1.005046,1.006264,-3.377082,-3.398235
1,1,15,5,0.970559,1.024428,1.106742,3.603036,3.987631
1,1,15,6,0.644449,0.966617,4.464024,0.318133,1.420153
1,1,15,7,0.961067,0.946655,0.870672,3.039737,2.646614
1,1,15,8,0.959500,1.059120,1.141108,3.502625,3.996874
1,1,15,9,0.980207,0.996039,0.976997,3.822023,3.734106
1,1,15,10,0.960568,0.940830,0.872763,-2.063058,-1.800561
1,1,15,11,0.973371,0.932889,0.890950,3.990984,3.555767
1,1,15,12,0.990378,1.120722,1.095902,6.086888,6.670630
1,1,15,13,0.911956,0.841143,0.631291,2.433457,1.536220
1,1,15,14,0.940992,0.865879,0.826436,3.437809,2.841128
1,1,15,15,0.682275,0.626226,-0.109946,1.736984,-0.190975
