class_id,seed,block,head,cosine,ls_scale,ratio,mean8_up,mean9
980,0,0,0,0.799291,0.811480,0.885684,0.409326,0.362533
980,0,0,1,0.961376,0.917993,0.801776,-0.833113,-0.667971
980,0,0,2,0.932372,0.791149,0.082613,0.397671,0.032853
980,0,0,3,0.959632,1.053965,1.240110,-1.236496,-1.533391
980,0,0,4,0.926575,1.035716,1.241511,-0.970910,-1.205395
980,0,0,5,0.810251,0.736306,0.019359,1.089840,0.021098
980,0,0,6,0.931394,0.969208,0.685022,1.174066,0.804260
980,0,0,7,0.988051,1.047835,1.076391,-1.640844,-1.766190
980,0,0,8,0.970251,0.872590,0.854299,1.742937,1.488989
980,0,0,9,0.970216,1.049402,1.183842,-1.222170,-1.446856
980,0,0,10,0.984889,0.811419,0.815856,2.665288,2.174490
980,0,0,11,0.799491,0.854928,1.590087,0.369339,0.587282
980,0,0,12,0.817314,0.490376,0.346684,1.742217,0.603998
980,0,0,13,0.958983,1.055288,1.406627,-0.945778,-1.330356
980,0,0,14,0.952865,1.080041,1.330560,-0.861912,-1.146826
980,0,0,15,0.993726,0.998225,1.008220,-1.459459,-1.471456
980,0,1,0,0.971665,1.001130,0.790060,0.196837,0.155513
980,0,1,1,0.987808,0.968024,0.968402,2.617398,2.534694
980,0,1,2,0.935284,0.808411,0.804789,1.115777,0.897965
980,0,1,3,0.895507,1.041685,2.606071,0.301227,0.785020
980,0,1,4,0.953599,0.799487,0.752829,1.220283,0.918664
980,0,1,5,0.899260,1.089420,1.491538,1.012220,1.509765
980,0,1,6,0.992829,0.962221,0.935484,2.803319,2.622458
980,0,1,7,0.954585,0.957005,1.038480,0.628029,0.652195
980,0,1,8,0.903535,1.010082,1.324952,0.341654,0.452675
980,0,1,9,0.938109,0.941604,-1.891525,-0.096098,0.181772
980,0,1,10,0.946248,0.961623,0.946090,1.203000,1.138147
980,0,1,11,0.961634,0.986044,0.797005,0.997538,0.795043
980,0,1,12,0.950871,1.063674,1.457033,-0.647994,-0.944149
980,0,1,13,0.955309,0.803125,0.704531,1.294933,0.912321
980,0,1,14,0.261015,0.195731,0.748701,0.477194,0.357276
980,0,1,15,0.967743,0.969529,1.049032,4.464365,4.683264
980,0,2,0,0.957411,0.959543,0.902571,2.015473,1.819107
980,0,2,1,0.974758,0.912380,0.892397,1.482321,1.322819
980,0,2,2,0.957421,1.013085,1.040747,0.252198,0.262474
980,0,2,3,0.963684,1.024582,1.311256,0.264831,0.347262
980,0,2,4,0.774402,0.544592,0.560522,1.009205,0.565681
980,0,2,5,0.971377,0.794628,0.792473,4.966849,3.936096
980,0,2,6,0.948959,1.031236,1.001590,1.349444,1.351590
980,0,2,7,0.953697,1.002113,1.049868,0.358105,0.375964
980,0,2,8,0.864651,0.597831,0.559865,0.708789,0.396826
980,0,2,9,0.969187,0.898409,0.835842,3.768819,3.150137
980,0,2,10,0.910831,0.980482,1.412095,0.453166,0.639913
980,0,2,11,0.972839,0.900470,0.912480,2.564458,2.340017
980,0,2,12,0.958574,1.016579,1.311891,0.245376,0.321906
980,0,2,13,0.899815,0.853468,0.414903,0.609168,0.252745
980,0,2,14,0.920103,0.958276,1.699401,-0.468540,-0.796238
980,0,2,15,0.945701,1.023307,1.777384,0.176684,0.314036
980,0,3,0,0.792574,0.671476,0.397005,2.143526,0.850991
980,0,3,1,0.957655,0.932687,0.822525,2.306650,1.897278
980,0,3,2,0.916975,0.924135,0.376147,0.980046,0.368641
980,0,3,3,0.944708,0.962726,0.267082,0.676763,0.180751
980,0,3,4,0.928334,0.911458,0.790001,2.406929,1.901476
980,0,3,5,0.971141,0.892220,0.946076,2.680615,2.536066
980,0,3,6,0.962553,0.980976,0.924671,1.976993,1.828069
980,0,3,7,0.945622,0.934484,0.922093,0.881639,0.812954
980,0,3,8,0.993956,1.011258,1.019148,8.923088,9.093951
980,0,3,9,0.965028,0.833330,0.874047,3.371401,2.946763
980,0,3,10,0.900787,0.883946,0.612764,2.360117,1.446194
980,0,3,11,0.822002,0.967078,1.640239,0.592046,0.971097
980,0,3,12,0.970069,0.839879,0.801769,3.360732,2.694532
980,0,3,13,0.965054,0.863290,0.882026,7.661222,6.757393
980,0,3,14,0.915616,0.927014,0.576421,1.106511,0.637816
980,0,3,15,0.970239,0.984906,0.877387,2.132547,1.871069
980,0,4,0,0.964576,0.932177,0.886922,2.327108,2.063963
980,0,4,1,0.921985,0.917099,0.669081,2.348836,1.571563
980,0,4,2,0.961368,0.996254,1.037408,0.811661,0.842024
980,0,4,3,0.964689,1.016585,1.050442,2.164466,2.273647
980,0,4,4,0.971199,0.881992,0.885216,4.404038,3.898524
980,0,4,5,0.949587,1.009927,1.105440,1.867653,2.064578
980,0,4,6,0.928846,0.969157,1.020437,1.607670,1.640526
980,0,4,7,0.973865,0.957321,0.771533,1.692695,1.305969
980,0,4,8,0.818277,0.467401,0.476542,0.742882,0.354015
980,0,4,9,0.961661,0.999149,0.881620,0.732779,0.646032
980,0,4,10,0.974212,0.867467,0.844433,6.730481,5.683441
980,0,4,11,0.960182,0.950189,1.063335,3.193281,3.395528
980,0,4,12,0.951416,0.945661,0.854192,1.708352,1.459262
980,0,4,13,0.957244,0.837547,0.843619,4.341005,3.662154
980,0,4,14,0.972600,0.984998,0.792936,1.330313,1.054854
980,0,4,15,0.948495,1.004376,1.087329,1.371444,1.491210
980,0,5,0,0.989650,0.906933,0.915508,12.255982,11.220448
980,0,5,1,0.925445,0.684866,0.592872,4.740219,2.810342
980,0,5,2,0.974405,0.786508,0.791599,8.818394,6.980629
980,0,5,3,0.971004,0.911069,0.782224,3.035915,2.374766
980,0,5,4,0.994676,0.972581,0.975918,10.891348,10.629062
980,0,5,5,0.980999,0.929199,0.923166,8.217239,7.585875
980,0,5,6,0.994619,0.986947,0.994771,16.332296,16.246902
980,0,5,7,0.903800,0.912972,0.929965,3.044632,2.831402
980,0,5,8,0.908192,0.875538,0.837776,3.469063,2.906298
980,0,5,9,0.955702,0.900254,0.886453,4.572948,4.053702
980,0,5,10,0.945815,0.816836,0.753530,5.151990,3.882181
980,0,5,11,0.923688,0.674394,0.685068,6.160909,4.220642
980,0,5,12,0.898116,0.663445,0.516358,2.544405,1.313824
980,0,5,13,0.983885,0.961712,0.906958,5.251243,4.762655
980,0,5,14,0.965548,0.799163,0.803495,6.869098,5.519287
980,0,5,15,0.835170,0.575719,0.463040,2.188940,1.013566
980,0,6,0,0.912124,0.797175,0.730781,3.467623,2.534073
980,0,6,1,0.952666,0.772331,0.715957,5.759613,4.123634
980,0,6,2,0.975548,0.896069,0.793867,5.015512,3.981648
980,0,6,3,0.884625,0.655556,0.706159,2.961143,2.091038
980,0,6,4,0.957251,0.928441,0.957895,5.579593,5.344664
980,0,6,5,0.934022,0.778004,0.669626,4.178588,2.798090
980,0,6,6,0.980662,0.867492,0.850664,11.198909,9.526506
980,0,6,7,0.985281,0.931461,0.933816,8.107588,7.570992
980,0,6,8,0.940190,0.819926,0.654705,4.835405,3.165763
980,0,6,9,0.988043,0.889375,0.860860,10.729397,9.236513
980,0,6,10,0.928598,0.891759,0.750426,2.457783,1.844386
980,0,6,11,0.933066,0.697088,0.755924,4.991715,3.773359
980,0,6,12,0.986048,0.909919,0.861846,11.879365,10.238177
980,0,6,13,0.726233,0.691294,-1.296360,0.504967,-0.654619
980,0,6,14,0.931959,0.830132,0.631258,2.908880,1.836254
980,0,6,15,0.961321,0.888943,0.796484,4.282657,3.411068
980,0,7,0,0.985241,0.931255,0.943225,10.297771,9.713115
980,0,7,1,0.946522,0.847728,0.818187,5.346152,4.374152
980,0,7,2,0.976506,0.981654,0.995738,3.525314,3.510290
980,0,7,3,0.971091,0.769149,0.768221,7.327472,5.629117
980,0,7,4,0.831463,0.555323,0.361863,4.852306,1.755870
980,0,7,5,0.889584,0.812615,0.813818,3.736107,3.040512
980,0,7,6,0.959164,0.817612,0.787807,8.210080,6.467961
980,0,7,7,0.950915,0.955792,1.007217,4.082839,4.112306
980,0,7,8,0.966448,0.958958,0.907366,6.566498,5.958215
980,0,7,9,0.989831,0.905158,0.900827,10.695308,9.634618
980,0,7,10,0.997193,0.964689,0.965669,25.723412,24.840307
980,0,7,11,0.985877,0.999681,1.025013,5.304893,5.437586
980,0,7,12,0.975885,0.842355,0.846786,11.020582,9.332079
980,0,7,13,0.956441,0.797211,0.780432,6.582401,5.137115
980,0,7,14,0.962700,0.751020,0.694843,4.389427,3.049964
980,0,7,15,0.679421,0.533274,-0.205100,2.072445,-0.425059
980,0,8,0,0.938845,0.925920,0.933337,3.970320,3.705647
980,0,8,1,0.951796,0.795670,0.729164,5.848854,4.264773
980,0,8,2,0.908519,0.673818,0.563968,4.112933,2.319563
980,0,8,3,0.945277,0.769408,0.687269,5.328510,3.662118
980,0,8,4,0.990833,1.024996,1.022714,11.181554,11.435527
980,0,8,5,0.711077,0.821222,2.415426,-0.786361,-1.899398
980,0,8,6,0.962559,0.916643,0.910281,4.814094,4.382180
980,0,8,7,0.981259,1.001898,1.038181,6.481196,6.728652
980,0,8,8,0.984641,0.965608,0.926787,5.401755,5.006276
980,0,8,9,0.964053,0.881188,0.833507,5.639428,4.700501
980,0,8,10,0.974147,0.884194,0.870777,7.175771,6.248496
980,0,8,11,0.971439,0.952083,0.966394,5.343028,5.163473
980,0,8,12,0.919221,0.805626,0.746554,4.081635,3.047161
980,0,8,13,0.981869,0.939783,0.912427,7.244871,6.610415
980,0,8,14,0.956571,0.917078,0.899939,4.964665,4.467897
980,0,8,15,0.667611,0.524167,0.211248,1.797784,0.379779
980,0,9,0,0.926313,0.844967,0.713509,3.440429,2.454778
980,0,9,1,0.716081,0.579818,-0.055327,2.130036,-0.117848
980,0,9,2,0.920363,0.823403,0.649543,2.734385,1.776100
980,0,9,3,0.973532,0.932100,0.913176,5.844012,5.336612
980,0,9,4,0.968076,0.981587,0.996873,5.807397,5.789237
980,0,9,5,0.968711,0.962428,0.994485,5.904072,5.871510
980,0,9,6,0.981273,0.974566,0.981187,8.016909,7.866083
980,0,9,7,0.991065,0.937346,0.923330,5.794315,5.350067
980,0,9,8,0.760197,0.501406,0.183790,2.548413,0.468374
980,0,9,9,0.976095,0.913158,0.855657,6.673206,5.709975
980,0,9,10,0.973238,0.846811,0.824291,7.729331,6.371215
980,0,9,11,0.955886,0.816940,0.715539,4.336528,3.102954
980,0,9,12,0.893759,0.715785,0.752505,5.755456,4.331007
980,0,9,13,0.938298,0.832819,0.726505,3.041684,2.209799
980,0,9,14,0.969987,0.946766,0.923002,5.507484,5.083416
980,0,9,15,0.990327,0.946458,0.905590,10.060431,9.110621
980,0,10,0,0.899479,0.669827,0.494079,4.925447,2.433561
980,0,10,1,0.994592,0.943963,0.949731,19.593842,18.608883
980,0,10,2,0.977718,0.911148,0.864374,5.852644,5.058873
980,0,10,3,0.970566,0.801102,0.711416,4.139894,2.945185
980,0,10,4,0.996354,0.914021,0.913172,7.699496,7.030965
980,0,10,5,0.988191,0.956459,0.954506,10.074179,9.615868
980,0,10,6,0.973028,0.878840,0.849817,8.767534,7.450797
980,0,10,7,0.983893,0.872754,0.830864,6.044925,5.022510
980,0,10,8,0.967914,0.936960,0.912395,6.745048,6.154148
980,0,10,9,0.974526,0.878971,0.897244,8.512690,7.637963
980,0,10,10,0.985423,0.878523,0.889819,13.642183,12.139076
980,0,10,11,0.979100,0.914050,0.879166,8.212810,7.220424
980,0,10,12,0.965409,0.830714,0.753621,5.377697,4.052745
980,0,10,13,0.990854,0.975985,0.979065,11.189662,10.955411
980,0,10,14,0.878061,0.643992,0.485114,4.736814,2.297893
980,0,10,15,0.953631,0.926090,0.911630,4.618867,4.210700
980,0,11,0,0.995752,1.003219,1.005866,8.970757,9.023378
980,0,11,1,0.987391,1.046203,1.048864,10.242602,10.743093
980,0,11,2,0.967280,0.948297,0.929412,5.741096,5.335844
980,0,11,3,0.570022,0.525547,-4.915195,0.280143,-1.376959
980,0,11,4,0.943094,0.749432,0.611907,4.534110,2.774453
980,0,11,5,0.951483,0.981058,1.014563,4.421189,4.485577
980,0,11,6,0.912849,0.721398,0.791635,7.343483,5.813359
980,0,11,7,0.897038,0.692776,0.612604,5.195933,3.183052
980,0,11,8,0.949573,0.872772,0.843367,4.399480,3.710376
980,0,11,9,0.986634,0.925940,0.874231,4.209057,3.679686
980,0,11,10,0.742594,0.569340,0.264851,2.870338,0.760212
980,0,11,11,0.978588,0.790944,0.760343,6.440689,4.897131
980,0,11,12,0.874463,0.600654,0.427344,5.240318,2.239418
980,0,11,13,0.989163,1.068984,1.077493,10.532876,11.349105
980,0,11,14,0.965852,0.990327,1.018824,5.348017,5.448689
980,0,11,15,0.988497,1.041153,1.044376,9.956080,10.397892
980,0,12,0,0.973350,1.251995,1.360135,-2.226880,-3.028858
980,0,12,1,0.975631,0.970214,0.969388,8.371373,8.115106
980,0,12,2,0.918036,0.883534,0.993054,2.212546,2.197178
980,0,12,3,0.998378,1.085899,1.086586,-3.518921,-3.823611
980,0,12,4,0.944164,0.917307,0.992264,3.801274,3.771867
980,0,12,5,0.854239,0.777600,0.754847,3.435260,2.593095
980,0,12,6,0.885919,0.846783,0.961467,1.801928,1.732495
980,0,12,7,0.877922,0.679895,0.603053,5.677778,3.423999
980,0,12,8,0.892663,0.721607,0.681245,5.198617,3.541532
980,0,12,9,0.984868,1.088610,1.115793,7.812870,8.717547
980,0,12,10,0.977857,0.868592,0.809032,3.496895,2.829100
980,0,12,11,0.909252,0.786688,0.800247,5.081444,4.066409
980,0,12,12,0.926976,0.978884,1.027928,4.790995,4.924798
980,0,12,13,0.880281,0.648912,0.666723,3.952136,2.634980
980,0,12,14,0.923355,0.814383,0.812966,5.966608,4.850650
980,0,12,15,0.741416,0.602390,0.436438,3.824828,1.669301
980,0,13,0,0.758716,0.532189,0.471878,5.554233,2.620919
980,0,13,1,0.891331,0.746630,0.709463,5.170837,3.668519
980,0,13,2,0.890742,0.807251,0.779820,2.354509,1.836093
980,0,13,3,0.865383,0.700833,0.672108,4.979810,3.346968
980,0,13,4,0.970331,0.818976,0.819327,9.294610,7.615328
980,0,13,5,0.956052,0.654752,0.599246,4.577601,2.743111
980,0,13,6,0.985083,1.006810,1.007466,8.259512,8.321176
980,0,13,7,0.812743,0.659029,0.388049,2.782442,1.079723
980,0,13,8,0.810005,0.622326,0.290710,3.253970,0.945962
980,0,13,9,0.840874,0.702333,0.664796,4.432552,2.946743
980,0,13,10,0.848376,0.771406,0.792363,3.700470,2.932115
980,0,13,11,0.812821,0.578915,0.547796,6.383654,3.496938
980,0,13,12,0.869478,0.649899,0.617159,5.888652,3.634236
980,0,13,13,0.763039,0.683406,-1.183362,0.488565,-0.578149
980,0,13,14,0.868788,0.696890,0.675540,5.693971,3.846503
980,0,13,15,0.982979,1.277122,1.345645,-1.827800,-2.459569
980,0,14,0,0.839896,0.723532,0.566683,2.922386,1.656067
980,0,14,1,0.981741,0.885892,0.868108,10.163670,8.823164
980,0,14,2,0.917272,0.787588,0.803913,5.841675,4.696196
980,0,14,3,0.835988,0.747389,0.588151,2.388726,1.404931
980,0,14,4,0.913264,0.772232,0.795534,6.465960,5.143891
980,0,14,5,0.673170,0.463101,0.184988,2.685724,0.496828
980,0,14,6,0.802416,0.683567,0.466632,2.659404,1.240963
980,0,14,7,0.930383,0.657261,0.604496,5.873350,3.550418
980,0,14,8,0.912396,0.775939,0.737600,4.032823,2.974610
980,0,14,9,0.777454,0.721911,0.683446,1.850734,1.264876
980,0,14,10,0.645042,0.497256,-0.046439,1.895310,-0.088016
980,0,14,11,0.889695,0.791397,0.861366,3.875602,3.338314
980,0,14,12,0.909061,0.810081,0.744518,3.263850,2.429996
980,0,14,13,0.828015,0.750145,0.661443,2.405389,1.591028
980,0,14,14,0.914981,0.770166,0.775878,5.298631,4.111093
980,0,14,15,0.853938,0.811487,0.960378,2.494563,2.395724
980,0,15,0,0.978537,0.958122,0.972855,4.933658,4.799735
980,0,15,1,0.963789,0.904972,0.846744,3.430663,2.904893
980,0,15,2,0.972717,0.846340,0.799474,5.350588,4.277658
980,0,15,3,0.969691,0.902707,0.876862,4.114633,3.607964
980,0,15,4,0.997716,1.045948,1.048833,-3.391582,-3.557204
980,0,15,5,0.968550,0.930988,0.969955,4.267702,4.139477
980,0,15,6,0.787879,1.249245,2.492108,0.834933,2.080742
980,0,15,7,0.942397,0.826494,0.722202,3.609565,2.606835
980,0,15,8,0.951363,0.901054,0.919677,4.381664,4.029715
980,0,15,9,0.971538,0.911782,0.869812,4.371384,3.802281
980,0,15,10,0.951856,0.955835,0.963140,-1.598738,-1.539809
980,0,15,11,0.961455,0.817046,0.764846,4.849897,3.709427
980,0,15,12,0.979668,1.048695,0.993519,5.970239,5.931547
980,0,15,13,0.924575,0.769700,0.653937,3.289823,2.151337
980,0,15,14,0.956454,0.831159,0.814930,4.437804,3.616498
980,0,15,15,0.724865,0.544317,0.131717,2.529699,0.333205
437,0,0,0,0.801380,0.815106,0.893615,0.408847,0.365352
437,0,0,1,0.961982,0.948010,0.832551,-0.727387,-0.605587
437,0,0,2,0.941558,0.805233,0.083536,0.412772,0.034481
437,0,0,3,0.981996,0.981917,1.000139,-1.980429,-1.980704
437,0,0,4,0.938012,0.880175,0.951428,-1.118412,-1.064089
437,0,0,5,0.806393,0.776791,-0.087893,1.024889,-0.090081
437,0,0,6,0.932375,0.970754,0.707282,1.196300,0.846122
437,0,0,7,0.985886,1.052862,1.098053,-1.534787,-1.685278
437,0,0,8,0.961931,0.883566,0.861497,1.675593,1.443518
437,0,0,9,0.977056,1.099673,1.188291,-1.365596,-1.622726
437,0,0,10,0.985396,0.814281,0.810656,2.865567,2.322989
437,0,0,11,0.799303,0.852759,1.495501,0.390912,0.584610
437,0,0,12,0.841794,0.512889,0.430329,1.945246,0.837096
437,0,0,13,0.956685,1.047710,1.431701,-0.878592,-1.257881
437,0,0,14,0.969885,1.049006,1.159118,-1.424816,-1.651529
437,0,0,15,0.993606,0.996106,1.004926,-1.405432,-1.412354
437,0,1,0,0.971596,0.995656,0.651144,0.141972,0.092444
437,0,1,1,0.991503,0.984570,0.972048,2.762852,2.685624
437,0,1,2,0.934854,0.780573,0.783988,1.221073,0.957307
437,0,1,3,0.896844,1.044579,2.389243,0.328703,0.785351
437,0,1,4,0.976561,0.840195,0.834872,2.265376,1.891299
437,0,1,5,0.900616,1.088042,1.412646,1.089603,1.539223
437,0,1,6,0.988968,0.977180,0.957090,2.284323,2.186301
437,0,1,7,0.954860,0.957153,1.054652,0.675074,0.711968
437,0,1,8,0.902639,1.010411,1.372742,0.339123,0.465528
437,0,1,9,0.936017,0.931780,-2.145283,-0.104092,0.223306
437,0,1,10,0.947917,0.961469,0.975547,1.258912,1.228127
437,0,1,11,0.962599,0.985714,0.818296,1.002186,0.820084
437,0,1,12,0.940783,1.055691,1.406728,-0.626541,-0.881373
437,0,1,13,0.960418,0.805783,0.762283,1.343647,1.024239
437,0,1,14,0.274063,0.204893,0.846144,0.485250,0.410591
437,0,1,15,0.957527,0.942617,1.022584,4.196350,4.291121
437,0,2,0,0.958854,0.960490,0.909637,2.069160,1.882184
437,0,2,1,0.981477,0.925497,0.930246,2.581259,2.401206
437,0,2,2,0.957863,1.011981,1.066130,0.294607,0.314089
437,0,2,3,0.963989,1.023156,1.211751,0.333777,0.404454
437,0,2,4,0.897729,0.710867,0.757030,1.541329,1.166831
437,0,2,5,0.971640,0.823217,0.824026,4.693398,3.867484
437,0,2,6,0.949113,1.028755,0.991718,1.362666,1.351380
437,0,2,7,0.954823,1.001896,1.048830,0.419293,0.439768
437,0,2,8,0.846855,0.667398,0.187494,0.384597,0.072110
437,0,2,9,0.967664,0.886601,0.816973,3.777239,3.085901
437,0,2,10,0.914531,0.981620,1.257429,0.638221,0.802517
437,0,2,11,0.968323,0.862915,0.851655,2.302416,1.960864
437,0,2,12,0.959086,1.013671,1.169798,0.317893,0.371871
437,0,2,13,0.925973,0.871886,0.726967,0.925722,0.672970
437,0,2,14,0.905410,0.924029,2.177988,-0.270602,-0.589369
437,0,2,15,0.946137,1.022118,1.621156,0.205015,0.332362
437,0,3,0,0.801303,0.671422,0.418432,2.186802,0.915027
437,0,3,1,0.960269,0.929498,0.835215,2.440684,2.038495
437,0,3,2,0.917502,0.927612,0.386975,0.903177,0.349507
437,0,3,3,0.943044,0.952203,0.284537,0.729731,0.207636
437,0,3,4,0.929916,0.915287,0.805234,2.385883,1.921194
437,0,3,5,0.966695,0.910447,0.982300,2.391477,2.349149
437,0,3,6,0.964066,0.978146,0.932985,2.080705,1.941266
437,0,3,7,0.945740,0.937169,0.949133,0.829648,0.787447
437,0,3,8,0.992616,1.012201,1.021214,8.433202,8.612100
437,0,3,9,0.966910,0.816742,0.848391,3.105728,2.634871
437,0,3,10,0.898891,0.877973,0.598949,2.338613,1.400711
437,0,3,11,0.812866,0.959564,1.690193,0.593666,1.003411
437,0,3,12,0.967811,0.833115,0.818262,3.270113,2.675808
437,0,3,13,0.972468,0.891111,0.914865,7.989430,7.309254
437,0,3,14,0.918834,0.929225,0.619187,1.104846,0.684107
437,0,3,15,0.971522,0.982624,0.884818,2.215840,1.960615
437,0,4,0,0.964602,0.922042,0.857022,2.442912,2.093630
437,0,4,1,0.922482,0.925956,0.666490,2.157119,1.437698
437,0,4,2,0.957954,0.988129,0.998635,0.758806,0.757770
437,0,4,3,0.965314,1.022310,1.066194,2.105578,2.244954
437,0,4,4,0.972198,0.874943,0.888010,4.413710,3.919420
437,0,4,5,0.946007,1.003942,1.100550,1.713450,1.885738
437,0,4,6,0.925485,0.969197,1.055530,1.492422,1.575296
437,0,4,7,0.972858,0.955966,0.757534,1.659648,1.257241
437,0,4,8,0.887059,0.534409,0.496004,0.844324,0.418788
437,0,4,9,0.960357,0.995354,0.867797,0.730227,0.633689
437,0,4,10,0.978304,0.852544,0.844808,7.744906,6.542963
437,0,4,11,0.959309,0.948118,1.067856,3.060407,3.268072
437,0,4,12,0.950549,0.948680,0.835285,1.607719,1.342904
437,0,4,13,0.969142,0.872891,0.883466,5.215368,4.607600
437,0,4,14,0.970429,0.980346,0.755973,1.320062,0.997931
437,0,4,15,0.945293,0.999579,1.112117,1.194699,1.328645
437,0,5,0,0.985133,0.898165,0.912134,11.539307,10.525390
437,0,5,1,0.918600,0.680840,0.572882,4.610136,2.641064
437,0,5,2,0.975774,0.783781,0.786065,8.937275,7.025275
437,0,5,3,0.970343,0.915614,0.774077,2.954228,2.286800
437,0,5,4,0.992740,0.967082,0.974075,10.782547,10.503007
437,0,5,5,0.985688,0.935299,0.936373,9.718971,9.100579
437,0,5,6,0.993798,0.990326,1.000556,15.811157,15.819945
437,0,5,7,0.902496,0.901536,0.896092,2.927226,2.623063
437,0,5,8,0.907721,0.878837,0.836237,3.266828,2.731843
437,0,5,9,0.954922,0.894539,0.874797,4.526840,3.960065
437,0,5,10,0.949900,0.827496,0.767995,5.128260,3.938479
437,0,5,11,0.926846,0.689956,0.700487,5.721971,4.008165
437,0,5,12,0.931264,0.663153,0.642006,3.241629,2.081145
437,0,5,13,0.983600,0.963754,0.903446,5.140622,4.644273
437,0,5,14,0.970614,0.793769,0.794921,7.396617,5.879725
437,0,5,15,0.799608,0.546277,0.415828,1.840684,0.765409
437,0,6,0,0.896347,0.789097,0.691906,3.166784,2.191117
437,0,6,1,0.942719,0.772377,0.705597,5.280839,3.726146
437,0,6,2,0.976208,0.897978,0.798820,5.057647,4.040147
437,0,6,3,0.909317,0.691918,0.749253,3.305395,2.476576
437,0,6,4,0.949763,0.908836,0.936370,5.318637,4.980211
437,0,6,5,0.914215,0.764162,0.629294,3.694413,2.324872
437,0,6,6,0.986046,0.877678,0.873438,12.468045,10.890065
437,0,6,7,0.978562,0.928226,0.939017,8.242621,7.739965
437,0,6,8,0.940394,0.816329,0.655668,4.918273,3.224756
437,0,6,9,0.992835,0.907809,0.900038,12.596728,11.337534
437,0,6,10,0.919456,0.899901,0.731786,2.110640,1.544536
437,0,6,11,0.940280,0.726896,0.780707,4.877203,3.807667
437,0,6,12,0.990231,0.898852,0.886370,13.326706,11.812399
437,0,6,13,0.718970,0.665629,-0.928520,0.582257,-0.540637
437,0,6,14,0.925506,0.839643,0.645372,2.738811,1.767553
437,0,6,15,0.952530,0.867390,0.767546,4.124229,3.165537
437,0,7,0,0.982116,0.913461,0.927958,10.303938,9.561622
437,0,7,1,0.932360,0.827340,0.788804,4.799494,3.785861
437,0,7,2,0.971908,0.948819,0.929323,3.238003,3.009152
437,0,7,3,0.974061,0.778800,0.782982,7.689961,6.021104
437,0,7,4,0.843280,0.568736,0.381388,4.679814,1.784823
437,0,7,5,0.859808,0.778748,0.762971,3.077270,2.347867
437,0,7,6,0.966005,0.824907,0.824428,9.310072,7.675479
437,0,7,7,0.944223,0.935018,0.974948,3.869093,3.772164
437,0,7,8,0.965438,0.936480,0.882767,6.826391,6.026112
437,0,7,9,0.986472,0.886932,0.885271,11.196944,9.912335
437,0,7,10,0.996902,0.966412,0.969764,26.475485,25.674978
437,0,7,11,0.983922,1.019239,1.061888,5.236166,5.560219
437,0,7,12,0.975194,0.840392,0.849974,11.542612,9.810924
437,0,7,13,0.945252,0.795444,0.776147,6.169150,4.788166
437,0,7,14,0.970233,0.738381,0.716943,4.833843,3.465592
437,0,7,15,0.718645,0.552328,-0.062523,2.105824,-0.131663
437,0,8,0,0.925544,0.912755,0.927976,3.571776,3.314522
437,0,8,1,0.941320,0.778515,0.704434,5.746155,4.047784
437,0,8,2,0.895821,0.657754,0.521761,3.768860,1.966444
437,0,8,3,0.944081,0.776799,0.693374,5.125716,3.554039
437,0,8,4,0.986419,0.998875,0.990105,12.392426,12.269804
437,0,8,5,0.707195,0.693102,2.848665,-0.502050,-1.430171
437,0,8,6,0.943343,0.896057,0.901866,4.054189,3.656334
437,0,8,7,0.982234,0.991530,1.002589,6.970072,6.988116
437,0,8,8,0.984587,0.965329,0.928903,5.466052,5.077434
437,0,8,9,0.960227,0.877976,0.839208,5.370173,4.506692
437,0,8,10,0.968325,0.872641,0.853608,6.875495,5.868980
437,0,8,11,0.965230,0.936158,0.938978,5.434566,5.102940
437,0,8,12,0.913465,0.815547,0.767090,3.929421,3.014219
437,0,8,13,0.971820,0.940457,0.908267,5.921103,5.377944
437,0,8,14,0.940049,0.897820,0.890972,4.479441,3.991056
437,0,8,15,0.631013,0.492434,0.173663,1.812255,0.314721
437,0,9,0,0.927272,0.854962,0.733483,3.331491,2.443592
437,0,9,1,0.706359,0.569420,-0.047625,2.153283,-0.102550
437,0,9,2,0.926539,0.828853,0.669959,2.819441,1.888910
437,0,9,3,0.970438,0.915725,0.899781,6.001825,5.400331
437,0,9,4,0.955706,0.958805,0.980268,5.110496,5.009655
437,0,9,5,0.963390,0.961472,1.008042,5.626465,5.671716
437,0,9,6,0.982617,0.975159,0.975133,8.552299,8.339628
437,0,9,7,0.990990,0.945624,0.930937,5.877240,5.471338
437,0,9,8,0.745842,0.474152,0.181492,2.605746,0.472921
437,0,9,9,0.977445,0.918350,0.881444,7.159902,6.311055
437,0,9,10,0.967424,0.836197,0.805738,7.057734,5.686682
437,0,9,11,0.955370,0.811328,0.706894,4.299289,3.039140
437,0,9,12,0.916505,0.748874,0.810039,6.605420,5.350650
437,0,9,13,0.939044,0.827336,0.726018,3.140462,2.280032
437,0,9,14,0.974115,0.946981,0.935756,6.052555,5.663716
437,0,9,15,0.990617,0.938997,0.909758,10.225058,9.302327
437,0,10,0,0.893431,0.656576,0.480782,4.867723,2.340311
437,0,10,1,0.993893,0.919745,0.925037,19.235025,17.793104
437,0,10,2,0.976016,0.912528,0.860470,5.765734,4.961239
437,0,10,3,0.959108,0.776202,0.690047,3.954738,2.728957
437,0,10,4,0.995261,0.904039,0.902401,7.276268,6.566110
437,0,10,5,0.983552,0.942030,0.943587,9.952840,9.391373
437,0,10,6,0.975898,0.861148,0.859628,10.138239,8.715112
437,0,10,7,0.985888,0.883022,0.844919,5.690696,4.808175
437,0,10,8,0.968093,0.942822,0.920207,6.767761,6.227739
437,0,10,9,0.970749,0.815162,0.837993,8.675079,7.269655
437,0,10,10,0.982857,0.850624,0.868520,13.129533,11.403261
437,0,10,11,0.979002,0.925025,0.899312,7.663164,6.891574
437,0,10,12,0.965948,0.836177,0.756870,5.277030,3.994023
437,0,10,13,0.988772,0.971084,0.978792,11.373079,11.131879
437,0,10,14,0.912175,0.675199,0.578724,5.402043,3.126290
437,0,10,15,0.957052,0.924550,0.913313,4.704844,4.296995
437,0,11,0,0.994091,1.003030,1.007796,8.078760,8.141740
437,0,11,1,0.983297,1.058212,1.052637,10.282793,10.824053
437,0,11,2,0.961527,0.934679,0.915665,4.985158,4.564734
437,0,11,3,0.610070,0.460466,-1.139724,0.685630,-0.781429
437,0,11,4,0.943537,0.736387,0.609290,4.796338,2.922359
437,0,11,5,0.948188,0.969864,1.007422,4.306225,4.338188
437,0,11,6,0.917250,0.717150,0.791572,7.782668,6.160539
437,0,11,7,0.889415,0.690173,0.616982,5.086556,3.138314
437,0,11,8,0.936403,0.843959,0.781595,3.718246,2.906162
437,0,11,9,0.976670,0.890769,0.841360,4.319623,3.634359
437,0,11,10,0.729465,0.560973,0.287146,2.900510,0.832869
437,0,11,11,0.975509,0.794393,0.759876,6.226190,4.731135
437,0,11,12,0.868384,0.590575,0.408676,5.075715,2.074322
437,0,11,13,0.982550,1.049863,1.053001,11.200391,11.794026
437,0,11,14,0.961915,0.964760,0.998879,5.045584,5.039930
437,0,11,15,0.984302,1.036176,1.028935,9.912093,10.198895
437,0,12,0,0.969626,1.230678,1.350043,-2.167297,-2.925945
437,0,12,1,0.975223,0.967796,0.978522,9.242250,9.043741
437,0,12,2,0.913351,0.860209,0.909422,2.069198,1.881773
437,0,12,3,0.998447,1.090154,1.090643,-3.484133,-3.799946
437,0,12,4,0.937966,0.891463,0.941132,3.574252,3.363842
437,0,12,5,0.846215,0.757314,0.775693,3.224121,2.500927
437,0,12,6,0.877119,0.829787,0.876523,1.796867,1.574995
437,0,12,7,0.870764,0.697046,0.630189,5.362612,3.379458
437,0,12,8,0.876539,0.696659,0.656783,5.051483,3.317729
437,0,12,9,0.980709,1.082610,1.098679,8.191903,9.000270
437,0,12,10,0.974330,0.863151,0.816411,3.469638,2.832651
437,0,12,11,0.890879,0.764808,0.786968,4.533708,3.567885
437,0,12,12,0.924028,0.974497,1.017299,4.459715,4.536862
437,0,12,13,0.901807,0.676508,0.708356,4.157815,2.945214
437,0,12,14,0.903639,0.790773,0.787164,5.558708,4.375614
437,0,12,15,0.742483,0.607734,0.523123,3.829898,2.003508
437,0,13,0,0.751606,0.523630,0.465020,5.363140,2.493967
437,0,13,1,0.862323,0.718251,0.656746,4.778774,3.138440
437,0,13,2,0.882958,0.797978,0.737665,2.333466,1.721317
437,0,13,3,0.833364,0.666012,0.613866,4.596108,2.821393
437,0,13,4,0.972246,0.821777,0.828391,9.817183,8.132462
437,0,13,5,0.956432,0.641011,0.601099,4.719758,2.837039
437,0,13,6,0.984272,0.991046,0.994580,8.701871,8.654711
437,0,13,7,0.799989,0.633997,0.343763,2.828713,0.972407
437,0,13,8,0.813672,0.627223,0.332519,3.323180,1.105022
437,0,13,9,0.829583,0.687930,0.637266,4.383236,2.793286
437,0,13,10,0.843042,0.765783,0.790454,3.752689,2.966327
437,0,13,11,0.798302,0.564251,0.537240,6.171751,3.315714
437,0,13,12,0.855366,0.637729,0.595278,5.667888,3.373967
437,0,13,13,0.756522,0.666049,-1.003285,0.523582,-0.525302
437,0,13,14,0.850389,0.668698,0.637687,5.608040,3.576172
437,0,13,15,0.982329,1.255902,1.325340,-1.858353,-2.462949
437,0,14,0,0.837545,0.725984,0.558485,2.805258,1.566695
437,0,14,1,0.981699,0.888955,0.870263,10.181030,8.860173
437,0,14,2,0.906033,0.762378,0.766876,5.671093,4.349024
437,0,14,3,0.838018,0.754381,0.585780,2.332620,1.366401
437,0,14,4,0.909531,0.762556,0.782487,6.378529,4.991113
437,0,14,5,0.699799,0.474805,0.220257,2.671908,0.588506
437,0,14,6,0.798521,0.689150,0.465716,2.504128,1.166212
437,0,14,7,0.931589,0.661851,0.607010,5.839667,3.544734
437,0,14,8,0.908867,0.768682,0.715078,3.933479,2.812745
437,0,14,9,0.771843,0.719656,0.680443,1.779828,1.211072
437,0,14,10,0.672133,0.519499,-0.001643,1.871875,-0.003076
437,0,14,11,0.889387,0.791778,0.846318,3.850654,3.258879
437,0,14,12,0.908666,0.805077,0.730540,3.255066,2.377957
437,0,14,13,0.825731,0.755043,0.675631,2.395558,1.618512
437,0,14,14,0.907410,0.757687,0.761784,5.144815,3.919240
437,0,14,15,0.846760,0.785298,0.890016,2.450985,2.181415
437,0,15,0,0.979343,0.954129,0.964798,5.024089,4.847232
437,0,15,1,0.962704,0.901388,0.843988,3.415575,2.882703
437,0,15,2,0.971928,0.839971,0.788662,5.363559,4.230034
437,0,15,3,0.970702,0.898879,0.871432,4.224190,3.681094
437,0,15,4,0.997786,1.035667,1.037841,-3.470198,-3.601514
437,0,15,5,0.968819,0.927083,0.959157,4.337410,4.160257
437,0,15,6,0.817274,1.279945,2.335277,0.904575,2.112434
437,0,15,7,0.939041,0.826989,0.715200,3.504745,2.506593
437,0,15,8,0.953048,0.900750,0.918436,4.420981,4.060387
437,0,15,9,0.971878,0.905852,0.861487,4.380282,3.773556
437,0,15,10,0.950976,0.940290,0.946761,-1.581644,-1.497439
437,0,15,11,0.959199,0.811972,0.759163,4.778780,3.627872
437,0,15,12,0.979573,1.055810,1.001973,5.792488,5.803916
437,0,15,13,0.938012,0.803205,0.725416,3.332392,2.417371
437,0,15,14,0.966597,0.881305,0.887670,4.532836,4.023663
437,0,15,15,0.775923,0.573398,0.215118,2.549049,0.548346
1,0,0,0,0.799681,0.815061,0.938159,0.423858,0.397647
1,0,0,1,0.963156,0.922325,0.832831,-0.708924,-0.590414
1,0,0,2,0.912143,0.830574,27.930683,-0.015591,-0.435457
1,0,0,3,0.968839,0.986079,1.056316,-1.689962,-1.785135
1,0,0,4,0.930821,1.019519,1.213687,-1.125766,-1.366327
1,0,0,5,0.804796,0.802342,-0.647384,0.552304,-0.357553
1,0,0,6,0.929102,0.966748,0.632851,1.137164,0.719655
1,0,0,7,0.986780,1.058693,1.103846,-1.619872,-1.788090
1,0,0,8,0.945503,0.831524,0.786936,1.426554,1.122607
1,0,0,9,0.895013,0.909366,-17.492282,0.021275,-0.372146
1,0,0,10,0.962007,0.795629,0.709956,1.191203,0.845702
1,0,0,11,0.797686,0.853997,1.666372,0.366933,0.611447
1,0,0,12,0.839314,0.548982,0.435545,1.693069,0.737407
1,0,0,13,0.969558,1.039785,1.223167,-1.220560,-1.492949
1,0,0,14,0.964285,0.837648,0.785309,0.517889,0.406703
1,0,0,15,0.993342,0.994754,0.999933,-1.404320,-1.404225
1,0,1,0,0.971121,1.005989,0.781747,0.362476,0.283365
1,0,1,1,0.978886,0.961269,0.861107,0.907874,0.781777
1,0,1,2,0.968043,0.830208,0.841916,2.184616,1.839263
1,0,1,3,0.895750,1.042588,2.174680,0.417497,0.907922
1,0,1,4,0.960525,0.795746,0.787420,1.466205,1.154519
1,0,1,5,0.902494,1.088732,1.424944,1.121869,1.598600
1,0,1,6,0.991426,0.968410,0.964191,2.503976,2.414312
1,0,1,7,0.954251,0.959402,1.071778,0.632323,0.677710
1,0,1,8,0.904602,1.004356,1.327944,0.331994,0.440870
1,0,1,9,0.940769,0.953317,-1.795014,-0.068046,0.122143
1,0,1,10,0.941424,0.958030,0.824693,1.018170,0.839678
1,0,1,11,0.960536,0.986474,0.784327,0.995820,0.781048
1,0,1,12,0.945231,1.033053,1.473866,-0.452581,-0.667043
1,0,1,13,0.964673,0.787162,0.762458,2.185635,1.666455
1,0,1,14,0.079452,0.061528,-1.274399,0.090257,-0.115023
1,0,1,15,0.975243,0.965679,1.013778,4.762506,4.828126
1,0,2,0,0.957403,0.962762,0.884751,2.070367,1.831759
1,0,2,1,0.977428,0.906237,0.908261,2.793430,2.537164
1,0,2,2,0.957793,1.017812,0.985795,0.261509,0.257794
1,0,2,3,0.963544,1.029604,1.152211,0.304036,0.350313
1,0,2,4,0.891059,0.642895,0.710589,1.691845,1.202207
1,0,2,5,0.973320,0.839905,0.833319,4.794549,3.995387
1,0,2,6,0.948630,1.031505,0.961834,1.337852,1.286792
1,0,2,7,0.953808,1.003954,0.945921,0.409593,0.387442
1,0,2,8,0.879383,0.624598,0.641189,0.989516,0.634466
1,0,2,9,0.971240,0.895954,0.838294,3.940732,3.303492
1,0,2,10,0.913121,0.980549,1.240089,0.526756,0.653224
1,0,2,11,0.973098,0.908942,0.940001,2.781428,2.614544
1,0,2,12,0.958936,1.020312,1.209573,0.274527,0.332061
1,0,2,13,0.895882,0.853787,0.662303,0.636154,0.421327
1,0,2,14,0.907164,0.923050,2.536076,-0.204753,-0.519269
1,0,2,15,0.944234,1.026320,1.334554,0.280172,0.373904
1,0,3,0,0.791020,0.670678,0.399644,2.169725,0.867119
1,0,3,1,0.955766,0.937539,0.810768,2.268998,1.839631
1,0,3,2,0.917123,0.919566,0.452592,1.045502,0.473185
1,0,3,3,0.944342,0.960527,0.313394,0.729517,0.228626
1,0,3,4,0.925536,0.902235,0.768226,2.454487,1.885601
1,0,3,5,0.972329,0.902103,0.965342,2.961536,2.858894
1,0,3,6,0.958276,0.983517,0.878261,1.789886,1.571988
1,0,3,7,0.946042,0.936651,0.953085,0.902244,0.859915
1,0,3,8,0.991285,0.983853,0.990238,8.033436,7.955011
1,0,3,9,0.967382,0.838273,0.876179,3.537867,3.099806
1,0,3,10,0.905365,0.881398,0.615988,2.414712,1.487434
1,0,3,11,0.824546,0.955967,1.441535,0.647338,0.933161
1,0,3,12,0.969370,0.827228,0.810810,3.162376,2.564085
1,0,3,13,0.969089,0.875590,0.903596,8.186846,7.397599
1,0,3,14,0.916413,0.920580,0.643815,1.259473,0.810868
1,0,3,15,0.966627,0.973910,0.826658,2.142654,1.771242
1,0,4,0,0.966169,0.932006,0.891988,2.495956,2.226362
1,0,4,1,0.935427,0.934277,0.756012,2.621184,1.981646
1,0,4,2,0.959581,0.993425,1.060066,0.763136,0.808974
1,0,4,3,0.964746,1.030895,1.093710,2.239932,2.449836
1,0,4,4,0.966943,0.876424,0.883782,4.372171,3.864047
1,0,4,5,0.947077,0.999508,1.088871,1.897680,2.066328
1,0,4,6,0.929316,0.967249,0.998721,1.840562,1.838208
1,0,4,7,0.973356,0.957879,0.768735,1.721309,1.323230
1,0,4,8,0.856296,0.512120,0.528565,0.832964,0.440276
1,0,4,9,0.960536,1.001769,0.882931,0.701756,0.619603
1,0,4,10,0.975212,0.847303,0.856911,8.031304,6.882113
1,0,4,11,0.964886,0.954987,1.049053,3.427414,3.595538
1,0,4,12,0.950593,0.948519,0.858751,1.683870,1.446025
1,0,4,13,0.958720,0.835656,0.867766,5.227101,4.535901
1,0,4,14,0.971717,0.985398,0.783570,1.337280,1.047853
1,0,4,15,0.945191,1.006372,1.127404,1.365775,1.539781
1,0,5,0,0.987992,0.902460,0.914344,12.303961,11.250053
1,0,5,1,0.903076,0.657285,0.535492,4.515190,2.417847
1,0,5,2,0.971346,0.778265,0.787894,8.736760,6.883640
1,0,5,3,0.973316,0.923078,0.802038,2.979521,2.389689
1,0,5,4,0.992263,0.975745,0.982728,10.512618,10.331044
1,0,5,5,0.981635,0.914988,0.920128,8.740718,8.042578
1,0,5,6,0.992528,0.981542,0.992380,14.920088,14.806401
1,0,5,7,0.905521,0.909299,0.928804,3.025076,2.809702
1,0,5,8,0.918427,0.874657,0.840330,3.765066,3.163899
1,0,5,9,0.961601,0.919063,0.918675,4.752219,4.365743
1,0,5,10,0.946473,0.816262,0.746864,5.237394,3.911620
1,0,5,11,0.907717,0.629139,0.692794,6.213221,4.304485
1,0,5,12,0.881118,0.603114,0.517058,2.585005,1.336597
1,0,5,13,0.984375,0.957992,0.908414,5.445472,4.946745
1,0,5,14,0.972345,0.794629,0.808627,7.895685,6.384662
1,0,5,15,0.776055,0.527312,0.397896,1.930889,0.768292
1,0,6,0,0.908910,0.783162,0.724408,3.570538,2.586527
1,0,6,1,0.956239,0.790222,0.745071,5.778944,4.305726
1,0,6,2,0.974826,0.896487,0.791085,4.931344,3.901113
1,0,6,3,0.879759,0.653585,0.721242,2.932374,2.114951
1,0,6,4,0.959539,0.936230,0.969408,5.609236,5.437638
1,0,6,5,0.929290,0.759708,0.648166,4.201217,2.723087
1,0,6,6,0.986776,0.860253,0.866537,13.605711,11.789856
1,0,6,7,0.986056,0.918803,0.924986,8.896750,8.229371
1,0,6,8,0.942886,0.818445,0.665210,4.980122,3.312824
1,0,6,9,0.991712,0.904824,0.894207,12.233658,10.939420
1,0,6,10,0.928756,0.882510,0.775409,2.559201,1.984428
1,0,6,11,0.891564,0.613789,0.716201,4.407806,3.156877
1,0,6,12,0.988510,0.904670,0.881508,12.878112,11.352163
1,0,6,13,0.724538,0.670276,-1.245990,0.499999,-0.622994
1,0,6,14,0.934396,0.824831,0.645968,3.030428,1.957559
1,0,6,15,0.958953,0.883671,0.806337,4.432786,3.574321
1,0,7,0,0.984816,0.918829,0.931888,10.574221,9.853986
1,0,7,1,0.957306,0.853310,0.834736,5.900024,4.924965
1,0,7,2,0.975659,0.965273,0.972928,3.500796,3.406021
1,0,7,3,0.972907,0.787408,0.804321,7.796105,6.270568
1,0,7,4,0.882285,0.596378,0.465525,5.328418,2.480512
1,0,7,5,0.902751,0.810274,0.801877,4.012122,3.217229
1,0,7,6,0.971848,0.822316,0.834940,9.808451,8.189469
1,0,7,7,0.963254,0.967922,1.008559,4.639630,4.679341
1,0,7,8,0.971566,0.969188,0.928475,7.043882,6.540066
1,0,7,9,0.990591,0.895554,0.895611,11.689671,10.469392
1,0,7,10,0.996734,0.967275,0.969475,26.456573,25.648979
1,0,7,11,0.984547,0.990564,1.010686,4.990328,5.043657
1,0,7,12,0.983428,0.868282,0.881364,12.677306,11.173322
1,0,7,13,0.963445,0.798745,0.783996,7.021710,5.504993
1,0,7,14,0.977643,0.759976,0.750881,5.272055,3.958687
1,0,7,15,0.719539,0.534759,0.019206,2.405172,0.046193
1,0,8,0,0.943186,0.907670,0.905170,4.187506,3.790404
1,0,8,1,0.954460,0.801254,0.740617,5.960636,4.414547
1,0,8,2,0.912814,0.679499,0.570861,4.168069,2.379390
1,0,8,3,0.950764,0.773529,0.705216,5.746336,4.052408
1,0,8,4,0.991458,1.008450,1.006661,12.037028,12.117209
1,0,8,5,0.622614,0.636860,3.132416,-0.528709,-1.656136
1,0,8,6,0.959919,0.904979,0.903616,4.741731,4.284702
1,0,8,7,0.982092,0.992275,1.017582,6.628686,6.745229
1,0,8,8,0.983751,0.970341,0.931801,5.301902,4.940317
1,0,8,9,0.965887,0.893519,0.853492,5.869694,5.009735
1,0,8,10,0.972583,0.865972,0.842502,7.223800,6.086062
1,0,8,11,0.970001,0.922080,0.913117,5.593006,5.107069
1,0,8,12,0.929990,0.807301,0.756607,4.497119,3.402554
1,0,8,13,0.978621,0.913704,0.878690,6.879951,6.045341
1,0,8,14,0.959079,0.917460,0.908329,5.106023,4.637947
1,0,8,15,0.685051,0.534979,0.319395,1.958474,0.625527
1,0,9,0,0.919596,0.834166,0.679332,3.392061,2.304336
1,0,9,1,0.748543,0.571062,0.135045,2.581506,0.348620
1,0,9,2,0.910984,0.811797,0.602687,2.664950,1.606131
1,0,9,3,0.974346,0.944636,0.936852,5.979683,5.602077
1,0,9,4,0.970820,0.991066,1.012181,6.113282,6.187745
1,0,9,5,0.969839,0.963394,0.996958,6.094544,6.076006
1,0,9,6,0.981435,0.971961,0.972256,8.241999,8.013335
1,0,9,7,0.987797,0.936455,0.916700,5.146835,4.718102
1,0,9,8,0.728859,0.488377,0.091617,2.261198,0.207164
1,0,9,9,0.978557,0.915299,0.879668,7.205445,6.338398
1,0,9,10,0.973811,0.831585,0.805523,7.918248,6.378329
1,0,9,11,0.964998,0.818997,0.745594,5.084139,3.790702
1,0,9,12,0.912730,0.710468,0.791031,6.984650,5.525076
1,0,9,13,0.928501,0.822688,0.687663,2.919043,2.007317
1,0,9,14,0.973674,0.944776,0.929902,5.943292,5.526677
1,0,9,15,0.990732,0.945821,0.907672,10.192200,9.251179
1,0,10,0,0.894562,0.665942,0.480862,4.790915,2.303770
1,0,10,1,0.993902,0.935947,0.943485,19.683584,18.571171
1,0,10,2,0.973579,0.896244,0.835666,5.718282,4.778575
1,0,10,3,0.978932,0.808274,0.758471,4.680674,3.550157
1,0,10,4,0.995736,0.924255,0.923996,7.348947,6.790399
1,0,10,5,0.990881,0.968984,0.972649,10.634078,10.343226
1,0,10,6,0.983011,0.875207,0.880097,10.685438,9.404222
1,0,10,7,0.986109,0.882127,0.849309,6.447094,5.475573
1,0,10,8,0.967383,0.925245,0.903711,6.905983,6.241011
1,0,10,9,0.968318,0.831456,0.856035,8.180664,7.002936
1,0,10,10,0.981488,0.846220,0.862706,12.916550,11.143184
1,0,10,11,0.977538,0.911308,0.878375,8.148930,7.157817
1,0,10,12,0.960643,0.814993,0.729581,5.253109,3.832569
1,0,10,13,0.991580,0.970033,0.975772,11.882761,11.594864
1,0,10,14,0.912245,0.680429,0.589814,5.371667,3.168283
1,0,10,15,0.956719,0.906979,0.890071,5.055039,4.499343
1,0,11,0,0.995278,1.009747,1.014401,8.400057,8.521025
1,0,11,1,0.990603,1.060321,1.061943,10.878063,11.551886
1,0,11,2,0.961879,0.949951,0.938840,5.266816,4.944699
1,0,11,3,0.531699,0.480865,-6.362214,0.233140,-1.483288
1,0,11,4,0.950497,0.755002,0.643290,4.788547,3.080423
1,0,11,5,0.950787,0.972376,0.991337,4.341491,4.303880
1,0,11,6,0.924131,0.733680,0.816767,8.296956,6.776677
1,0,11,7,0.896999,0.699196,0.620346,5.079966,3.151338
1,0,11,8,0.940078,0.856082,0.798878,4.040772,3.228083
1,0,11,9,0.988048,0.920400,0.886468,4.783924,4.240795
1,0,11,10,0.745777,0.588291,0.289335,2.659281,0.769422
1,0,11,11,0.977169,0.795875,0.763674,6.204896,4.738521
1,0,11,12,0.882914,0.616090,0.438765,5.089625,2.233149
1,0,11,13,0.990158,1.061958,1.065075,10.984464,11.699282
1,0,11,14,0.965457,0.987953,1.018019,5.209415,5.303284
1,0,11,15,0.991195,1.048818,1.050671,10.711771,11.254546
1,0,12,0,0.969563,1.257693,1.387178,-2.166842,-3.005796
1,0,12,1,0.980069,0.959183,0.974349,9.078271,8.845406
1,0,12,2,0.916938,0.891802,1.040628,2.347463,2.442835
1,0,12,3,0.998331,1.087252,1.088017,-3.515555,-3.824984
1,0,12,4,0.943091,0.920727,0.999697,3.766989,3.765849
1,0,12,5,0.858941,0.786152,0.803167,3.534487,2.838784
1,0,12,6,0.888038,0.860111,1.022844,1.963911,2.008776
1,0,12,7,0.890614,0.709342,0.648622,5.643249,3.660334
1,0,12,8,0.893469,0.735545,0.701807,5.136405,3.604764
1,0,12,9,0.987861,1.112246,1.129040,8.204805,9.263555
1,0,12,10,0.983812,0.887048,0.854384,3.825522,3.268465
1,0,12,11,0.899355,0.782008,0.814174,4.613117,3.755880
1,0,12,12,0.931453,0.972140,1.004796,4.916003,4.939580
1,0,12,13,0.876389,0.615793,0.665744,4.047654,2.694700
1,0,12,14,0.916420,0.831990,0.852171,5.686415,4.845801
1,0,12,15,0.758366,0.616441,0.505387,4.046246,2.044920
1,0,13,0,0.768754,0.543539,0.498366,5.646518,2.814035
1,0,13,1,0.892204,0.767151,0.741953,5.106742,3.788960
1,0,13,2,0.880944,0.796522,0.736129,2.209152,1.626222
1,0,13,3,0.863338,0.707242,0.683272,4.927363,3.366727
1,0,13,4,0.979111,0.847849,0.862344,9.627758,8.302439
1,0,13,5,0.973269,0.680102,0.656156,5.178235,3.397732
1,0,13,6,0.985814,1.015431,1.020209,8.030952,8.193247
1,0,13,7,0.824660,0.674846,0.440004,2.812448,1.237487
1,0,13,8,0.800900,0.623627,0.261966,3.167088,0.829668
1,0,13,9,0.849016,0.723065,0.702119,4.518236,3.172340
1,0,13,10,0.859601,0.785908,0.803396,3.859022,3.100322
1,0,13,11,0.823894,0.601140,0.583952,6.361572,3.714852
1,0,13,12,0.872736,0.658302,0.629409,5.897791,3.712126
1,0,13,13,0.760737,0.687965,-2.524758,0.290893,-0.734434
1,0,13,14,0.870165,0.708421,0.695607,5.749206,3.999187
1,0,13,15,0.985093,1.270165,1.325508,-1.919057,-2.543725
1,0,14,0,0.827493,0.703216,0.572555,3.051288,1.747030
1,0,14,1,0.979008,0.865832,0.847133,10.191243,8.633342
1,0,14,2,0.918865,0.797172,0.821385,5.930789,4.871463
1,0,14,3,0.833147,0.742057,0.606420,2.479345,1.503526
1,0,14,4,0.919900,0.791888,0.823210,6.579340,5.416180
1,0,14,5,0.626331,0.450982,0.084722,2.498685,0.211694
1,0,14,6,0.808647,0.688559,0.524226,2.774649,1.454543
1,0,14,7,0.939627,0.672912,0.631276,6.093923,3.846949
1,0,14,8,0.906202,0.771741,0.743935,4.085034,3.039000
1,0,14,9,0.766183,0.713560,0.718262,1.914951,1.375437
1,0,14,10,0.645661,0.497129,-0.037833,1.941049,-0.073435
1,0,14,11,0.890632,0.807432,0.894200,3.938691,3.521977
1,0,14,12,0.913218,0.825396,0.792982,3.399836,2.696008
1,0,14,13,0.823477,0.745973,0.691654,2.556269,1.768055
1,0,14,14,0.912140,0.773851,0.791557,5.317506,4.209110
1,0,14,15,0.844201,0.818869,1.011781,2.479453,2.508664
1,0,15,0,0.975190,0.945021,0.952675,4.909178,4.676852
1,0,15,1,0.957427,0.890744,0.819747,3.434298,2.815254
1,0,15,2,0.969602,0.833625,0.782875,5.347037,4.186060
1,0,15,3,0.968218,0.898152,0.872671,4.132422,3.606246
1,0,15,4,0.997033,1.017753,1.020494,-3.327654,-3.395852
1,0,15,5,0.968630,0.929513,0.969034,4.382760,4.247044
1,0,15,6,0.829166,1.107671,1.847295,0.941945,1.740049
1,0,15,7,0.942548,0.825496,0.732592,3.787439,2.774648
1,0,15,8,0.951312,0.905229,0.926494,4.465598,4.137348
1,0,15,9,0.969341,0.892782,0.845992,4.474174,3.785115
1,0,15,10,0.948023,0.967601,0.991633,-1.524192,-1.511439
1,0,15,11,0.958853,0.816709,0.766629,4.832580,3.704795
1,0,15,12,0.983116,1.064453,1.025256,6.127227,6.281974
1,0,15,13,0.898295,0.728800,0.566495,3.224322,1.826561
1,0,15,14,0.940984,0.791830,0.755896,4.157786,3.142855
1,0,15,15,0.698978,0.538525,0.076475,2.454434,0.187702
88,0,0,0,0.801168,0.815500,1.013560,0.484740,0.491313
88,0,0,1,0.970995,0.926600,0.870214,-0.867581,-0.754981
88,0,0,2,0.965932,0.749937,0.708312,1.370265,0.970576
88,0,0,3,0.957372,1.092603,1.285227,-1.413469,-1.816628
88,0,0,4,0.828885,0.801115,-30.242201,0.015740,-0.476002
88,0,0,5,0.748305,0.745285,-0.538161,0.733128,-0.394540
88,0,0,6,0.929207,0.970731,0.607669,1.044590,0.634765
88,0,0,7,0.989367,1.031923,1.069051,-1.921163,-2.053821
88,0,0,8,0.940408,0.800555,0.759063,1.647604,1.250635
88,0,0,9,0.812647,0.858122,-1.685029,0.209679,-0.353315
88,0,0,10,0.925558,0.819118,-0.062196,0.224436,-0.013959
88,0,0,11,0.802439,0.866272,1.558326,0.490242,0.763956
88,0,0,12,0.848223,0.533695,0.432006,1.985578,0.857782
88,0,0,13,0.977228,1.067392,1.189899,-1.720203,-2.046867
88,0,0,14,0.939923,0.782885,0.691513,0.970965,0.671435
88,0,0,15,0.993612,1.004174,1.017602,-1.539913,-1.567018
88,0,1,0,0.970404,1.009114,0.820648,0.428884,0.351962
88,0,1,1,0.977160,0.948319,0.931067,1.157107,1.077345
88,0,1,2,0.960563,0.851680,0.886387,2.018360,1.789049
88,0,1,3,0.892452,1.031871,2.324962,0.347905,0.808866
88,0,1,4,0.902441,0.676641,0.575694,0.914702,0.526589
88,0,1,5,0.898883,1.087261,1.450333,1.076447,1.561208
88,0,1,6,0.992007,0.970142,0.975736,2.954030,2.882354
88,0,1,7,0.951075,0.957813,1.077186,0.532207,0.573286
88,0,1,8,0.899990,1.005547,1.334763,0.352798,0.470902
88,0,1,9,0.939871,0.954219,-1.934539,-0.061429,0.118837
88,0,1,10,0.939399,0.959520,0.784964,0.961140,0.754461
88,0,1,11,0.959652,0.985670,0.777106,1.042911,0.810453
88,0,1,12,0.938836,1.033355,1.568308,-0.351816,-0.551755
88,0,1,13,0.958072,0.773809,0.743650,2.296773,1.707995
88,0,1,14,0.327722,0.289917,1.195854,-0.417173,-0.498878
88,0,1,15,0.964109,0.965201,1.039245,4.601889,4.782488
88,0,2,0,0.953404,0.955136,0.851240,1.984557,1.689334
88,0,2,1,0.961596,0.881561,0.882745,2.119379,1.870872
88,0,2,2,0.956792,1.015671,0.943636,0.202022,0.190636
88,0,2,3,0.962796,1.028114,1.237098,0.207246,0.256384
88,0,2,4,0.846147,0.592681,0.641389,1.355878,0.869645
88,0,2,5,0.964329,0.831308,0.834169,4.718004,3.935615
88,0,2,6,0.945647,1.027057,0.940454,1.198200,1.126851
88,0,2,7,0.953324,1.002671,0.923827,0.329311,0.304226
88,0,2,8,0.911382,0.708597,0.767066,1.189512,0.912434
88,0,2,9,0.973258,0.894213,0.842763,4.174425,3.518050
88,0,2,10,0.908449,0.973167,1.491398,0.318859,0.475546
88,0,2,11,0.969369,0.900934,0.956251,2.471623,2.363492
88,0,2,12,0.957927,1.018610,1.154922,0.212809,0.245778
88,0,2,13,0.897414,0.777447,0.668151,1.164923,0.778344
88,0,2,14,0.904881,0.936265,1.969522,-0.310054,-0.610659
88,0,2,15,0.944512,1.027057,1.413593,0.189671,0.268117
88,0,3,0,0.776119,0.678118,0.364288,1.828499,0.666101
88,0,3,1,0.950136,0.935399,0.778700,2.057947,1.602523
88,0,3,2,0.914296,0.920352,0.419546,0.980527,0.411376
88,0,3,3,0.943741,0.955231,0.398339,0.846724,0.337283
88,0,3,4,0.918519,0.895649,0.744652,2.375579,1.768979
88,0,3,5,0.965728,0.894859,0.979493,2.515582,2.463996
88,0,3,6,0.955148,0.985746,0.857289,1.631988,1.399086
88,0,3,7,0.941976,0.936788,0.905457,0.686893,0.621952
88,0,3,8,0.990777,0.989603,0.996333,8.592158,8.560648
88,0,3,9,0.962457,0.843453,0.890695,3.135779,2.793023
88,0,3,10,0.910958,0.894996,0.652937,2.402772,1.568859
88,0,3,11,0.831932,0.984940,1.488250,0.733782,1.092051
88,0,3,12,0.972879,0.848697,0.863641,3.598279,3.107621
88,0,3,13,0.962399,0.881525,0.930074,8.498780,7.904490
88,0,3,14,0.911900,0.925625,0.623934,1.160966,0.724367
88,0,3,15,0.963846,0.969168,0.805966,2.103058,1.694993
88,0,4,0,0.963130,0.942014,0.943498,2.240943,2.114324
88,0,4,1,0.934473,0.951750,0.781128,2.447207,1.911582
88,0,4,2,0.955124,0.999915,1.117751,0.648726,0.725114
88,0,4,3,0.964399,1.027252,1.090195,2.364872,2.578171
88,0,4,4,0.969155,0.870459,0.890738,4.644459,4.136994
88,0,4,5,0.943339,1.015005,1.133225,1.799374,2.039096
88,0,4,6,0.925865,0.973572,1.030344,1.743040,1.795931
88,0,4,7,0.972391,0.961928,0.779410,1.679336,1.308891
88,0,4,8,0.840476,0.488467,0.476916,0.771426,0.367905
88,0,4,9,0.957609,1.006820,0.947967,0.589744,0.559057
88,0,4,10,0.980918,0.880084,0.899015,8.691324,7.813630
88,0,4,11,0.968759,0.956070,1.034223,3.914387,4.048350
88,0,4,12,0.944785,0.948407,0.829719,1.519208,1.260516
88,0,4,13,0.923413,0.789357,0.848458,4.432535,3.760818
88,0,4,14,0.969836,0.985585,0.768221,1.294842,0.994725
88,0,4,15,0.943173,1.016593,1.165478,1.306795,1.523040
88,0,5,0,0.983652,0.883999,0.900068,12.015503,10.814769
88,0,5,1,0.864514,0.632550,0.448110,4.044804,1.812516
88,0,5,2,0.971453,0.784949,0.804352,9.078698,7.302473
88,0,5,3,0.975643,0.928555,0.838160,3.156988,2.646060
88,0,5,4,0.990444,0.970837,0.978119,10.221168,9.997519
88,0,5,5,0.983908,0.911914,0.919188,9.514938,8.746013
88,0,5,6,0.994323,0.980514,0.988803,16.714384,16.527235
88,0,5,7,0.898658,0.895443,0.888074,2.828406,2.511834
88,0,5,8,0.920572,0.880895,0.844612,3.689210,3.115952
88,0,5,9,0.958257,0.930475,0.936815,4.463691,4.181653
88,0,5,10,0.941228,0.801124,0.730848,5.221144,3.815863
88,0,5,11,0.947924,0.716770,0.764017,7.322595,5.594584
88,0,5,12,0.901436,0.599402,0.586173,2.984108,1.749203
88,0,5,13,0.985734,0.960635,0.919674,5.738671,5.277707
88,0,5,14,0.965877,0.771274,0.803335,7.699795,6.185516
88,0,5,15,0.889092,0.623217,0.615969,2.649782,1.632185
88,0,6,0,0.911852,0.788569,0.713789,3.542299,2.528453
88,0,6,1,0.957316,0.797740,0.753015,5.861719,4.413962
88,0,6,2,0.975960,0.893905,0.792572,5.088295,4.032839
88,0,6,3,0.869530,0.618792,0.673960,3.135834,2.113428
88,0,6,4,0.954903,0.923444,0.952723,5.408018,5.152342
88,0,6,5,0.925464,0.757551,0.644909,4.112305,2.652062
88,0,6,6,0.989719,0.880024,0.890069,14.458937,12.869446
88,0,6,7,0.980580,0.897274,0.909053,8.664980,7.876928
88,0,6,8,0.943449,0.813367,0.664515,5.017464,3.334181
88,0,6,9,0.993780,0.915640,0.914286,14.717386,13.455904
88,0,6,10,0.933302,0.900324,0.796746,2.502810,1.994103
88,0,6,11,0.901319,0.623778,0.721152,4.586763,3.307752
88,0,6,12,0.990275,0.900846,0.896387,13.893011,12.453514
88,0,6,13,0.717941,0.658847,-1.093453,0.558181,-0.610344
88,0,6,14,0.925371,0.815000,0.615297,3.054999,1.879733
88,0,6,15,0.956537,0.878449,0.788467,4.270366,3.367041
88,0,7,0,0.973545,0.891300,0.913035,9.314770,8.504712
88,0,7,1,0.956596,0.869096,0.858061,5.827962,5.000746
88,0,7,2,0.974016,0.968336,0.984049,3.322293,3.269299
88,0,7,3,0.965273,0.772634,0.800057,7.840502,6.272850
88,0,7,4,0.912590,0.635399,0.541375,5.560297,3.010204
88,0,7,5,0.913373,0.852623,0.861217,4.105837,3.536019
88,0,7,6,0.966118,0.822602,0.851793,9.547276,8.132306
88,0,7,7,0.959945,0.968256,1.007415,4.389318,4.421864
88,0,7,8,0.974219,1.003227,0.972257,6.965096,6.771863
88,0,7,9,0.988984,0.892868,0.897031,11.974555,10.741543
88,0,7,10,0.997011,0.971026,0.973969,27.233860,26.524942
88,0,7,11,0.983563,0.991306,1.013503,5.046782,5.114929
88,0,7,12,0.977213,0.834167,0.852503,12.301076,10.486700
88,0,7,13,0.956469,0.793178,0.771419,6.543972,5.048147
88,0,7,14,0.979452,0.769072,0.783766,5.627246,4.410445
88,0,7,15,0.751083,0.532681,0.200622,2.818892,0.565531
88,0,8,0,0.944073,0.910154,0.906379,4.091479,3.708430
88,0,8,1,0.951962,0.811844,0.737616,5.633323,4.155230
88,0,8,2,0.897455,0.684463,0.556222,3.757014,2.089734
88,0,8,3,0.959514,0.799726,0.748950,6.127528,4.589213
88,0,8,4,0.988482,1.006625,1.003962,12.420088,12.469299
88,0,8,5,0.621406,0.659822,2.694277,-0.644801,-1.737272
88,0,8,6,0.959319,0.923933,0.938071,4.502563,4.223725
88,0,8,7,0.984558,0.997824,1.014843,7.168025,7.274422
88,0,8,8,0.984589,0.967694,0.931774,5.359844,4.994162
88,0,8,9,0.961285,0.895051,0.853526,5.409496,4.617144
88,0,8,10,0.972101,0.879046,0.860076,7.000278,6.020772
88,0,8,11,0.976806,0.951813,0.952557,6.113942,5.823877
88,0,8,12,0.936712,0.823225,0.778731,4.456679,3.470553
88,0,8,13,0.977833,0.952204,0.933163,6.284003,5.864002
88,0,8,14,0.956547,0.930782,0.925273,4.780817,4.423562
88,0,8,15,0.712998,0.563211,0.406598,1.992415,0.810112
88,0,9,0,0.907138,0.810103,0.608419,3.257955,1.982201
88,0,9,1,0.765457,0.585002,0.198186,2.694523,0.534016
88,0,9,2,0.903003,0.818382,0.571409,2.378739,1.359232
88,0,9,3,0.974493,0.960866,0.945381,5.750150,5.436084
88,0,9,4,0.967523,1.001038,1.024678,5.776357,5.918907
88,0,9,5,0.965539,0.964010,0.998927,5.746235,5.740069
88,0,9,6,0.982972,0.977279,0.979099,8.408401,8.232659
88,0,9,7,0.985770,0.929496,0.910524,4.933503,4.492074
88,0,9,8,0.774343,0.492681,0.289567,2.642459,0.765168
88,0,9,9,0.972362,0.910457,0.862813,6.651541,5.739036
88,0,9,10,0.974491,0.861887,0.841006,7.670985,6.451344
88,0,9,11,0.965117,0.814517,0.747402,5.257030,3.929114
88,0,9,12,0.872959,0.634053,0.742671,6.317849,4.692081
88,0,9,13,0.919986,0.829104,0.665324,2.588982,1.722511
88,0,9,14,0.980006,0.971036,0.968385,6.606491,6.397627
88,0,9,15,0.990934,0.947806,0.924498,10.725316,9.915533
88,0,10,0,0.900427,0.674142,0.505841,4.880735,2.468875
88,0,10,1,0.993507,0.935413,0.940827,19.504929,18.350761
88,0,10,2,0.972050,0.890520,0.831077,5.544647,4.608027
88,0,10,3,0.980805,0.793306,0.762555,4.892861,3.731075
88,0,10,4,0.995038,0.930066,0.930883,7.209785,6.711466
88,0,10,5,0.987021,0.959553,0.967216,10.762147,10.409324
88,0,10,6,0.979374,0.845636,0.856649,11.404223,9.769411
88,0,10,7,0.986607,0.880015,0.853209,6.711766,5.726540
88,0,10,8,0.971729,0.955903,0.944662,7.168306,6.771629
88,0,10,9,0.960357,0.797168,0.827941,8.119268,6.722272
88,0,10,10,0.983861,0.864419,0.880979,13.620028,11.998959
88,0,10,11,0.973260,0.922889,0.886442,7.400859,6.560436
88,0,10,12,0.961268,0.822206,0.738649,5.092387,3.761487
88,0,10,13,0.989029,0.961168,0.968923,11.932996,11.562155
88,0,10,14,0.916573,0.694867,0.618151,5.488923,3.392981
88,0,10,15,0.960316,0.939092,0.936571,5.022702,4.704116
88,0,11,0,0.995529,1.010482,1.013699,8.821931,8.942780
88,0,11,1,0.988040,1.046794,1.051790,12.201497,12.833412
88,0,11,2,0.963535,0.957617,0.952464,5.130821,4.886921
88,0,11,3,0.484319,0.464971,-22.898641,0.069395,-1.589045
88,0,11,4,0.957063,0.776925,0.687742,4.819221,3.314379
88,0,11,5,0.960581,0.999167,1.026428,4.885437,5.014549
88,0,11,6,0.897451,0.678587,0.784913,8.160341,6.405158
88,0,11,7,0.915658,0.725184,0.661948,5.417629,3.586190
88,0,11,8,0.942861,0.865758,0.831305,4.167567,3.464518
88,0,11,9,0.988503,0.931211,0.913356,5.562433,5.080480
88,0,11,10,0.794269,0.618352,0.406351,2.876621,1.168917
88,0,11,11,0.973077,0.789411,0.753538,6.094705,4.592591
88,0,11,12,0.853549,0.602369,0.379486,4.741918,1.799489
88,0,11,13,0.988697,1.088366,1.091637,12.890608,14.071871
88,0,11,14,0.961661,0.980021,0.990445,5.061610,5.013245
88,0,11,15,0.988811,1.028720,1.030867,12.173061,12.548810
88,0,12,0,0.975785,1.251218,1.357097,-2.198777,-2.983954
88,0,12,1,0.974606,0.944681,0.964858,9.821727,9.476576
88,0,12,2,0.918881,0.911765,1.098273,2.386964,2.621539
88,0,12,3,0.998560,1.091616,1.092700,-3.425906,-3.743489
88,0,12,4,0.944344,0.945865,1.046832,3.819829,3.998720
88,0,12,5,0.847494,0.774821,0.780693,3.415626,2.666555
88,0,12,6,0.896946,0.880276,1.040449,2.158267,2.245567
88,0,12,7,0.909469,0.753089,0.702582,5.784838,4.064322
88,0,12,8,0.892022,0.724577,0.678020,5.273298,3.575402
88,0,12,9,0.982598,1.097434,1.109303,8.457869,9.382337
88,0,12,10,0.984333,0.893304,0.874953,4.284594,3.748818
88,0,12,11,0.907867,0.795024,0.824557,4.932222,4.066901
88,0,12,12,0.938685,0.992040,1.036268,5.265417,5.456384
88,0,12,13,0.845802,0.547952,0.638793,4.235761,2.705774
88,0,12,14,0.922109,0.845644,0.853328,5.927015,5.057688
88,0,12,15,0.759293,0.622263,0.505227,4.049559,2.045945
88,0,13,0,0.766156,0.546634,0.499488,5.651449,2.822833
88,0,13,1,0.890981,0.773288,0.751201,5.057847,3.799462
88,0,13,2,0.879579,0.797790,0.733385,2.128628,1.561104
88,0,13,3,0.863534,0.711904,0.690478,4.951926,3.419196
88,0,13,4,0.961923,0.770653,0.795480,9.162796,7.288820
88,0,13,5,0.973947,0.644305,0.634927,5.156446,3.273967
88,0,13,6,0.978721,1.017641,1.023562,8.087298,8.277853
88,0,13,7,0.836731,0.689534,0.472724,2.822325,1.334181
88,0,13,8,0.794391,0.624307,0.246395,3.125643,0.770142
88,0,13,9,0.853460,0.732766,0.716769,4.487659,3.216614
88,0,13,10,0.854684,0.788542,0.802868,3.723180,2.989223
88,0,13,11,0.828520,0.606591,0.581856,6.407110,3.728015
88,0,13,12,0.873814,0.671958,0.648711,5.794198,3.758762
88,0,13,13,0.754235,0.688534,-1.727564,0.393208,-0.679291
88,0,13,14,0.871464,0.709039,0.692147,5.770633,3.994124
88,0,13,15,0.982241,1.297234,1.365493,-1.780020,-2.430605
88,0,14,0,0.826294,0.701313,0.565189,3.017096,1.705229
88,0,14,1,0.974894,0.847830,0.826334,9.919884,8.197135
88,0,14,2,0.920130,0.807128,0.836716,5.903985,4.939958
88,0,14,3,0.830267,0.741192,0.612732,2.414811,1.479632
88,0,14,4,0.920187,0.793238,0.828416,6.557070,5.431982
88,0,14,5,0.616721,0.454217,0.067127,2.421274,0.162533
88,0,14,6,0.816043,0.697155,0.553094,2.774291,1.534444
88,0,14,7,0.938370,0.675614,0.636961,5.960552,3.796640
88,0,14,8,0.904300,0.771964,0.745503,4.021724,2.998208
88,0,14,9,0.770419,0.724640,0.766945,1.884443,1.445264
88,0,14,10,0.627300,0.483197,-0.083202,1.941318,-0.161522
88,0,14,11,0.889542,0.805841,0.892432,3.971941,3.544688
88,0,14,12,0.910787,0.826903,0.805290,3.311837,2.666989
88,0,14,13,0.821381,0.736191,0.664839,2.544818,1.691894
88,0,14,14,0.915492,0.783067,0.807764,5.351223,4.322526
88,0,14,15,0.845817,0.825055,1.020723,2.473362,2.524618
88,0,15,0,0.975431,0.959697,0.979019,4.848167,4.746449
88,0,15,1,0.956669,0.892319,0.825876,3.361626,2.776286
88,0,15,2,0.968298,0.820579,0.767300,5.391220,4.136684
88,0,15,3,0.968668,0.899006,0.875996,4.071819,3.566895
88,0,15,4,0.996392,1.013869,1.017446,-3.257267,-3.314091
88,0,15,5,0.968334,0.928887,0.974386,4.329020,4.218134
88,0,15,6,0.806866,1.090909,1.975235,0.866893,1.712317
88,0,15,7,0.944362,0.825819,0.735567,3.760046,2.765764
88,0,15,8,0.950533,0.907048,0.932834,4.395570,4.100336
88,0,15,9,0.969329,0.897198,0.858240,4.496121,3.858752
88,0,15,10,0.943017,0.975717,1.017398,-1.471236,-1.496833
88,0,15,11,0.962108,0.828059,0.785690,4.829191,3.794248
88,0,15,12,0.983750,1.070067,1.033189,6.249966,6.457397
88,0,15,13,0.874878,0.690003,0.484069,3.174542,1.536697
88,0,15,14,0.918271,0.742496,0.680928,3.953365,2.691957
88,0,15,15,0.615152,0.482433,-0.056047,2.426338,-0.135990
207,0,0,0,0.797812,0.809846,0.931349,0.424250,0.395125
207,0,0,1,0.964943,0.926369,0.842932,-0.779116,-0.656742
207,0,0,2,0.948661,0.785703,0.370919,0.564259,0.209295
207,0,0,3,0.972117,1.042429,1.127109,-1.753636,-1.976539
207,0,0,4,0.910810,0.897105,1.186048,-1.013275,-1.201793
207,0,0,5,0.808998,0.792759,-0.311758,0.755816,-0.235632
207,0,0,6,0.930669,0.971902,0.655832,1.110305,0.728174
207,0,0,7,0.982605,1.059400,1.133189,-1.316153,-1.491449
207,0,0,8,0.947988,0.848873,0.813315,1.470867,1.196278
207,0,0,9,0.874516,0.929327,-10.987703,0.038210,-0.419835
207,0,0,10,0.967674,0.809622,0.766332,1.395669,1.069546
207,0,0,11,0.799898,0.857968,1.636110,0.391600,0.640700
207,0,0,12,0.829077,0.512570,0.371852,1.703511,0.633453
207,0,0,13,0.964459,1.045380,1.285701,-1.135317,-1.459679
207,0,0,14,0.966656,0.878534,-2.655835,0.031426,-0.083461
207,0,0,15,0.993590,1.000762,1.012884,-1.475578,-1.494589
207,0,1,0,0.970807,1.002786,0.577964,0.208866,0.120717
207,0,1,1,0.981666,0.970116,0.972147,0.969657,0.942649
207,0,1,2,0.969772,0.840652,0.863498,2.419725,2.089427
207,0,1,3,0.894759,1.037100,2.481141,0.305134,0.757081
207,0,1,4,0.927499,0.746842,0.614883,1.026602,0.631240
207,0,1,5,0.898595,1.085992,1.463053,1.007116,1.473464
207,0,1,6,0.989212,0.987752,0.985828,2.336699,2.303583
207,0,1,7,0.955165,0.956971,1.007930,0.668973,0.674278
207,0,1,8,0.904787,1.007485,1.239322,0.402132,0.498371
207,0,1,9,0.939130,0.947912,-5.745735,-0.036095,0.207389
207,0,1,10,0.943747,0.955754,0.872130,1.130461,0.985909
207,0,1,11,0.961371,0.985669,0.801178,1.031758,0.826622
207,0,1,12,0.932233,1.001464,1.918891,-0.268433,-0.515093
207,0,1,13,0.959665,0.785243,0.752545,1.926524,1.449796
207,0,1,14,0.151796,0.121289,0.335841,0.182072,0.061147
207,0,1,15,0.965544,0.945680,1.008156,4.231104,4.265614
207,0,2,0,0.958142,0.960249,0.895883,2.031644,1.820114
207,0,2,1,0.975140,0.909377,0.904008,2.215368,2.002710
207,0,2,2,0.957745,1.015862,1.086693,0.251580,0.273391
207,0,2,3,0.963924,1.027625,1.266191,0.283472,0.358930
207,0,2,4,0.869175,0.626063,0.701846,1.551083,1.088622
207,0,2,5,0.964500,0.818728,0.802382,4.328794,3.473347
207,0,2,6,0.949422,1.030278,0.978861,1.298478,1.271029
207,0,2,7,0.954752,1.001589,0.988329,0.354817,0.350676
207,0,2,8,0.903372,0.671723,0.676104,1.085136,0.733665
207,0,2,9,0.970495,0.892868,0.831391,3.912132,3.252511
207,0,2,10,0.916519,0.977698,1.281914,0.488036,0.625620
207,0,2,11,0.976172,0.909949,0.902449,2.836200,2.559525
207,0,2,12,0.958766,1.019882,1.238580,0.281314,0.348430
207,0,2,13,0.935076,0.823540,0.748979,1.439075,1.077837
207,0,2,14,0.903244,0.927255,2.460359,-0.223363,-0.549553
207,0,2,15,0.946818,1.027174,1.436992,0.249314,0.358262
207,0,3,0,0.800665,0.681788,0.416527,2.156746,0.898343
207,0,3,1,0.956684,0.929168,0.806813,2.330930,1.880625
207,0,3,2,0.917028,0.924218,0.369113,0.949732,0.350558
207,0,3,3,0.943607,0.954790,0.346425,0.777161,0.269228
207,0,3,4,0.926346,0.904915,0.770617,2.405600,1.853796
207,0,3,5,0.971321,0.908490,0.966351,2.710969,2.619749
207,0,3,6,0.959614,0.980983,0.896521,1.835793,1.645827
207,0,3,7,0.948359,0.942712,0.990630,0.820115,0.812430
207,0,3,8,0.993447,1.003140,1.008268,8.650214,8.721730
207,0,3,9,0.969881,0.846054,0.882809,3.523468,3.110549
207,0,3,10,0.904874,0.884616,0.621279,2.356942,1.464319
207,0,3,11,0.829361,0.978576,1.496778,0.729060,1.091241
207,0,3,12,0.963210,0.804001,0.783760,3.187133,2.497949
207,0,3,13,0.970946,0.881553,0.906548,8.053049,7.300479
207,0,3,14,0.914312,0.925667,0.598810,1.090649,0.653091
207,0,3,15,0.969238,0.979867,0.854634,2.113841,1.806561
207,0,4,0,0.966563,0.933306,0.899382,2.530660,2.276031
207,0,4,1,0.937304,0.925324,0.748308,2.765631,2.069544
207,0,4,2,0.959778,0.997442,1.023785,0.716016,0.733046
207,0,4,3,0.965976,1.023086,1.065828,2.291831,2.442698
207,0,4,4,0.980238,0.894086,0.904845,5.040428,4.560807
207,0,4,5,0.950249,1.006714,1.092978,1.921691,2.100367
207,0,4,6,0.929305,0.966782,1.009911,1.682031,1.698702
207,0,4,7,0.973415,0.956894,0.762687,1.713634,1.306967
207,0,4,8,0.865851,0.518964,0.502485,0.887194,0.445801
207,0,4,9,0.961955,1.003973,0.888221,0.706650,0.627661
207,0,4,10,0.979532,0.859213,0.865362,8.210817,7.105326
207,0,4,11,0.964166,0.960088,1.062884,3.450928,3.667937
207,0,4,12,0.951116,0.952255,0.836238,1.577284,1.318985
207,0,4,13,0.960935,0.867424,0.897001,4.894567,4.390433
207,0,4,14,0.971375,0.984007,0.759709,1.305076,0.991477
207,0,4,15,0.947783,1.012195,1.112643,1.425741,1.586341
207,0,5,0,0.985418,0.885038,0.898245,11.616174,10.434175
207,0,5,1,0.911515,0.664615,0.557710,4.646531,2.591419
207,0,5,2,0.972980,0.790632,0.799480,8.739961,6.987421
207,0,5,3,0.973604,0.916461,0.798307,3.133319,2.501349
207,0,5,4,0.994047,0.967926,0.970875,11.044689,10.723018
207,0,5,5,0.985003,0.916188,0.915111,9.099054,8.326648
207,0,5,6,0.994589,0.987935,0.996377,16.230267,16.171461
207,0,5,7,0.899693,0.889960,0.864678,2.961405,2.560663
207,0,5,8,0.929336,0.884035,0.854043,4.049924,3.458809
207,0,5,9,0.959256,0.904113,0.889114,4.581027,4.073057
207,0,5,10,0.947835,0.812754,0.746936,5.375819,4.015394
207,0,5,11,0.925262,0.673012,0.725907,6.344269,4.605352
207,0,5,12,0.875420,0.597004,0.487269,2.558299,1.246581
207,0,5,13,0.985101,0.959708,0.910129,5.551205,5.052313
207,0,5,14,0.969988,0.787035,0.807711,7.595126,6.134664
207,0,5,15,0.861231,0.613833,0.547781,2.312936,1.266982
207,0,6,0,0.915890,0.791821,0.730542,3.651315,2.667438
207,0,6,1,0.952577,0.787326,0.734017,5.640081,4.139915
207,0,6,2,0.974726,0.894389,0.787239,4.987800,3.926593
207,0,6,3,0.862705,0.641269,0.672830,2.635488,1.773237
207,0,6,4,0.956094,0.920853,0.948001,5.493610,5.207949
207,0,6,5,0.920889,0.734805,0.605147,4.142605,2.506886
207,0,6,6,0.985847,0.850354,0.854547,13.142903,11.231235
207,0,6,7,0.985466,0.911642,0.922067,8.360447,7.708890
207,0,6,8,0.941174,0.814641,0.659464,5.000324,3.297535
207,0,6,9,0.990119,0.889850,0.880344,11.810115,10.396967
207,0,6,10,0.930214,0.884301,0.789372,2.555109,2.016933
207,0,6,11,0.925220,0.672142,0.756751,4.853643,3.672999
207,0,6,12,0.988128,0.886577,0.869282,12.593333,10.947160
207,0,6,13,0.721557,0.654287,-1.007345,0.581995,-0.586269
207,0,6,14,0.920029,0.809909,0.565829,2.858583,1.617470
207,0,6,15,0.957289,0.870848,0.786175,4.298656,3.379498
207,0,7,0,0.980927,0.904133,0.917573,10.027731,9.201174
207,0,7,1,0.950841,0.855371,0.837039,5.551666,4.646961
207,0,7,2,0.974274,0.966899,0.962298,3.338039,3.212189
207,0,7,3,0.965981,0.752677,0.764706,7.420106,5.674202
207,0,7,4,0.875598,0.594321,0.448552,5.069769,2.274054
207,0,7,5,0.880623,0.781182,0.762856,3.594762,2.742286
207,0,7,6,0.963938,0.802614,0.813829,9.025188,7.344957
207,0,7,7,0.955900,0.957283,1.003484,4.255600,4.270425
207,0,7,8,0.969668,0.964963,0.919795,6.886309,6.333995
207,0,7,9,0.989433,0.895154,0.897012,10.856102,9.738059
207,0,7,10,0.996883,0.964061,0.966545,26.283815,25.404488
207,0,7,11,0.983509,1.005490,1.040528,4.905008,5.103796
207,0,7,12,0.979309,0.853583,0.862816,11.686296,10.083120
207,0,7,13,0.953810,0.777201,0.755149,6.613102,4.993880
207,0,7,14,0.964965,0.714601,0.689658,4.602070,3.173854
207,0,7,15,0.721630,0.544373,0.013978,2.317864,0.032399
207,0,8,0,0.943942,0.916113,0.920465,4.058837,3.736016
207,0,8,1,0.944488,0.789928,0.706922,5.636739,3.984737
207,0,8,2,0.898422,0.674823,0.540290,3.860898,2.086005
207,0,8,3,0.950203,0.783575,0.710969,5.481091,3.896884
207,0,8,4,0.987044,0.975874,0.964503,10.862373,10.476796
207,0,8,5,0.699788,0.755175,2.295071,-0.852289,-1.956062
207,0,8,6,0.959539,0.915149,0.923946,4.521139,4.177287
207,0,8,7,0.981836,0.994052,1.020984,6.645902,6.785360
207,0,8,8,0.983964,0.970506,0.932942,5.299973,4.944566
207,0,8,9,0.955237,0.867669,0.805499,5.324304,4.288723
207,0,8,10,0.972869,0.870696,0.850917,7.110804,6.050701
207,0,8,11,0.967681,0.926194,0.916000,5.191340,4.755267
207,0,8,12,0.932220,0.813611,0.767125,4.387376,3.365664
207,0,8,13,0.976679,0.929951,0.902279,6.366023,5.743929
207,0,8,14,0.953306,0.929554,0.924653,4.773292,4.413639
207,0,8,15,0.658895,0.504611,0.238991,1.976062,0.472262
207,0,9,0,0.916430,0.830112,0.660916,3.327991,2.199522
207,0,9,1,0.716789,0.563681,0.005701,2.366108,0.013489
207,0,9,2,0.914278,0.820752,0.610874,2.601931,1.589453
207,0,9,3,0.975700,0.949780,0.946019,6.075079,5.747138
207,0,9,4,0.964154,0.984550,1.006230,5.422360,5.456143
207,0,9,5,0.964669,0.943194,0.969499,5.651942,5.479553
207,0,9,6,0.981816,0.971972,0.974688,8.250153,8.041327
207,0,9,7,0.989471,0.944756,0.928797,5.403419,5.018677
207,0,9,8,0.730236,0.481352,0.130049,2.369615,0.308165
207,0,9,9,0.976426,0.910566,0.876272,7.051726,6.179233
207,0,9,10,0.964373,0.825167,0.791028,7.195393,5.691757
207,0,9,11,0.960818,0.809921,0.721195,4.842183,3.492157
207,0,9,12,0.894121,0.692180,0.763198,6.153100,4.696036
207,0,9,13,0.933380,0.832264,0.707685,2.921895,2.067782
207,0,9,14,0.974350,0.944867,0.939315,5.920336,5.561061
207,0,9,15,0.989667,0.932255,0.892729,10.053291,8.974868
207,0,10,0,0.903225,0.663460,0.503606,4.996970,2.516503
207,0,10,1,0.993946,0.931474,0.937557,19.157476,17.961224
207,0,10,2,0.975510,0.900732,0.844779,5.767594,4.872343
207,0,10,3,0.969074,0.778023,0.707469,4.335700,3.067373
207,0,10,4,0.995544,0.919482,0.918297,7.131577,6.548903
207,0,10,5,0.987275,0.952114,0.953640,9.653796,9.206244
207,0,10,6,0.976416,0.842613,0.839780,10.011690,8.407617
207,0,10,7,0.985859,0.878971,0.845497,6.277280,5.307423
207,0,10,8,0.965560,0.938226,0.918818,6.528928,5.998898
207,0,10,9,0.960119,0.805811,0.826791,7.541025,6.234850
207,0,10,10,0.979969,0.848187,0.865807,12.855824,11.130665
207,0,10,11,0.974584,0.896442,0.858428,7.664169,6.579140
207,0,10,12,0.963952,0.827287,0.746493,5.331011,3.979560
207,0,10,13,0.989554,0.958658,0.964517,11.273955,10.873919
207,0,10,14,0.917738,0.678029,0.598167,5.645935,3.377211
207,0,10,15,0.951474,0.904484,0.886291,4.643906,4.115849
207,0,11,0,0.994808,0.994021,0.995251,8.497349,8.456998
207,0,11,1,0.987439,1.048948,1.050645,10.009259,10.516174
207,0,11,2,0.959010,0.942624,0.933414,4.963093,4.632622
207,0,11,3,0.546839,0.520148,-23.355959,0.068923,-1.609760
207,0,11,4,0.945841,0.742721,0.624604,4.757649,2.971647
207,0,11,5,0.944054,0.979461,1.032204,3.898454,4.023999
207,0,11,6,0.898674,0.689655,0.779767,7.286734,5.681953
207,0,11,7,0.889799,0.686570,0.608269,4.956734,3.015026
207,0,11,8,0.930941,0.849304,0.777880,3.631491,2.824863
207,0,11,9,0.979836,0.915750,0.860287,4.282564,3.684235
207,0,11,10,0.720907,0.571597,0.257986,2.558846,0.660147
207,0,11,11,0.972619,0.785147,0.749147,6.007253,4.500317
207,0,11,12,0.865452,0.595329,0.403158,5.009595,2.019659
207,0,11,13,0.988835,1.054557,1.051451,10.594117,11.139194
207,0,11,14,0.957196,0.986377,1.028421,4.705289,4.839017
207,0,11,15,0.988727,1.028426,1.023350,9.744667,9.972208
207,0,12,0,0.970850,1.227876,1.344940,-2.188065,-2.942817
207,0,12,1,0.977151,0.939932,0.945793,8.905647,8.422897
207,0,12,2,0.919981,0.887934,1.040410,2.366709,2.462347
207,0,12,3,0.998215,1.079490,1.080240,-3.491145,-3.771273
207,0,12,4,0.941900,0.910433,0.981762,3.743369,3.675096
207,0,12,5,0.839068,0.771400,0.792345,3.171090,2.512598
207,0,12,6,0.891293,0.852544,0.981349,1.897942,1.862544
207,0,12,7,0.882147,0.706095,0.631485,5.389820,3.403590
207,0,12,8,0.887259,0.726779,0.700285,4.941549,3.460494
207,0,12,9,0.984721,1.093764,1.105087,7.574984,8.371014
207,0,12,10,0.973075,0.858403,0.799327,3.451488,2.758866
207,0,12,11,0.899360,0.782395,0.837610,4.400444,3.685854
207,0,12,12,0.920629,0.962386,1.015932,4.513993,4.585909
207,0,12,13,0.848667,0.584701,0.614907,3.729693,2.293416
207,0,12,14,0.907653,0.811810,0.822119,5.506723,4.527184
207,0,12,15,0.755503,0.609251,0.501866,3.976952,1.995896
207,0,13,0,0.771492,0.543765,0.507432,5.625277,2.854445
207,0,13,1,0.868294,0.738071,0.696198,4.766943,3.318735
207,0,13,2,0.878283,0.791758,0.706076,2.114707,1.493143
207,0,13,3,0.844832,0.683682,0.651211,4.664943,3.037864
207,0,13,4,0.968930,0.805144,0.813480,9.445519,7.683739
207,0,13,5,0.960064,0.647609,0.611664,4.814074,2.944596
207,0,13,6,0.984403,0.990968,0.987594,8.220691,8.118705
207,0,13,7,0.813197,0.662124,0.398305,2.755759,1.097632
207,0,13,8,0.793323,0.617537,0.245004,3.167213,0.775981
207,0,13,9,0.829824,0.705237,0.667433,4.214761,2.813069
207,0,13,10,0.844528,0.778535,0.800059,3.662556,2.930262
207,0,13,11,0.834005,0.613732,0.613571,6.365374,3.905608
207,0,13,12,0.876165,0.672848,0.647645,5.934762,3.843621
207,0,13,13,0.762240,0.693220,-2.547431,0.290056,-0.738898
207,0,13,14,0.860965,0.697279,0.681618,5.634932,3.840868
207,0,13,15,0.985960,1.248569,1.297515,-1.981210,-2.570648
207,0,14,0,0.826401,0.710596,0.578749,2.905566,1.681594
207,0,14,1,0.979676,0.875241,0.856136,10.078835,8.628856
207,0,14,2,0.904872,0.772207,0.791129,5.624613,4.449792
207,0,14,3,0.820759,0.737790,0.572006,2.261784,1.293755
207,0,14,4,0.914387,0.788916,0.826014,6.410699,5.295325
207,0,14,5,0.651980,0.463606,0.135852,2.515685,0.341760
207,0,14,6,0.803352,0.693551,0.526073,2.606988,1.371466
207,0,14,7,0.935957,0.662788,0.614254,5.993845,3.681743
207,0,14,8,0.897883,0.757937,0.716002,3.891684,2.786453
207,0,14,9,0.754585,0.706507,0.710676,1.743351,1.238958
207,0,14,10,0.649900,0.505698,-0.060088,1.876561,-0.112759
207,0,14,11,0.876825,0.779552,0.849179,3.714807,3.154535
207,0,14,12,0.908237,0.821597,0.771890,3.214448,2.481202
207,0,14,13,0.812691,0.739345,0.668842,2.325910,1.555667
207,0,14,14,0.914434,0.787253,0.812826,5.260403,4.275791
207,0,14,15,0.835871,0.792764,0.942436,2.307920,2.175067
207,0,15,0,0.976907,0.960110,0.973671,4.936367,4.806397
207,0,15,1,0.958958,0.902156,0.844851,3.340950,2.822604
207,0,15,2,0.969065,0.830698,0.777001,5.298282,4.116771
207,0,15,3,0.968851,0.896251,0.870495,4.153662,3.615741
207,0,15,4,0.997056,1.026830,1.030125,-3.368062,-3.469524
207,0,15,5,0.969740,0.928782,0.968155,4.412628,4.272109
207,0,15,6,0.821934,1.164189,2.055403,0.938579,1.929158
207,0,15,7,0.938673,0.824826,0.720516,3.550553,2.558230
207,0,15,8,0.947120,0.899350,0.920733,4.313025,3.971147
207,0,15,9,0.969981,0.900799,0.849770,4.363638,3.708090
207,0,15,10,0.951367,0.954725,0.952711,-1.600821,-1.525119
207,0,15,11,0.960362,0.820878,0.774103,4.820394,3.731479
207,0,15,12,0.982405,1.063010,1.019450,6.060292,6.178162
207,0,15,13,0.910929,0.753032,0.618893,3.184097,1.970617
207,0,15,14,0.946814,0.820925,0.799893,4.208953,3.366711
207,0,15,15,0.713284,0.552356,0.097217,2.430667,0.236303
323,0,0,0,0.795669,0.810146,0.942585,0.519084,0.489281
323,0,0,1,0.965207,0.906503,0.838833,-0.798151,-0.669516
323,0,0,2,0.955640,0.749630,0.665999,1.159101,0.771960
323,0,0,3,0.957104,1.111799,1.302204,-1.420554,-1.849852
323,0,0,4,0.828241,0.888223,6.303859,-0.100399,-0.632901
323,0,0,5,0.776440,0.718477,-0.169407,0.877967,-0.148733
323,0,0,6,0.928286,0.970538,0.574173,1.002164,0.575415
323,0,0,7,0.992130,0.999081,1.009114,-2.283055,-2.303862
323,0,0,8,0.954808,0.816313,0.791343,1.882726,1.489881
323,0,0,9,0.847236,0.873187,-0.975781,0.193871,-0.189176
323,0,0,10,0.932564,0.818880,0.340936,0.372827,0.127110
323,0,0,11,0.798455,0.859157,1.491631,0.496706,0.740902
323,0,0,12,0.887542,0.578075,0.551643,2.201604,1.214500
323,0,0,13,0.973438,1.083601,1.261599,-1.401328,-1.767914
323,0,0,14,0.979760,0.761893,0.748233,2.024500,1.514798
323,0,0,15,0.993168,0.997533,1.000119,-1.468200,-1.468375
323,0,1,0,0.970658,1.012335,0.901400,0.587748,0.529796
323,0,1,1,0.986041,0.924719,0.909266,2.341491,2.129038
323,0,1,2,0.962311,0.842314,0.866525,1.905511,1.651174
323,0,1,3,0.887812,1.028062,2.532644,0.339106,0.858835
323,0,1,4,0.957007,0.765959,0.781361,1.319272,1.030827
323,0,1,5,0.899183,1.086554,1.471730,1.087256,1.600148
323,0,1,6,0.991675,0.943005,0.939402,3.184718,2.991731
323,0,1,7,0.951498,0.956283,1.076011,0.533853,0.574431
323,0,1,8,0.900294,0.996857,1.350137,0.224182,0.302677
323,0,1,9,0.941865,0.959314,-0.088889,-0.080990,0.007199
323,0,1,10,0.933917,0.961099,0.617441,0.773818,0.477787
323,0,1,11,0.957887,0.985106,0.752875,1.009411,0.759960
323,0,1,12,0.931705,1.003011,1.850750,-0.275568,-0.510008
323,0,1,13,0.952314,0.726660,0.661505,2.187261,1.446883
323,0,1,14,0.511759,0.470481,1.172647,-0.638090,-0.748254
323,0,1,15,0.973925,0.963053,1.019551,5.122989,5.223149
323,0,2,0,0.952865,0.960382,0.839411,1.941617,1.629815
323,0,2,1,0.968697,0.887599,0.888264,2.120519,1.883582
323,0,2,2,0.956607,1.015194,1.051908,0.161362,0.169738
323,0,2,3,0.962752,1.029119,1.305082,0.160529,0.209504
323,0,2,4,0.746729,0.510875,0.578875,0.985817,0.570665
323,0,2,5,0.977522,0.852223,0.857573,5.798836,4.972927
323,0,2,6,0.945769,1.026733,0.922051,1.167974,1.076931
323,0,2,7,0.952948,1.002670,0.871298,0.255155,0.222316
323,0,2,8,0.876758,0.642895,0.661437,0.976559,0.645933
323,0,2,9,0.972294,0.894005,0.838570,4.124303,3.458518
323,0,2,10,0.905811,0.973349,1.902575,0.199838,0.380207
323,0,2,11,0.972871,0.901136,0.931260,2.619257,2.439209
323,0,2,12,0.957852,1.019342,1.145866,0.197873,0.226736
323,0,2,13,0.867618,0.778789,0.620108,0.945345,0.586216
323,0,2,14,0.908796,0.963242,1.669886,-0.429226,-0.716758
323,0,2,15,0.941736,1.024010,1.340672,0.172638,0.231451
323,0,3,0,0.788946,0.686230,0.408783,2.032195,0.830727
323,0,3,1,0.945917,0.934029,0.744735,1.941462,1.445874
323,0,3,2,0.912423,0.921779,0.350883,0.918645,0.322337
323,0,3,3,0.944304,0.971999,0.395973,0.800898,0.317134
323,0,3,4,0.916239,0.887117,0.731935,2.456063,1.797679
323,0,3,5,0.963414,0.872216,0.951284,2.242123,2.132896
323,0,3,6,0.951210,0.989138,0.822072,1.502790,1.235402
323,0,3,7,0.941000,0.932989,0.913963,0.703636,0.643097
323,0,3,8,0.993514,0.967970,0.969480,9.303762,9.019814
323,0,3,9,0.976355,0.869685,0.898089,3.708871,3.330897
323,0,3,10,0.912857,0.902283,0.671920,2.465047,1.656315
323,0,3,11,0.832375,0.974279,1.426872,0.720509,1.028074
323,0,3,12,0.978252,0.848011,0.862262,3.800967,3.277430
323,0,3,13,0.966361,0.853576,0.889733,8.856611,7.880017
323,0,3,14,0.906074,0.920109,0.547262,1.022811,0.559746
323,0,3,15,0.962196,0.970783,0.793306,1.997122,1.584328
323,0,4,0,0.957559,0.936111,0.914322,2.031737,1.857661
323,0,4,1,0.939846,0.957016,0.810826,2.610940,2.117018
323,0,4,2,0.953418,0.990267,1.078463,0.546630,0.589520
323,0,4,3,0.964974,1.044303,1.118454,2.528946,2.828509
323,0,4,4,0.973585,0.869948,0.883006,4.660591,4.115329
323,0,4,5,0.940551,1.007847,1.117492,1.772000,1.980195
323,0,4,6,0.922036,0.960333,0.982153,1.719671,1.688980
323,0,4,7,0.969751,0.959190,0.745150,1.578732,1.176393
323,0,4,8,0.870264,0.521642,0.569260,1.002829,0.570870
323,0,4,9,0.954871,1.003681,0.879758,0.468156,0.411864
323,0,4,10,0.981745,0.893778,0.910651,8.874202,8.081305
323,0,4,11,0.970039,0.967799,1.042508,3.984407,4.153775
323,0,4,12,0.940131,0.948676,0.825075,1.316432,1.086155
323,0,4,13,0.956805,0.864682,0.904434,5.064931,4.580897
323,0,4,14,0.968325,0.989842,0.731923,1.114476,0.815710
323,0,4,15,0.938902,1.009451,1.182492,1.235531,1.461005
323,0,5,0,0.986818,0.891070,0.905822,12.534124,11.353691
323,0,5,1,0.862821,0.618743,0.449943,4.260134,1.916819
323,0,5,2,0.973436,0.797804,0.818005,9.159067,7.492162
323,0,5,3,0.975641,0.926106,0.838247,3.258274,2.731240
323,0,5,4,0.992499,0.979762,0.984881,10.521087,10.362015
323,0,5,5,0.986882,0.920144,0.928237,10.458655,9.708112
323,0,5,6,0.994966,0.962069,0.968466,17.112461,16.572832
323,0,5,7,0.893094,0.881586,0.853281,2.787944,2.378899
323,0,5,8,0.910803,0.874473,0.844104,3.389134,2.860781
323,0,5,9,0.953799,0.935325,0.944827,4.206401,3.974322
323,0,5,10,0.943729,0.801975,0.732917,5.440974,3.987784
323,0,5,11,0.930462,0.690014,0.743115,6.881061,5.113417
323,0,5,12,0.862948,0.579991,0.531629,2.475757,1.316185
323,0,5,13,0.985757,0.964248,0.926006,5.841488,5.409255
323,0,5,14,0.969579,0.807436,0.842550,7.876472,6.636325
323,0,5,15,0.896998,0.626056,0.614221,2.768078,1.700210
323,0,6,0,0.906203,0.792336,0.730347,3.269878,2.388144
323,0,6,1,0.950064,0.797583,0.749687,5.342185,4.004968
323,0,6,2,0.976699,0.900343,0.803551,5.141089,4.131127
323,0,6,3,0.851738,0.587026,0.644606,2.877043,1.854559
323,0,6,4,0.952736,0.935044,0.977035,5.163360,5.044785
323,0,6,5,0.918311,0.766346,0.636002,3.913666,2.489101
323,0,6,6,0.986294,0.865501,0.877017,13.892627,12.184074
323,0,6,7,0.977544,0.898083,0.912777,8.092076,7.386264
323,0,6,8,0.939368,0.808676,0.653973,5.027171,3.287634
323,0,6,9,0.993749,0.913056,0.908080,14.521260,13.186466
323,0,6,10,0.930497,0.902564,0.814347,2.401840,1.955932
323,0,6,11,0.923364,0.665925,0.752861,4.966252,3.738896
323,0,6,12,0.988463,0.902529,0.891187,13.465944,12.000681
323,0,6,13,0.693771,0.627607,-0.875779,0.650526,-0.569717
323,0,6,14,0.917971,0.798007,0.572095,3.035163,1.736402
323,0,6,15,0.957076,0.885209,0.813210,4.397669,3.576229
323,0,7,0,0.977123,0.892951,0.911583,9.779257,8.914604
323,0,7,1,0.961372,0.880417,0.874366,5.951943,5.204178
323,0,7,2,0.971038,0.978253,1.009432,3.227768,3.258214
323,0,7,3,0.963582,0.756232,0.784395,7.558710,5.929015
323,0,7,4,0.918042,0.633642,0.551848,5.866295,3.237305
323,0,7,5,0.919734,0.847589,0.849138,4.388499,3.726440
323,0,7,6,0.970973,0.829636,0.855138,10.423153,8.913237
323,0,7,7,0.962792,0.980596,1.025337,4.504858,4.618999
323,0,7,8,0.975394,1.009847,0.979671,6.914049,6.773492
323,0,7,9,0.989513,0.891343,0.894312,12.426147,11.112849
323,0,7,10,0.996865,0.958719,0.961957,27.643684,26.592037
323,0,7,11,0.983666,0.968240,0.980093,5.103746,5.002146
323,0,7,12,0.978134,0.837519,0.858479,12.549200,10.773219
323,0,7,13,0.961369,0.810766,0.796712,6.785273,5.405905
323,0,7,14,0.979822,0.752483,0.762753,5.680187,4.332579
323,0,7,15,0.749165,0.521690,0.207751,2.933527,0.609443
323,0,8,0,0.945466,0.932823,0.951232,3.944959,3.752570
323,0,8,1,0.950288,0.806593,0.734947,5.630795,4.138339
323,0,8,2,0.912300,0.695500,0.598458,4.034551,2.414510
323,0,8,3,0.962177,0.796758,0.751113,6.356956,4.774791
323,0,8,4,0.988760,1.028631,1.028390,12.940807,13.308192
323,0,8,5,0.547005,0.567460,3.536486,-0.462056,-1.634054
323,0,8,6,0.963322,0.957692,0.988291,4.647792,4.593369
323,0,8,7,0.983357,1.008556,1.035779,6.996912,7.247255
323,0,8,8,0.983157,0.977496,0.938374,5.032676,4.722531
323,0,8,9,0.961942,0.892969,0.848442,5.736888,4.867417
323,0,8,10,0.969037,0.873610,0.846426,6.954288,5.886287
323,0,8,11,0.972613,0.935820,0.919725,5.775996,5.312329
323,0,8,12,0.941141,0.850756,0.832374,4.452351,3.706021
323,0,8,13,0.977350,0.930371,0.904986,6.692750,6.056847
323,0,8,14,0.959605,0.953796,0.964404,4.725131,4.556937
323,0,8,15,0.726667,0.564304,0.445501,2.121164,0.944980
323,0,9,0,0.906698,0.804919,0.604865,3.386415,2.048325
323,0,9,1,0.752890,0.561534,0.192648,2.818793,0.543034
323,0,9,2,0.898479,0.825471,0.560989,2.279641,1.278853
323,0,9,3,0.971978,0.955792,0.940302,5.547282,5.216122
323,0,9,4,0.972699,0.992367,1.007187,6.504763,6.551514
323,0,9,5,0.963073,0.970707,1.018657,5.587526,5.691772
323,0,9,6,0.981809,0.969481,0.961907,8.389972,8.070376
323,0,9,7,0.980520,0.923797,0.900753,4.269509,3.845773
323,0,9,8,0.798828,0.511626,0.352297,2.721469,0.958766
323,0,9,9,0.972920,0.907114,0.858780,6.759923,5.805284
323,0,9,10,0.970578,0.833424,0.809682,7.910049,6.404624
323,0,9,11,0.968122,0.819374,0.761603,5.601827,4.266366
323,0,9,12,0.865765,0.597823,0.700441,6.598815,4.622082
323,0,9,13,0.910945,0.829589,0.645183,2.424971,1.564549
323,0,9,14,0.975325,0.949437,0.934179,6.237489,5.826928
323,0,9,15,0.988917,0.944198,0.907802,10.409996,9.450211
323,0,10,0,0.896613,0.667094,0.503131,5.024079,2.527768
323,0,10,1,0.993525,0.906458,0.911303,19.910547,18.144541
323,0,10,2,0.962293,0.867707,0.783739,5.041362,3.951113
323,0,10,3,0.980394,0.777955,0.747097,5.380602,4.019833
323,0,10,4,0.994780,0.914541,0.914518,7.324204,6.698113
323,0,10,5,0.987963,0.984249,0.992020,12.174629,12.077479
323,0,10,6,0.979654,0.871060,0.881270,12.267411,10.810896
323,0,10,7,0.989837,0.896392,0.877829,7.266741,6.378956
323,0,10,8,0.968321,0.926675,0.902913,7.037238,6.354010
323,0,10,9,0.945350,0.742449,0.777746,7.939078,6.174588
323,0,10,10,0.980848,0.836347,0.852643,13.263402,11.308948
323,0,10,11,0.973888,0.901922,0.860279,8.145510,7.007413
323,0,10,12,0.960101,0.808722,0.730776,5.164065,3.773774
323,0,10,13,0.989311,0.954704,0.960584,12.591390,12.095083
323,0,10,14,0.909871,0.686932,0.600997,5.404540,3.248112
323,0,10,15,0.953758,0.905967,0.882450,5.041586,4.448947
323,0,11,0,0.995453,0.998022,1.000633,9.085533,9.091283
323,0,11,1,0.988741,1.082674,1.089102,12.594591,13.716798
323,0,11,2,0.960861,0.961649,0.950037,5.229709,4.968418
323,0,11,3,0.486873,0.453708,-15.405860,0.099148,-1.527461
323,0,11,4,0.953908,0.776064,0.681737,4.644443,3.166289
323,0,11,5,0.954162,0.981766,0.989993,4.516071,4.470879
323,0,11,6,0.849440,0.579177,0.706035,7.645053,5.397674
323,0,11,7,0.913340,0.719378,0.658119,5.464715,3.596433
323,0,11,8,0.939642,0.854613,0.813726,4.306536,3.504341
323,0,11,9,0.990019,0.937777,0.923165,5.492607,5.070580
323,0,11,10,0.826781,0.650436,0.475133,2.933255,1.393686
323,0,11,11,0.978012,0.784954,0.757431,6.528051,4.944549
323,0,11,12,0.874148,0.608401,0.429203,5.109892,2.193180
323,0,11,13,0.988949,1.108046,1.115441,13.272091,14.804239
323,0,11,14,0.960238,0.977860,0.989933,5.019695,4.969160
323,0,11,15,0.988768,1.046687,1.049934,12.277249,12.890303
323,0,12,0,0.972734,1.280376,1.402365,-2.102526,-2.948510
323,0,12,1,0.977389,0.958667,0.979499,10.805208,10.583692
323,0,12,2,0.920246,0.922075,1.128987,2.423292,2.735865
323,0,12,3,0.998638,1.086199,1.087322,-3.413547,-3.711624
323,0,12,4,0.945459,0.950264,1.053951,3.844736,4.052163
323,0,12,5,0.838903,0.763167,0.731275,3.506791,2.564430
323,0,12,6,0.896129,0.879630,1.055422,2.059518,2.173660
323,0,12,7,0.897756,0.741886,0.685669,5.540988,3.799282
323,0,12,8,0.889465,0.718984,0.669870,5.183514,3.472281
323,0,12,9,0.985082,1.103079,1.116401,9.212731,10.285103
323,0,12,10,0.987381,0.881401,0.866418,4.641983,4.021896
323,0,12,11,0.912649,0.803575,0.824745,5.024429,4.143871
323,0,12,12,0.927321,0.967709,1.002100,4.877134,4.887374
323,0,12,13,0.852686,0.552769,0.642812,4.503553,2.894936
323,0,12,14,0.919633,0.850714,0.859001,5.919730,5.085052
323,0,12,15,0.759773,0.608463,0.482659,4.315552,2.082938
323,0,13,0,0.768604,0.560394,0.512865,5.617291,2.880910
323,0,13,1,0.886754,0.779364,0.753490,4.830286,3.639572
323,0,13,2,0.877307,0.800874,0.733653,2.026808,1.486974
323,0,13,3,0.866034,0.730925,0.715065,4.858047,3.473817
323,0,13,4,0.970567,0.797709,0.822282,9.879682,8.123883
323,0,13,5,0.981677,0.688029,0.685491,5.682425,3.895250
323,0,13,6,0.982307,1.024551,1.030413,9.055078,9.330469
323,0,13,7,0.838258,0.707904,0.473598,2.697580,1.277568
323,0,13,8,0.791409,0.622772,0.234423,3.113184,0.729804
323,0,13,9,0.847381,0.742233,0.725469,4.267753,3.096123
323,0,13,10,0.854398,0.795474,0.809741,3.595517,2.911439
323,0,13,11,0.847265,0.636741,0.619774,6.504388,4.031251
323,0,13,12,0.874540,0.678029,0.654874,5.685217,3.723101
323,0,13,13,0.756739,0.699197,-2.033185,0.357568,-0.727002
323,0,13,14,0.880708,0.729421,0.712610,5.731359,4.084225
323,0,13,15,0.978543,1.343507,1.429527,-1.658782,-2.371274
323,0,14,0,0.828389,0.694591,0.559592,3.185448,1.782551
323,0,14,1,0.966317,0.811053,0.782947,9.586741,7.505909
323,0,14,2,0.921072,0.805913,0.831477,5.903692,4.908785
323,0,14,3,0.824720,0.735027,0.594799,2.391189,1.422277
323,0,14,4,0.926430,0.806990,0.841670,6.613816,5.566651
323,0,14,5,0.593139,0.449739,0.026253,2.367491,0.062154
323,0,14,6,0.817128,0.695573,0.548245,2.846178,1.560403
323,0,14,7,0.943208,0.682471,0.651990,6.151543,4.010741
323,0,14,8,0.903156,0.775047,0.753852,4.063625,3.063370
323,0,14,9,0.771079,0.726523,0.749274,1.932092,1.447666
323,0,14,10,0.611175,0.464855,-0.087374,1.993218,-0.174155
323,0,14,11,0.887158,0.808436,0.899752,3.885159,3.495680
323,0,14,12,0.909949,0.837774,0.836518,3.327194,2.783260
323,0,14,13,0.825088,0.737435,0.655730,2.533718,1.661435
323,0,14,14,0.924336,0.802322,0.827464,5.467080,4.523811
323,0,14,15,0.849410,0.843382,1.053390,2.479220,2.611586
323,0,15,0,0.975364,0.966710,0.989834,4.917872,4.867879
323,0,15,1,0.956515,0.900737,0.844097,3.368994,2.843759
323,0,15,2,0.965861,0.814606,0.758835,5.356411,4.064630
323,0,15,3,0.967437,0.902559,0.884657,4.029615,3.564826
323,0,15,4,0.995883,1.010733,1.014524,-3.199664,-3.246136
323,0,15,5,0.966325,0.920266,0.964075,4.252912,4.100127
323,0,15,6,0.783867,1.031391,1.837164,0.876696,1.610635
323,0,15,7,0.942953,0.823839,0.738871,3.791442,2.801387
323,0,15,8,0.948388,0.907653,0.935116,4.294726,4.016068
323,0,15,9,0.970429,0.900883,0.871231,4.549879,3.963996
323,0,15,10,0.933608,0.974250,1.032418,-1.350340,-1.394116
323,0,15,11,0.963054,0.827890,0.787252,4.930486,3.881536
323,0,15,12,0.984805,1.075402,1.046378,6.561040,6.865328
323,0,15,13,0.851792,0.657012,0.415573,3.169712,1.317248
323,0,15,14,0.893138,0.701108,0.609860,3.729847,2.274684
323,0,15,15,0.597841,0.473685,-0.083770,2.375500,-0.198995
500,0,0,0,0.798054,0.809039,0.883233,0.537773,0.474979
500,0,0,1,0.966802,0.943216,0.861141,-0.775415,-0.667741
500,0,0,2,0.960003,0.781570,0.695366,1.220682,0.848821
500,0,0,3,0.965940,1.015345,1.109043,-1.666703,-1.848445
500,0,0,4,0.928015,0.898668,1.068150,-0.831522,-0.888190
500,0,0,5,0.771938,0.716229,-0.171074,0.904104,-0.154668
500,0,0,6,0.929536,0.970963,0.632532,1.072510,0.678397
500,0,0,7,0.983561,1.070934,1.132797,-1.401459,-1.587569
500,0,0,8,0.956092,0.847642,0.821268,1.622532,1.332533
500,0,0,9,0.907830,1.110231,1.886548,-0.465052,-0.877342
500,0,0,10,0.913321,0.814838,-1.442969,0.116594,-0.168241
500,0,0,11,0.799130,0.854993,1.344860,0.501523,0.674478
500,0,0,12,0.844209,0.513756,0.422334,1.981079,0.836677
500,0,0,13,0.970373,1.043568,1.204436,-1.354934,-1.631931
500,0,0,14,0.900947,0.739808,0.459283,0.681685,0.313087
500,0,0,15,0.993665,1.002221,1.013653,-1.461005,-1.480952
500,0,1,0,0.970495,1.006219,0.721539,0.294922,0.212798
500,0,1,1,0.995387,0.937397,0.927583,4.528936,4.200965
500,0,1,2,0.951165,0.824501,0.847439,1.611046,1.365263
500,0,1,3,0.892506,1.040401,2.438665,0.366744,0.894367
500,0,1,4,0.902881,0.747425,-0.094730,0.282884,-0.026798
500,0,1,5,0.900794,1.087999,1.453041,1.090330,1.584294
500,0,1,6,0.992564,0.974921,0.974913,3.073904,2.996790
500,0,1,7,0.953296,0.958250,1.075186,0.616754,0.663125
500,0,1,8,0.903950,1.006996,1.284750,0.376220,0.483349
500,0,1,9,0.939837,0.951171,-1.095565,-0.094668,0.103715
500,0,1,10,0.941658,0.954592,0.825511,1.051188,0.867767
500,0,1,11,0.960449,0.987120,0.787852,1.005213,0.791960
500,0,1,12,0.948588,1.043643,1.438687,-0.529226,-0.761391
500,0,1,13,0.956966,0.787756,0.757124,1.874785,1.419446
500,0,1,14,0.097391,0.078480,3.446953,-0.036886,-0.127143
500,0,1,15,0.963450,0.951639,1.032542,4.361882,4.503827
500,0,2,0,0.955889,0.955270,0.861352,2.025886,1.745002
500,0,2,1,0.978571,0.922166,0.904410,2.042707,1.847444
500,0,2,2,0.957953,1.015861,1.107082,0.251613,0.278556
500,0,2,3,0.964643,1.025252,1.224858,0.285862,0.350140
500,0,2,4,0.830623,0.598387,0.636245,1.139910,0.725262
500,0,2,5,0.972482,0.827011,0.833722,5.066847,4.224340
500,0,2,6,0.949067,1.032161,0.976671,1.324237,1.293344
500,0,2,7,0.954809,1.000381,1.002543,0.366036,0.366967
500,0,2,8,0.902292,0.718133,0.663268,1.021916,0.677804
500,0,2,9,0.970297,0.894894,0.832065,3.897164,3.242693
500,0,2,10,0.911177,0.978416,1.404143,0.419118,0.588502
500,0,2,11,0.982792,0.901584,0.913174,3.495862,3.192332
500,0,2,12,0.959085,1.019564,1.333666,0.274184,0.365670
500,0,2,13,0.898778,0.828135,0.659234,0.887195,0.584870
500,0,2,14,0.915235,0.959822,1.798364,-0.393408,-0.707491
500,0,2,15,0.945165,1.026126,1.413233,0.263535,0.372436
500,0,3,0,0.806496,0.688595,0.445400,2.203843,0.981591
500,0,3,1,0.953296,0.934170,0.791410,2.174519,1.720936
500,0,3,2,0.917590,0.924357,0.421018,0.998263,0.420286
500,0,3,3,0.943228,0.956838,0.311131,0.768053,0.238965
500,0,3,4,0.924829,0.906866,0.761770,2.356551,1.795149
500,0,3,5,0.968181,0.896043,0.955974,2.780771,2.658345
500,0,3,6,0.957562,0.984685,0.869479,1.670480,1.452447
500,0,3,7,0.946536,0.940883,0.960211,0.859698,0.825491
500,0,3,8,0.993730,0.991730,0.995826,9.072975,9.035109
500,0,3,9,0.968807,0.847335,0.878263,3.392447,2.979459
500,0,3,10,0.906764,0.891322,0.624600,2.356821,1.472070
500,0,3,11,0.826652,0.970677,1.644273,0.558147,0.917747
500,0,3,12,0.969875,0.815213,0.809446,3.362088,2.721428
500,0,3,13,0.966449,0.867441,0.901783,7.932841,7.153700
500,0,3,14,0.916876,0.926913,0.658556,1.173520,0.772829
500,0,3,15,0.966527,0.976708,0.819782,2.022834,1.658283
500,0,4,0,0.963043,0.938831,0.896471,2.255259,2.021775
500,0,4,1,0.935541,0.935907,0.763819,2.611027,1.994353
500,0,4,2,0.959507,1.001087,1.095509,0.674477,0.738895
500,0,4,3,0.967224,1.031541,1.088995,2.357573,2.567386
500,0,4,4,0.976830,0.906904,0.907707,4.816169,4.371670
500,0,4,5,0.948756,1.006530,1.104574,1.888660,2.086165
500,0,4,6,0.927882,0.968098,1.013430,1.698352,1.721162
500,0,4,7,0.973392,0.959890,0.769263,1.691967,1.301567
500,0,4,8,0.810417,0.465716,0.353299,0.584740,0.206588
500,0,4,9,0.961266,1.008509,0.899989,0.668713,0.601834
500,0,4,10,0.979948,0.878168,0.884062,8.162536,7.216187
500,0,4,11,0.965572,0.962487,1.060107,3.518305,3.729780
500,0,4,12,0.948706,0.949897,0.839642,1.567701,1.316307
500,0,4,13,0.968988,0.851687,0.872705,5.213686,4.550008
500,0,4,14,0.972205,0.986289,0.779672,1.305792,1.018090
500,0,4,15,0.946069,1.013290,1.139483,1.403243,1.598972
500,0,5,0,0.990210,0.888710,0.896723,12.928902,11.593639
500,0,5,1,0.919906,0.682526,0.580695,4.656400,2.703951
500,0,5,2,0.986092,0.839996,0.848618,10.503195,8.913203
500,0,5,3,0.974713,0.926978,0.822855,3.049726,2.509482
500,0,5,4,0.994913,0.975483,0.977502,11.742891,11.478699
500,0,5,5,0.990423,0.910199,0.907399,10.581061,9.601244
500,0,5,6,0.994513,0.977605,0.984841,16.336212,16.088577
500,0,5,7,0.894756,0.909316,0.929479,2.574354,2.392808
500,0,5,8,0.924419,0.895479,0.876708,3.767270,3.302797
500,0,5,9,0.956636,0.921723,0.916693,4.305845,3.947139
500,0,5,10,0.943341,0.804099,0.729375,5.180356,3.778423
500,0,5,11,0.943288,0.716225,0.744531,6.850111,5.100123
500,0,5,12,0.874175,0.587598,0.497340,2.658972,1.322414
500,0,5,13,0.984801,0.961349,0.912587,5.523977,5.041108
500,0,5,14,0.979491,0.809939,0.824545,8.335634,6.873102
500,0,5,15,0.909885,0.645367,0.620152,3.099211,1.921983
500,0,6,0,0.911816,0.796091,0.736110,3.474036,2.557274
500,0,6,1,0.958119,0.803687,0.762041,5.813649,4.430238
500,0,6,2,0.976019,0.898826,0.796313,5.012507,3.991524
500,0,6,3,0.932917,0.707385,0.736719,3.926693,2.892868
500,0,6,4,0.950166,0.945305,0.994095,5.081351,5.051345
500,0,6,5,0.934329,0.762955,0.657494,4.360816,2.867212
500,0,6,6,0.986466,0.857383,0.855156,12.940101,11.065803
500,0,6,7,0.984457,0.897022,0.898217,8.295878,7.451502
500,0,6,8,0.940209,0.815920,0.655271,4.930260,3.230656
500,0,6,9,0.989619,0.888221,0.869820,11.222028,9.761147
500,0,6,10,0.934651,0.907004,0.827510,2.590670,2.143805
500,0,6,11,0.950745,0.742092,0.783763,5.322484,4.171567
500,0,6,12,0.987262,0.897613,0.867319,12.498857,10.840498
500,0,6,13,0.713501,0.672028,-1.389300,0.473824,-0.658284
500,0,6,14,0.927388,0.820143,0.610259,2.971517,1.813394
500,0,6,15,0.963560,0.885924,0.817036,4.614692,3.770368
500,0,7,0,0.985688,0.923792,0.933821,10.870060,10.150688
500,0,7,1,0.955324,0.879443,0.866358,5.543262,4.802451
500,0,7,2,0.972384,0.966803,0.975608,3.286939,3.206762
500,0,7,3,0.972728,0.769111,0.784227,7.756427,6.082797
500,0,7,4,0.886435,0.621758,0.480166,5.103879,2.450709
500,0,7,5,0.903396,0.816985,0.805958,4.000923,3.224577
500,0,7,6,0.973877,0.828121,0.837108,10.346668,8.661277
500,0,7,7,0.954589,0.970893,1.018497,4.169132,4.246251
500,0,7,8,0.971185,0.980520,0.934345,6.757955,6.314262
500,0,7,9,0.991921,0.906819,0.906026,11.676363,10.579086
500,0,7,10,0.997392,0.964319,0.965865,26.482409,25.578428
500,0,7,11,0.985878,1.000337,1.025074,5.295918,5.428705
500,0,7,12,0.982614,0.866691,0.878368,12.131347,10.655786
500,0,7,13,0.959602,0.796565,0.774416,6.779163,5.249892
500,0,7,14,0.975502,0.748599,0.742703,5.179807,3.847059
500,0,7,15,0.742206,0.552679,0.115063,2.522389,0.290232
500,0,8,0,0.936679,0.925831,0.932016,3.902078,3.636801
500,0,8,1,0.947869,0.800554,0.721068,5.660482,4.081593
500,0,8,2,0.920947,0.695827,0.598382,4.184020,2.503643
500,0,8,3,0.955938,0.788485,0.724719,5.815622,4.214694
500,0,8,4,0.990934,1.031603,1.034074,11.964221,12.371888
500,0,8,5,0.612060,0.645873,3.320854,-0.502024,-1.667149
500,0,8,6,0.953699,0.927388,0.933759,4.384163,4.093752
500,0,8,7,0.981070,0.997727,1.036556,6.492578,6.729923
500,0,8,8,0.984177,0.972068,0.932819,5.326977,4.969106
500,0,8,9,0.964662,0.878113,0.830447,5.675765,4.713423
500,0,8,10,0.978334,0.895182,0.878668,7.609176,6.685937
500,0,8,11,0.973628,0.937679,0.942710,5.662945,5.338512
500,0,8,12,0.926525,0.819319,0.768202,4.292668,3.297638
500,0,8,13,0.984003,0.938708,0.916158,7.361006,6.743843
500,0,8,14,0.952986,0.919544,0.900521,4.717414,4.248132
500,0,8,15,0.680097,0.532009,0.293905,2.012419,0.591460
500,0,9,0,0.912370,0.821645,0.640774,3.278912,2.101041
500,0,9,1,0.765953,0.601537,0.138139,2.485993,0.343413
500,0,9,2,0.910549,0.817821,0.605449,2.595971,1.571727
500,0,9,3,0.978422,0.952568,0.944152,6.284495,5.933517
500,0,9,4,0.976854,0.998836,1.015136,6.336997,6.432911
500,0,9,5,0.968728,0.966369,0.995294,5.893674,5.865939
500,0,9,6,0.982461,0.975317,0.983618,8.234826,8.099921
500,0,9,7,0.986888,0.923970,0.900432,5.150360,4.637551
500,0,9,8,0.787948,0.520853,0.277674,2.635946,0.731934
500,0,9,9,0.976701,0.915621,0.865085,7.213089,6.239938
500,0,9,10,0.978096,0.853838,0.835715,8.125031,6.790213
500,0,9,11,0.961051,0.817334,0.733441,4.786643,3.510723
500,0,9,12,0.904685,0.711825,0.788836,6.501038,5.128255
500,0,9,13,0.927717,0.825509,0.681399,2.842199,1.936673
500,0,9,14,0.977855,0.961557,0.953562,6.386946,6.090351
500,0,9,15,0.993077,0.957441,0.928519,10.752455,9.983864
500,0,10,0,0.903365,0.669215,0.503288,5.082233,2.557827
500,0,10,1,0.994597,0.931419,0.936505,19.866215,18.604818
500,0,10,2,0.972566,0.889067,0.831877,5.722592,4.760491
500,0,10,3,0.984349,0.811796,0.778654,4.948894,3.853476
500,0,10,4,0.996297,0.918644,0.917935,7.657682,7.029253
500,0,10,5,0.990454,0.978872,0.985208,10.798789,10.639053
500,0,10,6,0.983031,0.887794,0.889485,11.661573,10.372796
500,0,10,7,0.986685,0.884668,0.855394,6.602888,5.648069
500,0,10,8,0.974124,0.935285,0.919201,7.309294,6.718714
500,0,10,9,0.976828,0.858541,0.877440,8.994832,7.892428
500,0,10,10,0.986136,0.876789,0.889017,13.884260,12.343349
500,0,10,11,0.980741,0.919743,0.894452,8.509046,7.610936
500,0,10,12,0.964260,0.829379,0.752447,5.332739,4.012606
500,0,10,13,0.992436,0.977425,0.981384,12.063808,11.839228
500,0,10,14,0.890618,0.654468,0.529629,5.172809,2.739672
500,0,10,15,0.963805,0.909876,0.897470,5.392071,4.839221
500,0,11,0,0.995742,1.008825,1.011795,9.130877,9.238580
500,0,11,1,0.989868,1.079048,1.088258,10.670892,11.612679
500,0,11,2,0.971561,0.963594,0.957209,6.047421,5.788647
500,0,11,3,0.503025,0.464227,-6.406942,0.223322,-1.430813
500,0,11,4,0.950738,0.757491,0.645563,4.934201,3.185336
500,0,11,5,0.959540,0.975369,0.999952,4.845601,4.845368
500,0,11,6,0.916754,0.725670,0.817616,8.067919,6.596458
500,0,11,7,0.915730,0.719342,0.657962,5.491793,3.613393
500,0,11,8,0.956365,0.887653,0.870565,4.675675,4.070477
500,0,11,9,0.988423,0.929922,0.902034,4.642193,4.187417
500,0,11,10,0.737432,0.586754,0.224224,2.676726,0.600186
500,0,11,11,0.973574,0.777068,0.739326,6.270039,4.635603
500,0,11,12,0.887517,0.617784,0.455418,5.277744,2.403582
500,0,11,13,0.991051,1.117840,1.122891,11.047868,12.405546
500,0,11,14,0.964517,0.981647,1.008929,5.205376,5.251854
500,0,11,15,0.990407,1.075200,1.080423,10.563053,11.412565
500,0,12,0,0.972383,1.265327,1.385229,-2.173676,-3.011041
500,0,12,1,0.979615,0.994812,1.011249,9.217847,9.321539
500,0,12,2,0.921721,0.891758,1.037593,2.345209,2.433373
500,0,12,3,0.998733,1.090380,1.091332,-3.451087,-3.766281
500,0,12,4,0.945453,0.924500,1.008849,3.803446,3.837101
500,0,12,5,0.856216,0.789264,0.780763,3.429976,2.677997
500,0,12,6,0.896758,0.860704,0.978143,2.060920,2.015874
500,0,12,7,0.890619,0.718154,0.651177,5.516862,3.592456
500,0,12,8,0.899517,0.733501,0.681578,5.146333,3.507625
500,0,12,9,0.987482,1.109925,1.124847,8.370672,9.415725
500,0,12,10,0.984698,0.882809,0.853286,3.867910,3.300433
500,0,12,11,0.911864,0.802459,0.813802,4.878477,3.970115
500,0,12,12,0.934231,0.978616,1.029637,5.019281,5.168040
500,0,12,13,0.862297,0.598858,0.669295,4.026916,2.695195
500,0,12,14,0.913544,0.819264,0.813661,5.651309,4.598252
500,0,12,15,0.748784,0.612115,0.444562,3.930883,1.747522
500,0,13,0,0.762184,0.549507,0.500274,5.573675,2.788368
500,0,13,1,0.887716,0.759735,0.717228,4.988131,3.577626
500,0,13,2,0.877491,0.798360,0.711251,2.077150,1.477374
500,0,13,3,0.856076,0.703347,0.666192,4.788246,3.189892
500,0,13,4,0.971299,0.806108,0.825528,9.561820,7.893546
500,0,13,5,0.970056,0.651391,0.631722,4.945837,3.124393
500,0,13,6,0.985050,1.025869,1.032347,8.337323,8.607009
500,0,13,7,0.833255,0.681576,0.431328,2.745620,1.184264
500,0,13,8,0.806282,0.631598,0.273631,3.192944,0.873689
500,0,13,9,0.841774,0.719907,0.683673,4.262181,2.913939
500,0,13,10,0.852385,0.785309,0.799757,3.626621,2.900417
500,0,13,11,0.835446,0.617805,0.593557,6.412739,3.806323
500,0,13,12,0.880471,0.677038,0.648808,5.841669,3.790123
500,0,13,13,0.766012,0.697480,-1.311065,0.459669,-0.602656
500,0,13,14,0.871518,0.702899,0.679891,5.725413,3.892656
500,0,13,15,0.981142,1.310809,1.392928,-1.750930,-2.438919
500,0,14,0,0.841724,0.716146,0.570420,3.037045,1.732390
500,0,14,1,0.976628,0.861042,0.839369,9.885952,8.297966
500,0,14,2,0.918046,0.795357,0.813281,5.787736,4.707057
500,0,14,3,0.834006,0.744550,0.585951,2.391441,1.401267
500,0,14,4,0.926842,0.805704,0.836544,6.625561,5.542571
500,0,14,5,0.634182,0.462607,0.102803,2.512423,0.258285
500,0,14,6,0.827018,0.712413,0.539812,2.764323,1.492215
500,0,14,7,0.932092,0.658708,0.608465,5.944544,3.617045
500,0,14,8,0.908826,0.773877,0.735220,4.063016,2.987212
500,0,14,9,0.778898,0.728612,0.677508,1.849967,1.253368
500,0,14,10,0.637041,0.500855,-0.117992,1.829968,-0.215921
500,0,14,11,0.890906,0.804898,0.883098,3.891968,3.436991
500,0,14,12,0.916871,0.831590,0.795144,3.329761,2.647640
500,0,14,13,0.832745,0.746751,0.657920,2.505584,1.648473
500,0,14,14,0.926413,0.799724,0.816000,5.481421,4.472840
500,0,14,15,0.851506,0.822705,0.985812,2.440009,2.405391
500,0,15,0,0.976901,0.953780,0.963795,4.935918,4.757213
500,0,15,1,0.959871,0.898239,0.834007,3.442072,2.870711
500,0,15,2,0.969661,0.824538,0.771574,5.433610,4.192434
500,0,15,3,0.969234,0.900975,0.877919,4.123941,3.620485
500,0,15,4,0.997068,1.025138,1.027933,-3.345333,-3.438777
500,0,15,5,0.970052,0.933621,0.976539,4.434604,4.330564
500,0,15,6,0.825323,1.176262,2.023032,0.968158,1.958614
500,0,15,7,0.943961,0.823834,0.725737,3.741964,2.715681
500,0,15,8,0.951086,0.907056,0.929361,4.403326,4.092280
500,0,15,9,0.969630,0.899342,0.851975,4.401860,3.750274
500,0,15,10,0.947372,0.975332,0.995127,-1.487050,-1.479803
500,0,15,11,0.962781,0.823500,0.775691,4.937510,3.829981
500,0,15,12,0.982688,1.059211,1.015481,6.220026,6.316321
500,0,15,13,0.895071,0.710011,0.533836,3.307194,1.765500
500,0,15,14,0.935567,0.774864,0.729337,4.137511,3.017639
500,0,15,15,0.668902,0.518323,0.031672,2.449895,0.077594
849,0,0,0,0.798193,0.813931,0.995458,0.408103,0.406249
849,0,0,1,0.963813,0.895401,0.790938,-0.785761,-0.621489
849,0,0,2,0.936205,0.749395,0.403794,0.659775,0.266413
849,0,0,3,0.975457,1.033215,1.097974,-1.686532,-1.851769
849,0,0,4,0.935841,0.866435,0.925314,-1.197093,-1.107688
849,0,0,5,0.758392,0.716336,-0.119689,1.091685,-0.130663
849,0,0,6,0.930574,0.969604,0.656252,1.134715,0.744659
849,0,0,7,0.987265,1.030067,1.072757,-1.721739,-1.847007
849,0,0,8,0.956438,0.827220,0.794761,1.811003,1.439315
849,0,0,9,0.847203,0.851671,-1.914090,0.157937,-0.302306
849,0,0,10,0.965059,0.778979,0.737671,1.518924,1.120466
849,0,0,11,0.796827,0.854527,1.764376,0.363209,0.640836
849,0,0,12,0.795529,0.485613,0.320139,1.592526,0.509830
849,0,0,13,0.969250,1.050473,1.242340,-1.263456,-1.569642
849,0,0,14,0.922534,0.713191,0.620519,1.058673,0.656927
849,0,0,15,0.993752,1.000123,1.011486,-1.492307,-1.509448
849,0,1,0,0.970989,0.999617,0.585056,0.153147,0.089600
849,0,1,1,0.983272,0.960154,0.968122,1.882561,1.822548
849,0,1,2,0.967048,0.824833,0.840984,2.331387,1.960658
849,0,1,3,0.892623,1.038880,2.773271,0.271220,0.752165
849,0,1,4,0.915325,0.745448,0.337857,0.585703,0.197884
849,0,1,5,0.896605,1.083823,1.458670,0.979286,1.428455
849,0,1,6,0.990741,0.975462,0.976807,2.495078,2.437210
849,0,1,7,0.954389,0.958710,1.051896,0.632129,0.664934
849,0,1,8,0.901721,1.008701,1.290280,0.326089,0.420746
849,0,1,9,0.937279,0.943046,-3.444268,-0.061895,0.213182
849,0,1,10,0.945366,0.958770,0.924723,1.187525,1.098132
849,0,1,11,0.961603,0.986132,0.804384,1.014096,0.815722
849,0,1,12,0.942790,1.018713,1.505293,-0.497367,-0.748683
849,0,1,13,0.944860,0.755209,0.653479,1.523793,0.995767
849,0,1,14,0.073121,0.058438,0.529510,0.172723,0.091459
849,0,1,15,0.956735,0.939648,1.019191,4.346067,4.429472
849,0,2,0,0.956678,0.956666,0.887880,2.065818,1.834198
849,0,2,1,0.976785,0.872888,0.872455,2.746938,2.396579
849,0,2,2,0.957262,1.013790,1.036368,0.220705,0.228731
849,0,2,3,0.963438,1.025715,1.242828,0.256081,0.318264
849,0,2,4,0.827850,0.594359,0.653101,1.293574,0.844834
849,0,2,5,0.973818,0.840800,0.843772,5.091552,4.296111
849,0,2,6,0.947543,1.026159,0.976071,1.272604,1.242152
849,0,2,7,0.953610,1.000782,0.934047,0.330796,0.308979
849,0,2,8,0.876191,0.641259,0.619079,0.907213,0.561636
849,0,2,9,0.971548,0.895138,0.839456,3.945646,3.312196
849,0,2,10,0.912342,0.982993,1.284500,0.517369,0.664561
849,0,2,11,0.977407,0.900531,0.903740,3.161276,2.856972
849,0,2,12,0.958492,1.016594,1.166667,0.248873,0.290352
849,0,2,13,0.910021,0.799401,0.643035,1.045730,0.672441
849,0,2,14,0.905960,0.926213,2.437483,-0.201390,-0.490885
849,0,2,15,0.945179,1.027208,1.314794,0.290261,0.381633
849,0,3,0,0.789621,0.668565,0.404951,2.165678,0.876993
849,0,3,1,0.955774,0.928720,0.806006,2.308192,1.860416
849,0,3,2,0.914570,0.925604,0.359550,0.944674,0.339658
849,0,3,3,0.942526,0.950324,0.339398,0.820422,0.278450
849,0,3,4,0.926012,0.906288,0.778627,2.391161,1.861823
849,0,3,5,0.976369,0.913390,0.960138,3.088928,2.965796
849,0,3,6,0.960379,0.980436,0.909615,1.906515,1.734195
849,0,3,7,0.944970,0.939890,0.952868,0.913252,0.870208
849,0,3,8,0.992366,1.000975,1.007367,8.512484,8.575199
849,0,3,9,0.971426,0.845178,0.874271,3.705737,3.239817
849,0,3,10,0.903174,0.882348,0.616771,2.353644,1.451660
849,0,3,11,0.827631,0.970690,1.554143,0.668292,1.038621
849,0,3,12,0.961385,0.816759,0.812614,3.242308,2.634743
849,0,3,13,0.968863,0.880049,0.909382,7.987976,7.264118
849,0,3,14,0.911513,0.924264,0.576279,1.046923,0.603320
849,0,3,15,0.970046,0.979401,0.864859,2.154583,1.863410
849,0,4,0,0.965263,0.929825,0.878498,2.503498,2.199318
849,0,4,1,0.933878,0.924033,0.743495,2.575464,1.914846
849,0,4,2,0.958055,0.993982,1.010732,0.739054,0.746985
849,0,4,3,0.965957,1.023858,1.072368,2.268875,2.433070
849,0,4,4,0.977895,0.895443,0.907777,5.037730,4.573134
849,0,4,5,0.950190,1.010216,1.096851,1.971784,2.162753
849,0,4,6,0.923792,0.966401,1.004447,1.644827,1.652142
849,0,4,7,0.973365,0.958240,0.771554,1.721072,1.327901
849,0,4,8,0.887916,0.559556,0.619964,1.077089,0.667756
849,0,4,9,0.960086,0.999293,0.866616,0.691791,0.599517
849,0,4,10,0.980796,0.866480,0.871377,8.261601,7.198968
849,0,4,11,0.964666,0.951224,1.046266,3.432196,3.590992
849,0,4,12,0.948700,0.950437,0.838923,1.558220,1.307226
849,0,4,13,0.960456,0.851068,0.880589,5.219729,4.596439
849,0,4,14,0.971597,0.985116,0.784799,1.311507,1.029269
849,0,4,15,0.948247,1.007185,1.095792,1.444240,1.582587
849,0,5,0,0.988517,0.901931,0.913457,12.466982,11.388058
849,0,5,1,0.900579,0.663832,0.532741,4.363211,2.324459
849,0,5,2,0.978240,0.796801,0.811677,9.777933,7.936527
849,0,5,3,0.974563,0.920045,0.808325,3.146890,2.543711
849,0,5,4,0.994286,0.967129,0.970096,11.320104,10.981591
849,0,5,5,0.987861,0.917436,0.920489,10.298693,9.479834
849,0,5,6,0.992555,0.987054,0.998564,15.098694,15.077015
849,0,5,7,0.907626,0.905287,0.906328,3.107513,2.816427
849,0,5,8,0.922544,0.889431,0.865897,3.816271,3.304499
849,0,5,9,0.956154,0.902438,0.882752,4.514799,3.985447
849,0,5,10,0.948378,0.814762,0.749693,5.220339,3.913651
849,0,5,11,0.944369,0.709441,0.749959,7.015741,5.261518
849,0,5,12,0.906266,0.628794,0.564672,2.980018,1.682733
849,0,5,13,0.985153,0.964010,0.916258,5.461300,5.003961
849,0,5,14,0.974613,0.805385,0.827648,8.137173,6.734713
849,0,5,15,0.876089,0.616842,0.568453,2.471811,1.405108
849,0,6,0,0.917868,0.787624,0.724646,3.824342,2.771293
849,0,6,1,0.948555,0.768412,0.707102,5.679308,4.015848
849,0,6,2,0.977209,0.899742,0.804460,5.077398,4.084563
849,0,6,3,0.891315,0.669263,0.717234,3.180814,2.281387
849,0,6,4,0.955605,0.927482,0.963194,5.595443,5.389498
849,0,6,5,0.929578,0.760583,0.655511,4.157158,2.725061
849,0,6,6,0.987250,0.870264,0.873308,13.323453,11.635481
849,0,6,7,0.982223,0.905509,0.913369,8.683603,7.931330
849,0,6,8,0.941575,0.817104,0.660733,4.958852,3.276477
849,0,6,9,0.990523,0.901664,0.886669,11.977321,10.619917
849,0,6,10,0.929948,0.876905,0.762609,2.703909,2.062025
849,0,6,11,0.934337,0.682801,0.749977,5.109003,3.831632
849,0,6,12,0.987152,0.888869,0.868651,13.004430,11.296308
849,0,6,13,0.724568,0.670816,-1.338735,0.472977,-0.633191
849,0,6,14,0.918621,0.821225,0.598857,2.747648,1.645449
849,0,6,15,0.956931,0.868004,0.786142,4.512101,3.547152
849,0,7,0,0.985393,0.931757,0.945327,10.583114,10.004505
849,0,7,1,0.952190,0.836655,0.812738,5.767356,4.687349
849,0,7,2,0.975569,0.961672,0.958498,3.367614,3.227849
849,0,7,3,0.969503,0.766647,0.778985,7.621661,5.937156
849,0,7,4,0.880131,0.607715,0.460800,4.961432,2.286230
849,0,7,5,0.887202,0.808692,0.819624,3.499627,2.868378
849,0,7,6,0.966296,0.812731,0.827616,9.446672,7.818213
849,0,7,7,0.956375,0.950978,0.991926,4.356554,4.321377
849,0,7,8,0.969117,0.947351,0.900971,6.955650,6.266837
849,0,7,9,0.989084,0.897866,0.899319,11.111112,9.992430
849,0,7,10,0.996368,0.973352,0.976496,25.729496,25.124743
849,0,7,11,0.983706,1.003125,1.035970,5.140901,5.325818
849,0,7,12,0.980051,0.857851,0.869418,12.453688,10.827464
849,0,7,13,0.957760,0.795166,0.779982,6.686514,5.215358
849,0,7,14,0.966524,0.737333,0.718573,4.674419,3.358912
849,0,7,15,0.736508,0.558443,0.039909,2.256145,0.090039
849,0,8,0,0.946683,0.924702,0.936838,4.270514,4.000778
849,0,8,1,0.942513,0.782400,0.703143,5.648688,3.971838
849,0,8,2,0.896724,0.677762,0.539331,3.618647,1.951648
849,0,8,3,0.952499,0.795853,0.728736,5.417574,3.947983
849,0,8,4,0.988115,0.978096,0.968035,11.145620,10.789352
849,0,8,5,0.708906,0.763893,2.327645,-0.815700,-1.898660
849,0,8,6,0.962726,0.917088,0.918739,4.852174,4.457880
849,0,8,7,0.981482,0.997658,1.024802,6.881658,7.052339
849,0,8,8,0.984601,0.964210,0.922229,5.298774,4.886684
849,0,8,9,0.961113,0.885591,0.841235,5.473794,4.604745
849,0,8,10,0.969745,0.860017,0.843913,6.904264,5.826596
849,0,8,11,0.969573,0.955919,0.967334,5.339677,5.165252
849,0,8,12,0.931640,0.825826,0.788304,4.349406,3.428656
849,0,8,13,0.977320,0.945919,0.924947,6.503166,6.015081
849,0,8,14,0.957534,0.922043,0.913041,5.072001,4.630943
849,0,8,15,0.690001,0.533032,0.288508,1.778167,0.513015
849,0,9,0,0.920695,0.843914,0.692382,3.197753,2.214067
849,0,9,1,0.735881,0.577016,0.050762,2.341066,0.118838
849,0,9,2,0.914117,0.817902,0.619420,2.598729,1.609704
849,0,9,3,0.973759,0.945784,0.940876,5.916514,5.566708
849,0,9,4,0.959954,0.999625,1.034149,5.326463,5.508354
849,0,9,5,0.967971,0.959115,0.986097,5.993570,5.910241
849,0,9,6,0.981835,0.981969,0.988700,8.421785,8.326621
849,0,9,7,0.990135,0.940382,0.923239,5.684306,5.247973
849,0,9,8,0.733044,0.479457,0.132899,2.281034,0.303148
849,0,9,9,0.978781,0.920502,0.891617,7.426725,6.621793
849,0,9,10,0.966640,0.836679,0.807523,7.093233,5.727947
849,0,9,11,0.957158,0.810920,0.715432,4.544956,3.251607
849,0,9,12,0.900237,0.710079,0.789264,6.342565,5.005961
849,0,9,13,0.932860,0.826810,0.704320,2.960038,2.084815
849,0,9,14,0.973618,0.957286,0.956652,5.680794,5.434543
849,0,9,15,0.988634,0.937692,0.897032,9.796214,8.787519
849,0,10,0,0.914045,0.678514,0.533501,5.003882,2.669577
849,0,10,1,0.994246,0.939451,0.945230,19.131681,18.083838
849,0,10,2,0.974948,0.898574,0.844889,5.801877,4.901945
849,0,10,3,0.968530,0.791282,0.716288,4.182827,2.996110
849,0,10,4,0.995556,0.915591,0.914607,7.405595,6.773210
849,0,10,5,0.987752,0.943176,0.946033,10.006465,9.466444
849,0,10,6,0.978837,0.860889,0.863992,10.263895,8.867927
849,0,10,7,0.986130,0.881235,0.848568,6.095170,5.172169
849,0,10,8,0.966717,0.947308,0.933421,6.476551,6.045351
849,0,10,9,0.965640,0.823928,0.847869,8.114617,6.880136
849,0,10,10,0.980201,0.855130,0.874834,12.675511,11.088966
849,0,10,11,0.976728,0.924590,0.895288,7.499012,6.713778
849,0,10,12,0.963524,0.820769,0.740558,5.344085,3.957607
849,0,10,13,0.989164,0.967388,0.974296,11.079081,10.794307
849,0,10,14,0.917048,0.682050,0.601240,5.554865,3.339809
849,0,10,15,0.951828,0.937886,0.936482,4.330183,4.055138
849,0,11,0,0.994789,1.002893,1.005018,8.457401,8.499839
849,0,11,1,0.988096,1.027938,1.027239,10.514250,10.800644
849,0,11,2,0.961338,0.955847,0.954538,5.012131,4.784269
849,0,11,3,0.549010,0.520392,-18.186023,0.091563,-1.665161
849,0,11,4,0.949162,0.744049,0.635545,4.954380,3.148732
849,0,11,5,0.947209,0.993410,1.056204,4.096517,4.326757
849,0,11,6,0.894763,0.683024,0.772020,7.427100,5.733868
849,0,11,7,0.903868,0.701659,0.646533,5.100908,3.297903
849,0,11,8,0.931183,0.846593,0.787359,3.683749,2.900433
849,0,11,9,0.982863,0.907583,0.865938,4.643238,4.020758
849,0,11,10,0.733584,0.560042,0.296281,2.795418,0.828231
849,0,11,11,0.977472,0.797463,0.766342,6.201829,4.752722
849,0,11,12,0.874463,0.600895,0.426326,5.145869,2.193816
849,0,11,13,0.988040,1.060383,1.059429,10.625177,11.256623
849,0,11,14,0.960542,0.992816,1.050974,4.666571,4.904444
849,0,11,15,0.988605,1.040913,1.035970,9.889489,10.245214
849,0,12,0,0.969078,1.236004,1.363107,-2.172916,-2.961918
849,0,12,1,0.975874,0.942927,0.958781,9.181115,8.802683
849,0,12,2,0.920358,0.884628,1.028274,2.393952,2.461639
849,0,12,3,0.998344,1.079726,1.080043,-3.524176,-3.806263
849,0,12,4,0.945606,0.914639,0.981128,3.998287,3.922831
849,0,12,5,0.835765,0.767691,0.806365,3.071456,2.476715
849,0,12,6,0.887105,0.841220,0.940824,1.874215,1.763307
849,0,12,7,0.883732,0.695229,0.634561,5.537718,3.514018
849,0,12,8,0.884557,0.718558,0.708048,5.021079,3.555165
849,0,12,9,0.984721,1.099772,1.115832,7.588262,8.467228
849,0,12,10,0.975612,0.856483,0.807878,3.604194,2.911749
849,0,12,11,0.903813,0.794588,0.853868,4.660357,3.979328
849,0,12,12,0.923698,0.973146,1.030982,4.557211,4.698403
849,0,12,13,0.857690,0.588189,0.635691,3.946253,2.508598
849,0,12,14,0.907215,0.814315,0.826066,5.438832,4.492833
849,0,12,15,0.746216,0.603641,0.513213,3.858174,1.980065
849,0,13,0,0.788765,0.558536,0.534793,5.741754,3.070649
849,0,13,1,0.870892,0.739549,0.703163,4.828381,3.395137
849,0,13,2,0.880568,0.790995,0.736408,2.242149,1.651137
849,0,13,3,0.857995,0.699518,0.683351,4.852553,3.315999
849,0,13,4,0.976349,0.823417,0.835526,9.964472,8.325579
849,0,13,5,0.965374,0.658247,0.634327,4.992234,3.166710
849,0,13,6,0.984921,0.996861,0.999013,8.245117,8.236982
849,0,13,7,0.805866,0.653083,0.412469,2.789471,1.150570
849,0,13,8,0.810282,0.624832,0.300606,3.262812,0.980820
849,0,13,9,0.828101,0.694543,0.666015,4.391885,2.925062
849,0,13,10,0.838893,0.757596,0.776285,3.761158,2.919731
849,0,13,11,0.841217,0.615767,0.622991,6.619820,4.124091
849,0,13,12,0.872807,0.660949,0.641643,5.955020,3.820995
849,0,13,13,0.759533,0.674662,-1.326745,0.449720,-0.596664
849,0,13,14,0.867779,0.707695,0.696652,5.710272,3.978073
849,0,13,15,0.985346,1.226142,1.281514,-1.939399,-2.485367
849,0,14,0,0.837049,0.723295,0.597307,2.878786,1.719520
849,0,14,1,0.980354,0.874709,0.856504,10.246165,8.775881
849,0,14,2,0.907835,0.775108,0.794363,5.625865,4.468977
849,0,14,3,0.824169,0.746303,0.578177,2.179582,1.260185
849,0,14,4,0.911627,0.775376,0.808959,6.399780,5.177162
849,0,14,5,0.669509,0.468236,0.176692,2.567602,0.453675
849,0,14,6,0.805665,0.693831,0.530472,2.577599,1.367344
849,0,14,7,0.931830,0.660859,0.606120,5.801910,3.516656
849,0,14,8,0.904024,0.772093,0.735390,3.901936,2.869443
849,0,14,9,0.758395,0.711796,0.729110,1.705409,1.243432
849,0,14,10,0.656763,0.510655,-0.043694,1.868180,-0.081629
849,0,14,11,0.877214,0.776132,0.843037,3.737012,3.150440
849,0,14,12,0.906354,0.811407,0.756695,3.234949,2.447869
849,0,14,13,0.814298,0.738726,0.653322,2.273671,1.485441
849,0,14,14,0.916259,0.787851,0.814173,5.297635,4.313191
849,0,14,15,0.839775,0.791239,0.932496,2.384263,2.223315
849,0,15,0,0.978103,0.967047,0.986415,4.997561,4.929667
849,0,15,1,0.961981,0.906600,0.856573,3.395880,2.908818
849,0,15,2,0.969392,0.834619,0.780671,5.250860,4.099196
849,0,15,3,0.969173,0.895494,0.869158,4.179905,3.633000
849,0,15,4,0.997321,1.034259,1.037257,-3.378642,-3.504518
849,0,15,5,0.969854,0.926480,0.965490,4.371126,4.220276
849,0,15,6,0.798069,1.182341,2.276723,0.855289,1.947256
849,0,15,7,0.940645,0.822503,0.716936,3.549717,2.544920
849,0,15,8,0.947569,0.890895,0.910293,4.334328,3.945508
849,0,15,9,0.970186,0.899854,0.847610,4.416593,3.743549
849,0,15,10,0.950656,0.966768,0.980614,-1.538299,-1.508478
849,0,15,11,0.963263,0.826473,0.781501,4.854878,3.794090
849,0,15,12,0.980637,1.053173,1.001885,5.963337,5.974578
849,0,15,13,0.916466,0.761146,0.645290,3.254932,2.100375
849,0,15,14,0.954897,0.840028,0.826822,4.359281,3.604348
849,0,15,15,0.717266,0.544160,0.116719,2.501954,0.292024
17,0,0,0,0.800604,0.815840,1.043515,0.466776,0.487088
17,0,0,1,0.962073,0.894707,0.818253,-0.753936,-0.616911
17,0,0,2,0.960796,0.732597,0.690214,1.301551,0.898349
17,0,0,3,0.964194,1.094320,1.237982,-1.567440,-1.940464
17,0,0,4,0.830902,0.858898,4.857149,-0.121510,-0.590193
17,0,0,5,0.742285,0.734420,-0.555383,0.733042,-0.407119
17,0,0,6,0.929017,0.971760,0.610840,1.035796,0.632706
17,0,0,7,0.988475,1.023741,1.056542,-1.867300,-1.972882
17,0,0,8,0.941079,0.775016,0.742118,1.747560,1.296895
17,0,0,9,0.847173,0.911458,-2.275876,0.136950,-0.311682
17,0,0,10,0.940506,0.799335,0.586652,0.628093,0.368472
17,0,0,11,0.800105,0.861155,1.584091,0.465728,0.737755
17,0,0,12,0.865433,0.534306,0.466861,2.083500,0.972705
17,0,0,13,0.976346,1.041854,1.139566,-1.731609,-1.973282
17,0,0,14,0.942296,0.803091,0.650036,0.785969,0.510908
17,0,0,15,0.993616,1.004598,1.023647,-1.538419,-1.574797
17,0,1,0,0.970305,1.010701,0.798299,0.396274,0.316345
17,0,1,1,0.971457,0.950766,0.969186,1.303930,1.263752
17,0,1,2,0.963005,0.835396,0.864847,2.181126,1.886341
17,0,1,3,0.893860,1.034248,2.217072,0.374498,0.830289
17,0,1,4,0.954471,0.766423,0.737370,1.352433,0.997243
17,0,1,5,0.899176,1.087404,1.445735,1.089530,1.575172
17,0,1,6,0.993090,0.976209,0.981680,3.290036,3.229763
17,0,1,7,0.950934,0.954576,1.053939,0.547509,0.577041
17,0,1,8,0.902309,1.006768,1.351081,0.257402,0.347771
17,0,1,9,0.939918,0.957181,-5.639665,-0.022313,0.125838
17,0,1,10,0.937787,0.959605,0.764173,0.945598,0.722601
17,0,1,11,0.959272,0.984366,0.778916,1.052708,0.819971
17,0,1,12,0.943860,1.038642,1.478118,-0.459271,-0.678857
17,0,1,13,0.963053,0.764600,0.744556,2.665717,1.984775
17,0,1,14,0.336766,0.313767,1.297521,-0.427449,-0.554624
17,0,1,15,0.970232,0.971146,1.035435,5.302287,5.490174
17,0,2,0,0.953600,0.958975,0.855275,1.973600,1.687971
17,0,2,1,0.975569,0.867118,0.871786,2.953419,2.574748
17,0,2,2,0.957172,1.016804,1.077162,0.164905,0.177630
17,0,2,3,0.963678,1.028615,1.222220,0.207750,0.253917
17,0,2,4,0.838410,0.625684,0.743312,1.358436,1.009743
17,0,2,5,0.967722,0.826445,0.851343,5.198699,4.425878
17,0,2,6,0.945329,1.025288,0.930882,1.140903,1.062045
17,0,2,7,0.953798,1.000294,0.922713,0.282052,0.260253
17,0,2,8,0.900294,0.678292,0.743349,1.243504,0.924358
17,0,2,9,0.973023,0.891258,0.838527,4.185349,3.509528
17,0,2,10,0.911160,0.976280,1.343145,0.379707,0.510001
17,0,2,11,0.966653,0.908455,0.964441,2.490548,2.401987
17,0,2,12,0.958145,1.019516,1.259000,0.202056,0.254388
17,0,2,13,0.869830,0.754609,0.590833,0.958460,0.566290
17,0,2,14,0.904803,0.936179,1.904687,-0.284954,-0.542748
17,0,2,15,0.944928,1.025656,1.331429,0.196814,0.262044
17,0,3,0,0.777747,0.687458,0.369423,1.784008,0.659053
17,0,3,1,0.949265,0.937096,0.767241,1.992668,1.528856
17,0,3,2,0.913532,0.923886,0.376838,0.942107,0.355022
17,0,3,3,0.944528,0.962989,0.409823,0.845243,0.346400
17,0,3,4,0.916972,0.889585,0.733792,2.437014,1.788261
17,0,3,5,0.962858,0.869901,0.944416,2.269297,2.143160
17,0,3,6,0.953287,0.984621,0.838574,1.648256,1.382184
17,0,3,7,0.941656,0.935917,0.903668,0.622258,0.562315
17,0,3,8,0.992295,0.992083,0.994473,8.874383,8.825335
17,0,3,9,0.965519,0.837927,0.881361,3.273386,2.885035
17,0,3,10,0.913088,0.896373,0.660560,2.480827,1.638736
17,0,3,11,0.823304,0.966370,1.527325,0.628027,0.959201
17,0,3,12,0.974167,0.834905,0.857894,3.562017,3.055834
17,0,3,13,0.953907,0.858178,0.916180,8.090836,7.412665
17,0,3,14,0.908699,0.926204,0.583750,1.037761,0.605793
17,0,3,15,0.962294,0.969258,0.796346,2.084815,1.660234
17,0,4,0,0.959396,0.936597,0.906943,2.122221,1.924734
17,0,4,1,0.935153,0.951980,0.784728,2.439655,1.914466
17,0,4,2,0.954232,0.996638,1.063237,0.577963,0.614511
17,0,4,3,0.964496,1.037491,1.116186,2.367756,2.642856
17,0,4,4,0.966180,0.858708,0.881751,4.303872,3.794945
17,0,4,5,0.940921,1.011593,1.136017,1.769324,2.009982
17,0,4,6,0.919462,0.968961,1.030459,1.567632,1.615380
17,0,4,7,0.969464,0.958991,0.726405,1.536915,1.116423
17,0,4,8,0.821697,0.474649,0.408655,0.676657,0.276519
17,0,4,9,0.956360,1.003813,0.884020,0.528349,0.467071
17,0,4,10,0.978197,0.868419,0.891860,8.668104,7.730738
17,0,4,11,0.970397,0.956963,1.030519,3.989835,4.111602
17,0,4,12,0.941364,0.945267,0.802545,1.411503,1.132795
17,0,4,13,0.886918,0.748870,0.821979,3.740211,3.074376
17,0,4,14,0.968648,0.984229,0.723209,1.179460,0.852997
17,0,4,15,0.940786,1.013528,1.171090,1.247818,1.461307
17,0,5,0,0.981119,0.874189,0.894521,11.911171,10.654798
17,0,5,1,0.855600,0.625245,0.435968,3.978612,1.734547
17,0,5,2,0.978099,0.801699,0.825686,10.230192,8.446922
17,0,5,3,0.974738,0.921989,0.823464,3.181369,2.619744
17,0,5,4,0.990460,0.963657,0.970821,10.335834,10.034240
17,0,5,5,0.984753,0.915265,0.927613,9.965505,9.244128
17,0,5,6,0.994516,0.968231,0.975626,16.981520,16.567606
17,0,5,7,0.892675,0.889243,0.880936,2.757164,2.428885
17,0,5,8,0.915861,0.883790,0.861405,3.618732,3.117195
17,0,5,9,0.957596,0.929169,0.934925,4.458494,4.168359
17,0,5,10,0.943595,0.798853,0.731338,5.489774,4.014883
17,0,5,11,0.938051,0.701340,0.758718,7.263132,5.510666
17,0,5,12,0.914787,0.605875,0.606760,3.090773,1.875356
17,0,5,13,0.986124,0.964442,0.926803,5.812225,5.386788
17,0,5,14,0.964190,0.778722,0.815815,7.846639,6.401402
17,0,5,15,0.873425,0.587437,0.566742,2.582860,1.463816
17,0,6,0,0.918807,0.788747,0.731350,3.687075,2.696544
17,0,6,1,0.951184,0.778895,0.725352,5.712686,4.143710
17,0,6,2,0.976343,0.897082,0.799920,5.180343,4.143860
17,0,6,3,0.838092,0.577517,0.659524,2.931787,1.933582
17,0,6,4,0.955708,0.932487,0.966993,5.459774,5.279561
17,0,6,5,0.923141,0.751843,0.636505,4.114124,2.618662
17,0,6,6,0.988901,0.882659,0.894454,14.807079,13.244253
17,0,6,7,0.982218,0.896631,0.909704,9.469431,8.614377
17,0,6,8,0.940129,0.814474,0.657341,4.952716,3.255623
17,0,6,9,0.993516,0.910893,0.910422,15.087234,13.735757
17,0,6,10,0.934844,0.887542,0.800046,2.766063,2.212979
17,0,6,11,0.892515,0.600965,0.705298,4.501682,3.175025
17,0,6,12,0.989588,0.892145,0.890213,14.088631,12.541883
17,0,6,13,0.704812,0.654137,-1.476763,0.475993,-0.702929
17,0,6,14,0.917254,0.803385,0.569446,2.958462,1.684686
17,0,6,15,0.956608,0.877099,0.795130,4.528281,3.600573
17,0,7,0,0.976683,0.896537,0.917961,9.743102,8.943786
17,0,7,1,0.961274,0.875630,0.864612,5.999009,5.186814
17,0,7,2,0.972311,0.968295,0.985628,3.222924,3.176605
17,0,7,3,0.970142,0.791415,0.817145,8.338902,6.814092
17,0,7,4,0.909121,0.628850,0.530196,5.593901,2.965865
17,0,7,5,0.909588,0.843345,0.855972,4.099325,3.508907
17,0,7,6,0.968525,0.823906,0.854416,10.414993,8.898738
17,0,7,7,0.961988,0.980725,1.029650,4.439821,4.571463
17,0,7,8,0.976121,1.007384,0.979186,7.128746,6.980367
17,0,7,9,0.989983,0.894689,0.898395,13.075546,11.747004
17,0,7,10,0.996832,0.962099,0.965081,27.531033,26.569679
17,0,7,11,0.983410,0.969603,0.983752,5.077961,4.995456
17,0,7,12,0.979631,0.843132,0.864996,13.257395,11.467588
17,0,7,13,0.959278,0.808583,0.795372,6.576374,5.230665
17,0,7,14,0.980412,0.757790,0.773959,5.865664,4.539786
17,0,7,15,0.747627,0.526885,0.179660,2.805796,0.504091
17,0,8,0,0.947430,0.929731,0.946585,4.086813,3.868517
17,0,8,1,0.947078,0.803414,0.724796,5.502389,3.988110
17,0,8,2,0.914941,0.704258,0.615058,4.080679,2.509856
17,0,8,3,0.962523,0.803259,0.756023,6.218326,4.701198
17,0,8,4,0.989140,1.015159,1.014178,13.102448,13.288212
17,0,8,5,0.577859,0.602421,3.080268,-0.543362,-1.673700
17,0,8,6,0.963986,0.938423,0.957384,4.712585,4.511755
17,0,8,7,0.982570,1.004654,1.031657,6.814653,7.030382
17,0,8,8,0.983167,0.971076,0.934754,5.137171,4.801993
17,0,8,9,0.962063,0.884626,0.836808,5.720347,4.786831
17,0,8,10,0.963140,0.858380,0.827915,6.459795,5.348159
17,0,8,11,0.972070,0.942151,0.935530,5.610360,5.248658
17,0,8,12,0.938078,0.834585,0.801329,4.494658,3.601699
17,0,8,13,0.976892,0.931362,0.901242,6.469706,5.830768
17,0,8,14,0.955678,0.940269,0.948710,4.641341,4.403288
17,0,8,15,0.712406,0.554223,0.410847,2.033432,0.835429
17,0,9,0,0.909543,0.817396,0.632151,3.317226,2.096988
17,0,9,1,0.741255,0.562306,0.141712,2.633551,0.373205
17,0,9,2,0.899430,0.816405,0.563817,2.366492,1.334267
17,0,9,3,0.973784,0.952438,0.941084,5.728672,5.391163
17,0,9,4,0.971669,0.980115,0.991909,6.576878,6.523667
17,0,9,5,0.965415,0.966311,1.003667,5.727889,5.748891
17,0,9,6,0.980371,0.979059,0.978404,7.880863,7.710671
17,0,9,7,0.984936,0.926988,0.905310,4.902901,4.438644
17,0,9,8,0.746529,0.471776,0.216388,2.531988,0.547893
17,0,9,9,0.974820,0.919691,0.876174,6.778049,5.938748
17,0,9,10,0.970149,0.836971,0.812629,7.745518,6.294236
17,0,9,11,0.967797,0.820985,0.763197,5.477534,4.180440
17,0,9,12,0.873918,0.642949,0.755443,6.732380,5.085931
17,0,9,13,0.916383,0.822064,0.658563,2.656932,1.749758
17,0,9,14,0.975729,0.965619,0.961072,6.154477,5.914898
17,0,9,15,0.990519,0.943850,0.912211,10.619237,9.686983
17,0,10,0,0.892180,0.659902,0.481860,4.878882,2.350940
17,0,10,1,0.992726,0.918798,0.924246,19.421627,17.950357
17,0,10,2,0.966602,0.880586,0.807921,5.255823,4.246292
17,0,10,3,0.979582,0.787727,0.758675,5.181469,3.931052
17,0,10,4,0.995184,0.923945,0.924421,7.403771,6.844202
17,0,10,5,0.985893,0.950546,0.954094,11.666831,11.131253
17,0,10,6,0.978745,0.841631,0.857105,11.949300,10.241799
17,0,10,7,0.988382,0.889040,0.865882,6.925881,5.996993
17,0,10,8,0.964932,0.919778,0.892705,6.821364,6.089469
17,0,10,9,0.944143,0.741602,0.782330,7.729950,6.047375
17,0,10,10,0.981823,0.853954,0.870849,13.100774,11.408790
17,0,10,11,0.972723,0.901443,0.861243,7.696600,6.628639
17,0,10,12,0.959283,0.807074,0.722967,5.184813,3.748448
17,0,10,13,0.988646,0.965537,0.971388,12.163369,11.815349
17,0,10,14,0.914933,0.689167,0.607299,5.434551,3.300395
17,0,10,15,0.953151,0.914306,0.900679,4.803719,4.326606
17,0,11,0,0.995017,0.999384,1.002041,8.938351,8.956595
17,0,11,1,0.987744,1.054372,1.058206,12.393581,13.114963
17,0,11,2,0.959192,0.940411,0.928591,5.048226,4.687739
17,0,11,3,0.460519,0.435619,-14.974898,0.107071,-1.603370
17,0,11,4,0.945040,0.758653,0.644508,4.512074,2.908069
17,0,11,5,0.951160,0.992485,1.025396,4.249743,4.357671
17,0,11,6,0.896415,0.677728,0.781842,8.463444,6.617074
17,0,11,7,0.908709,0.705924,0.635328,5.351723,3.400101
17,0,11,8,0.930490,0.849053,0.793289,3.938812,3.124616
17,0,11,9,0.988895,0.919607,0.904401,5.817719,5.261550
17,0,11,10,0.787979,0.613005,0.394605,2.806281,1.107371
17,0,11,11,0.977423,0.795849,0.767497,6.408786,4.918727
17,0,11,12,0.864948,0.597314,0.407034,5.058196,2.058856
17,0,11,13,0.988604,1.098711,1.101043,12.906468,14.210581
17,0,11,14,0.958220,0.972286,0.993973,4.817509,4.788471
17,0,11,15,0.986632,1.028869,1.029863,12.139117,12.501631
17,0,12,0,0.975273,1.243371,1.347805,-2.214346,-2.984507
17,0,12,1,0.973452,0.946638,0.969264,10.263063,9.947622
17,0,12,2,0.921409,0.913595,1.090354,2.428584,2.648017
17,0,12,3,0.998245,1.074974,1.076113,-3.475763,-3.740314
17,0,12,4,0.946874,0.947045,1.042588,3.909906,4.076423
17,0,12,5,0.837473,0.769373,0.783588,3.241590,2.540070
17,0,12,6,0.892271,0.870988,1.033346,2.055616,2.124163
17,0,12,7,0.901907,0.744916,0.693092,5.654603,3.919159
17,0,12,8,0.889136,0.721954,0.675567,5.195631,3.509998
17,0,12,9,0.981564,1.090074,1.102590,8.819418,9.724198
17,0,12,10,0.982459,0.870044,0.854672,4.438587,3.793537
17,0,12,11,0.907206,0.798825,0.830723,4.856528,4.034429
17,0,12,12,0.927878,0.978710,1.021881,4.899045,5.006240
17,0,12,13,0.830570,0.524648,0.630142,4.377840,2.758662
17,0,12,14,0.919403,0.841847,0.855172,5.870955,5.020678
17,0,12,15,0.757769,0.617061,0.509729,4.090876,2.085239
17,0,13,0,0.770878,0.549563,0.513138,5.758035,2.954668
17,0,13,1,0.887547,0.768784,0.749082,5.019752,3.760207
17,0,13,2,0.874765,0.789164,0.719487,2.117248,1.523333
17,0,13,3,0.866453,0.716779,0.704966,5.039306,3.552541
17,0,13,4,0.959410,0.768086,0.795742,9.403522,7.482775
17,0,13,5,0.974787,0.637045,0.633525,5.469321,3.464954
17,0,13,6,0.975712,0.985130,0.991451,8.334608,8.263351
17,0,13,7,0.836820,0.698785,0.488691,2.800766,1.368709
17,0,13,8,0.787540,0.608066,0.236849,3.196321,0.757044
17,0,13,9,0.848401,0.732578,0.723624,4.431249,3.206560
17,0,13,10,0.855343,0.787038,0.803800,3.804478,3.058038
17,0,13,11,0.841974,0.621055,0.606650,6.544437,3.970182
17,0,13,12,0.877082,0.672668,0.653016,5.958533,3.891016
17,0,13,13,0.749470,0.685497,-2.433871,0.311434,-0.757989
17,0,13,14,0.876307,0.714637,0.703099,5.842269,4.107694
17,0,13,15,0.981952,1.300252,1.363682,-1.809747,-2.467919
17,0,14,0,0.821337,0.695159,0.564415,3.049761,1.721332
17,0,14,1,0.974778,0.844510,0.823734,9.999961,8.237306
17,0,14,2,0.915511,0.799463,0.831470,5.801668,4.823915
17,0,14,3,0.819531,0.733224,0.602171,2.335681,1.406480
17,0,14,4,0.920519,0.795782,0.833198,6.546869,5.454837
17,0,14,5,0.611079,0.446393,0.070922,2.437485,0.172872
17,0,14,6,0.806523,0.686779,0.534807,2.737836,1.464215
17,0,14,7,0.940979,0.677815,0.642627,6.024966,3.871805
17,0,14,8,0.899654,0.767131,0.747352,3.994177,2.985057
17,0,14,9,0.757349,0.712772,0.752564,1.810505,1.362521
17,0,14,10,0.625231,0.472026,-0.048576,2.009499,-0.097614
17,0,14,11,0.881738,0.800393,0.897111,3.852660,3.456264
17,0,14,12,0.907614,0.826096,0.809605,3.294328,2.667104
17,0,14,13,0.814140,0.730508,0.659957,2.470887,1.630678
17,0,14,14,0.918099,0.795214,0.823077,5.383533,4.431064
17,0,14,15,0.841709,0.821329,1.015533,2.457884,2.496064
17,0,15,0,0.974849,0.958086,0.976708,4.890399,4.776494
17,0,15,1,0.956039,0.894783,0.827668,3.340369,2.764716
17,0,15,2,0.967139,0.814954,0.760102,5.374037,4.084817
17,0,15,3,0.967839,0.894392,0.869081,4.067538,3.535020
17,0,15,4,0.996126,1.017163,1.021545,-3.212369,-3.281580
17,0,15,5,0.966986,0.923514,0.968810,4.299772,4.165664
17,0,15,6,0.803743,1.048330,1.824336,0.899817,1.641569
17,0,15,7,0.940560,0.816903,0.721415,3.742643,2.700000
17,0,15,8,0.947219,0.900383,0.925664,4.329694,4.007841
17,0,15,9,0.969125,0.890204,0.846930,4.566729,3.867700
17,0,15,10,0.940680,0.981074,1.040302,-1.394451,-1.450650
17,0,15,11,0.961099,0.821729,0.776244,4.865179,3.776565
17,0,15,12,0.984033,1.072167,1.036635,6.425982,6.661401
17,0,15,13,0.876606,0.689546,0.488593,3.208256,1.567531
17,0,15,14,0.912792,0.730496,0.666176,3.904510,2.601093
17,0,15,15,0.619028,0.476349,-0.023842,2.492293,-0.059422
146,0,0,0,0.800310,0.816644,0.988539,0.454600,0.449390
146,0,0,1,0.964756,0.934391,0.825585,-0.751648,-0.620549
146,0,0,2,0.946957,0.753093,0.553236,0.734285,0.406233
146,0,0,3,0.941520,1.003302,1.421084,-1.033718,-1.469000
146,0,0,4,0.917392,0.984867,1.331861,-0.773936,-1.030775
146,0,0,5,0.802009,0.694901,0.138924,1.274528,0.177062
146,0,0,6,0.930461,0.968848,0.670622,1.156668,0.775688
146,0,0,7,0.987776,1.055545,1.101879,-1.666205,-1.835957
146,0,0,8,0.969047,0.853085,0.836190,2.076222,1.736116
146,0,0,9,0.853903,0.882948,-1.907133,0.165204,-0.315066
146,0,0,10,0.972927,0.794396,0.782713,1.856940,1.453451
146,0,0,11,0.796742,0.855088,1.717652,0.389273,0.668635
146,0,0,12,0.910043,0.593071,0.566352,2.615937,1.481541
146,0,0,13,0.964024,1.063667,1.316539,-1.073030,-1.412686
146,0,0,14,0.972425,0.977352,1.063098,-1.211247,-1.287674
146,0,0,15,0.993604,1.001884,1.018552,-1.436112,-1.462755
146,0,1,0,0.971537,1.003392,0.812803,0.223904,0.181989
146,0,1,1,0.981967,0.959543,0.957568,2.358831,2.258742
146,0,1,2,0.956990,0.819305,0.807762,1.557433,1.258035
146,0,1,3,0.897236,1.045868,2.338512,0.375675,0.878520
146,0,1,4,0.934668,0.745921,0.759437,1.261792,0.958252
146,0,1,5,0.902785,1.093443,1.436174,1.151030,1.653079
146,0,1,6,0.994007,0.980048,0.976511,3.775485,3.686804
146,0,1,7,0.953554,0.956529,1.064861,0.550889,0.586620
146,0,1,8,0.909420,1.011779,1.333453,0.372937,0.497294
146,0,1,9,0.938251,0.942405,-1.286145,-0.109330,0.140615
146,0,1,10,0.944355,0.959737,0.919857,1.105944,1.017310
146,0,1,11,0.961345,0.987563,0.792874,0.983586,0.779860
146,0,1,12,0.969160,1.072363,1.213864,-1.046063,-1.269778
146,0,1,13,0.958639,0.785288,0.755431,1.847049,1.395319
146,0,1,14,0.061282,0.048594,1.754056,-0.038544,-0.067608
146,0,1,15,0.963044,0.974689,1.065080,4.704433,5.010596
146,0,2,0,0.956112,0.959988,0.891879,1.937778,1.728264
146,0,2,1,0.978812,0.937845,0.935266,2.866705,2.681131
146,0,2,2,0.957664,1.014232,1.202451,0.256882,0.308888
146,0,2,3,0.963852,1.026523,1.325472,0.284649,0.377295
146,0,2,4,0.845724,0.628188,0.745209,1.351919,1.007462
146,0,2,5,0.974536,0.837757,0.862132,5.514734,4.754427
146,0,2,6,0.947880,1.026745,0.980667,1.297209,1.272130
146,0,2,7,0.954125,1.001327,1.113639,0.355729,0.396153
146,0,2,8,0.781280,0.577862,0.388655,0.501269,0.194821
146,0,2,9,0.969871,0.896834,0.836273,3.837455,3.209160
146,0,2,10,0.915351,0.994153,1.409300,0.477789,0.673348
146,0,2,11,0.974120,0.875174,0.900296,2.900841,2.611617
146,0,2,12,0.957965,1.015584,1.307805,0.268905,0.351675
146,0,2,13,0.914108,0.830936,0.717121,1.130043,0.810377
146,0,2,14,0.919151,0.960535,1.680165,-0.447064,-0.751142
146,0,2,15,0.946969,1.029756,1.567795,0.248876,0.390186
146,0,3,0,0.803622,0.681938,0.466387,2.237948,1.043749
146,0,3,1,0.953031,0.932756,0.791895,2.087937,1.653427
146,0,3,2,0.916106,0.918774,0.472710,1.045872,0.494394
146,0,3,3,0.943060,0.957467,0.270012,0.718212,0.193926
146,0,3,4,0.924025,0.907700,0.776514,2.339521,1.816671
146,0,3,5,0.961475,0.889548,0.983653,2.018362,1.985369
146,0,3,6,0.958183,0.979025,0.885324,1.807891,1.600570
146,0,3,7,0.943890,0.939576,0.953636,0.734818,0.700748
146,0,3,8,0.993022,1.011758,1.021186,9.111441,9.304472
146,0,3,9,0.982532,0.877200,0.900642,4.032935,3.632230
146,0,3,10,0.903424,0.884379,0.619781,2.379311,1.474652
146,0,3,11,0.832467,0.975589,1.571355,0.641618,1.008210
146,0,3,12,0.961802,0.807539,0.820660,3.311673,2.717758
146,0,3,13,0.965528,0.882515,0.930837,8.724728,8.121304
146,0,3,14,0.914925,0.924089,0.669286,1.224892,0.819803
146,0,3,15,0.967814,0.975801,0.846689,2.145379,1.816469
146,0,4,0,0.959583,0.921049,0.850899,2.241541,1.907326
146,0,4,1,0.925753,0.937231,0.714807,2.263916,1.618263
146,0,4,2,0.958398,0.998068,1.046800,0.841600,0.880987
146,0,4,3,0.965552,1.033687,1.094536,2.310318,2.528726
146,0,4,4,0.967760,0.874109,0.890616,4.547166,4.049781
146,0,4,5,0.941988,1.009638,1.120519,1.786780,2.002121
146,0,4,6,0.925982,0.975494,1.029793,1.793798,1.847241
146,0,4,7,0.972895,0.958534,0.780783,1.737731,1.356791
146,0,4,8,0.831868,0.471788,0.530816,0.928750,0.492996
146,0,4,9,0.959735,1.004827,0.905191,0.755226,0.683624
146,0,4,10,0.984208,0.882165,0.893284,9.084120,8.114698
146,0,4,11,0.962205,0.959312,1.070527,3.408016,3.648374
146,0,4,12,0.946914,0.947347,0.846948,1.653709,1.400606
146,0,4,13,0.963326,0.834040,0.862799,5.577304,4.812094
146,0,4,14,0.970725,0.980470,0.792479,1.419605,1.125008
146,0,4,15,0.944759,1.011677,1.117051,1.495373,1.670408
146,0,5,0,0.990241,0.901584,0.913578,13.276618,12.129230
146,0,5,1,0.926031,0.683136,0.593839,4.821084,2.862948
146,0,5,2,0.976315,0.793614,0.818893,9.234225,7.561841
146,0,5,3,0.970130,0.910210,0.775536,3.020492,2.342499
146,0,5,4,0.992670,0.984091,0.991683,10.280203,10.194704
146,0,5,5,0.990724,0.929073,0.936830,11.627379,10.892879
146,0,5,6,0.995058,0.979556,0.986979,16.899136,16.679096
146,0,5,7,0.891550,0.900234,0.928376,2.635192,2.446450
146,0,5,8,0.912966,0.885603,0.869051,3.595631,3.124787
146,0,5,9,0.959487,0.908019,0.902428,4.745708,4.282658
146,0,5,10,0.946208,0.815946,0.752579,5.133536,3.863389
146,0,5,11,0.918136,0.644703,0.698491,6.213905,4.340359
146,0,5,12,0.922800,0.624280,0.608301,3.243442,1.972988
146,0,5,13,0.984780,0.961073,0.914139,5.532560,5.057528
146,0,5,14,0.978910,0.819690,0.843825,8.707359,7.347489
146,0,5,15,0.873729,0.599878,0.570759,2.624706,1.498075
146,0,6,0,0.898058,0.776786,0.701352,3.299896,2.314389
146,0,6,1,0.952725,0.791283,0.744164,5.714847,4.252786
146,0,6,2,0.975734,0.897913,0.798020,5.060252,4.038183
146,0,6,3,0.915868,0.697792,0.756397,3.292109,2.490141
146,0,6,4,0.951507,0.924706,0.957886,5.338616,5.113785
146,0,6,5,0.922549,0.759008,0.635749,4.043983,2.570960
146,0,6,6,0.986369,0.853601,0.860337,13.977677,12.025517
146,0,6,7,0.986736,0.937276,0.944257,9.221066,8.707060
146,0,6,8,0.936421,0.807280,0.644640,4.932078,3.179415
146,0,6,9,0.993880,0.915124,0.909958,12.675978,11.534613
146,0,6,10,0.927384,0.896408,0.789711,2.498093,1.972772
146,0,6,11,0.925847,0.686498,0.763475,4.943140,3.773966
146,0,6,12,0.990796,0.927425,0.917041,14.195590,13.017931
146,0,6,13,0.735182,0.715522,-1.645869,0.418652,-0.689047
146,0,6,14,0.929859,0.824837,0.647371,3.037860,1.966621
146,0,6,15,0.960495,0.890037,0.830275,4.407927,3.659793
146,0,7,0,0.981231,0.916245,0.932151,9.877203,9.207049
146,0,7,1,0.944841,0.845796,0.825098,5.208951,4.297897
146,0,7,2,0.973526,0.960335,0.971664,3.403192,3.306759
146,0,7,3,0.972494,0.773684,0.801075,8.031162,6.433565
146,0,7,4,0.844867,0.579020,0.396561,4.664614,1.849804
146,0,7,5,0.886206,0.800712,0.809477,3.706896,3.000645
146,0,7,6,0.974724,0.844131,0.868187,10.708623,9.297092
146,0,7,7,0.953275,0.956816,0.998814,4.195473,4.190496
146,0,7,8,0.965931,0.944451,0.890688,6.781603,6.040296
146,0,7,9,0.990728,0.920626,0.926488,11.948316,11.069973
146,0,7,10,0.997193,0.966562,0.969281,27.104538,26.271908
146,0,7,11,0.985322,1.016284,1.051719,5.342158,5.618451
146,0,7,12,0.971692,0.824102,0.853712,11.683956,9.974731
146,0,7,13,0.952206,0.788209,0.767453,6.469430,4.964981
146,0,7,14,0.975224,0.731912,0.734463,4.920827,3.614168
146,0,7,15,0.701442,0.521587,0.019832,2.405245,0.047702
146,0,8,0,0.932802,0.891190,0.869232,3.911806,3.400268
146,0,8,1,0.941090,0.785656,0.702050,5.729093,4.022112
146,0,8,2,0.915512,0.684003,0.589609,4.011208,2.365046
146,0,8,3,0.954200,0.791803,0.732207,5.696098,4.170726
146,0,8,4,0.990591,1.065141,1.078207,12.658162,13.648122
146,0,8,5,0.627676,0.662511,3.055124,-0.550294,-1.681215
146,0,8,6,0.957984,0.910094,0.906238,4.515797,4.092389
146,0,8,7,0.977212,0.989348,1.025170,6.210260,6.366575
146,0,8,8,0.983074,0.956312,0.907738,5.397020,4.899078
146,0,8,9,0.964600,0.869784,0.825922,5.942985,4.908440
146,0,8,10,0.977064,0.879936,0.868248,7.777337,6.752656
146,0,8,11,0.963702,0.923649,0.919623,5.124873,4.712948
146,0,8,12,0.921117,0.801468,0.736978,4.377745,3.226303
146,0,8,13,0.986275,0.948089,0.933105,7.411983,6.916155
146,0,8,14,0.952119,0.888151,0.858064,4.816678,4.133018
146,0,8,15,0.619364,0.490873,0.120281,1.789222,0.215209
146,0,9,0,0.916852,0.831487,0.661639,3.258187,2.155744
146,0,9,1,0.746653,0.598668,0.065608,2.243140,0.147169
146,0,9,2,0.916039,0.812699,0.639295,2.797171,1.788217
146,0,9,3,0.974909,0.928403,0.913437,6.114576,5.585281
146,0,9,4,0.981469,1.019264,1.048407,7.045669,7.386731
146,0,9,5,0.972304,0.958831,0.967571,6.149093,5.949687
146,0,9,6,0.980215,0.979758,0.989604,8.028177,7.944714
146,0,9,7,0.988330,0.923706,0.901137,5.440219,4.902382
146,0,9,8,0.794831,0.502572,0.308249,2.914848,0.898499
146,0,9,9,0.970968,0.880305,0.814760,7.182049,5.851645
146,0,9,10,0.981676,0.869778,0.856532,8.283660,7.095218
146,0,9,11,0.956254,0.808930,0.716726,4.568135,3.274099
146,0,9,12,0.859438,0.635000,0.769069,6.424103,4.940581
146,0,9,13,0.929724,0.832071,0.700555,2.819518,1.975228
146,0,9,14,0.971082,0.958764,0.951872,5.584992,5.316196
146,0,9,15,0.992505,0.963839,0.938896,10.371170,9.737451
146,0,10,0,0.882581,0.656166,0.449884,4.694480,2.111969
146,0,10,1,0.991990,0.915609,0.925028,18.893616,17.477125
146,0,10,2,0.975436,0.909925,0.858290,5.739487,4.926144
146,0,10,3,0.976497,0.767573,0.729114,4.686982,3.417343
146,0,10,4,0.996371,0.923945,0.924443,7.771512,7.184317
146,0,10,5,0.988558,0.964445,0.977072,11.189458,10.932909
146,0,10,6,0.976027,0.851613,0.875386,11.362919,9.946937
146,0,10,7,0.986177,0.879148,0.846141,6.394798,5.410903
146,0,10,8,0.971837,0.944138,0.932876,7.082076,6.606696
146,0,10,9,0.977333,0.855199,0.877963,9.356415,8.214584
146,0,10,10,0.988206,0.887420,0.900074,14.069087,12.663213
146,0,10,11,0.985239,0.938840,0.922260,9.263128,8.543010
146,0,10,12,0.966539,0.834833,0.761684,5.354368,4.078335
146,0,10,13,0.989618,0.968917,0.981494,11.590627,11.376127
146,0,10,14,0.843931,0.611945,0.410573,4.618453,1.896211
146,0,10,15,0.961461,0.939634,0.934973,5.057941,4.729038
146,0,11,0,0.994444,1.020918,1.028359,8.048967,8.277231
146,0,11,1,0.988342,1.062415,1.079832,11.851957,12.798124
146,0,11,2,0.977834,0.989545,0.997697,6.560305,6.545200
146,0,11,3,0.489743,0.401119,-2.607833,0.456830,-1.191335
146,0,11,4,0.933877,0.742226,0.594767,4.706771,2.799432
146,0,11,5,0.950862,0.959707,0.985126,4.402908,4.337417
146,0,11,6,0.906314,0.697932,0.808915,8.547539,6.914229
146,0,11,7,0.914871,0.710290,0.657425,5.612588,3.689855
146,0,11,8,0.969368,0.929071,0.930058,5.246078,4.879154
146,0,11,9,0.989093,0.912352,0.901351,4.928376,4.442195
146,0,11,10,0.686147,0.556815,0.135587,2.540685,0.344484
146,0,11,11,0.961228,0.754935,0.697991,5.668326,3.956441
146,0,11,12,0.910480,0.636873,0.508855,5.546755,2.822494
146,0,11,13,0.990535,1.118885,1.134478,11.820059,13.409596
146,0,11,14,0.972645,0.991514,1.015730,6.026060,6.120853
146,0,11,15,0.988925,1.053798,1.064567,11.556981,12.303180
146,0,12,0,0.974926,1.251698,1.356322,-2.165629,-2.937290
146,0,12,1,0.972984,0.940917,0.977156,10.044065,9.814620
146,0,12,2,0.916662,0.881449,0.996627,2.240871,2.233313
146,0,12,3,0.998810,1.097345,1.098123,-3.462526,-3.802281
146,0,12,4,0.943227,0.929031,1.024602,3.787856,3.881045
146,0,12,5,0.860407,0.804673,0.819380,3.359888,2.753024
146,0,12,6,0.894113,0.854507,0.955540,2.090310,1.997376
146,0,12,7,0.883182,0.704233,0.631794,5.688500,3.593961
146,0,12,8,0.897049,0.716648,0.665705,5.384166,3.584265
146,0,12,9,0.985541,1.090771,1.116349,8.901953,9.937685
146,0,12,10,0.985651,0.879749,0.859300,4.016827,3.451659
146,0,12,11,0.909860,0.790340,0.805037,5.118718,4.120759
146,0,12,12,0.931321,0.984335,1.040840,4.840810,5.038507
146,0,12,13,0.871518,0.569543,0.663165,4.532993,3.006123
146,0,12,14,0.920714,0.820590,0.814778,6.060575,4.938021
146,0,12,15,0.747747,0.616609,0.454447,3.838820,1.744539
146,0,13,0,0.725428,0.521668,0.454867,5.235359,2.381393
146,0,13,1,0.880280,0.728609,0.669656,5.089804,3.408420
146,0,13,2,0.880641,0.795482,0.708669,2.250334,1.594743
146,0,13,3,0.842221,0.669089,0.624065,4.834139,3.016818
146,0,13,4,0.963445,0.767639,0.798091,9.680232,7.725705
146,0,13,5,0.968942,0.609309,0.602544,5.077020,3.059130
146,0,13,6,0.985785,1.012081,1.023246,9.156537,9.369386
146,0,13,7,0.832843,0.673669,0.433922,2.899658,1.258227
146,0,13,8,0.802918,0.608151,0.290469,3.382892,0.982626
146,0,13,9,0.838799,0.693715,0.635051,4.434833,2.816345
146,0,13,10,0.851418,0.767050,0.768473,3.725415,2.862880
146,0,13,11,0.800187,0.570548,0.530483,6.279984,3.331425
146,0,13,12,0.866786,0.637380,0.596911,5.932668,3.541272
146,0,13,13,0.761272,0.679478,-0.786879,0.608186,-0.478569
146,0,13,14,0.852297,0.661045,0.625384,5.681764,3.553283
146,0,13,15,0.972137,1.307419,1.445253,-1.585428,-2.291345
146,0,14,0,0.847512,0.723322,0.564419,2.962290,1.671973
146,0,14,1,0.981106,0.879751,0.861989,10.356048,8.926794
146,0,14,2,0.923561,0.792863,0.806092,5.981937,4.821993
146,0,14,3,0.842960,0.749781,0.587482,2.452038,1.440529
146,0,14,4,0.926441,0.790531,0.815108,6.725445,5.481963
146,0,14,5,0.654747,0.460130,0.141879,2.660732,0.377501
146,0,14,6,0.820436,0.699029,0.488292,2.703049,1.319876
146,0,14,7,0.929635,0.658549,0.604702,5.820452,3.519641
146,0,14,8,0.914484,0.773410,0.729048,4.088632,2.980809
146,0,14,9,0.786453,0.728119,0.649917,1.833139,1.191388
146,0,14,10,0.643586,0.490533,-0.039590,1.973622,-0.078135
146,0,14,11,0.900647,0.807578,0.871500,4.078157,3.554113
146,0,14,12,0.918868,0.819614,0.764416,3.450158,2.637355
146,0,14,13,0.840829,0.755653,0.663316,2.498578,1.657348
146,0,14,14,0.923375,0.776085,0.784171,5.420987,4.250979
146,0,14,15,0.863124,0.816937,0.937496,2.642672,2.477495
146,0,15,0,0.977671,0.952219,0.964429,4.912204,4.737472
146,0,15,1,0.963590,0.897455,0.834843,3.486212,2.910438
146,0,15,2,0.972497,0.841087,0.792089,5.388078,4.267835
146,0,15,3,0.970782,0.911177,0.892161,4.131434,3.685903
146,0,15,4,0.997503,1.032917,1.035593,-3.354654,-3.474057
146,0,15,5,0.971180,0.944914,0.990685,4.505080,4.463113
146,0,15,6,0.839320,1.233572,2.085468,0.935074,1.950067
146,0,15,7,0.947025,0.833332,0.736545,3.773914,2.779658
146,0,15,8,0.956900,0.911548,0.931273,4.617660,4.300303
146,0,15,9,0.971954,0.905669,0.867720,4.471259,3.879801
146,0,15,10,0.944584,0.975317,1.026025,-1.325574,-1.360071
146,0,15,11,0.962764,0.821872,0.770882,4.845157,3.735046
146,0,15,12,0.981358,1.063360,1.015771,6.047048,6.142415
146,0,15,13,0.912249,0.733837,0.586167,3.398756,1.992238
146,0,15,14,0.947575,0.803934,0.776464,4.270821,3.316137
146,0,15,15,0.685081,0.503888,0.100257,2.660590,0.266743
281,0,0,0,0.796674,0.809154,0.972046,0.435329,0.423159
281,0,0,1,0.969018,0.901143,0.827928,-0.856882,-0.709436
281,0,0,2,0.940055,0.777402,0.322066,0.525912,0.169379
281,0,0,3,0.975697,1.039941,1.114970,-1.899240,-2.117594
281,0,0,4,0.892378,0.971873,1.450654,-0.641092,-0.930002
281,0,0,5,0.793907,0.786679,-0.380237,0.770988,-0.293158
281,0,0,6,0.930127,0.969725,0.638479,1.103191,0.704364
281,0,0,7,0.984309,1.034211,1.096413,-1.500342,-1.644995
281,0,0,8,0.946070,0.817908,0.775730,1.611544,1.250124
281,0,0,9,0.883934,0.892096,-1.470263,0.172497,-0.253616
281,0,0,10,0.961513,0.796713,0.760019,1.364022,1.036683
281,0,0,11,0.796820,0.852235,1.651325,0.376074,0.621020
281,0,0,12,0.815337,0.493688,0.353651,1.767495,0.625077
281,0,0,13,0.966734,1.030758,1.228767,-1.241143,-1.525076
281,0,0,14,0.955734,0.821223,0.712726,0.641913,0.457508
281,0,0,15,0.993652,1.001887,1.016618,-1.495097,-1.519942
281,0,1,0,0.971283,1.003367,0.691775,0.223762,0.154793
281,0,1,1,0.980860,0.964279,0.993813,1.653299,1.643071
281,0,1,2,0.973360,0.853580,0.874060,2.674116,2.337338
281,0,1,3,0.894129,1.034702,2.559405,0.283985,0.726833
281,0,1,4,0.918960,0.744156,0.589998,0.952463,0.561951
281,0,1,5,0.896017,1.085078,1.471175,0.995596,1.464696
281,0,1,6,0.987072,0.990615,1.006704,2.287782,2.303119
281,0,1,7,0.954873,0.958066,1.041407,0.636660,0.663022
281,0,1,8,0.903057,1.008179,1.202241,0.409798,0.492676
281,0,1,9,0.939724,0.951181,-12.064600,-0.017636,0.212766
281,0,1,10,0.943075,0.958097,0.860483,1.090577,0.938423
281,0,1,11,0.961069,0.984557,0.796523,1.075280,0.856485
281,0,1,12,0.947284,1.025838,1.490360,-0.490984,-0.731743
281,0,1,13,0.958787,0.783870,0.736944,2.040132,1.503462
281,0,1,14,0.075114,0.059646,64.753910,-0.001876,-0.121508
281,0,1,15,0.963312,0.958969,1.032006,4.412279,4.553498
281,0,2,0,0.956188,0.959022,0.880976,2.018264,1.778043
281,0,2,1,0.965495,0.893922,0.896590,2.075921,1.861250
281,0,2,2,0.957801,1.015382,0.973050,0.207420,0.201830
281,0,2,3,0.964368,1.025614,1.191798,0.242498,0.289009
281,0,2,4,0.827141,0.580719,0.628946,1.402873,0.882331
281,0,2,5,0.963345,0.800841,0.803849,4.647132,3.735591
281,0,2,6,0.947496,1.026092,0.965822,1.229163,1.187152
281,0,2,7,0.953994,0.999583,0.904553,0.305482,0.276325
281,0,2,8,0.885627,0.627209,0.611741,0.976975,0.597656
281,0,2,9,0.971534,0.893988,0.837951,4.025641,3.373289
281,0,2,10,0.913777,0.980403,1.266081,0.459592,0.581880
281,0,2,11,0.958482,0.869842,0.905090,2.273667,2.057875
281,0,2,12,0.959093,1.020098,1.201481,0.235188,0.282574
281,0,2,13,0.924189,0.781530,0.704047,1.501388,1.057048
281,0,2,14,0.912024,0.931223,1.819188,-0.308134,-0.560554
281,0,2,15,0.945830,1.029094,1.366990,0.225418,0.308145
281,0,3,0,0.790453,0.674509,0.379151,2.092302,0.793298
281,0,3,1,0.954040,0.925423,0.793386,2.301487,1.825967
281,0,3,2,0.914665,0.928940,0.323780,0.879565,0.284785
281,0,3,3,0.943155,0.951872,0.370761,0.826666,0.306496
281,0,3,4,0.925176,0.897037,0.765230,2.489477,1.905022
281,0,3,5,0.967993,0.886780,0.956656,2.667504,2.551884
281,0,3,6,0.958007,0.982355,0.886559,1.807451,1.602412
281,0,3,7,0.947059,0.943579,0.971336,0.918705,0.892371
281,0,3,8,0.991767,0.986574,0.990113,8.374616,8.291814
281,0,3,9,0.960792,0.838162,0.877387,3.219697,2.824921
281,0,3,10,0.907397,0.883796,0.630320,2.412563,1.520685
281,0,3,11,0.824442,0.965871,1.603738,0.575345,0.922703
281,0,3,12,0.959982,0.801827,0.792160,3.105775,2.460270
281,0,3,13,0.962689,0.853372,0.885857,7.721780,6.840393
281,0,3,14,0.909691,0.924844,0.544294,1.001028,0.544854
281,0,3,15,0.968283,0.978973,0.841448,2.075935,1.746792
281,0,4,0,0.965336,0.930081,0.887124,2.511972,2.228430
281,0,4,1,0.933048,0.933649,0.723579,2.386970,1.727161
281,0,4,2,0.959066,0.997506,0.996243,0.678514,0.675965
281,0,4,3,0.965427,1.029042,1.088503,2.267835,2.468544
281,0,4,4,0.972051,0.876540,0.891501,4.544925,4.051807
281,0,4,5,0.948386,1.012990,1.108138,1.916233,2.123450
281,0,4,6,0.925903,0.963805,0.991125,1.726968,1.711640
281,0,4,7,0.972201,0.962850,0.753745,1.633038,1.230894
281,0,4,8,0.868148,0.521829,0.499500,0.874895,0.437010
281,0,4,9,0.960459,1.005764,0.856571,0.669964,0.573871
281,0,4,10,0.977843,0.855649,0.869100,7.923448,6.886268
281,0,4,11,0.966737,0.955556,1.040146,3.603478,3.748142
281,0,4,12,0.948262,0.952809,0.827843,1.524925,1.262399
281,0,4,13,0.946473,0.835144,0.871275,4.502297,3.922741
281,0,4,14,0.970544,0.987325,0.760709,1.262253,0.960208
281,0,4,15,0.946491,1.009732,1.114833,1.396811,1.557211
281,0,5,0,0.987183,0.898327,0.910603,12.511867,11.393339
281,0,5,1,0.895933,0.648512,0.520226,4.446523,2.313196
281,0,5,2,0.980271,0.819971,0.834224,9.652858,8.052645
281,0,5,3,0.971740,0.912190,0.787477,3.087477,2.431317
281,0,5,4,0.994567,0.967340,0.970201,11.098579,10.767854
281,0,5,5,0.983804,0.919599,0.923729,9.225776,8.522118
281,0,5,6,0.994531,0.965209,0.970571,16.703388,16.211817
281,0,5,7,0.896515,0.896742,0.892377,2.938373,2.622136
281,0,5,8,0.926261,0.883393,0.861872,4.019045,3.463904
281,0,5,9,0.956122,0.897396,0.876012,4.558547,3.993341
281,0,5,10,0.947443,0.804503,0.736024,5.353905,3.940605
281,0,5,11,0.936052,0.694873,0.750048,6.776506,5.082705
281,0,5,12,0.887962,0.607205,0.516505,2.725141,1.407549
281,0,5,13,0.984935,0.960607,0.913031,5.588892,5.102829
281,0,5,14,0.973763,0.815545,0.839961,7.890531,6.627738
281,0,5,15,0.883062,0.602212,0.572075,2.648642,1.515221
281,0,6,0,0.913979,0.783206,0.719122,3.748594,2.695696
281,0,6,1,0.948742,0.774692,0.715224,5.692941,4.071729
281,0,6,2,0.975772,0.894086,0.794430,5.065912,4.024515
281,0,6,3,0.881848,0.657478,0.706196,2.804616,1.980608
281,0,6,4,0.953782,0.918391,0.948671,5.422152,5.143836
281,0,6,5,0.927961,0.753629,0.632563,4.085941,2.584616
281,0,6,6,0.987551,0.861237,0.866360,13.368815,11.582203
281,0,6,7,0.981075,0.909515,0.918164,7.703362,7.072948
281,0,6,8,0.941344,0.820635,0.661460,4.927291,3.259207
281,0,6,9,0.989324,0.895370,0.882684,11.641930,10.276140
281,0,6,10,0.932915,0.876655,0.773462,2.755715,2.131441
281,0,6,11,0.925586,0.678240,0.763049,4.846589,3.698184
281,0,6,12,0.985860,0.895339,0.872713,12.042874,10.509974
281,0,6,13,0.720768,0.673939,-1.568879,0.455292,-0.714298
281,0,6,14,0.918235,0.822233,0.562653,2.618680,1.473409
281,0,6,15,0.958720,0.866854,0.774978,4.465163,3.460403
281,0,7,0,0.985479,0.914866,0.925334,10.680110,9.882668
281,0,7,1,0.945942,0.848806,0.829103,5.409533,4.485058
281,0,7,2,0.972335,0.959567,0.956317,3.236907,3.095508
281,0,7,3,0.967083,0.774425,0.790835,7.468470,5.906327
281,0,7,4,0.870950,0.601425,0.442672,4.889702,2.164536
281,0,7,5,0.875399,0.789804,0.792471,3.404273,2.697788
281,0,7,6,0.970930,0.834103,0.850167,9.557887,8.125796
281,0,7,7,0.951043,0.958117,1.015760,4.068551,4.132670
281,0,7,8,0.969491,0.965302,0.921126,6.826446,6.288014
281,0,7,9,0.989121,0.905200,0.904576,11.530523,10.430237
281,0,7,10,0.997280,0.967252,0.968908,27.102627,26.259964
281,0,7,11,0.982511,0.988946,1.014530,4.880455,4.951366
281,0,7,12,0.981824,0.855321,0.863554,12.284048,10.607937
281,0,7,13,0.953375,0.785425,0.767924,6.454557,4.956611
281,0,7,14,0.973244,0.746627,0.735089,5.084359,3.737456
281,0,7,15,0.726955,0.543864,0.024798,2.338724,0.057995
281,0,8,0,0.945211,0.918618,0.926488,4.242728,3.930838
281,0,8,1,0.947838,0.793798,0.718707,5.741923,4.126759
281,0,8,2,0.917997,0.707548,0.612573,4.027224,2.466970
281,0,8,3,0.954287,0.789042,0.725614,5.680395,4.121773
281,0,8,4,0.986289,1.001619,0.990584,10.726809,10.625810
281,0,8,5,0.696720,0.762065,2.380135,-0.780456,-1.857590
281,0,8,6,0.962603,0.919502,0.922826,4.760594,4.393199
281,0,8,7,0.980980,0.989331,1.016102,6.707885,6.815896
281,0,8,8,0.983968,0.969013,0.929479,5.301224,4.927374
281,0,8,9,0.957839,0.875054,0.820739,5.371016,4.408202
281,0,8,10,0.968234,0.854055,0.829795,6.836637,5.673007
281,0,8,11,0.964919,0.929137,0.926826,4.950625,4.588369
281,0,8,12,0.935161,0.821943,0.785995,4.458309,3.504207
281,0,8,13,0.978736,0.931571,0.902952,6.664152,6.017408
281,0,8,14,0.956691,0.926458,0.916823,5.027884,4.609678
281,0,8,15,0.678782,0.535133,0.259757,1.784114,0.463436
281,0,9,0,0.918827,0.836692,0.672463,3.269995,2.198951
281,0,9,1,0.740089,0.579438,0.067859,2.403695,0.163113
281,0,9,2,0.909726,0.812133,0.595802,2.577397,1.535619
281,0,9,3,0.976977,0.944902,0.938895,6.357081,5.968635
281,0,9,4,0.967365,0.998958,1.024160,5.694061,5.831629
281,0,9,5,0.968137,0.956481,0.983455,5.840341,5.743715
281,0,9,6,0.981511,0.975427,0.977793,8.190596,8.008707
281,0,9,7,0.988746,0.940170,0.921446,5.341414,4.921824
281,0,9,8,0.764125,0.505501,0.204972,2.391083,0.490106
281,0,9,9,0.977111,0.907911,0.869601,7.187480,6.250242
281,0,9,10,0.969609,0.840620,0.812400,7.395924,6.008452
281,0,9,11,0.962008,0.814478,0.732591,4.872240,3.569361
281,0,9,12,0.911868,0.713845,0.784549,6.554706,5.142489
281,0,9,13,0.929298,0.822399,0.682387,2.882148,1.966740
281,0,9,14,0.970846,0.944902,0.934405,5.618232,5.249706
281,0,9,15,0.989651,0.935317,0.896424,9.714271,8.708107
281,0,10,0,0.906394,0.676692,0.513748,4.833527,2.483214
281,0,10,1,0.993623,0.936792,0.943211,18.992611,17.914038
281,0,10,2,0.972924,0.891202,0.830446,5.651941,4.693634
281,0,10,3,0.973166,0.792298,0.741212,4.562232,3.381582
281,0,10,4,0.995307,0.919926,0.919223,7.236672,6.652116
281,0,10,5,0.986149,0.950136,0.952328,10.050813,9.571671
281,0,10,6,0.979168,0.869004,0.875549,10.135726,8.874321
281,0,10,7,0.985524,0.877787,0.844873,6.287916,5.312490
281,0,10,8,0.962524,0.934009,0.907178,6.467762,5.867413
281,0,10,9,0.959878,0.801492,0.830944,7.798233,6.479898
281,0,10,10,0.979933,0.856350,0.877122,12.568184,11.023836
281,0,10,11,0.975698,0.905965,0.874579,7.765864,6.791862
281,0,10,12,0.961365,0.818354,0.734219,5.273867,3.872175
281,0,10,13,0.989484,0.960430,0.964642,11.366251,10.964361
281,0,10,14,0.908562,0.679172,0.584858,5.368018,3.139529
281,0,10,15,0.949255,0.927062,0.918999,4.362683,4.009300
281,0,11,0,0.994668,1.000168,1.002178,8.514943,8.533486
281,0,11,1,0.987030,1.039603,1.038759,10.415923,10.819634
281,0,11,2,0.963031,0.958834,0.956150,5.110249,4.886166
281,0,11,3,0.541847,0.503670,-9.432990,0.159551,-1.505043
281,0,11,4,0.946763,0.748656,0.631300,4.800900,3.030809
281,0,11,5,0.947186,0.972039,1.019728,3.945182,4.023013
281,0,11,6,0.905598,0.695349,0.786602,7.523502,5.918003
281,0,11,7,0.907154,0.709923,0.646166,5.201692,3.361157
281,0,11,8,0.936362,0.847203,0.783978,3.918785,3.072240
281,0,11,9,0.980625,0.907521,0.864336,4.576734,3.955835
281,0,11,10,0.745026,0.586353,0.304958,2.608743,0.795558
281,0,11,11,0.976118,0.804137,0.770785,5.967254,4.599470
281,0,11,12,0.884876,0.613132,0.450218,5.246278,2.361969
281,0,11,13,0.989002,1.073640,1.073852,10.587124,11.369008
281,0,11,14,0.963879,0.986530,1.025164,5.138255,5.267553
281,0,11,15,0.987684,1.049874,1.044528,9.816218,10.253311
281,0,12,0,0.968599,1.242278,1.371690,-2.165908,-2.970954
281,0,12,1,0.976701,0.948827,0.961104,8.961275,8.612714
281,0,12,2,0.925437,0.897987,1.049230,2.490570,2.613182
281,0,12,3,0.998304,1.085879,1.086524,-3.530482,-3.835952
281,0,12,4,0.947354,0.923725,0.997895,3.983188,3.974802
281,0,12,5,0.850592,0.772681,0.792180,3.319399,2.629563
281,0,12,6,0.893942,0.852923,0.966432,1.981081,1.914580
281,0,12,7,0.892408,0.697513,0.630675,5.813959,3.666716
281,0,12,8,0.892720,0.728998,0.712161,5.121410,3.647269
281,0,12,9,0.982824,1.112671,1.127758,7.647463,8.624491
281,0,12,10,0.974235,0.877005,0.835620,3.639957,3.041620
281,0,12,11,0.901767,0.785366,0.842847,4.595237,3.873079
281,0,12,12,0.928813,0.972661,1.018665,4.722080,4.810219
281,0,12,13,0.860540,0.588494,0.631218,3.973361,2.508057
281,0,12,14,0.915176,0.823802,0.842238,5.659493,4.766642
281,0,12,15,0.762640,0.620568,0.537274,4.036064,2.168471
281,0,13,0,0.789588,0.565315,0.534697,5.768785,3.084553
281,0,13,1,0.873172,0.748193,0.715587,4.739249,3.391343
281,0,13,2,0.882936,0.796344,0.729509,2.178992,1.589593
281,0,13,3,0.858527,0.700608,0.683417,4.811427,3.288212
281,0,13,4,0.970438,0.811614,0.822876,9.466780,7.789984
281,0,13,5,0.959668,0.654000,0.628058,4.940780,3.103097
281,0,13,6,0.983857,1.014892,1.016543,8.036292,8.169238
281,0,13,7,0.815130,0.662496,0.425964,2.779676,1.184043
281,0,13,8,0.805822,0.626403,0.280815,3.166397,0.889172
281,0,13,9,0.836065,0.708315,0.683596,4.380032,2.994174
281,0,13,10,0.851292,0.780156,0.799032,3.779970,3.020316
281,0,13,11,0.842004,0.619187,0.622237,6.532468,4.064744
281,0,13,12,0.884166,0.678454,0.657333,6.030811,3.964249
281,0,13,13,0.768338,0.692986,-2.068473,0.330276,-0.683168
281,0,13,14,0.867362,0.709683,0.698325,5.655611,3.949454
281,0,13,15,0.985941,1.247412,1.292309,-1.967362,-2.542439
281,0,14,0,0.826098,0.712025,0.601953,2.914791,1.754568
281,0,14,1,0.978757,0.868198,0.848432,10.061876,8.536814
281,0,14,2,0.907245,0.778731,0.801196,5.643641,4.521664
281,0,14,3,0.818346,0.735975,0.572772,2.236168,1.280815
281,0,14,4,0.916778,0.788440,0.822694,6.489976,5.339265
281,0,14,5,0.645702,0.461115,0.131216,2.503715,0.328529
281,0,14,6,0.803611,0.691953,0.540272,2.657323,1.435677
281,0,14,7,0.937025,0.667704,0.622152,5.978000,3.719223
281,0,14,8,0.899529,0.763506,0.731551,3.909084,2.859696
281,0,14,9,0.753232,0.705035,0.715886,1.741416,1.246654
281,0,14,10,0.650601,0.507921,-0.063615,1.880835,-0.119649
281,0,14,11,0.873603,0.772953,0.846748,3.719055,3.149103
281,0,14,12,0.907022,0.819345,0.773316,3.280986,2.537238
281,0,14,13,0.806942,0.734623,0.672546,2.334543,1.570087
281,0,14,14,0.914420,0.790038,0.819235,5.284357,4.329133
281,0,14,15,0.838008,0.799037,0.960712,2.310884,2.220094
281,0,15,0,0.976521,0.959195,0.973950,4.974526,4.844938
281,0,15,1,0.959311,0.901931,0.844885,3.408850,2.880086
281,0,15,2,0.967971,0.826531,0.772133,5.236140,4.042997
281,0,15,3,0.967993,0.890553,0.860722,4.124072,3.549681
281,0,15,4,0.996997,1.036316,1.039688,-3.335789,-3.468179
281,0,15,5,0.968981,0.925256,0.965320,4.368706,4.217198
281,0,15,6,0.809772,1.121613,2.047708,0.878015,1.797919
281,0,15,7,0.937784,0.817552,0.716030,3.590319,2.570776
281,0,15,8,0.942751,0.887066,0.906751,4.257084,3.860114
281,0,15,9,0.968564,0.894807,0.842365,4.426591,3.728807
281,0,15,10,0.951807,0.956189,0.961732,-1.621442,-1.559393
281,0,15,11,0.961128,0.821390,0.776479,4.879844,3.789096
281,0,15,12,0.982439,1.063379,1.021813,6.080807,6.213446
281,0,15,13,0.904581,0.741428,0.601177,3.191034,1.918376
281,0,15,14,0.944816,0.810737,0.783198,4.265137,3.340446
281,0,15,15,0.707186,0.545435,0.091252,2.456973,0.224204
340,0,0,0,0.795395,0.805388,0.916426,0.518362,0.475041
340,0,0,1,0.969208,0.921425,0.846068,-0.870492,-0.736495
340,0,0,2,0.945749,0.794607,0.300181,0.494026,0.148297
340,0,0,3,0.971892,1.055366,1.138515,-1.827451,-2.080581
340,0,0,4,0.917902,0.971123,1.229164,-1.008803,-1.239985
340,0,0,5,0.815917,0.835795,-0.637532,0.593307,-0.378252
340,0,0,6,0.929870,0.969843,0.653592,1.130362,0.738795
340,0,0,7,0.985962,1.034473,1.086924,-1.575813,-1.712789
340,0,0,8,0.943350,0.827473,0.787605,1.475276,1.161934
340,0,0,9,0.894014,0.991934,4.688584,-0.114481,-0.536755
340,0,0,10,0.959265,0.773543,0.732410,1.358478,0.994963
340,0,0,11,0.795531,0.851251,1.463489,0.468594,0.685782
340,0,0,12,0.833433,0.513634,0.412850,1.940813,0.801264
340,0,0,13,0.967720,1.037466,1.225586,-1.302548,-1.596384
340,0,0,14,0.957518,0.900513,2.266651,-0.105183,-0.238413
340,0,0,15,0.993787,1.001444,1.014906,-1.526366,-1.549119
340,0,1,0,0.970991,1.003667,0.669186,0.215753,0.144379
340,0,1,1,0.979906,0.954233,0.964914,1.468927,1.417388
340,0,1,2,0.970169,0.851346,0.872998,2.385025,2.082122
340,0,1,3,0.893472,1.035108,2.551041,0.303145,0.773335
340,0,1,4,0.903938,0.703261,0.512791,0.750404,0.384800
340,0,1,5,0.898123,1.082894,1.471392,1.023844,1.506475
340,0,1,6,0.987221,0.978032,0.988060,2.185691,2.159593
340,0,1,7,0.953728,0.957987,1.030303,0.567913,0.585122
340,0,1,8,0.902898,1.002208,1.169530,0.400424,0.468308
340,0,1,9,0.939888,0.949738,-5.081863,-0.036297,0.184459
340,0,1,10,0.943379,0.959461,0.871973,1.072884,0.935526
340,0,1,11,0.961359,0.985466,0.794329,1.049697,0.833804
340,0,1,12,0.926839,1.026478,2.092968,-0.268407,-0.561767
340,0,1,13,0.957657,0.792695,0.739555,1.706275,1.261884
340,0,1,14,0.081909,0.067202,-0.583518,0.078768,-0.045963
340,0,1,15,0.964295,0.951914,1.021557,4.281722,4.374022
340,0,2,0,0.957135,0.958390,0.887979,2.090793,1.856579
340,0,2,1,0.952005,0.873735,0.776215,1.369521,1.063042
340,0,2,2,0.957344,1.016669,0.986329,0.239987,0.236706
340,0,2,3,0.963945,1.026528,1.164157,0.266515,0.310265
340,0,2,4,0.873076,0.637299,0.699841,1.569236,1.098216
340,0,2,5,0.967772,0.810361,0.808677,4.904913,3.966492
340,0,2,6,0.947671,1.028916,0.967966,1.280414,1.239397
340,0,2,7,0.953353,1.000911,0.928980,0.340891,0.316681
340,0,2,8,0.918861,0.686732,0.723894,1.165147,0.843443
340,0,2,9,0.971351,0.894529,0.837702,4.006031,3.355861
340,0,2,10,0.912895,0.980736,1.331281,0.432362,0.575595
340,0,2,11,0.975555,0.892148,0.905161,3.038444,2.750283
340,0,2,12,0.958496,1.019111,1.176994,0.248540,0.292530
340,0,2,13,0.893927,0.767881,0.611156,1.097893,0.670984
340,0,2,14,0.912319,0.928450,2.159731,-0.252169,-0.544616
340,0,2,15,0.945260,1.027556,1.326366,0.249767,0.331282
340,0,3,0,0.800957,0.678911,0.424205,2.207650,0.936497
340,0,3,1,0.953871,0.928441,0.793286,2.275987,1.805508
340,0,3,2,0.914921,0.925554,0.346645,0.913329,0.316601
340,0,3,3,0.944078,0.959565,0.340758,0.765032,0.260690
340,0,3,4,0.925220,0.907887,0.776132,2.429896,1.885921
340,0,3,5,0.963523,0.882136,0.966765,2.434191,2.353291
340,0,3,6,0.957709,0.980215,0.877655,1.792456,1.573158
340,0,3,7,0.947119,0.937096,0.939858,0.855309,0.803869
340,0,3,8,0.992672,0.996838,1.001603,8.277866,8.291138
340,0,3,9,0.969174,0.848024,0.884770,3.445916,3.048843
340,0,3,10,0.904349,0.895505,0.622981,2.291085,1.427302
340,0,3,11,0.829201,0.976351,1.548578,0.691604,1.071003
340,0,3,12,0.957236,0.810643,0.795646,3.082205,2.452343
340,0,3,13,0.968322,0.871374,0.896222,7.952070,7.126818
340,0,3,14,0.912932,0.924630,0.576171,1.054806,0.607748
340,0,3,15,0.967943,0.977868,0.840472,2.078761,1.747141
340,0,4,0,0.965074,0.928082,0.877944,2.459780,2.159549
340,0,4,1,0.933628,0.929725,0.730288,2.513731,1.835747
340,0,4,2,0.959336,0.992635,0.996990,0.693848,0.691759
340,0,4,3,0.965078,1.035352,1.113162,2.232085,2.484671
340,0,4,4,0.967089,0.873137,0.886252,4.349895,3.855104
340,0,4,5,0.947692,1.009079,1.103663,1.919927,2.118953
340,0,4,6,0.924962,0.959502,0.991774,1.709247,1.695186
340,0,4,7,0.971245,0.953562,0.733387,1.639753,1.202573
340,0,4,8,0.866271,0.523533,0.465525,0.791227,0.368336
340,0,4,9,0.960396,1.000791,0.843265,0.678768,0.572381
340,0,4,10,0.976128,0.850536,0.859081,7.752090,6.659674
340,0,4,11,0.963665,0.957639,1.060404,3.454561,3.663229
340,0,4,12,0.947964,0.945092,0.824812,1.558105,1.285144
340,0,4,13,0.954882,0.855314,0.881988,4.708365,4.152721
340,0,4,14,0.970456,0.982041,0.756103,1.262152,0.954317
340,0,4,15,0.946675,1.004123,1.105189,1.388897,1.534994
340,0,5,0,0.988309,0.896603,0.906525,12.494336,11.326432
340,0,5,1,0.905396,0.670567,0.543357,4.370844,2.374928
340,0,5,2,0.980069,0.804672,0.818945,9.667499,7.917147
340,0,5,3,0.974993,0.926198,0.817013,3.044199,2.487149
340,0,5,4,0.993069,0.960943,0.964540,10.628257,10.251380
340,0,5,5,0.984733,0.905356,0.901237,9.155485,8.251262
340,0,5,6,0.994866,0.972727,0.978231,16.347715,15.991841
340,0,5,7,0.900316,0.889554,0.867923,2.930397,2.543360
340,0,5,8,0.929698,0.885700,0.856855,3.939239,3.375357
340,0,5,9,0.956108,0.900365,0.879454,4.426092,3.892543
340,0,5,10,0.946402,0.805788,0.735876,5.264499,3.874018
340,0,5,11,0.944318,0.711434,0.759253,6.928631,5.260584
340,0,5,12,0.876091,0.604709,0.493376,2.544965,1.255626
340,0,5,13,0.984267,0.958267,0.905314,5.477674,4.959015
340,0,5,14,0.971931,0.788016,0.808058,7.724823,6.242102
340,0,5,15,0.852330,0.581336,0.518222,2.298488,1.191127
340,0,6,0,0.907363,0.777280,0.699435,3.454543,2.416226
340,0,6,1,0.946922,0.772312,0.711650,5.578486,3.969929
340,0,6,2,0.975514,0.894867,0.793623,5.038550,3.998708
340,0,6,3,0.841850,0.594902,0.616299,2.486685,1.532541
340,0,6,4,0.950746,0.918266,0.954766,5.209150,4.973518
340,0,6,5,0.918288,0.738677,0.599816,3.994318,2.395857
340,0,6,6,0.986382,0.863822,0.868505,12.808526,11.124275
340,0,6,7,0.983460,0.895890,0.899777,8.044538,7.238290
340,0,6,8,0.940516,0.816895,0.659341,4.953161,3.265821
340,0,6,9,0.988188,0.887734,0.868418,11.135195,9.670006
340,0,6,10,0.927860,0.873635,0.749833,2.635596,1.976257
340,0,6,11,0.920870,0.666927,0.753883,4.810390,3.626469
340,0,6,12,0.986343,0.887274,0.854604,11.818835,10.100420
340,0,6,13,0.711086,0.665924,-1.448028,0.487886,-0.706473
340,0,6,14,0.917102,0.809593,0.539074,2.761513,1.488659
340,0,6,15,0.957704,0.864670,0.776508,4.280981,3.324214
340,0,7,0,0.982589,0.917170,0.928869,9.841188,9.141171
340,0,7,1,0.949294,0.853375,0.829178,5.275636,4.374440
340,0,7,2,0.972411,0.958240,0.955089,3.237459,3.092060
340,0,7,3,0.972259,0.777319,0.786929,7.504331,5.905375
340,0,7,4,0.869051,0.607519,0.434797,4.835740,2.102567
340,0,7,5,0.881814,0.788782,0.756176,3.424966,2.589876
340,0,7,6,0.967946,0.808734,0.814540,9.234854,7.522157
340,0,7,7,0.953822,0.956160,1.008644,3.953919,3.988098
340,0,7,8,0.967496,0.957664,0.907903,6.749158,6.127584
340,0,7,9,0.990544,0.900620,0.898270,11.310791,10.160141
340,0,7,10,0.997234,0.963706,0.964251,25.980682,25.051895
340,0,7,11,0.983364,0.996993,1.027501,4.865606,4.999414
340,0,7,12,0.984374,0.862401,0.867011,12.544682,10.876381
340,0,7,13,0.948121,0.766462,0.740461,6.191709,4.584718
340,0,7,14,0.968661,0.727131,0.700641,4.782031,3.350486
340,0,7,15,0.713915,0.545589,-0.032573,2.277218,-0.074176
340,0,8,0,0.942249,0.915051,0.919485,4.108673,3.777862
340,0,8,1,0.947936,0.794810,0.718515,5.720017,4.109918
340,0,8,2,0.910941,0.694634,0.570796,3.844292,2.194306
340,0,8,3,0.950981,0.784471,0.713063,5.548516,3.956443
340,0,8,4,0.988515,0.997720,0.990495,11.069447,10.964227
340,0,8,5,0.671850,0.732667,2.455850,-0.743908,-1.826926
340,0,8,6,0.958079,0.915767,0.923112,4.560724,4.210057
340,0,8,7,0.980094,0.991169,1.017800,6.501161,6.616881
340,0,8,8,0.982927,0.964909,0.917282,5.202873,4.772501
340,0,8,9,0.957183,0.866377,0.808017,5.411582,4.372652
340,0,8,10,0.968035,0.867401,0.843555,6.697069,5.649345
340,0,8,11,0.967401,0.925393,0.919771,4.935090,4.539154
340,0,8,12,0.931125,0.823649,0.782453,4.264681,3.336913
340,0,8,13,0.980809,0.940411,0.921171,6.732589,6.201867
340,0,8,14,0.957428,0.929339,0.921403,4.906891,4.521224
340,0,8,15,0.676542,0.530882,0.253200,1.775820,0.449637
340,0,9,0,0.916084,0.832270,0.669268,3.292265,2.203407
340,0,9,1,0.731202,0.578852,0.027839,2.280514,0.063487
340,0,9,2,0.907637,0.811994,0.590493,2.580156,1.523564
340,0,9,3,0.978152,0.955737,0.951987,6.496159,6.184260
340,0,9,4,0.969379,0.999903,1.023222,5.724266,5.857195
340,0,9,5,0.965981,0.948232,0.975509,5.810100,5.667808
340,0,9,6,0.981310,0.978297,0.985841,8.078307,7.963927
340,0,9,7,0.987680,0.929901,0.908333,5.301739,4.815745
340,0,9,8,0.759140,0.497709,0.208343,2.467159,0.514015
340,0,9,9,0.975905,0.911167,0.868506,7.087508,6.155540
340,0,9,10,0.971398,0.835541,0.809724,7.543509,6.108158
340,0,9,11,0.960272,0.811705,0.725105,4.823066,3.497227
340,0,9,12,0.908085,0.703678,0.760161,6.502746,4.943134
340,0,9,13,0.926189,0.819660,0.668983,2.853782,1.909131
340,0,9,14,0.974864,0.949294,0.939439,5.819258,5.466839
340,0,9,15,0.989910,0.935154,0.892289,9.762017,8.710539
340,0,10,0,0.908699,0.674508,0.520906,4.911451,2.558405
340,0,10,1,0.994214,0.945896,0.951995,19.157793,18.238117
340,0,10,2,0.973365,0.889048,0.830558,5.794900,4.812998
340,0,10,3,0.974873,0.788422,0.731920,4.527943,3.314094
340,0,10,4,0.996079,0.918852,0.918454,7.495522,6.884294
340,0,10,5,0.987868,0.945166,0.945832,9.986180,9.445246
340,0,10,6,0.981965,0.867241,0.869746,10.467562,9.104121
340,0,10,7,0.986356,0.881097,0.850564,6.361675,5.411011
340,0,10,8,0.966783,0.949333,0.934067,6.508683,6.079549
340,0,10,9,0.961949,0.812335,0.837122,7.909592,6.621290
340,0,10,10,0.981588,0.864086,0.881893,12.788939,11.278476
340,0,10,11,0.977133,0.919494,0.890144,7.715267,6.867698
340,0,10,12,0.962320,0.822546,0.740911,5.291508,3.920537
340,0,10,13,0.991011,0.962499,0.966043,11.454561,11.065596
340,0,10,14,0.905911,0.668723,0.571383,5.354361,3.059391
340,0,10,15,0.954425,0.932089,0.925498,4.603916,4.260915
340,0,11,0,0.995462,1.008311,1.011506,8.650200,8.749729
340,0,11,1,0.988290,1.036793,1.040071,10.483985,10.904087
340,0,11,2,0.965843,0.955710,0.959346,5.489558,5.266385
340,0,11,3,0.520151,0.490934,-8.736805,0.174437,-1.524026
340,0,11,4,0.948671,0.750446,0.637418,4.835119,3.081991
340,0,11,5,0.950159,0.982036,1.025396,4.132074,4.237012
340,0,11,6,0.915362,0.718934,0.798905,7.859362,6.278886
340,0,11,7,0.907937,0.702411,0.643503,5.352679,3.444465
340,0,11,8,0.942566,0.853249,0.806824,4.080750,3.292447
340,0,11,9,0.981732,0.915570,0.866986,4.410254,3.823627
340,0,11,10,0.710294,0.555176,0.207238,2.519584,0.522152
340,0,11,11,0.972595,0.792972,0.754706,5.832653,4.401937
340,0,11,12,0.886291,0.611698,0.451627,5.328328,2.406417
340,0,11,13,0.989516,1.062314,1.063350,10.434525,11.095552
340,0,11,14,0.966225,1.005514,1.047623,5.261294,5.511855
340,0,11,15,0.989677,1.035351,1.031034,10.126760,10.441032
340,0,12,0,0.969726,1.243530,1.371344,-2.170411,-2.976381
340,0,12,1,0.977199,0.943582,0.947958,8.943563,8.478122
340,0,12,2,0.923212,0.886163,1.041463,2.431253,2.532062
340,0,12,3,0.998435,1.088950,1.089541,-3.530815,-3.846969
340,0,12,4,0.945829,0.918687,0.996334,3.918029,3.903665
340,0,12,5,0.852671,0.775903,0.792395,3.340957,2.647357
340,0,12,6,0.893438,0.853000,0.986441,2.017222,1.989871
340,0,12,7,0.893487,0.712492,0.646731,5.698532,3.685415
340,0,12,8,0.888225,0.720070,0.691012,4.950441,3.420816
340,0,12,9,0.984850,1.102424,1.116265,7.591816,8.474481
340,0,12,10,0.975450,0.865885,0.816637,3.680634,3.005741
340,0,12,11,0.903621,0.791638,0.844786,4.502537,3.803678
340,0,12,12,0.931465,0.979490,1.025232,4.893632,5.017110
340,0,12,13,0.853290,0.579015,0.615518,3.915733,2.410202
340,0,12,14,0.916391,0.822264,0.836578,5.703656,4.771555
340,0,12,15,0.755733,0.612726,0.499815,3.979607,1.989066
340,0,13,0,0.769841,0.541665,0.501494,5.642246,2.829551
340,0,13,1,0.868110,0.738980,0.693793,4.753973,3.298275
340,0,13,2,0.878208,0.789352,0.681892,2.140195,1.459381
340,0,13,3,0.850378,0.687053,0.653364,4.778038,3.121797
340,0,13,4,0.970649,0.808740,0.814268,9.358803,7.620577
340,0,13,5,0.959684,0.655650,0.621445,4.843476,3.009954
340,0,13,6,0.983348,1.016402,1.012366,7.987073,8.085842
340,0,13,7,0.815725,0.660527,0.406934,2.774589,1.129075
340,0,13,8,0.795367,0.619984,0.243084,3.145525,0.764627
340,0,13,9,0.829903,0.699835,0.660154,4.290734,2.832546
340,0,13,10,0.849782,0.768904,0.771652,3.768843,2.908234
340,0,13,11,0.831799,0.603795,0.596168,6.460839,3.851748
340,0,13,12,0.879213,0.669042,0.643016,5.966010,3.836237
340,0,13,13,0.763223,0.695218,-1.983307,0.355026,-0.704126
340,0,13,14,0.862940,0.694901,0.672510,5.677361,3.818084
340,0,13,15,0.986121,1.257857,1.309922,-1.933997,-2.533384
340,0,14,0,0.826173,0.711666,0.593173,2.930421,1.738246
340,0,14,1,0.976134,0.857376,0.834675,10.026084,8.368523
340,0,14,2,0.907069,0.777712,0.797668,5.643027,4.501263
340,0,14,3,0.819822,0.738760,0.575103,2.265962,1.303162
340,0,14,4,0.917482,0.791800,0.824887,6.462878,5.331141
340,0,14,5,0.631584,0.456594,0.108227,2.521359,0.272879
340,0,14,6,0.809829,0.697437,0.553770,2.707663,1.499422
340,0,14,7,0.935794,0.665243,0.617719,5.975912,3.691436
340,0,14,8,0.897007,0.759944,0.720999,3.917294,2.824366
340,0,14,9,0.757239,0.711102,0.729112,1.774963,1.294146
340,0,14,10,0.643281,0.506742,-0.085891,1.857160,-0.159514
340,0,14,11,0.873554,0.774573,0.841308,3.684194,3.099544
340,0,14,12,0.908700,0.821439,0.778414,3.272335,2.547230
340,0,14,13,0.809733,0.736535,0.663252,2.376021,1.575901
340,0,14,14,0.913836,0.785355,0.812074,5.293248,4.298511
340,0,14,15,0.836838,0.802307,0.962475,2.335723,2.248074
340,0,15,0,0.976529,0.963117,0.981292,4.911560,4.819673
340,0,15,1,0.959659,0.902687,0.849320,3.380213,2.870883
340,0,15,2,0.968586,0.830195,0.778382,5.210705,4.055920
340,0,15,3,0.968961,0.895136,0.871126,4.124986,3.593383
340,0,15,4,0.996821,1.027906,1.031856,-3.337847,-3.444176
340,0,15,5,0.969863,0.931371,0.975709,4.413449,4.306242
340,0,15,6,0.806643,1.125441,2.052354,0.908656,1.864884
340,0,15,7,0.939161,0.823617,0.729306,3.573585,2.606237
340,0,15,8,0.945285,0.893012,0.914902,4.284940,3.920299
340,0,15,9,0.968526,0.900463,0.850284,4.351404,3.699929
340,0,15,10,0.948660,0.966443,0.973820,-1.571181,-1.530047
340,0,15,11,0.961729,0.825217,0.783382,4.856687,3.804640
340,0,15,12,0.982562,1.062367,1.021290,6.147396,6.278274
340,0,15,13,0.895706,0.721084,0.558192,3.217415,1.795935
340,0,15,14,0.941325,0.791569,0.754930,4.247501,3.206565
340,0,15,15,0.683140,0.532121,0.055131,2.445138,0.134804
388,0,0,0,0.803328,0.818232,1.009294,0.499091,0.503730
388,0,0,1,0.964238,0.935607,0.863300,-0.736775,-0.636057
388,0,0,2,0.953672,0.758946,0.641605,1.010590,0.648399
388,0,0,3,0.964149,1.025084,1.166811,-1.707484,-1.992311
388,0,0,4,0.917320,0.860261,1.556753,-0.352437,-0.548657
388,0,0,5,0.809745,0.836384,-1.514896,0.377146,-0.571338
388,0,0,6,0.929140,0.971821,0.600740,1.018136,0.611635
388,0,0,7,0.986251,1.044008,1.100230,-1.647906,-1.813076
388,0,0,8,0.942134,0.838445,0.786036,1.365124,1.073037
388,0,0,9,0.857419,0.858795,-1.155444,0.229591,-0.265280
388,0,0,10,0.952275,0.805569,0.592659,0.630815,0.373859
388,0,0,11,0.798890,0.863077,1.687114,0.468150,0.789822
388,0,0,12,0.871048,0.563059,0.469889,2.051740,0.964090
388,0,0,13,0.972979,1.066545,1.220519,-1.494214,-1.823716
388,0,0,14,0.961276,0.905851,-0.782838,0.140510,-0.109997
388,0,0,15,0.993504,0.999360,1.006237,-1.565355,-1.575118
388,0,1,0,0.969835,1.011221,0.789357,0.408634,0.322558
388,0,1,1,0.970435,0.940632,0.875316,0.834871,0.730776
388,0,1,2,0.960277,0.818782,0.841388,1.879207,1.581141
388,0,1,3,0.893986,1.030629,2.268987,0.339768,0.770929
388,0,1,4,0.919525,0.703446,0.609969,0.964086,0.588063
388,0,1,5,0.898554,1.076691,1.447274,1.006466,1.456632
388,0,1,6,0.990143,0.961712,0.946395,2.611115,2.471147
388,0,1,7,0.952360,0.956485,1.033497,0.570052,0.589147
388,0,1,8,0.902240,1.000922,1.267047,0.295235,0.374077
388,0,1,9,0.940576,0.956314,-1.014132,-0.072587,0.073612
388,0,1,10,0.937619,0.958866,0.725393,0.911062,0.660878
388,0,1,11,0.959499,0.986072,0.768412,1.026062,0.788438
388,0,1,12,0.931599,0.980967,1.928506,-0.171984,-0.331673
388,0,1,13,0.954431,0.773273,0.738396,1.974518,1.457976
388,0,1,14,0.276102,0.241594,1.482543,-0.291891,-0.432742
388,0,1,15,0.967050,0.961526,1.020970,4.291566,4.381559
388,0,2,0,0.954559,0.954757,0.852069,2.040630,1.738758
388,0,2,1,0.967818,0.925700,0.909241,1.794797,1.631902
388,0,2,2,0.957211,1.016253,1.071523,0.214481,0.229821
388,0,2,3,0.963400,1.029570,1.249348,0.213018,0.266134
388,0,2,4,0.835156,0.578104,0.627116,1.391635,0.872716
388,0,2,5,0.969514,0.818258,0.819172,4.935889,4.043340
388,0,2,6,0.946729,1.029848,0.946494,1.205611,1.141104
388,0,2,7,0.953326,1.003856,0.943962,0.307846,0.290595
388,0,2,8,0.881044,0.631403,0.647161,1.027313,0.664837
388,0,2,9,0.971152,0.891641,0.833532,4.035542,3.363754
388,0,2,10,0.910879,0.983961,1.413609,0.408734,0.577791
388,0,2,11,0.980378,0.907958,0.929972,3.141154,2.921184
388,0,2,12,0.957485,1.018866,1.313834,0.210025,0.275939
388,0,2,13,0.906426,0.793982,0.710496,1.139909,0.809901
388,0,2,14,0.906314,0.947256,2.048291,-0.308686,-0.632279
388,0,2,15,0.944496,1.025210,1.358250,0.232236,0.315434
388,0,3,0,0.796307,0.688758,0.426383,2.065649,0.880757
388,0,3,1,0.950784,0.930347,0.771027,2.170682,1.673655
388,0,3,2,0.913441,0.919180,0.351493,0.921311,0.323835
388,0,3,3,0.943011,0.964615,0.359180,0.806846,0.289803
388,0,3,4,0.920755,0.892892,0.746938,2.488794,1.858973
388,0,3,5,0.968953,0.887940,0.949153,2.626812,2.493246
388,0,3,6,0.955139,0.982056,0.845912,1.684647,1.425063
388,0,3,7,0.943136,0.937116,0.934379,0.752881,0.703476
388,0,3,8,0.991600,0.998611,1.003687,8.117681,8.147612
388,0,3,9,0.972165,0.838940,0.868788,3.644917,3.166659
388,0,3,10,0.906977,0.894559,0.641077,2.447534,1.569057
388,0,3,11,0.834372,0.981320,1.427388,0.732751,1.045920
388,0,3,12,0.964983,0.813569,0.805851,3.170345,2.554826
388,0,3,13,0.967905,0.862564,0.892418,8.381230,7.479561
388,0,3,14,0.910833,0.925573,0.602974,1.083979,0.653611
388,0,3,15,0.965207,0.971539,0.817236,2.103126,1.718750
388,0,4,0,0.961837,0.933173,0.901899,2.292763,2.067841
388,0,4,1,0.941606,0.941005,0.774475,2.710874,2.099505
388,0,4,2,0.955726,0.997407,1.031273,0.646870,0.667099
388,0,4,3,0.965609,1.041769,1.120908,2.374761,2.661888
388,0,4,4,0.976483,0.895446,0.904070,4.608345,4.166267
388,0,4,5,0.939945,1.004634,1.114442,1.691766,1.885375
388,0,4,6,0.928643,0.970255,1.020659,1.734209,1.770035
388,0,4,7,0.970619,0.957494,0.740815,1.647019,1.220136
388,0,4,8,0.849437,0.495788,0.461194,0.862909,0.397968
388,0,4,9,0.957732,1.003648,0.858224,0.589751,0.506138
388,0,4,10,0.979999,0.870528,0.883860,8.160183,7.212457
388,0,4,11,0.968603,0.971684,1.060860,3.780544,4.010627
388,0,4,12,0.943928,0.947439,0.811085,1.434368,1.163394
388,0,4,13,0.946481,0.820637,0.849384,4.317235,3.666991
388,0,4,14,0.968798,0.985194,0.730429,1.213068,0.886060
388,0,4,15,0.940641,1.006920,1.147740,1.254505,1.439845
388,0,5,0,0.988435,0.902547,0.912437,12.309173,11.231349
388,0,5,1,0.873514,0.618517,0.461856,4.371648,2.019072
388,0,5,2,0.975575,0.782704,0.800570,9.033129,7.231650
388,0,5,3,0.972955,0.916041,0.805459,3.175092,2.557406
388,0,5,4,0.994049,0.971663,0.972831,10.652294,10.362882
388,0,5,5,0.984127,0.921536,0.921744,8.914369,8.216763
388,0,5,6,0.996158,0.981029,0.986563,17.506021,17.270798
388,0,5,7,0.893732,0.890297,0.886037,2.790356,2.472358
388,0,5,8,0.916193,0.873571,0.841582,3.630376,3.055259
388,0,5,9,0.961975,0.922173,0.924514,4.702661,4.347674
388,0,5,10,0.946963,0.813993,0.745680,5.249670,3.914576
388,0,5,11,0.926090,0.685661,0.729406,6.357808,4.637422
388,0,5,12,0.881555,0.617065,0.503576,2.496014,1.256934
388,0,5,13,0.986042,0.962434,0.923355,5.799686,5.355168
388,0,5,14,0.969382,0.795634,0.821104,7.353876,6.038294
388,0,5,15,0.903623,0.654583,0.610400,2.725678,1.663754
388,0,6,0,0.901175,0.792814,0.713624,3.124895,2.229999
388,0,6,1,0.955371,0.799607,0.752194,5.743633,4.320324
388,0,6,2,0.975863,0.904726,0.801582,4.968427,3.982601
388,0,6,3,0.872983,0.659880,0.694871,2.711837,1.884377
388,0,6,4,0.953572,0.943887,0.984364,5.250212,5.168118
388,0,6,5,0.915461,0.746170,0.607604,3.951957,2.401225
388,0,6,6,0.988399,0.872643,0.879534,13.325569,11.720288
388,0,6,7,0.976687,0.913171,0.921862,7.064392,6.512393
388,0,6,8,0.938842,0.808026,0.653021,5.074502,3.313756
388,0,6,9,0.989742,0.907749,0.893672,11.469439,10.249919
388,0,6,10,0.928699,0.894523,0.778639,2.423815,1.887276
388,0,6,11,0.916212,0.655491,0.741176,4.719810,3.498209
388,0,6,12,0.987895,0.892323,0.868595,12.155787,10.558461
388,0,6,13,0.700446,0.641972,-1.013972,0.603902,-0.612340
388,0,6,14,0.925436,0.812250,0.610335,3.066245,1.871436
388,0,6,15,0.957347,0.882483,0.788568,4.198922,3.311136
388,0,7,0,0.980961,0.903756,0.913363,9.722674,8.880333
388,0,7,1,0.948282,0.879181,0.873077,5.061951,4.419472
388,0,7,2,0.971861,0.961196,0.974018,3.233327,3.149317
388,0,7,3,0.969378,0.776409,0.791848,7.459485,5.906777
388,0,7,4,0.896029,0.615412,0.496844,5.321888,2.644149
388,0,7,5,0.893670,0.803149,0.785918,3.862017,3.035230
388,0,7,6,0.965653,0.809656,0.826707,8.834312,7.303385
388,0,7,7,0.953111,0.977306,1.042653,4.053474,4.226367
388,0,7,8,0.969157,0.969841,0.924018,6.695060,6.186355
388,0,7,9,0.988737,0.913341,0.912893,10.549927,9.630953
388,0,7,10,0.997278,0.965383,0.967220,27.233805,26.341078
388,0,7,11,0.980148,0.982601,1.004258,4.688544,4.708508
388,0,7,12,0.981307,0.861386,0.874931,11.634795,10.179639
388,0,7,13,0.951978,0.783723,0.759866,6.259739,4.756562
388,0,7,14,0.978290,0.755227,0.758399,5.333175,4.044674
388,0,7,15,0.734179,0.526885,0.119847,2.635005,0.315796
388,0,8,0,0.940544,0.913731,0.908105,3.960645,3.596682
388,0,8,1,0.956632,0.817715,0.755630,5.888934,4.449856
388,0,8,2,0.930742,0.721692,0.656118,4.542848,2.980642
388,0,8,3,0.959545,0.796298,0.746790,6.166391,4.604998
388,0,8,4,0.988383,1.029060,1.028446,11.081377,11.396603
388,0,8,5,0.654716,0.721789,2.461663,-0.728724,-1.793874
388,0,8,6,0.956844,0.918832,0.927811,4.369817,4.054366
388,0,8,7,0.982336,1.000281,1.032624,6.722537,6.941853
388,0,8,8,0.983031,0.975670,0.932255,5.212204,4.859106
388,0,8,9,0.964693,0.879978,0.832592,6.034434,5.024223
388,0,8,10,0.971245,0.874338,0.849602,6.962617,5.915453
388,0,8,11,0.972903,0.933898,0.921744,5.797760,5.344049
388,0,8,12,0.932996,0.822639,0.777639,4.379980,3.406044
388,0,8,13,0.977249,0.921212,0.889873,6.860497,6.104971
388,0,8,14,0.954356,0.943997,0.949002,4.622194,4.386471
388,0,8,15,0.717752,0.547531,0.410510,2.227651,0.914474
388,0,9,0,0.907638,0.817022,0.625125,3.299379,2.062523
388,0,9,1,0.738414,0.567148,0.127129,2.586894,0.328869
388,0,9,2,0.902510,0.818900,0.578830,2.457982,1.422754
388,0,9,3,0.974332,0.950553,0.943651,6.017542,5.678457
388,0,9,4,0.970446,0.985014,1.001169,6.040704,6.047768
388,0,9,5,0.966874,0.965168,1.002241,5.829093,5.842159
388,0,9,6,0.982243,0.975670,0.967670,8.341605,8.071922
388,0,9,7,0.984207,0.916485,0.888579,4.850883,4.310394
388,0,9,8,0.754649,0.482709,0.244823,2.548009,0.623811
388,0,9,9,0.972450,0.897879,0.838697,6.935131,5.816470
388,0,9,10,0.975162,0.840221,0.820557,8.103962,6.649761
388,0,9,11,0.965005,0.818741,0.751371,5.242358,3.938955
388,0,9,12,0.901424,0.702197,0.774236,6.302228,4.879409
388,0,9,13,0.917711,0.826902,0.650652,2.574013,1.674787
388,0,9,14,0.974282,0.942025,0.928068,6.021873,5.588710
388,0,9,15,0.990640,0.942660,0.908681,10.339904,9.395679
388,0,10,0,0.891096,0.655141,0.479831,5.010487,2.404187
388,0,10,1,0.994765,0.937972,0.942902,19.411343,18.303001
388,0,10,2,0.968177,0.880500,0.809977,5.431177,4.399129
388,0,10,3,0.982606,0.810096,0.781344,5.012000,3.916097
388,0,10,4,0.995491,0.916663,0.915665,7.479331,6.848564
388,0,10,5,0.987818,0.979488,0.985542,10.075826,9.930154
388,0,10,6,0.979857,0.874022,0.882095,10.655155,9.398854
388,0,10,7,0.987588,0.890436,0.865554,6.807143,5.891947
388,0,10,8,0.964878,0.934618,0.920344,6.556444,6.034181
388,0,10,9,0.958177,0.809538,0.832510,7.939218,6.609476
388,0,10,10,0.984909,0.873168,0.885140,13.367949,11.832508
388,0,10,11,0.974184,0.900512,0.858096,7.908044,6.785857
388,0,10,12,0.958408,0.808272,0.722452,5.177510,3.740502
388,0,10,13,0.990911,0.978711,0.982777,11.492761,11.294823
388,0,10,14,0.907105,0.680298,0.582060,5.407901,3.147722
388,0,10,15,0.953497,0.890676,0.867177,4.968853,4.308874
388,0,11,0,0.995335,1.008293,1.011232,8.858876,8.958375
388,0,11,1,0.987501,1.074168,1.081411,10.531272,11.388635
388,0,11,2,0.964020,0.959207,0.952527,5.398115,5.141848
388,0,11,3,0.512521,0.478838,-18.264906,0.079201,-1.446596
388,0,11,4,0.950085,0.762739,0.658805,4.723934,3.112151
388,0,11,5,0.951922,0.979254,0.994356,4.452098,4.426970
388,0,11,6,0.900639,0.702621,0.797963,7.518315,5.999340
388,0,11,7,0.909590,0.706295,0.639464,5.504212,3.519746
388,0,11,8,0.947194,0.873308,0.842296,4.429180,3.730682
388,0,11,9,0.984864,0.922656,0.894200,4.752712,4.249875
388,0,11,10,0.790255,0.615882,0.387555,2.865423,1.110508
388,0,11,11,0.975922,0.787090,0.757601,6.462236,4.895796
388,0,11,12,0.869130,0.602156,0.419982,5.121679,2.151013
388,0,11,13,0.989620,1.091015,1.095775,10.950887,11.999713
388,0,11,14,0.964716,0.983679,1.000445,5.381793,5.384188
388,0,11,15,0.988914,1.052101,1.055485,10.613377,11.202261
388,0,12,0,0.973437,1.265980,1.382087,-2.135621,-2.951613
388,0,12,1,0.976624,0.978093,0.995106,8.923500,8.879831
388,0,12,2,0.917457,0.900074,1.081801,2.331551,2.522275
388,0,12,3,0.998464,1.087550,1.088300,-3.376485,-3.674627
388,0,12,4,0.941480,0.936060,1.036178,3.701101,3.835000
388,0,12,5,0.836062,0.769698,0.748850,3.175422,2.377915
388,0,12,6,0.899979,0.877700,1.038803,2.179886,2.264472
388,0,12,7,0.897424,0.733010,0.674347,5.438824,3.667657
388,0,12,8,0.891111,0.721724,0.664199,5.112519,3.395732
388,0,12,9,0.985891,1.108510,1.120760,8.271971,9.270897
388,0,12,10,0.983026,0.881507,0.858209,4.247705,3.645421
388,0,12,11,0.900040,0.776231,0.793282,4.732831,3.754471
388,0,12,12,0.932103,0.973977,1.017135,4.917832,5.002097
388,0,12,13,0.858118,0.594553,0.660470,4.080164,2.694827
388,0,12,14,0.919600,0.834721,0.846192,6.006486,5.082638
388,0,12,15,0.758640,0.611506,0.473451,4.148954,1.964327
388,0,13,0,0.759340,0.544945,0.493504,5.589761,2.758572
388,0,13,1,0.893346,0.769472,0.744378,5.094466,3.792208
388,0,13,2,0.879068,0.795487,0.701869,2.119720,1.487764
388,0,13,3,0.861426,0.710407,0.688044,4.849214,3.336474
388,0,13,4,0.969393,0.808907,0.828282,9.026649,7.476613
388,0,13,5,0.969832,0.663000,0.646024,4.950220,3.197961
388,0,13,6,0.981334,1.014481,1.015459,7.961140,8.084215
388,0,13,7,0.844371,0.696201,0.491173,2.859828,1.404671
388,0,13,8,0.798531,0.618715,0.273929,3.223828,0.883101
388,0,13,9,0.860794,0.741258,0.727551,4.534389,3.298999
388,0,13,10,0.865898,0.803950,0.823617,3.875716,3.192104
388,0,13,11,0.827827,0.605827,0.579232,6.354980,3.681006
388,0,13,12,0.878627,0.676084,0.651993,5.820965,3.795230
388,0,13,13,0.762473,0.701106,-2.058692,0.345567,-0.711415
388,0,13,14,0.866751,0.696903,0.674929,5.736550,3.871764
388,0,13,15,0.982743,1.279276,1.349131,-1.898929,-2.561905
388,0,14,0,0.824039,0.696553,0.550041,3.000602,1.650453
388,0,14,1,0.973308,0.844118,0.821049,9.760195,8.013595
388,0,14,2,0.920736,0.803120,0.829289,5.928803,4.916694
388,0,14,3,0.831675,0.739237,0.608177,2.464556,1.498887
388,0,14,4,0.923647,0.804355,0.841795,6.606843,5.561604
388,0,14,5,0.621595,0.456785,0.081327,2.449383,0.199201
388,0,14,6,0.811808,0.691570,0.529274,2.741572,1.451042
388,0,14,7,0.940282,0.672365,0.633740,6.108798,3.871387
388,0,14,8,0.903382,0.768689,0.742702,4.034046,2.996092
388,0,14,9,0.770113,0.717992,0.720001,1.878175,1.352287
388,0,14,10,0.636505,0.490387,-0.063746,1.935666,-0.123391
388,0,14,11,0.893069,0.817739,0.911070,4.006867,3.650536
388,0,14,12,0.915080,0.833906,0.820141,3.403254,2.791147
388,0,14,13,0.823982,0.741657,0.673330,2.578634,1.736272
388,0,14,14,0.915956,0.785718,0.809198,5.346904,4.326704
388,0,14,15,0.848034,0.828766,1.023416,2.486134,2.544349
388,0,15,0,0.973499,0.947242,0.961573,4.760382,4.577457
388,0,15,1,0.955019,0.887814,0.816077,3.291654,2.686241
388,0,15,2,0.967364,0.818243,0.762611,5.330832,4.065353
388,0,15,3,0.967814,0.896471,0.873514,4.067398,3.552930
388,0,15,4,0.996418,1.017240,1.020805,-3.267542,-3.335523
388,0,15,5,0.967558,0.923165,0.968576,4.298159,4.163095
388,0,15,6,0.787084,1.066073,1.999835,0.805531,1.610930
388,0,15,7,0.942729,0.823993,0.735106,3.750435,2.756967
388,0,15,8,0.951159,0.915968,0.949586,4.400701,4.178842
388,0,15,9,0.968932,0.895366,0.858308,4.470535,3.837098
388,0,15,10,0.942976,0.967016,0.992985,-1.475325,-1.464976
388,0,15,11,0.957180,0.818165,0.768696,4.677308,3.595427
388,0,15,12,0.984181,1.070296,1.036640,6.455205,6.691723
388,0,15,13,0.884380,0.705524,0.510150,3.189086,1.626913
388,0,15,14,0.921069,0.752712,0.692060,3.957397,2.738756
388,0,15,15,0.655144,0.513586,0.003319,2.391684,0.007937
620,0,0,0,0.800061,0.814775,0.963120,0.404156,0.389251
620,0,0,1,0.965725,0.941416,0.852470,-0.739403,-0.630319
620,0,0,2,0.949101,0.841713,-0.052504,0.316943,-0.016641
620,0,0,3,0.977262,0.998978,1.036534,-2.022424,-2.096311
620,0,0,4,0.920089,0.915524,1.106284,-0.740629,-0.819346
620,0,0,5,0.818654,0.838991,-0.724469,0.575775,-0.417131
620,0,0,6,0.931110,0.971637,0.666799,1.123571,0.749196
620,0,0,7,0.982590,1.048036,1.103147,-1.401258,-1.545794
620,0,0,8,0.945260,0.862828,0.821545,1.316116,1.081248
620,0,0,9,0.933841,0.977769,1.696139,-0.378398,-0.641815
620,0,0,10,0.973418,0.815028,0.804092,1.766717,1.420604
620,0,0,11,0.800209,0.856836,1.571159,0.399651,0.627916
620,0,0,12,0.796891,0.505093,0.325714,1.618981,0.527325
620,0,0,13,0.957627,1.039687,1.396948,-0.954733,-1.333712
620,0,0,14,0.925843,0.897513,1.382111,-0.385625,-0.532977
620,0,0,15,0.993597,0.994761,0.997885,-1.431875,-1.428846
620,0,1,0,0.970855,1.002392,0.792371,0.307454,0.243618
620,0,1,1,0.983640,0.962149,0.928204,1.818480,1.687920
620,0,1,2,0.962567,0.841977,0.863304,1.947425,1.681220
620,0,1,3,0.893272,1.036050,2.505064,0.299829,0.751092
620,0,1,4,0.967725,0.810752,0.813750,2.100296,1.709117
620,0,1,5,0.897158,1.083539,1.436436,1.022011,1.468053
620,0,1,6,0.986358,0.963344,0.934442,1.919112,1.793298
620,0,1,7,0.953712,0.958972,1.088346,0.700966,0.762893
620,0,1,8,0.903110,1.007914,1.294863,0.391977,0.507557
620,0,1,9,0.938107,0.945644,-5.497820,-0.038622,0.212338
620,0,1,10,0.943038,0.958343,0.871032,1.112470,0.968997
620,0,1,11,0.961435,0.983726,0.804932,1.048199,0.843729
620,0,1,12,0.931095,0.992617,1.891999,-0.251359,-0.475571
620,0,1,13,0.968486,0.807161,0.784871,1.873176,1.470202
620,0,1,14,0.090097,0.064511,0.452603,0.296482,0.134189
620,0,1,15,0.961893,0.942570,1.011972,3.958598,4.005992
620,0,2,0,0.958213,0.960719,0.894762,2.064537,1.847268
620,0,2,1,0.977420,0.898037,0.888510,2.365350,2.101637
620,0,2,2,0.958005,1.013858,1.015447,0.261153,0.265187
620,0,2,3,0.964433,1.025732,1.196816,0.263046,0.314817
620,0,2,4,0.904367,0.675685,0.736677,1.643418,1.210668
620,0,2,5,0.969805,0.830050,0.833577,4.372328,3.644673
620,0,2,6,0.948859,1.030153,0.977729,1.285565,1.256934
620,0,2,7,0.955410,1.001967,0.974252,0.355078,0.345936
620,0,2,8,0.880301,0.653358,0.625296,0.847474,0.529922
620,0,2,9,0.970377,0.888451,0.826021,3.968791,3.278306
620,0,2,10,0.917496,0.982606,1.260044,0.617688,0.778314
620,0,2,11,0.970385,0.885560,0.890315,2.455546,2.186209
620,0,2,12,0.959623,1.015054,1.185473,0.259976,0.308195
620,0,2,13,0.901951,0.859639,0.512630,0.679479,0.348321
620,0,2,14,0.912415,0.939036,2.075973,-0.278117,-0.577362
620,0,2,15,0.945982,1.022701,1.436285,0.214053,0.307442
620,0,3,0,0.792034,0.673918,0.356128,2.064843,0.735349
620,0,3,1,0.957944,0.933018,0.821141,2.374747,1.950002
620,0,3,2,0.914343,0.921046,0.276983,0.811332,0.224725
620,0,3,3,0.945027,0.955811,0.337773,0.767035,0.259084
620,0,3,4,0.925927,0.909416,0.783529,2.369617,1.856662
620,0,3,5,0.969723,0.902361,0.964104,2.781598,2.681750
620,0,3,6,0.960422,0.981565,0.900096,1.848086,1.663455
620,0,3,7,0.945941,0.936037,0.952044,0.789770,0.751896
620,0,3,8,0.991534,1.000507,1.007904,7.626695,7.686973
620,0,3,9,0.956751,0.819961,0.865070,2.966984,2.566648
620,0,3,10,0.905673,0.884369,0.625876,2.417722,1.513193
620,0,3,11,0.829603,0.965549,1.583304,0.634971,1.005353
620,0,3,12,0.965090,0.842706,0.803639,2.950146,2.370853
620,0,3,13,0.970196,0.877635,0.897854,7.844165,7.042917
620,0,3,14,0.913138,0.924802,0.509590,0.971349,0.494990
620,0,3,15,0.969770,0.975657,0.851111,2.136870,1.818715
620,0,4,0,0.965769,0.927603,0.879107,2.464690,2.166725
620,0,4,1,0.930502,0.935169,0.674118,2.177572,1.467940
620,0,4,2,0.959963,0.994996,1.010856,0.656943,0.664075
620,0,4,3,0.965007,1.022887,1.067479,2.234133,2.384891
620,0,4,4,0.975401,0.883432,0.881414,4.554150,4.014090
620,0,4,5,0.942837,0.993726,1.087711,1.570003,1.707710
620,0,4,6,0.930273,0.969147,1.024015,1.655401,1.695156
620,0,4,7,0.973912,0.963429,0.761828,1.607449,1.224600
620,0,4,8,0.890778,0.539167,0.545139,1.052895,0.573974
620,0,4,9,0.962159,1.002690,0.871909,0.672276,0.586163
620,0,4,10,0.979981,0.865916,0.860144,7.904500,6.799008
620,0,4,11,0.963513,0.956762,1.061919,3.319171,3.524691
620,0,4,12,0.952130,0.954635,0.843213,1.509075,1.272471
620,0,4,13,0.966484,0.869276,0.891800,4.877654,4.349893
620,0,4,14,0.971412,0.989285,0.758901,1.241073,0.941852
620,0,4,15,0.941819,1.000787,1.148492,1.085433,1.246611
620,0,5,0,0.986963,0.888112,0.897458,11.693336,10.494276
620,0,5,1,0.889775,0.645763,0.495579,4.312283,2.137075
620,0,5,2,0.968829,0.774867,0.777996,8.531035,6.637115
620,0,5,3,0.969922,0.917149,0.762978,2.808601,2.142902
620,0,5,4,0.992608,0.954262,0.953865,10.429183,9.948030
620,0,5,5,0.981354,0.907733,0.909716,8.671314,7.888437
620,0,5,6,0.994305,0.976418,0.983597,15.657336,15.400508
620,0,5,7,0.896195,0.897027,0.881291,2.694273,2.374437
620,0,5,8,0.914098,0.883495,0.848573,3.538271,3.002480
620,0,5,9,0.959595,0.908661,0.902316,4.606561,4.156576
620,0,5,10,0.948660,0.811143,0.743337,5.294898,3.935895
620,0,5,11,0.938629,0.700121,0.731903,6.542524,4.788494
620,0,5,12,0.864030,0.603682,0.458188,2.337408,1.070973
620,0,5,13,0.984308,0.963212,0.910187,5.257384,4.785205
620,0,5,14,0.964195,0.786737,0.786453,7.398180,5.818318
620,0,5,15,0.827996,0.591232,0.440507,1.967216,0.866572
620,0,6,0,0.893444,0.783200,0.685958,3.160963,2.168286
620,0,6,1,0.950416,0.780263,0.724802,5.654142,4.098131
620,0,6,2,0.976656,0.901547,0.801408,5.010399,4.015375
620,0,6,3,0.882724,0.667866,0.701607,2.719891,1.908294
620,0,6,4,0.949465,0.910977,0.940690,5.206470,4.897676
620,0,6,5,0.898324,0.737664,0.549985,3.574030,1.965663
620,0,6,6,0.983983,0.854242,0.851703,12.341017,10.510880
620,0,6,7,0.979953,0.914873,0.922646,7.296518,6.732104
620,0,6,8,0.941089,0.820133,0.659136,4.931224,3.250347
620,0,6,9,0.991224,0.902302,0.890537,11.766829,10.478793
620,0,6,10,0.919680,0.887916,0.702800,2.023116,1.421846
620,0,6,11,0.924704,0.681534,0.745988,4.782622,3.567777
620,0,6,12,0.984160,0.885056,0.854054,11.364496,9.705894
620,0,6,13,0.699774,0.655370,-1.216932,0.555543,-0.676058
620,0,6,14,0.927953,0.837383,0.609654,2.706712,1.650159
620,0,6,15,0.953348,0.879513,0.767240,3.815964,2.927759
620,0,7,0,0.982658,0.907629,0.917746,10.386807,9.532450
620,0,7,1,0.940249,0.836160,0.799937,4.958007,3.966095
620,0,7,2,0.974052,0.966706,0.961114,3.299788,3.171472
620,0,7,3,0.975631,0.806362,0.812656,7.710271,6.265801
620,0,7,4,0.862935,0.598247,0.428768,4.721676,2.024502
620,0,7,5,0.856571,0.771145,0.725607,3.073105,2.229868
620,0,7,6,0.958732,0.804987,0.804787,8.807361,7.088049
620,0,7,7,0.953325,0.953371,0.995146,4.237593,4.217025
620,0,7,8,0.967525,0.955539,0.904679,6.824466,6.173951
620,0,7,9,0.989119,0.889762,0.884159,10.920077,9.655087
620,0,7,10,0.997369,0.970748,0.972279,26.708782,25.968382
620,0,7,11,0.984906,0.996877,1.021374,5.091317,5.200140
620,0,7,12,0.977750,0.857142,0.861340,11.609702,9.999907
620,0,7,13,0.942572,0.767242,0.736108,6.286038,4.627204
620,0,7,14,0.963885,0.746904,0.712938,4.528877,3.228807
620,0,7,15,0.724415,0.553426,-0.026220,2.160821,-0.056656
620,0,8,0,0.932154,0.905314,0.902294,3.641356,3.285575
620,0,8,1,0.940566,0.772900,0.682857,5.686210,3.882869
620,0,8,2,0.900177,0.681625,0.532088,3.831752,2.038830
620,0,8,3,0.951230,0.782872,0.715041,5.525674,3.951086
620,0,8,4,0.987039,0.983898,0.968337,10.428849,10.098639
620,0,8,5,0.706534,0.756705,2.344224,-0.733737,-1.720044
620,0,8,6,0.947843,0.896031,0.893839,4.028971,3.601254
620,0,8,7,0.982858,0.985438,1.003482,6.930781,6.954912
620,0,8,8,0.984406,0.970259,0.932601,5.341933,4.981893
620,0,8,9,0.958974,0.875626,0.809341,5.196786,4.205970
620,0,8,10,0.976075,0.879866,0.866132,7.354653,6.370097
620,0,8,11,0.969587,0.932185,0.918414,5.377403,4.938682
620,0,8,12,0.923744,0.804273,0.742352,4.117159,3.056382
620,0,8,13,0.969977,0.917644,0.864868,5.881202,5.086462
620,0,8,14,0.945242,0.889948,0.860214,4.440036,3.819383
620,0,8,15,0.681721,0.541303,0.285758,1.804620,0.515685
620,0,9,0,0.921571,0.839529,0.680395,3.347010,2.277288
620,0,9,1,0.731905,0.585543,0.021902,2.301117,0.050400
620,0,9,2,0.920232,0.826595,0.636876,2.658228,1.692963
620,0,9,3,0.967916,0.925715,0.903456,5.232450,4.727290
620,0,9,4,0.952710,0.960995,0.979114,4.586562,4.490766
620,0,9,5,0.968249,0.965425,1.002344,5.797821,5.811409
620,0,9,6,0.983328,0.965775,0.959182,8.557281,8.207986
620,0,9,7,0.989672,0.944461,0.927585,5.372598,4.983542
620,0,9,8,0.747722,0.510919,0.138813,2.241075,0.311089
620,0,9,9,0.974977,0.909938,0.864754,6.757133,5.843258
620,0,9,10,0.964799,0.824819,0.788229,7.103982,5.599567
620,0,9,11,0.961787,0.822701,0.735143,4.655018,3.422101
620,0,9,12,0.918380,0.734489,0.784896,6.443578,5.057537
620,0,9,13,0.936296,0.838743,0.722280,2.903889,2.097420
620,0,9,14,0.976138,0.931718,0.920755,6.078796,5.597080
620,0,9,15,0.989374,0.926455,0.884625,9.831494,8.697186
620,0,10,0,0.898032,0.669883,0.492122,4.769444,2.347146
620,0,10,1,0.993364,0.936358,0.942128,18.831493,17.741684
620,0,10,2,0.973285,0.892146,0.830270,5.680955,4.716724
620,0,10,3,0.961634,0.776583,0.679031,4.015084,2.726364
620,0,10,4,0.995743,0.912755,0.911008,7.339530,6.686373
620,0,10,5,0.985487,0.939441,0.934440,9.256592,8.649730
620,0,10,6,0.974241,0.850256,0.839802,9.459904,7.944445
620,0,10,7,0.985941,0.876943,0.841835,6.197123,5.216958
620,0,10,8,0.968526,0.926809,0.907550,6.755027,6.130523
620,0,10,9,0.957167,0.809292,0.831749,7.365485,6.126232
620,0,10,10,0.976863,0.838949,0.857277,12.298525,10.543244
620,0,10,11,0.974202,0.900770,0.862507,7.555445,6.516624
620,0,10,12,0.960103,0.814576,0.723038,5.169574,3.737797
620,0,10,13,0.990319,0.961965,0.963293,11.394854,10.976581
620,0,10,14,0.915176,0.682422,0.591639,5.498219,3.252963
620,0,10,15,0.950262,0.910164,0.895416,4.435355,3.971489
620,0,11,0,0.994131,0.997088,0.997738,8.343045,8.324174
620,0,11,1,0.985746,1.022833,1.010393,9.642272,9.742483
620,0,11,2,0.955673,0.928150,0.902416,4.710048,4.250421
620,0,11,3,0.576131,0.517949,-5.293972,0.240650,-1.273993
620,0,11,4,0.953134,0.762159,0.653562,4.809445,3.143272
620,0,11,5,0.951403,0.982376,1.022589,4.233299,4.328927
620,0,11,6,0.906637,0.715494,0.793118,7.151634,5.672091
620,0,11,7,0.901276,0.701489,0.635873,5.139727,3.268215
620,0,11,8,0.933061,0.831399,0.763576,3.818980,2.916082
620,0,11,9,0.976693,0.916789,0.837162,3.861114,3.232377
620,0,11,10,0.737046,0.580833,0.289874,2.683516,0.777881
620,0,11,11,0.973793,0.792821,0.755521,6.034147,4.558923
620,0,11,12,0.862081,0.594747,0.398213,4.971746,1.979814
620,0,11,13,0.986153,1.032767,1.023770,10.199030,10.441458
620,0,11,14,0.953226,0.962170,0.999599,4.347456,4.345712
620,0,11,15,0.985574,1.009327,0.993985,9.598179,9.540448
620,0,12,0,0.969443,1.238553,1.359477,-2.156239,-2.931357
620,0,12,1,0.974705,0.945595,0.949238,8.584177,8.148429
620,0,12,2,0.915238,0.872528,0.969459,2.176373,2.109904
620,0,12,3,0.998181,1.078824,1.079888,-3.465034,-3.741849
620,0,12,4,0.935548,0.900526,0.961415,3.463149,3.329524
620,0,12,5,0.852456,0.773366,0.789174,3.178367,2.508285
620,0,12,6,0.894164,0.863386,0.997027,2.049047,2.042955
620,0,12,7,0.890235,0.708001,0.639430,5.605360,3.584237
620,0,12,8,0.901207,0.733631,0.715304,5.317891,3.803906
620,0,12,9,0.985750,1.091313,1.101188,7.816566,8.607508
620,0,12,10,0.973484,0.883894,0.812210,3.124480,2.537733
620,0,12,11,0.895972,0.781527,0.817225,4.418780,3.611138
620,0,12,12,0.927764,0.955405,0.989078,4.726097,4.674480
620,0,12,13,0.869521,0.645408,0.647393,3.630375,2.350281
620,0,12,14,0.909514,0.811576,0.811825,5.519285,4.480691
620,0,12,15,0.756282,0.622731,0.515647,3.944434,2.033937
620,0,13,0,0.756015,0.535933,0.474485,5.320290,2.524397
620,0,13,1,0.876075,0.747376,0.699608,4.902384,3.429748
620,0,13,2,0.880078,0.798540,0.723815,2.183645,1.580554
620,0,13,3,0.827914,0.678857,0.625819,4.379311,2.740654
620,0,13,4,0.977229,0.833920,0.842022,9.676587,8.147896
620,0,13,5,0.952791,0.662553,0.608034,4.536136,2.758125
620,0,13,6,0.983831,0.985852,0.983119,7.821747,7.689708
620,0,13,7,0.826173,0.663231,0.419607,2.891203,1.213169
620,0,13,8,0.810114,0.630241,0.303847,3.284535,0.997997
620,0,13,9,0.854037,0.727848,0.698895,4.607884,3.220429
620,0,13,10,0.863122,0.792706,0.815278,3.969166,3.235973
620,0,13,11,0.823137,0.602954,0.590060,6.210571,3.664607
620,0,13,12,0.880070,0.678536,0.654537,5.890980,3.855861
620,0,13,13,0.757362,0.682859,-1.732103,0.380673,-0.659366
620,0,13,14,0.839060,0.677266,0.645839,5.337307,3.447044
620,0,13,15,0.985830,1.221102,1.270346,-2.063709,-2.621624
620,0,14,0,0.818272,0.706083,0.529328,2.745398,1.453215
620,0,14,1,0.979586,0.875458,0.856175,9.991384,8.554372
620,0,14,2,0.903837,0.764431,0.767315,5.504067,4.223351
620,0,14,3,0.830318,0.746843,0.585244,2.348669,1.374545
620,0,14,4,0.916794,0.785244,0.812505,6.442757,5.234769
620,0,14,5,0.655965,0.465542,0.132723,2.473078,0.328235
620,0,14,6,0.811962,0.706921,0.540234,2.640738,1.426616
620,0,14,7,0.938460,0.672812,0.626051,5.927104,3.710672
620,0,14,8,0.892646,0.756424,0.696359,3.759069,2.617662
620,0,14,9,0.768363,0.723647,0.695104,1.776432,1.234805
620,0,14,10,0.663413,0.514936,-0.031043,1.884695,-0.058507
620,0,14,11,0.889129,0.803485,0.873499,3.862361,3.373768
620,0,14,12,0.912084,0.823394,0.774223,3.360819,2.602023
620,0,14,13,0.820080,0.748795,0.683389,2.493355,1.703931
620,0,14,14,0.904799,0.763028,0.772831,5.125277,3.960975
620,0,14,15,0.839100,0.792373,0.913938,2.368646,2.164796
620,0,15,0,0.972668,0.931875,0.932437,4.788332,4.464817
620,0,15,1,0.955663,0.887901,0.810643,3.347353,2.713510
620,0,15,2,0.967088,0.822838,0.762199,5.269262,4.016227
620,0,15,3,0.968241,0.893575,0.862284,4.147791,3.576575
620,0,15,4,0.997313,1.026693,1.029680,-3.407994,-3.509144
620,0,15,5,0.969534,0.930402,0.968725,4.372419,4.235672
620,0,15,6,0.824770,1.148550,1.953895,0.927168,1.811590
620,0,15,7,0.939280,0.821887,0.718251,3.703757,2.660228
620,0,15,8,0.951003,0.901237,0.916431,4.453071,4.080931
620,0,15,9,0.968158,0.890587,0.836195,4.377985,3.660850
620,0,15,10,0.952180,0.949179,0.954977,-1.593717,-1.521962
620,0,15,11,0.952786,0.804198,0.740425,4.613805,3.416177
620,0,15,12,0.981948,1.067015,1.024038,6.050488,6.195927
620,0,15,13,0.920789,0.775041,0.656965,3.178181,2.087953
620,0,15,14,0.954377,0.839423,0.826645,4.326238,3.576265
620,0,15,15,0.740881,0.574667,0.125446,2.368379,0.297104
701,0,0,0,0.798534,0.813800,0.918280,0.352337,0.323544
701,0,0,1,0.965999,0.925111,0.823714,-0.836599,-0.689118
701,0,0,2,0.952661,0.831701,0.495396,0.659358,0.326643
701,0,0,3,0.979674,0.991402,1.007157,-2.182005,-2.197622
701,0,0,4,0.923697,0.889496,0.937384,-0.790159,-0.740682
701,0,0,5,0.826097,0.829772,-0.445776,0.668422,-0.297967
701,0,0,6,0.931262,0.970745,0.678236,1.160511,0.787100
701,0,0,7,0.984048,1.067266,1.118230,-1.405586,-1.571769
701,0,0,8,0.958323,0.888823,0.843585,1.400266,1.181243
701,0,0,9,0.968001,1.077202,1.197347,-1.057872,-1.266640
701,0,0,10,0.984239,0.824449,0.813011,2.096114,1.704164
701,0,0,11,0.798005,0.852223,1.515439,0.370882,0.562049
701,0,0,12,0.758119,0.475046,0.216506,1.515317,0.328075
701,0,0,13,0.964476,1.042707,1.284523,-1.136526,-1.459893
701,0,0,14,0.920575,0.998281,1.691543,-0.426819,-0.721982
701,0,0,15,0.993428,0.995826,1.004712,-1.403498,-1.410112
701,0,1,0,0.971113,1.001458,0.784647,0.279836,0.219572
701,0,1,1,0.992558,0.988346,0.962630,2.780383,2.676479
701,0,1,2,0.938097,0.809489,0.825710,1.104077,0.911647
701,0,1,3,0.895750,1.037344,2.720309,0.267963,0.728943
701,0,1,4,0.976151,0.843568,0.854042,2.028647,1.732549
701,0,1,5,0.895242,1.080419,1.499254,0.931496,1.396549
701,0,1,6,0.989290,0.980396,0.939634,1.776011,1.668800
701,0,1,7,0.955007,0.960081,1.063513,0.722844,0.768754
701,0,1,8,0.900837,1.005978,1.390387,0.310711,0.432009
701,0,1,9,0.937094,0.936880,-2.120804,-0.091556,0.194173
701,0,1,10,0.943876,0.959321,0.873273,1.112993,0.971946
701,0,1,11,0.961592,0.986888,0.805657,0.973060,0.783952
701,0,1,12,0.941861,1.000632,1.443540,-0.388463,-0.560762
701,0,1,13,0.967052,0.815644,0.755143,1.360814,1.027609
701,0,1,14,0.260944,0.192109,0.716963,0.373983,0.268132
701,0,1,15,0.965882,0.963809,1.023963,3.985183,4.080682
701,0,2,0,0.957746,0.963024,0.900289,1.982198,1.784551
701,0,2,1,0.981810,0.934898,0.936231,2.190159,2.050494
701,0,2,2,0.957605,1.011714,1.044985,0.213198,0.222789
701,0,2,3,0.963200,1.027328,1.364655,0.220330,0.300674
701,0,2,4,0.862844,0.661545,0.621070,1.151186,0.714967
701,0,2,5,0.962313,0.817598,0.795059,3.995564,3.176710
701,0,2,6,0.949922,1.029488,0.984301,1.285703,1.265519
701,0,2,7,0.953836,1.003416,1.059849,0.310110,0.328670
701,0,2,8,0.858153,0.640136,0.485439,0.609510,0.295880
701,0,2,9,0.968063,0.889726,0.818692,3.755272,3.074412
701,0,2,10,0.912939,0.977241,1.351872,0.460622,0.622702
701,0,2,11,0.974583,0.892870,0.871972,2.110719,1.840489
701,0,2,12,0.959151,1.016204,1.197515,0.221160,0.264842
701,0,2,13,0.939883,0.874018,0.734498,0.962995,0.707317
701,0,2,14,0.920241,0.951747,1.770558,-0.354133,-0.627012
701,0,2,15,0.944215,1.020782,1.468777,0.183221,0.269111
701,0,3,0,0.808957,0.691864,0.428297,2.160635,0.925393
701,0,3,1,0.955533,0.931478,0.818863,2.310545,1.892020
701,0,3,2,0.916362,0.940739,0.275364,0.730428,0.201134
701,0,3,3,0.944444,0.958078,0.325086,0.751107,0.244174
701,0,3,4,0.927101,0.914580,0.795493,2.340438,1.861802
701,0,3,5,0.958671,0.875650,0.965686,2.050112,1.979764
701,0,3,6,0.961872,0.980003,0.907275,1.903461,1.726963
701,0,3,7,0.945941,0.937489,0.984539,0.881085,0.867462
701,0,3,8,0.992402,1.021313,1.031374,7.666301,7.906827
701,0,3,9,0.966810,0.859245,0.892790,3.007672,2.685220
701,0,3,10,0.905486,0.880188,0.620928,2.407702,1.495010
701,0,3,11,0.820089,0.958585,1.796800,0.473904,0.851511
701,0,3,12,0.965919,0.871296,0.783899,2.529717,1.983043
701,0,3,13,0.969704,0.876391,0.884251,7.282246,6.439332
701,0,3,14,0.911072,0.932465,0.503388,0.866441,0.436156
701,0,3,15,0.970545,0.981128,0.856374,2.166247,1.855117
701,0,4,0,0.965864,0.924553,0.874303,2.584898,2.259984
701,0,4,1,0.924918,0.924130,0.663522,2.239015,1.485635
701,0,4,2,0.958549,0.999578,1.040028,0.738033,0.767574
701,0,4,3,0.962913,1.014446,1.063847,2.120255,2.255626
701,0,4,4,0.970819,0.889591,0.900487,4.314723,3.885352
701,0,4,5,0.947357,1.009174,1.095608,1.844444,2.020786
701,0,4,6,0.921115,0.958941,1.002087,1.493679,1.496796
701,0,4,7,0.971858,0.957995,0.755309,1.639944,1.238665
701,0,4,8,0.868157,0.538872,0.481602,0.799411,0.384997
701,0,4,9,0.958131,0.997762,0.829533,0.584030,0.484473
701,0,4,10,0.976973,0.863971,0.854070,7.520000,6.422606
701,0,4,11,0.961821,0.952337,1.061014,3.137070,3.328475
701,0,4,12,0.947875,0.947766,0.823314,1.545506,1.272437
701,0,4,13,0.964952,0.874835,0.876767,4.771989,4.183923
701,0,4,14,0.969146,0.986077,0.755493,1.224667,0.925227
701,0,4,15,0.944993,1.007332,1.144856,1.205353,1.379956
701,0,5,0,0.987739,0.885582,0.893126,12.027801,10.742339
701,0,5,1,0.902084,0.671827,0.545088,4.446173,2.423553
701,0,5,2,0.967691,0.775014,0.767358,7.948554,6.099385
701,0,5,3,0.971255,0.916401,0.784524,2.991218,2.346682
701,0,5,4,0.994927,0.964949,0.966559,11.129354,10.757174
701,0,5,5,0.982082,0.910855,0.906268,8.647633,7.837072
701,0,5,6,0.993180,0.975869,0.983748,14.815573,14.574788
701,0,5,7,0.916577,0.934554,0.963090,3.213631,3.095016
701,0,5,8,0.895712,0.868753,0.808729,2.984987,2.414045
701,0,5,9,0.949518,0.891174,0.868778,4.185380,3.636164
701,0,5,10,0.952097,0.821304,0.761647,5.246853,3.996249
701,0,5,11,0.930471,0.688859,0.706691,5.974004,4.221778
701,0,5,12,0.895642,0.624349,0.529851,2.755340,1.459919
701,0,5,13,0.982846,0.959623,0.899737,5.240495,4.715069
701,0,5,14,0.968297,0.809211,0.809565,6.951984,5.628080
701,0,5,15,0.791508,0.578215,0.336419,1.631095,0.548731
701,0,6,0,0.895311,0.792728,0.712736,3.021837,2.153773
701,0,6,1,0.925236,0.751274,0.658347,4.810462,3.166952
701,0,6,2,0.976127,0.896122,0.797156,4.995111,3.981883
701,0,6,3,0.878590,0.685568,0.710117,2.776382,1.971556
701,0,6,4,0.955540,0.933673,0.968623,5.481581,5.309587
701,0,6,5,0.933280,0.779356,0.690921,4.336502,2.996179
701,0,6,6,0.984034,0.862639,0.857494,12.012512,10.300660
701,0,6,7,0.978028,0.928921,0.928590,7.496200,6.960899
701,0,6,8,0.942593,0.819754,0.664805,4.954731,3.293932
701,0,6,9,0.989810,0.910438,0.889798,11.236069,9.997828
701,0,6,10,0.917671,0.890013,0.717630,2.042172,1.465525
701,0,6,11,0.907221,0.666334,0.739989,4.267731,3.158075
701,0,6,12,0.986379,0.908561,0.880823,12.215506,10.759701
701,0,6,13,0.734318,0.687908,-1.338046,0.447460,-0.598722
701,0,6,14,0.924386,0.835699,0.635210,2.733922,1.736614
701,0,6,15,0.959600,0.870904,0.792657,4.503129,3.569437
701,0,7,0,0.985245,0.915093,0.926603,10.701859,9.916369
701,0,7,1,0.932055,0.832242,0.787996,4.678902,3.686954
701,0,7,2,0.973712,0.956863,0.955574,3.423822,3.271714
701,0,7,3,0.968794,0.775744,0.775143,7.155207,5.546311
701,0,7,4,0.851042,0.589242,0.402936,4.614117,1.859192
701,0,7,5,0.884414,0.800907,0.782099,3.597244,2.813401
701,0,7,6,0.952548,0.798593,0.792530,8.380759,6.642004
701,0,7,7,0.934238,0.930004,0.979020,3.405192,3.333751
701,0,7,8,0.964880,0.938594,0.885168,6.855784,6.068522
701,0,7,9,0.983461,0.894725,0.879619,10.042399,8.833484
701,0,7,10,0.996409,0.968419,0.969611,25.082911,24.320669
701,0,7,11,0.982742,0.998944,1.032480,4.993759,5.155954
701,0,7,12,0.973416,0.849193,0.844348,10.732195,9.061707
701,0,7,13,0.947825,0.770732,0.750015,6.375554,4.781762
701,0,7,14,0.944874,0.741400,0.651310,3.985975,2.596104
701,0,7,15,0.726881,0.564553,-0.034248,2.060532,-0.070568
701,0,8,0,0.938369,0.919255,0.928256,4.067111,3.775321
701,0,8,1,0.950261,0.806703,0.748023,5.835258,4.364908
701,0,8,2,0.908345,0.683785,0.568087,3.991233,2.267366
701,0,8,3,0.946300,0.784388,0.706009,5.271496,3.721725
701,0,8,4,0.983431,1.021677,0.999105,9.630672,9.622047
701,0,8,5,0.762718,0.824329,2.140382,-0.838098,-1.793850
701,0,8,6,0.954833,0.907161,0.908360,4.598320,4.176931
701,0,8,7,0.977193,0.997349,1.026060,5.946306,6.101269
701,0,8,8,0.982967,0.958715,0.913111,5.482077,5.005744
701,0,8,9,0.958671,0.864868,0.811420,5.377980,4.363799
701,0,8,10,0.962406,0.847359,0.821982,6.379753,5.244043
701,0,8,11,0.964739,0.940226,0.941907,5.173276,4.872744
701,0,8,12,0.908911,0.784462,0.723728,4.067274,2.943599
701,0,8,13,0.976608,0.923828,0.888871,6.551449,5.823396
701,0,8,14,0.953428,0.931044,0.940634,4.862615,4.573939
701,0,8,15,0.674369,0.526686,0.315274,1.857295,0.585557
701,0,9,0,0.923296,0.849309,0.703761,3.225307,2.269845
701,0,9,1,0.731866,0.583782,0.013756,2.184121,0.030044
701,0,9,2,0.916786,0.817807,0.631523,2.713107,1.713389
701,0,9,3,0.969832,0.923447,0.909754,5.830566,5.304382
701,0,9,4,0.964474,0.957668,0.969185,5.557617,5.386358
701,0,9,5,0.965970,0.950135,0.979951,5.834287,5.717314
701,0,9,6,0.981317,0.980439,0.991772,8.192684,8.125277
701,0,9,7,0.989618,0.950519,0.933426,5.435991,5.074094
701,0,9,8,0.773412,0.515247,0.229055,2.450990,0.561412
701,0,9,9,0.978424,0.918504,0.889869,7.409112,6.593137
701,0,9,10,0.964221,0.821216,0.788247,7.178678,5.658570
701,0,9,11,0.956409,0.815788,0.707220,4.350360,3.076663
701,0,9,12,0.885923,0.725338,0.759397,5.472037,4.155451
701,0,9,13,0.935899,0.823126,0.710147,3.025887,2.148825
701,0,9,14,0.968168,0.935349,0.913963,5.201715,4.754174
701,0,9,15,0.989381,0.937630,0.895863,9.573691,8.576713
701,0,10,0,0.912627,0.686252,0.533592,4.847840,2.586770
701,0,10,1,0.990922,0.902399,0.908182,18.377087,16.689745
701,0,10,2,0.971128,0.895101,0.831182,5.546711,4.610326
701,0,10,3,0.945909,0.795771,0.626513,3.386093,2.121431
701,0,10,4,0.994915,0.897319,0.893958,7.143296,6.385804
701,0,10,5,0.980875,0.949835,0.941985,8.594259,8.095664
701,0,10,6,0.965106,0.839706,0.823552,8.665977,7.136880
701,0,10,7,0.986566,0.881870,0.846827,5.901626,4.997659
701,0,10,8,0.964753,0.928568,0.909431,6.458579,5.873633
701,0,10,9,0.955884,0.794821,0.815415,7.465506,6.087488
701,0,10,10,0.979189,0.852713,0.870051,11.986106,10.428521
701,0,10,11,0.978678,0.912912,0.883160,7.856601,6.938636
701,0,10,12,0.964224,0.822555,0.745588,5.258592,3.920743
701,0,10,13,0.988027,0.971023,0.973861,10.449483,10.176344
701,0,10,14,0.912894,0.687567,0.604868,5.315430,3.215132
701,0,10,15,0.958426,0.923122,0.911369,4.904496,4.469803
701,0,11,0,0.991862,0.991471,0.993043,7.231340,7.181029
701,0,11,1,0.978786,1.049923,1.039010,8.185222,8.504531
701,0,11,2,0.964172,0.931569,0.910708,5.396484,4.914623
701,0,11,3,0.655667,0.581305,-3.867949,0.281568,-1.089090
701,0,11,4,0.951576,0.749462,0.643010,4.879029,3.137263
701,0,11,5,0.949004,0.966435,0.995041,4.288997,4.267727
701,0,11,6,0.878414,0.676702,0.733657,6.425070,4.713797
701,0,11,7,0.900707,0.700712,0.646235,5.356042,3.461260
701,0,11,8,0.940887,0.838881,0.778460,3.972877,3.092728
701,0,11,9,0.969492,0.924922,0.801315,3.214700,2.575989
701,0,11,10,0.741390,0.570847,0.316405,2.851622,0.902269
701,0,11,11,0.972747,0.794200,0.749885,5.827229,4.369752
701,0,11,12,0.891933,0.619261,0.468143,5.273862,2.468924
701,0,11,13,0.981516,1.063150,1.051274,8.825305,9.277816
701,0,11,14,0.958863,0.959301,0.988033,4.933380,4.874344
701,0,11,15,0.980425,1.033531,1.005534,8.233315,8.278879
701,0,12,0,0.969718,1.211630,1.330150,-2.170140,-2.886612
701,0,12,1,0.963757,0.935340,0.928900,7.502736,6.969289
701,0,12,2,0.908416,0.862456,0.947087,1.924160,1.822346
701,0,12,3,0.998297,1.083220,1.083900,-3.496100,-3.789423
701,0,12,4,0.942311,0.906635,0.976332,3.739189,3.650690
701,0,12,5,0.855063,0.771613,0.773792,3.331388,2.577801
701,0,12,6,0.870292,0.827116,0.862214,1.455117,1.254623
701,0,12,7,0.878100,0.695943,0.640794,5.546206,3.553978
701,0,12,8,0.870067,0.698723,0.650265,4.750887,3.089337
701,0,12,9,0.977172,1.081140,1.094280,6.533231,7.149186
701,0,12,10,0.969380,0.886594,0.783174,2.768399,2.168137
701,0,12,11,0.909704,0.789542,0.826597,4.932377,4.077087
701,0,12,12,0.920928,0.946261,0.989405,4.395988,4.349411
701,0,12,13,0.869960,0.672445,0.628617,3.337882,2.098249
701,0,12,14,0.907079,0.796013,0.798083,5.580599,4.453784
701,0,12,15,0.760320,0.619055,0.540197,3.956620,2.137353
701,0,13,0,0.785365,0.547710,0.511785,5.588113,2.859910
701,0,13,1,0.883227,0.746557,0.697608,5.039728,3.515753
701,0,13,2,0.887939,0.806158,0.781281,2.525571,1.973181
701,0,13,3,0.871905,0.711169,0.681678,4.954803,3.377582
701,0,13,4,0.968536,0.808785,0.810447,8.816930,7.145658
701,0,13,5,0.934966,0.661556,0.566878,4.009531,2.272915
701,0,13,6,0.978704,0.993801,0.986330,7.115641,7.018371
701,0,13,7,0.775670,0.637925,0.292703,2.534358,0.741814
701,0,13,8,0.818161,0.634151,0.344738,3.254141,1.121825
701,0,13,9,0.821720,0.687113,0.636402,4.231339,2.692835
701,0,13,10,0.821111,0.749166,0.744356,3.355086,2.497377
701,0,13,11,0.810792,0.587640,0.571544,6.169430,3.526098
701,0,13,12,0.838540,0.633052,0.586810,5.338614,3.132754
701,0,13,13,0.752546,0.669977,-1.259821,0.462078,-0.582135
701,0,13,14,0.873945,0.707153,0.690967,5.845889,4.039314
701,0,13,15,0.985317,1.214433,1.275066,-2.078362,-2.650048
701,0,14,0,0.833070,0.723847,0.579493,2.862271,1.658666
701,0,14,1,0.979376,0.881198,0.859738,10.060676,8.649549
701,0,14,2,0.917028,0.788594,0.798053,5.812672,4.638821
701,0,14,3,0.836494,0.748044,0.580432,2.379840,1.381336
701,0,14,4,0.887864,0.725816,0.730679,5.945899,4.344541
701,0,14,5,0.687553,0.479283,0.202659,2.579096,0.522677
701,0,14,6,0.771426,0.664960,0.365989,2.381658,0.871660
701,0,14,7,0.937406,0.673536,0.626119,5.880931,3.682163
701,0,14,8,0.914367,0.783022,0.744793,4.088706,3.045241
701,0,14,9,0.780030,0.733189,0.724990,1.889503,1.369871
701,0,14,10,0.673552,0.521775,0.016289,1.888840,0.030768
701,0,14,11,0.881236,0.775414,0.824520,3.785046,3.120846
701,0,14,12,0.885413,0.775003,0.641462,3.049599,1.956201
701,0,14,13,0.818351,0.750432,0.646562,2.298219,1.485942
701,0,14,14,0.902264,0.749806,0.755365,5.190131,3.920444
701,0,14,15,0.855229,0.809781,0.940048,2.555274,2.402079
701,0,15,0,0.978433,0.954077,0.965001,5.029982,4.853938
701,0,15,1,0.960869,0.896660,0.833648,3.405673,2.839132
701,0,15,2,0.970774,0.836953,0.784409,5.375277,4.216413
701,0,15,3,0.965934,0.892771,0.861067,4.044672,3.482733
701,0,15,4,0.997355,1.028225,1.031031,-3.441219,-3.548003
701,0,15,5,0.961439,0.899887,0.919415,3.977381,3.656863
701,0,15,6,0.808291,1.093062,2.134144,0.719451,1.535412
701,0,15,7,0.930354,0.811752,0.674271,3.445035,2.322886
701,0,15,8,0.940431,0.869587,0.866130,4.112332,3.561815
701,0,15,9,0.967955,0.888016,0.821564,4.311868,3.542475
701,0,15,10,0.953906,0.946077,0.957488,-1.612944,-1.544375
701,0,15,11,0.959271,0.807365,0.753531,4.910831,3.700464
701,0,15,12,0.980802,1.056365,1.007245,5.986836,6.030212
701,0,15,13,0.926077,0.785362,0.689217,3.254395,2.242983
701,0,15,14,0.961482,0.869691,0.864876,4.514585,3.904555
701,0,15,15,0.746841,0.565925,0.175035,2.491535,0.436105
933,0,0,0,0.800028,0.817503,0.998216,0.483457,0.482595
933,0,0,1,0.967432,0.901071,0.835125,-0.874545,-0.730354
933,0,0,2,0.967128,0.759082,0.711138,1.424757,1.013199
933,0,0,3,0.957078,1.092550,1.267971,-1.355811,-1.719129
933,0,0,4,0.904485,0.908808,1.258553,-0.731232,-0.920294
933,0,0,5,0.759881,0.700712,-0.181091,0.882135,-0.159747
933,0,0,6,0.928795,0.971789,0.583573,1.025495,0.598451
933,0,0,7,0.986290,1.025680,1.066477,-1.695190,-1.807882
933,0,0,8,0.948242,0.816179,0.784385,1.620827,1.271353
933,0,0,9,0.856974,0.757004,0.232025,0.661347,0.153449
933,0,0,10,0.917475,0.818460,0.191993,0.286884,0.055080
933,0,0,11,0.800461,0.861008,1.574127,0.429617,0.676272
933,0,0,12,0.811095,0.497598,0.365766,1.741618,0.637025
933,0,0,13,0.977445,1.039153,1.141766,-1.692620,-1.932576
933,0,0,14,0.973567,0.809231,0.796885,1.734822,1.382453
933,0,0,15,0.993462,0.999000,1.009335,-1.493389,-1.507330
933,0,1,0,0.970287,1.013053,0.835732,0.486750,0.406792
933,0,1,1,0.985497,0.903832,0.882091,2.498361,2.203782
933,0,1,2,0.969496,0.821811,0.842619,2.444428,2.059722
933,0,1,3,0.893007,1.029320,2.158096,0.416779,0.899449
933,0,1,4,0.922909,0.759279,0.359578,0.576172,0.207179
933,0,1,5,0.898330,1.083212,1.469735,1.075297,1.580401
933,0,1,6,0.987316,0.938184,0.924027,2.195940,2.029107
933,0,1,7,0.951780,0.957909,1.095834,0.589232,0.645700
933,0,1,8,0.901015,1.000954,1.282349,0.272641,0.349621
933,0,1,9,0.941404,0.957713,-0.696102,-0.058912,0.041008
933,0,1,10,0.933948,0.957499,0.624600,0.830285,0.518596
933,0,1,11,0.958500,0.985043,0.759644,0.996384,0.756897
933,0,1,12,0.929658,1.020420,1.940021,-0.291537,-0.565588
933,0,1,13,0.945054,0.737141,0.670798,2.036722,1.366229
933,0,1,14,0.143372,0.121413,2.153767,-0.142271,-0.306419
933,0,1,15,0.973294,0.930795,0.982693,4.777446,4.694764
933,0,2,0,0.955028,0.957762,0.850843,2.036521,1.732760
933,0,2,1,0.978719,0.905152,0.916193,2.988196,2.737764
933,0,2,2,0.957534,1.014967,0.952161,0.231113,0.220056
933,0,2,3,0.963543,1.029517,1.182171,0.270215,0.319440
933,0,2,4,0.819547,0.581361,0.680785,1.240581,0.844569
933,0,2,5,0.974279,0.838501,0.844357,5.175226,4.369738
933,0,2,6,0.946907,1.028270,0.937800,1.264149,1.185519
933,0,2,7,0.953223,1.002621,0.890002,0.337885,0.300718
933,0,2,8,0.861444,0.644008,0.628183,0.824806,0.518129
933,0,2,9,0.972604,0.891127,0.836155,4.184777,3.499124
933,0,2,10,0.912709,0.985871,1.403519,0.379772,0.533017
933,0,2,11,0.984688,0.921912,0.934002,3.873333,3.617701
933,0,2,12,0.957930,1.020796,1.201893,0.248690,0.298899
933,0,2,13,0.850032,0.790340,0.453188,0.733729,0.332517
933,0,2,14,0.917454,0.956662,1.720035,-0.376058,-0.646833
933,0,2,15,0.942745,1.025826,1.272514,0.270760,0.344546
933,0,3,0,0.818624,0.693285,0.507636,2.483979,1.260956
933,0,3,1,0.950252,0.934613,0.773321,2.107474,1.629754
933,0,3,2,0.915129,0.922008,0.369533,0.988081,0.365128
933,0,3,3,0.945245,0.967764,0.384806,0.801259,0.308329
933,0,3,4,0.920958,0.894782,0.750132,2.509624,1.882550
933,0,3,5,0.977786,0.904159,0.950380,3.303143,3.139241
933,0,3,6,0.952862,0.983555,0.817365,1.583817,1.294557
933,0,3,7,0.946712,0.934064,0.930513,0.990596,0.921763
933,0,3,8,0.990580,0.999963,1.006588,7.887135,7.939095
933,0,3,9,0.962117,0.848929,0.904545,3.320803,3.003815
933,0,3,10,0.914236,0.893552,0.661126,2.528183,1.671446
933,0,3,11,0.836915,0.975806,1.577131,0.640984,1.010916
933,0,3,12,0.975436,0.836971,0.843271,3.555538,2.998282
933,0,3,13,0.964059,0.882195,0.925360,8.010225,7.412343
933,0,3,14,0.913105,0.927953,0.633657,1.132760,0.717781
933,0,3,15,0.963334,0.971734,0.796875,2.021615,1.610974
933,0,4,0,0.963064,0.939185,0.919271,2.378546,2.186530
933,0,4,1,0.944968,0.944168,0.817518,2.929325,2.394776
933,0,4,2,0.956188,0.994200,1.104217,0.598264,0.660613
933,0,4,3,0.965194,1.041551,1.119683,2.365065,2.648122
933,0,4,4,0.970572,0.877531,0.897886,4.690217,4.211282
933,0,4,5,0.946777,1.012514,1.115458,1.950847,2.176087
933,0,4,6,0.922261,0.967003,1.008828,1.680069,1.694901
933,0,4,7,0.970876,0.955287,0.747025,1.664332,1.243297
933,0,4,8,0.835960,0.475283,0.410188,0.751053,0.308073
933,0,4,9,0.957370,1.003136,0.856676,0.575872,0.493336
933,0,4,10,0.980814,0.875901,0.891466,8.500639,7.578034
933,0,4,11,0.969692,0.963543,1.039584,3.818987,3.970158
933,0,4,12,0.943194,0.945925,0.823999,1.420271,1.170302
933,0,4,13,0.911308,0.797833,0.882511,3.707761,3.272140
933,0,4,14,0.970565,0.987249,0.764196,1.222267,0.934052
933,0,4,15,0.943253,1.013685,1.157439,1.374686,1.591114
933,0,5,0,0.987734,0.897067,0.910523,12.568703,11.444091
933,0,5,1,0.912266,0.660525,0.561138,4.756349,2.668967
933,0,5,2,0.977693,0.799925,0.819040,9.477118,7.762141
933,0,5,3,0.973093,0.918006,0.801294,3.017013,2.417514
933,0,5,4,0.995184,0.969016,0.971476,12.198418,11.850474
933,0,5,5,0.977221,0.911393,0.919622,8.503763,7.820246
933,0,5,6,0.993577,0.985289,0.995416,15.696624,15.624673
933,0,5,7,0.896856,0.884214,0.859723,2.883003,2.478582
933,0,5,8,0.926028,0.886382,0.858976,3.890909,3.342197
933,0,5,9,0.955583,0.914418,0.906614,4.280647,3.880894
933,0,5,10,0.940643,0.806431,0.729187,5.153379,3.757779
933,0,5,11,0.936989,0.712366,0.759375,6.936079,5.267087
933,0,5,12,0.900307,0.611541,0.579850,2.890181,1.675871
933,0,5,13,0.985343,0.964669,0.925332,5.651481,5.229497
933,0,5,14,0.972732,0.785107,0.812024,7.973852,6.474957
933,0,5,15,0.899451,0.601454,0.594719,2.976880,1.770407
933,0,6,0,0.923756,0.808249,0.765547,3.770974,2.886859
933,0,6,1,0.957543,0.791370,0.746684,6.020693,4.495553
933,0,6,2,0.974903,0.900993,0.799900,5.015110,4.011588
933,0,6,3,0.911741,0.690924,0.764063,3.756758,2.870401
933,0,6,4,0.958202,0.938446,0.972695,5.579456,5.427108
933,0,6,5,0.931389,0.760455,0.652622,4.346358,2.836530
933,0,6,6,0.988439,0.866782,0.873180,13.941490,12.173433
933,0,6,7,0.981332,0.886948,0.898281,8.355834,7.505889
933,0,6,8,0.939370,0.808756,0.654542,5.096569,3.335917
933,0,6,9,0.991410,0.902395,0.894414,12.462204,11.146373
933,0,6,10,0.939153,0.897059,0.817765,2.803916,2.292945
933,0,6,11,0.929073,0.676287,0.751036,5.000170,3.755306
933,0,6,12,0.988342,0.888766,0.869338,13.129250,11.413758
933,0,6,13,0.719157,0.657777,-0.965469,0.585823,-0.565594
933,0,6,14,0.924830,0.806517,0.595481,3.127625,1.862440
933,0,6,15,0.960230,0.873042,0.802315,4.714509,3.782519
933,0,7,0,0.984206,0.923467,0.936507,11.060293,10.358039
933,0,7,1,0.960378,0.864132,0.843851,5.868785,4.952378
933,0,7,2,0.970594,0.966544,0.986704,3.180259,3.137975
933,0,7,3,0.968828,0.752867,0.773168,8.023646,6.203624
933,0,7,4,0.899119,0.612940,0.498863,5.506160,2.746819
933,0,7,5,0.901031,0.822814,0.818875,3.960310,3.243001
933,0,7,6,0.961983,0.795068,0.820654,9.246322,7.588028
933,0,7,7,0.956722,0.974608,1.031434,4.298858,4.433990
933,0,7,8,0.971378,0.986545,0.945457,6.684370,6.319786
933,0,7,9,0.988685,0.894386,0.898019,11.760433,10.561094
933,0,7,10,0.997023,0.972617,0.975780,26.406639,25.767075
933,0,7,11,0.982320,0.985920,1.009835,4.760117,4.806930
933,0,7,12,0.979652,0.858849,0.876381,11.917134,10.443946
933,0,7,13,0.957864,0.788456,0.767877,6.644241,5.101963
933,0,7,14,0.977682,0.740321,0.742791,5.259962,3.907050
933,0,7,15,0.728402,0.523623,0.093904,2.627563,0.246738
933,0,8,0,0.946930,0.929336,0.947953,4.128534,3.913658
933,0,8,1,0.949790,0.789369,0.714893,5.784652,4.135409
933,0,8,2,0.930299,0.718339,0.641525,4.245451,2.723562
933,0,8,3,0.956320,0.782606,0.723646,6.033975,4.366461
933,0,8,4,0.988012,0.989053,0.985828,12.102677,11.931163
933,0,8,5,0.632758,0.710724,2.714835,-0.681941,-1.851358
933,0,8,6,0.963754,0.939295,0.952712,4.712094,4.489267
933,0,8,7,0.981348,0.998307,1.033329,6.587615,6.807171
933,0,8,8,0.982909,0.978176,0.940007,5.102946,4.796804
933,0,8,9,0.962478,0.874004,0.826093,5.678066,4.690612
933,0,8,10,0.976943,0.862340,0.843896,7.685539,6.485795
933,0,8,11,0.967434,0.933990,0.931217,5.049833,4.702490
933,0,8,12,0.945351,0.825759,0.788071,4.754532,3.746910
933,0,8,13,0.981605,0.936143,0.917568,6.977357,6.402197
933,0,8,14,0.961742,0.922310,0.914392,5.026493,4.596185
933,0,8,15,0.710517,0.541507,0.381632,2.157841,0.823502
933,0,9,0,0.909074,0.805204,0.623240,3.617595,2.254629
933,0,9,1,0.756263,0.573859,0.167820,2.605364,0.437233
933,0,9,2,0.899682,0.811632,0.562491,2.483156,1.396753
933,0,9,3,0.976265,0.952172,0.945307,6.019303,5.690088
933,0,9,4,0.971277,1.007127,1.026321,6.173356,6.335846
933,0,9,5,0.969679,0.962221,0.987674,5.963411,5.889904
933,0,9,6,0.981916,0.966114,0.960625,8.385474,8.055297
933,0,9,7,0.981824,0.915137,0.883980,4.464784,3.946780
933,0,9,8,0.777484,0.510326,0.248163,2.433768,0.603971
933,0,9,9,0.976494,0.907624,0.864527,7.334780,6.341117
933,0,9,10,0.971729,0.836015,0.816517,7.813640,6.379973
933,0,9,11,0.967500,0.819642,0.756002,5.444491,4.116048
933,0,9,12,0.901758,0.697522,0.790785,6.452649,5.102656
933,0,9,13,0.922205,0.832807,0.673410,2.640589,1.778199
933,0,9,14,0.975684,0.949770,0.941520,6.034957,5.682032
933,0,9,15,0.991605,0.946780,0.918760,10.603431,9.742011
933,0,10,0,0.903122,0.669235,0.504046,4.936830,2.488387
933,0,10,1,0.993749,0.934039,0.940154,19.222790,18.072384
933,0,10,2,0.965322,0.866955,0.788852,5.279222,4.164523
933,0,10,3,0.981778,0.796898,0.761415,5.057013,3.850486
933,0,10,4,0.995560,0.916250,0.915677,7.426228,6.800023
933,0,10,5,0.988024,0.961303,0.966341,10.609162,10.252069
933,0,10,6,0.981829,0.871462,0.880198,10.854507,9.554115
933,0,10,7,0.989213,0.890525,0.869525,7.053874,6.133517
933,0,10,8,0.967298,0.923712,0.899359,6.817977,6.131807
933,0,10,9,0.961141,0.832895,0.867026,7.972224,6.912124
933,0,10,10,0.983238,0.857589,0.874639,13.204178,11.548889
933,0,10,11,0.979268,0.912894,0.882064,8.328602,7.346359
933,0,10,12,0.959902,0.803626,0.721769,5.255918,3.793557
933,0,10,13,0.990270,0.974006,0.979195,11.610947,11.369386
933,0,10,14,0.908024,0.679876,0.585442,5.259815,3.079319
933,0,10,15,0.956275,0.918604,0.905838,4.815096,4.361695
933,0,11,0,0.995260,1.009689,1.012898,8.852006,8.966182
933,0,11,1,0.988224,1.048753,1.052351,11.142790,11.726122
933,0,11,2,0.965522,0.956924,0.952468,5.621297,5.354103
933,0,11,3,0.531549,0.485402,-13.064774,0.112754,-1.473103
933,0,11,4,0.951428,0.764166,0.660602,4.812481,3.179137
933,0,11,5,0.947377,0.970186,0.997962,4.198192,4.189636
933,0,11,6,0.898212,0.668795,0.772130,7.707656,5.951313
933,0,11,7,0.912673,0.705609,0.651597,5.539176,3.609313
933,0,11,8,0.945885,0.856709,0.823465,4.433552,3.650874
933,0,11,9,0.986189,0.931943,0.908319,4.968964,4.513406
933,0,11,10,0.762559,0.593573,0.346758,2.718649,0.942713
933,0,11,11,0.978788,0.801942,0.776422,6.324299,4.910323
933,0,11,12,0.894003,0.618686,0.472512,5.485909,2.592160
933,0,11,13,0.988241,1.086567,1.088862,10.899342,11.867876
933,0,11,14,0.958701,0.976271,1.011469,4.890265,4.946352
933,0,11,15,0.988904,1.039231,1.038045,11.090389,11.512327
933,0,12,0,0.970914,1.263994,1.390311,-2.149913,-2.989049
933,0,12,1,0.976625,0.965025,0.981452,9.148165,8.978480
933,0,12,2,0.923836,0.906474,1.079516,2.425279,2.618127
933,0,12,3,0.998447,1.088479,1.088885,-3.411494,-3.714725
933,0,12,4,0.943523,0.929976,1.025004,3.729091,3.822333
933,0,12,5,0.837418,0.760223,0.751350,3.360002,2.524538
933,0,12,6,0.891714,0.853117,0.997251,1.954666,1.949293
933,0,12,7,0.882540,0.692675,0.618927,5.530221,3.422803
933,0,12,8,0.892903,0.724717,0.694963,5.303371,3.685649
933,0,12,9,0.985587,1.108136,1.118561,8.422731,9.421336
933,0,12,10,0.981213,0.889100,0.864252,4.039902,3.491493
933,0,12,11,0.906771,0.795538,0.841331,4.821311,4.056317
933,0,12,12,0.921333,0.950642,0.990570,4.677087,4.632981
933,0,12,13,0.870722,0.592081,0.661582,4.198239,2.777478
933,0,12,14,0.912465,0.822754,0.836957,5.736074,4.800846
933,0,12,15,0.744403,0.588921,0.450459,4.099805,1.846795
933,0,13,0,0.763238,0.552725,0.517215,5.636268,2.915162
933,0,13,1,0.887431,0.768680,0.742042,4.962195,3.682156
933,0,13,2,0.873503,0.785854,0.680814,2.049525,1.395345
933,0,13,3,0.862344,0.720246,0.710633,4.866014,3.457952
933,0,13,4,0.976094,0.834182,0.848594,9.515282,8.074609
933,0,13,5,0.977556,0.685266,0.676231,5.193289,3.511865
933,0,13,6,0.981370,1.011349,1.013472,8.112057,8.221345
933,0,13,7,0.821783,0.687996,0.433459,2.635263,1.142278
933,0,13,8,0.781886,0.604657,0.231069,3.202679,0.740041
933,0,13,9,0.834206,0.724063,0.705758,4.172389,2.944697
933,0,13,10,0.844342,0.777138,0.802701,3.611187,2.898705
933,0,13,11,0.842585,0.633779,0.638493,6.484968,4.140605
933,0,13,12,0.875584,0.676223,0.661357,5.860388,3.875808
933,0,13,13,0.752209,0.687362,-2.457610,0.310503,-0.763094
933,0,13,14,0.874468,0.725761,0.720207,5.691182,4.098826
933,0,13,15,0.985804,1.256471,1.298628,-2.000202,-2.597519
933,0,14,0,0.819039,0.694810,0.558213,3.057851,1.706932
933,0,14,1,0.971577,0.827073,0.801801,9.817179,7.871422
933,0,14,2,0.912966,0.789393,0.815856,5.753642,4.694144
933,0,14,3,0.816417,0.725777,0.569301,2.348570,1.337044
933,0,14,4,0.922072,0.800926,0.839522,6.570296,5.515906
933,0,14,5,0.608021,0.455525,0.053183,2.363853,0.125717
933,0,14,6,0.798724,0.677604,0.514258,2.752431,1.415459
933,0,14,7,0.943784,0.680768,0.646954,6.155635,3.982414
933,0,14,8,0.899816,0.767329,0.743447,4.009125,2.980570
933,0,14,9,0.755067,0.703534,0.698385,1.819083,1.270421
933,0,14,10,0.626246,0.476566,-0.050006,2.002774,-0.100151
933,0,14,11,0.877349,0.779276,0.858476,3.786430,3.250559
933,0,14,12,0.905971,0.820545,0.791209,3.318824,2.625885
933,0,14,13,0.811009,0.726486,0.622430,2.414582,1.502909
933,0,14,14,0.922561,0.802030,0.832396,5.462414,4.546894
933,0,14,15,0.838353,0.818030,1.011782,2.422269,2.450807
933,0,15,0,0.974851,0.963928,0.985158,4.867915,4.795666
933,0,15,1,0.957098,0.898754,0.839107,3.391627,2.845937
933,0,15,2,0.965255,0.815541,0.757553,5.279288,3.999342
933,0,15,3,0.966474,0.898441,0.877199,4.047359,3.550339
933,0,15,4,0.996223,1.025993,1.030189,-3.264818,-3.363380
933,0,15,5,0.967581,0.923513,0.967934,4.344296,4.204990
933,0,15,6,0.748754,1.007454,2.066150,0.799297,1.651467
933,0,15,7,0.939018,0.815364,0.718127,3.713891,2.667045
933,0,15,8,0.945786,0.892542,0.915796,4.269651,3.910130
933,0,15,9,0.967811,0.890240,0.842449,4.422310,3.725572
933,0,15,10,0.943770,0.965975,0.988642,-1.515906,-1.498689
933,0,15,11,0.963214,0.831252,0.793368,4.905571,3.891921
933,0,15,12,0.984938,1.069572,1.036993,6.506362,6.747049
933,0,15,13,0.874703,0.686313,0.491289,3.236022,1.589821
933,0,15,14,0.917261,0.741561,0.679738,3.956510,2.689389
933,0,15,15,0.647216,0.500993,0.007441,2.436674,0.018130
72,0,0,0,0.801387,0.817129,0.860517,0.574500,0.494367
72,0,0,1,0.963961,0.908187,0.840873,-0.834810,-0.701969
72,0,0,2,0.962196,0.749019,0.681275,1.199912,0.817470
72,0,0,3,0.959080,1.122949,1.294509,-1.371815,-1.775826
72,0,0,4,0.886401,1.004475,1.884063,-0.438965,-0.827037
72,0,0,5,0.748658,0.607317,0.121880,1.355746,0.165238
72,0,0,6,0.928259,0.972373,0.582449,0.986534,0.574606
72,0,0,7,0.992343,1.007114,1.017779,-2.289771,-2.330480
72,0,0,8,0.962755,0.819394,0.800490,2.122264,1.698852
72,0,0,9,0.811978,0.720060,0.212208,0.620028,0.131575
72,0,0,10,0.933230,0.796096,0.537360,0.698456,0.375323
72,0,0,11,0.799339,0.857238,1.419371,0.479503,0.680593
72,0,0,12,0.911597,0.604768,0.594399,2.565688,1.525043
72,0,0,13,0.971219,1.102842,1.335222,-1.223931,-1.634219
72,0,0,14,0.987326,0.758757,0.752591,2.680376,2.017226
72,0,0,15,0.993357,1.001014,1.007861,-1.481833,-1.493481
72,0,1,0,0.970207,1.011067,0.856893,0.443581,0.380102
72,0,1,1,0.989161,0.945822,0.928252,2.744376,2.547472
72,0,1,2,0.952596,0.824232,0.835921,1.475461,1.233369
72,0,1,3,0.887842,1.025749,2.455422,0.331176,0.813177
72,0,1,4,0.957489,0.785876,0.706939,1.093463,0.773012
72,0,1,5,0.896816,1.079770,1.433859,1.075653,1.542334
72,0,1,6,0.994512,0.959191,0.955885,3.523881,3.368426
72,0,1,7,0.950466,0.956417,1.060536,0.492936,0.522776
72,0,1,8,0.899676,0.997282,1.242584,0.235827,0.293035
72,0,1,9,0.939642,0.955392,-0.057417,-0.093788,0.005385
72,0,1,10,0.934891,0.959741,0.677514,0.801537,0.543053
72,0,1,11,0.957824,0.987054,0.761774,0.990578,0.754597
72,0,1,12,0.938547,1.000594,1.501467,-0.360667,-0.541530
72,0,1,13,0.936873,0.723458,0.615925,1.812811,1.116556
72,0,1,14,0.410752,0.379280,1.366828,-0.483993,-0.661535
72,0,1,15,0.976883,0.967330,1.017311,5.529153,5.624867
72,0,2,0,0.952688,0.959014,0.848097,1.916839,1.625666
72,0,2,1,0.966696,0.872244,0.887645,2.149753,1.908216
72,0,2,2,0.956111,1.016460,1.161284,0.153074,0.177763
72,0,2,3,0.961193,1.028243,1.419097,0.158594,0.225060
72,0,2,4,0.764358,0.548403,0.585480,0.813629,0.476364
72,0,2,5,0.975515,0.844309,0.857377,5.735187,4.917219
72,0,2,6,0.945148,1.027394,0.930729,1.197782,1.114810
72,0,2,7,0.952299,1.005027,0.925566,0.263690,0.244063
72,0,2,8,0.902468,0.665937,0.722820,1.222041,0.883316
72,0,2,9,0.972904,0.893412,0.840916,4.181252,3.516083
72,0,2,10,0.905858,0.973786,1.605089,0.258983,0.415691
72,0,2,11,0.976430,0.922706,0.965657,2.757573,2.662871
72,0,2,12,0.956582,1.019081,1.290865,0.167177,0.215803
72,0,2,13,0.861866,0.813590,0.590336,0.684600,0.404144
72,0,2,14,0.919099,0.977318,1.474555,-0.587699,-0.866595
72,0,2,15,0.941580,1.026560,1.417817,0.155463,0.220418
72,0,3,0,0.798977,0.694331,0.463291,2.086866,0.966825
72,0,3,1,0.946423,0.932403,0.753249,1.972751,1.485972
72,0,3,2,0.914608,0.922190,0.441901,0.996978,0.440565
72,0,3,3,0.944672,0.965709,0.421321,0.823475,0.346947
72,0,3,4,0.915878,0.896200,0.740125,2.345393,1.735885
72,0,3,5,0.967512,0.883591,0.949127,2.401382,2.279216
72,0,3,6,0.951994,0.986649,0.843153,1.552333,1.308854
72,0,3,7,0.941580,0.932144,0.907072,0.783301,0.710510
72,0,3,8,0.993668,0.982100,0.985918,9.313334,9.182186
72,0,3,9,0.978265,0.885511,0.917475,3.890435,3.569376
72,0,3,10,0.912170,0.896805,0.666285,2.484900,1.655652
72,0,3,11,0.838913,0.991286,1.353871,0.932245,1.262140
72,0,3,12,0.978174,0.868583,0.888586,3.687097,3.276302
72,0,3,13,0.970814,0.876704,0.911923,9.356478,8.532383
72,0,3,14,0.911616,0.923953,0.623226,1.146213,0.714349
72,0,3,15,0.961987,0.968443,0.790715,2.050231,1.621149
72,0,4,0,0.958167,0.934147,0.890078,2.085257,1.856042
72,0,4,1,0.938268,0.954699,0.794714,2.564618,2.038138
72,0,4,2,0.953852,0.993303,1.097842,0.580392,0.637179
72,0,4,3,0.964389,1.045404,1.131077,2.448293,2.769207
72,0,4,4,0.973602,0.890997,0.909564,4.596929,4.181200
72,0,4,5,0.940996,1.007909,1.123032,1.751022,1.966454
72,0,4,6,0.923337,0.967428,1.014276,1.689998,1.714125
72,0,4,7,0.969531,0.958045,0.746211,1.633688,1.219077
72,0,4,8,0.854631,0.506587,0.551361,0.910909,0.502240
72,0,4,9,0.955165,1.002223,0.897868,0.500517,0.449398
72,0,4,10,0.983122,0.896237,0.914776,9.101772,8.326087
72,0,4,11,0.969756,0.968896,1.053284,3.960948,4.172005
72,0,4,12,0.941066,0.945251,0.810609,1.407605,1.141018
72,0,4,13,0.957263,0.856943,0.896932,5.084020,4.560018
72,0,4,14,0.968275,0.986024,0.747999,1.219064,0.911859
72,0,4,15,0.939106,1.010983,1.184854,1.245991,1.476317
72,0,5,0,0.986008,0.887019,0.902068,12.374220,11.162394
72,0,5,1,0.871250,0.630958,0.452814,4.146174,1.877446
72,0,5,2,0.973708,0.795240,0.820588,9.154301,7.511908
72,0,5,3,0.975272,0.922892,0.829332,3.225697,2.675173
72,0,5,4,0.993207,0.990920,0.997463,10.623219,10.596269
72,0,5,5,0.987637,0.935185,0.945853,10.146843,9.597425
72,0,5,6,0.993939,0.977972,0.987141,16.285578,16.076159
72,0,5,7,0.894063,0.896667,0.895554,2.705637,2.423044
72,0,5,8,0.914533,0.883345,0.862027,3.444024,2.968842
72,0,5,9,0.957218,0.935052,0.940369,4.361801,4.101704
72,0,5,10,0.944438,0.809415,0.739488,5.287869,3.910315
72,0,5,11,0.935179,0.689682,0.746743,6.918612,5.166426
72,0,5,12,0.888281,0.605446,0.558814,2.708444,1.513518
72,0,5,13,0.985643,0.965738,0.928274,5.711254,5.301610
72,0,5,14,0.970588,0.787200,0.816319,8.060319,6.579792
72,0,5,15,0.886192,0.633460,0.599794,2.592751,1.555117
72,0,6,0,0.905685,0.790370,0.729180,3.287961,2.397515
72,0,6,1,0.954231,0.794824,0.746969,5.581167,4.168960
72,0,6,2,0.976799,0.905548,0.809875,5.108597,4.137327
72,0,6,3,0.883526,0.651338,0.716777,2.953383,2.116917
72,0,6,4,0.952136,0.927622,0.968233,5.251302,5.084485
72,0,6,5,0.922430,0.776332,0.653386,3.877410,2.533446
72,0,6,6,0.989194,0.875407,0.886821,14.407003,12.776428
72,0,6,7,0.982709,0.909074,0.920322,8.303341,7.641747
72,0,6,8,0.938467,0.808960,0.654004,5.058391,3.308210
72,0,6,9,0.994125,0.929831,0.928042,14.388741,13.353360
72,0,6,10,0.931583,0.904501,0.823662,2.333585,1.922086
72,0,6,11,0.933807,0.669415,0.744047,4.964867,3.694096
72,0,6,12,0.990459,0.909422,0.903431,13.843113,12.506293
72,0,6,13,0.700846,0.642554,-0.979451,0.606430,-0.593968
72,0,6,14,0.922851,0.792504,0.594716,3.271014,1.945324
72,0,6,15,0.958906,0.897250,0.829845,4.312151,3.578419
72,0,7,0,0.981014,0.881269,0.894516,10.137490,9.068146
72,0,7,1,0.958635,0.869295,0.856129,5.754661,4.926731
72,0,7,2,0.971555,0.978061,1.006600,3.229635,3.250951
72,0,7,3,0.967014,0.754590,0.783279,7.771430,6.087195
72,0,7,4,0.912137,0.631323,0.534160,5.621677,3.002877
72,0,7,5,0.907723,0.835527,0.837144,3.981977,3.333490
72,0,7,6,0.972199,0.817063,0.845892,10.527482,8.905111
72,0,7,7,0.962469,0.984347,1.026752,4.550247,4.671975
72,0,7,8,0.973815,1.000175,0.966101,6.900386,6.666470
72,0,7,9,0.989510,0.894769,0.897241,11.839468,10.622854
72,0,7,10,0.997332,0.964991,0.967872,27.544798,26.659847
72,0,7,11,0.984746,0.978111,0.993895,5.168964,5.137407
72,0,7,12,0.979799,0.834652,0.857447,12.562727,10.771876
72,0,7,13,0.955802,0.792480,0.775207,6.482299,5.025124
72,0,7,14,0.980193,0.733364,0.742686,5.492191,4.078971
72,0,7,15,0.753828,0.540003,0.207285,2.787161,0.577735
72,0,8,0,0.940377,0.924787,0.936177,3.847917,3.602331
72,0,8,1,0.951500,0.803502,0.728547,5.637702,4.107328
72,0,8,2,0.908535,0.692673,0.588057,4.070229,2.393526
72,0,8,3,0.961016,0.800068,0.749568,6.231818,4.671171
72,0,8,4,0.989687,1.022766,1.029402,13.262533,13.652479
72,0,8,5,0.515132,0.501451,4.591212,-0.320150,-1.469876
72,0,8,6,0.960665,0.946492,0.974333,4.552737,4.435883
72,0,8,7,0.984632,1.004424,1.029385,7.101447,7.310124
72,0,8,8,0.982395,0.968140,0.920306,5.166446,4.754710
72,0,8,9,0.960411,0.887726,0.835365,5.460443,4.561465
72,0,8,10,0.965223,0.866482,0.834521,6.705208,5.595636
72,0,8,11,0.974008,0.940859,0.930127,5.855045,5.445933
72,0,8,12,0.941099,0.840361,0.812409,4.547040,3.694058
72,0,8,13,0.973817,0.919890,0.883027,6.432611,5.680172
72,0,8,14,0.958805,0.930122,0.926270,4.831630,4.475393
72,0,8,15,0.717381,0.563318,0.373503,2.010965,0.751101
72,0,9,0,0.906593,0.810362,0.614674,3.303378,2.030499
72,0,9,1,0.751294,0.574275,0.165289,2.697459,0.445862
72,0,9,2,0.899546,0.822331,0.565109,2.321472,1.311884
72,0,9,3,0.973129,0.937728,0.913769,5.852244,5.347596
72,0,9,4,0.970574,0.962102,0.970894,6.349143,6.164346
72,0,9,5,0.963868,0.956162,0.993054,5.716533,5.676825
72,0,9,6,0.980537,0.964511,0.951837,8.235166,7.838534
72,0,9,7,0.980420,0.911941,0.881509,4.495148,3.962513
72,0,9,8,0.787606,0.509013,0.302255,2.677361,0.809246
72,0,9,9,0.968982,0.894922,0.826652,6.566079,5.427866
72,0,9,10,0.969098,0.823985,0.795517,7.837705,6.235025
72,0,9,11,0.965437,0.816696,0.753963,5.345919,4.030623
72,0,9,12,0.884559,0.633706,0.742473,6.794723,5.044899
72,0,9,13,0.908172,0.821487,0.631978,2.472304,1.562441
72,0,9,14,0.977237,0.950975,0.936842,6.331594,5.931705
72,0,9,15,0.990375,0.951013,0.917103,10.455790,9.589033
72,0,10,0,0.888191,0.655947,0.476762,4.967744,2.368434
72,0,10,1,0.994190,0.912674,0.917001,20.015705,18.354429
72,0,10,2,0.964411,0.872571,0.794728,5.169020,4.107966
72,0,10,3,0.979798,0.771259,0.737123,5.287687,3.897676
72,0,10,4,0.994082,0.910641,0.910446,7.061983,6.429555
72,0,10,5,0.988680,0.968213,0.977011,11.990938,11.715273
72,0,10,6,0.981520,0.852464,0.867335,12.464806,10.811168
72,0,10,7,0.988825,0.898903,0.878898,6.989023,6.142635
72,0,10,8,0.970449,0.930023,0.907061,7.213816,6.543374
72,0,10,9,0.939070,0.737687,0.774757,7.531012,5.834706
72,0,10,10,0.983131,0.838682,0.854100,13.482008,11.514988
72,0,10,11,0.974796,0.905534,0.864661,8.026487,6.940188
72,0,10,12,0.957715,0.806624,0.722214,5.082891,3.670937
72,0,10,13,0.989082,0.946848,0.951931,12.273781,11.683790
72,0,10,14,0.914153,0.690315,0.601287,5.430631,3.265366
72,0,10,15,0.958705,0.916992,0.902645,5.139384,4.639039
72,0,11,0,0.994945,0.996331,0.999856,8.831331,8.830060
72,0,11,1,0.989424,1.090099,1.098120,12.421110,13.639871
72,0,11,2,0.963360,0.964237,0.952402,5.296371,5.044272
72,0,11,3,0.478937,0.415064,-5.687280,0.235948,-1.341900
72,0,11,4,0.956524,0.778513,0.689178,4.722727,3.254802
72,0,11,5,0.959418,1.008295,1.031180,4.713152,4.860108
72,0,11,6,0.876833,0.635852,0.751456,8.143509,6.119491
72,0,11,7,0.915719,0.720200,0.651022,5.536128,3.604141
72,0,11,8,0.943947,0.867870,0.831552,4.430357,3.684071
72,0,11,9,0.991294,0.921929,0.909956,5.585270,5.082351
72,0,11,10,0.821848,0.643693,0.462029,3.133070,1.447569
72,0,11,11,0.980250,0.795128,0.769628,6.720035,5.171927
72,0,11,12,0.867526,0.604514,0.413263,4.996302,2.064785
72,0,11,13,0.989179,1.099170,1.105884,13.021203,14.399945
72,0,11,14,0.964757,0.988079,1.005231,5.368111,5.396192
72,0,11,15,0.988952,1.054718,1.059656,12.097904,12.819612
72,0,12,0,0.970291,1.257183,1.383667,-2.100874,-2.906909
72,0,12,1,0.978444,0.955218,0.979904,10.941811,10.721925
72,0,12,2,0.916016,0.915358,1.142092,2.256820,2.577497
72,0,12,3,0.998560,1.078768,1.079708,-3.454572,-3.729929
72,0,12,4,0.942358,0.952700,1.067424,3.797318,4.053347
72,0,12,5,0.847947,0.786401,0.775026,3.490265,2.705045
72,0,12,6,0.896246,0.878153,1.038362,2.131881,2.213664
72,0,12,7,0.897833,0.752237,0.695460,5.578591,3.879685
72,0,12,8,0.883792,0.712524,0.649536,5.161293,3.352448
72,0,12,9,0.984402,1.117017,1.134445,8.984898,10.192873
72,0,12,10,0.988016,0.892375,0.879309,4.515993,3.970953
72,0,12,11,0.908926,0.799820,0.809926,5.035329,4.078245
72,0,12,12,0.932080,0.985523,1.026673,5.080724,5.216242
72,0,12,13,0.867808,0.582325,0.687006,4.641117,3.188476
72,0,12,14,0.916536,0.846149,0.851194,5.914201,5.034130
72,0,12,15,0.753715,0.610942,0.484663,4.225684,2.048032
72,0,13,0,0.768234,0.566790,0.528709,5.591240,2.956137
72,0,13,1,0.889324,0.782273,0.762935,4.958959,3.783363
72,0,13,2,0.877340,0.803911,0.755381,2.086222,1.575892
72,0,13,3,0.864198,0.730035,0.719652,4.919578,3.540382
72,0,13,4,0.973524,0.798846,0.825467,10.207734,8.426145
72,0,13,5,0.985337,0.687652,0.689967,5.825948,4.019711
72,0,13,6,0.982942,1.028423,1.035089,9.181427,9.503596
72,0,13,7,0.843167,0.712028,0.518731,2.784429,1.444370
72,0,13,8,0.806241,0.635888,0.284630,3.162282,0.900079
72,0,13,9,0.856483,0.749035,0.739630,4.416069,3.266258
72,0,13,10,0.860286,0.801083,0.826040,3.750881,3.098379
72,0,13,11,0.839361,0.629506,0.611924,6.533503,3.998006
72,0,13,12,0.876505,0.681969,0.664596,5.766342,3.832290
72,0,13,13,0.757462,0.692734,-1.811711,0.366737,-0.664422
72,0,13,14,0.876674,0.723934,0.706333,5.717083,4.038167
72,0,13,15,0.976726,1.319860,1.415683,-1.642725,-2.325578
72,0,14,0,0.830252,0.698563,0.563935,3.131160,1.765772
72,0,14,1,0.971541,0.829953,0.806462,9.913143,7.994570
72,0,14,2,0.923687,0.814365,0.844756,5.949067,5.025512
72,0,14,3,0.834978,0.742865,0.624506,2.485224,1.552037
72,0,14,4,0.928278,0.810933,0.847571,6.678301,5.660336
72,0,14,5,0.603610,0.453528,0.047731,2.392174,0.114181
72,0,14,6,0.825162,0.704127,0.573479,2.880295,1.651789
72,0,14,7,0.940489,0.679016,0.646229,6.047560,3.908106
72,0,14,8,0.907409,0.784763,0.769240,4.096084,3.150873
72,0,14,9,0.778924,0.735848,0.777363,1.945375,1.512263
72,0,14,10,0.612333,0.462761,-0.079864,2.005636,-0.160178
72,0,14,11,0.892686,0.822915,0.920318,3.992397,3.674276
72,0,14,12,0.914441,0.842223,0.846096,3.410769,2.885838
72,0,14,13,0.827631,0.737704,0.662727,2.559677,1.696368
72,0,14,14,0.924771,0.807226,0.835615,5.496079,4.592607
72,0,14,15,0.854675,0.844832,1.047851,2.520186,2.640779
72,0,15,0,0.976078,0.965966,0.988341,4.904754,4.847568
72,0,15,1,0.956966,0.899702,0.841877,3.378516,2.844294
72,0,15,2,0.968051,0.816735,0.763464,5.430910,4.146303
72,0,15,3,0.968054,0.900606,0.879982,4.035677,3.551322
72,0,15,4,0.996199,1.008933,1.012726,-3.203360,-3.244125
72,0,15,5,0.967212,0.922193,0.966653,4.228118,4.087122
72,0,15,6,0.801071,1.050374,1.812208,0.900908,1.632632
72,0,15,7,0.946081,0.828094,0.749225,3.835837,2.873903
72,0,15,8,0.951013,0.917310,0.948883,4.376866,4.153133
72,0,15,9,0.971177,0.900995,0.870266,4.595104,3.998961
72,0,15,10,0.932624,0.983970,1.069748,-1.304627,-1.395622
72,0,15,11,0.964484,0.834923,0.796321,4.905025,3.905974
72,0,15,12,0.984189,1.076458,1.045002,6.451183,6.741501
72,0,15,13,0.851527,0.652154,0.406978,3.226032,1.312922
72,0,15,14,0.896523,0.696460,0.609371,3.804822,2.318548
72,0,15,15,0.579365,0.456036,-0.095263,2.439045,-0.232352
291,0,0,0,0.799788,0.811950,0.954259,0.554490,0.529127
291,0,0,1,0.963040,0.924937,0.846765,-0.680927,-0.576585
291,0,0,2,0.946748,0.783174,0.499235,0.688218,0.343582
291,0,0,3,0.953377,1.104889,1.344755,-1.353675,-1.820361
291,0,0,4,0.824572,0.847183,12.356418,-0.041138,-0.508315
291,0,0,5,0.768270,0.729738,-0.338968,0.785572,-0.266283
291,0,0,6,0.928660,0.970187,0.611635,1.060045,0.648361
291,0,0,7,0.987876,1.015965,1.046675,-1.811180,-1.895717
291,0,0,8,0.948673,0.810052,0.772858,1.628998,1.258984
291,0,0,9,0.861853,0.954521,-6.542438,0.063378,-0.414646
291,0,0,10,0.942273,0.770022,0.627210,0.839327,0.526434
291,0,0,11,0.799867,0.862636,1.488992,0.504285,0.750876
291,0,0,12,0.913238,0.581732,0.552022,2.640393,1.457556
291,0,0,13,0.973839,1.041208,1.170593,-1.494676,-1.749658
291,0,0,14,0.959415,0.814932,0.713425,0.971336,0.692975
291,0,0,15,0.993504,1.003763,1.017956,-1.491163,-1.517938
291,0,1,0,0.970472,1.009536,0.763856,0.395538,0.302134
291,0,1,1,0.982620,0.942668,0.941466,1.704523,1.604751
291,0,1,2,0.957835,0.835487,0.874173,1.826007,1.596246
291,0,1,3,0.892085,1.035385,2.286783,0.364373,0.833242
291,0,1,4,0.923498,0.689383,0.670109,1.121240,0.751353
291,0,1,5,0.899614,1.083890,1.431139,1.104319,1.580435
291,0,1,6,0.990142,0.979649,0.990176,2.547413,2.522387
291,0,1,7,0.952306,0.958544,1.030942,0.574924,0.592713
291,0,1,8,0.901562,1.004365,1.278296,0.371749,0.475205
291,0,1,9,0.940039,0.954609,-2.369471,-0.045562,0.107958
291,0,1,10,0.938672,0.958276,0.773257,0.948838,0.733695
291,0,1,11,0.959523,0.987288,0.779451,1.025276,0.799152
291,0,1,12,0.929098,0.987145,1.851125,-0.229337,-0.424531
291,0,1,13,0.960308,0.780429,0.739308,2.118938,1.566547
291,0,1,14,0.227418,0.200104,1.383193,-0.299959,-0.414902
291,0,1,15,0.959499,0.944773,1.032661,4.228385,4.366488
291,0,2,0,0.955069,0.958372,0.865285,2.062206,1.784396
291,0,2,1,0.956779,0.898696,0.856404,1.423131,1.218775
291,0,2,2,0.956513,1.017967,1.104040,0.215033,0.237405
291,0,2,3,0.962534,1.030439,1.208288,0.235530,0.284588
291,0,2,4,0.820424,0.580519,0.638043,1.364068,0.870335
291,0,2,5,0.970676,0.838601,0.834198,5.016547,4.184795
291,0,2,6,0.946261,1.029196,0.949512,1.265481,1.201589
291,0,2,7,0.952324,1.003442,0.902839,0.324069,0.292582
291,0,2,8,0.915695,0.715567,0.766513,1.274438,0.976873
291,0,2,9,0.973254,0.896926,0.846614,4.149866,3.513332
291,0,2,10,0.907355,0.975167,1.281461,0.391369,0.501524
291,0,2,11,0.971022,0.908196,0.937309,2.599430,2.436471
291,0,2,12,0.958056,1.019744,1.260471,0.236095,0.297591
291,0,2,13,0.884966,0.754509,0.601063,1.137553,0.683741
291,0,2,14,0.915166,0.940002,1.958730,-0.283330,-0.554967
291,0,2,15,0.943525,1.028593,1.243189,0.228195,0.283690
291,0,3,0,0.784072,0.668846,0.408086,2.118165,0.864393
291,0,3,1,0.950899,0.926071,0.778313,2.257440,1.756995
291,0,3,2,0.915522,0.924055,0.397162,0.967384,0.384208
291,0,3,3,0.942923,0.958134,0.404550,0.851020,0.344280
291,0,3,4,0.919290,0.891940,0.745706,2.466525,1.839303
291,0,3,5,0.972533,0.883597,0.938396,2.922410,2.742376
291,0,3,6,0.954911,0.979211,0.844093,1.767690,1.492094
291,0,3,7,0.943620,0.938224,0.950549,0.815492,0.775165
291,0,3,8,0.992429,0.996082,1.000732,8.303361,8.309438
291,0,3,9,0.973864,0.857555,0.889812,3.666960,3.262904
291,0,3,10,0.909441,0.889235,0.641278,2.425613,1.555491
291,0,3,11,0.828804,0.972145,1.500942,0.691419,1.037780
291,0,3,12,0.967978,0.833575,0.837170,3.389765,2.837808
291,0,3,13,0.967772,0.889160,0.923161,8.324193,7.684568
291,0,3,14,0.909393,0.924408,0.622755,1.069200,0.665850
291,0,3,15,0.965323,0.970894,0.821449,2.174999,1.786650
291,0,4,0,0.964843,0.937287,0.904410,2.489450,2.251484
291,0,4,1,0.932014,0.942848,0.742009,2.336644,1.733810
291,0,4,2,0.956918,0.996432,1.047398,0.696710,0.729733
291,0,4,3,0.965577,1.034047,1.102366,2.325242,2.563268
291,0,4,4,0.965065,0.872566,0.877703,4.021416,3.529610
291,0,4,5,0.946238,1.012075,1.122021,1.919569,2.153797
291,0,4,6,0.922527,0.964746,1.019410,1.666743,1.699095
291,0,4,7,0.972691,0.956900,0.765074,1.680958,1.286057
291,0,4,8,0.866691,0.525210,0.542915,0.860768,0.467324
291,0,4,9,0.959283,1.004814,0.882442,0.663823,0.585785
291,0,4,10,0.979332,0.862328,0.876023,8.257911,7.234117
291,0,4,11,0.967256,0.964562,1.056842,3.751258,3.964486
291,0,4,12,0.945723,0.943823,0.816710,1.634893,1.335233
291,0,4,13,0.938826,0.798004,0.830163,4.223193,3.505938
291,0,4,14,0.970633,0.980821,0.773129,1.372359,1.061010
291,0,4,15,0.945018,1.015186,1.134273,1.438060,1.631153
291,0,5,0,0.987708,0.897752,0.908331,12.512113,11.365145
291,0,5,1,0.878019,0.630000,0.472913,4.349504,2.056937
291,0,5,2,0.974182,0.783127,0.801783,9.038631,7.247017
291,0,5,3,0.974871,0.918821,0.817301,3.221435,2.632882
291,0,5,4,0.989930,0.978400,0.988788,9.528893,9.422054
291,0,5,5,0.983605,0.912337,0.915407,8.873640,8.122993
291,0,5,6,0.994167,0.990224,0.998965,15.841242,15.824839
291,0,5,7,0.899455,0.886529,0.871966,2.971657,2.591184
291,0,5,8,0.921643,0.882480,0.854272,3.752767,3.205883
291,0,5,9,0.954098,0.921265,0.926359,4.200758,3.891409
291,0,5,10,0.942862,0.805889,0.737078,5.271791,3.885723
291,0,5,11,0.946656,0.727793,0.772706,7.153056,5.527205
291,0,5,12,0.887003,0.622941,0.538004,2.598826,1.398179
291,0,5,13,0.985127,0.958092,0.912428,5.681623,5.184074
291,0,5,14,0.971527,0.792704,0.818130,7.713601,6.310730
291,0,5,15,0.871049,0.634286,0.574292,2.275806,1.306976
291,0,6,0,0.915477,0.792079,0.729671,3.664540,2.673909
291,0,6,1,0.946987,0.773338,0.714426,5.447205,3.891626
291,0,6,2,0.976120,0.895464,0.796741,5.066753,4.036890
291,0,6,3,0.872704,0.659516,0.684733,2.664045,1.824160
291,0,6,4,0.954627,0.931420,0.963447,5.417983,5.219940
291,0,6,5,0.926287,0.757296,0.636243,4.093721,2.604602
291,0,6,6,0.988570,0.867638,0.874549,13.426187,11.741862
291,0,6,7,0.982502,0.897153,0.900014,7.789845,7.010970
291,0,6,8,0.940523,0.809413,0.657546,5.029539,3.307155
291,0,6,9,0.990569,0.907572,0.894051,11.744445,10.500132
291,0,6,10,0.929766,0.890484,0.790214,2.562327,2.024787
291,0,6,11,0.929920,0.676092,0.745319,4.949477,3.688941
291,0,6,12,0.988529,0.906913,0.882082,11.840773,10.444535
291,0,6,13,0.724349,0.681934,-1.555279,0.453038,-0.704601
291,0,6,14,0.926478,0.822690,0.598785,2.843275,1.702511
291,0,6,15,0.958832,0.896201,0.838243,4.204928,3.524753
291,0,7,0,0.979649,0.907380,0.920364,9.727037,8.952415
291,0,7,1,0.953432,0.861933,0.845254,5.621692,4.751757
291,0,7,2,0.972863,0.961600,0.967751,3.394618,3.285147
291,0,7,3,0.970636,0.780302,0.793237,7.532377,5.974957
291,0,7,4,0.899735,0.623389,0.510859,5.457528,2.788025
291,0,7,5,0.897306,0.805353,0.797006,3.900236,3.108510
291,0,7,6,0.969276,0.839781,0.858273,8.957085,7.687627
291,0,7,7,0.952937,0.956281,0.998304,4.139899,4.132880
291,0,7,8,0.972785,0.987753,0.954376,6.885574,6.571427
291,0,7,9,0.989115,0.904583,0.904538,10.728112,9.703980
291,0,7,10,0.997160,0.967731,0.969072,25.910122,25.108767
291,0,7,11,0.983881,0.984161,1.005421,5.053003,5.080393
291,0,7,12,0.986216,0.865295,0.875626,12.776308,11.187263
291,0,7,13,0.951409,0.774858,0.753214,6.415990,4.832615
291,0,7,14,0.976883,0.762113,0.756902,5.139867,3.890374
291,0,7,15,0.749225,0.537878,0.155197,2.723637,0.422701
291,0,8,0,0.947470,0.924696,0.933048,4.291045,4.003751
291,0,8,1,0.951057,0.803469,0.731934,5.791814,4.239228
291,0,8,2,0.920134,0.717095,0.618891,4.009316,2.481329
291,0,8,3,0.958915,0.802347,0.749507,5.821109,4.362960
291,0,8,4,0.988278,1.022601,1.019266,10.631820,10.836657
291,0,8,5,0.629931,0.663954,2.488210,-0.663916,-1.651964
291,0,8,6,0.960816,0.928227,0.940140,4.665507,4.386230
291,0,8,7,0.981663,0.985632,1.006715,6.785029,6.830590
291,0,8,8,0.983654,0.967797,0.927418,5.337595,4.950179
291,0,8,9,0.957429,0.866876,0.806249,5.559556,4.482385
291,0,8,10,0.972972,0.864711,0.840294,7.210128,6.058625
291,0,8,11,0.971132,0.920588,0.907514,5.670464,5.146026
291,0,8,12,0.939065,0.834338,0.804019,4.582502,3.684417
291,0,8,13,0.981385,0.946156,0.930906,6.778607,6.310246
291,0,8,14,0.958917,0.938221,0.932807,5.016195,4.679143
291,0,8,15,0.692162,0.548025,0.350355,1.989601,0.697066
291,0,9,0,0.910934,0.813771,0.636272,3.422613,2.177712
291,0,9,1,0.782824,0.586867,0.254865,2.827252,0.720567
291,0,9,2,0.904762,0.810544,0.586590,2.565173,1.504704
291,0,9,3,0.977572,0.946621,0.936859,6.347676,5.946877
291,0,9,4,0.972520,1.005992,1.022658,5.959198,6.094224
291,0,9,5,0.966098,0.956981,0.988433,5.778315,5.711478
291,0,9,6,0.982142,0.968153,0.958598,8.498441,8.146587
291,0,9,7,0.985308,0.917437,0.891297,5.100891,4.546411
291,0,9,8,0.805753,0.524493,0.355660,2.830639,1.006746
291,0,9,9,0.971739,0.899823,0.846584,6.876847,5.821827
291,0,9,10,0.973114,0.836525,0.810983,7.874022,6.385700
291,0,9,11,0.963940,0.817062,0.745769,5.111639,3.812100
291,0,9,12,0.904241,0.716017,0.791731,6.180837,4.893559
291,0,9,13,0.923105,0.820078,0.664132,2.760630,1.833424
291,0,9,14,0.977496,0.936660,0.924962,6.544153,6.053092
291,0,9,15,0.991497,0.951126,0.919457,10.515454,9.668507
291,0,10,0,0.907830,0.687133,0.527180,4.952942,2.611094
291,0,10,1,0.993566,0.936054,0.941833,19.217705,18.099861
291,0,10,2,0.970940,0.894054,0.831009,5.483612,4.556930
291,0,10,3,0.980188,0.807060,0.767304,4.753495,3.647375
291,0,10,4,0.995171,0.919830,0.919379,7.220437,6.638319
291,0,10,5,0.987626,0.969200,0.971401,9.735287,9.456865
291,0,10,6,0.981040,0.878265,0.886069,10.338162,9.160320
291,0,10,7,0.986337,0.883523,0.855182,6.622561,5.663495
291,0,10,8,0.973423,0.925362,0.912780,7.428785,6.780846
291,0,10,9,0.970400,0.832339,0.852351,8.502923,7.247471
291,0,10,10,0.984149,0.879022,0.892653,13.465264,12.019802
291,0,10,11,0.975025,0.903282,0.867466,7.889864,6.844188
291,0,10,12,0.962179,0.817472,0.737190,5.265139,3.881406
291,0,10,13,0.989830,0.966826,0.972186,11.115097,10.805938
291,0,10,14,0.914769,0.684083,0.598211,5.580309,3.338202
291,0,10,15,0.965284,0.922474,0.915801,5.532260,5.066451
291,0,11,0,0.994244,1.016215,1.020772,8.024589,8.191272
291,0,11,1,0.985402,1.075982,1.084259,9.998193,10.840631
291,0,11,2,0.968907,0.964292,0.967586,5.543998,5.364292
291,0,11,3,0.479020,0.438947,-8.575656,0.165940,-1.423048
291,0,11,4,0.952916,0.764202,0.664170,4.919383,3.267305
291,0,11,5,0.958787,0.983269,1.009523,4.762284,4.807637
291,0,11,6,0.894516,0.702282,0.800101,7.275812,5.821385
291,0,11,7,0.917158,0.729180,0.671525,5.541471,3.721236
291,0,11,8,0.947425,0.881949,0.849590,4.276707,3.633448
291,0,11,9,0.985657,0.931464,0.902795,4.703892,4.246651
291,0,11,10,0.759481,0.587767,0.324849,2.819190,0.915811
291,0,11,11,0.970205,0.785742,0.743151,5.870016,4.362308
291,0,11,12,0.878363,0.613701,0.436741,5.160161,2.253652
291,0,11,13,0.985956,1.072497,1.076268,10.522528,11.325062
291,0,11,14,0.967593,0.986882,1.007047,5.369596,5.407438
291,0,11,15,0.987524,1.045415,1.049977,9.961947,10.459812
291,0,12,0,0.972978,1.242684,1.354732,-2.157423,-2.922731
291,0,12,1,0.974757,0.948272,0.966361,8.778923,8.483606
291,0,12,2,0.927955,0.910386,1.052567,2.580765,2.716429
291,0,12,3,0.998388,1.075758,1.076200,-3.512038,-3.779655
291,0,12,4,0.948075,0.950754,1.038283,4.049420,4.204445
291,0,12,5,0.842190,0.780883,0.773765,3.261112,2.523334
291,0,12,6,0.896953,0.869807,0.995027,2.125461,2.114891
291,0,12,7,0.909681,0.742901,0.690449,5.861815,4.047282
291,0,12,8,0.894195,0.724320,0.672075,5.212991,3.503519
291,0,12,9,0.981217,1.108657,1.128284,7.545940,8.513966
291,0,12,10,0.979687,0.901755,0.873247,3.762217,3.285343
291,0,12,11,0.919725,0.820353,0.845176,5.182825,4.380401
291,0,12,12,0.939759,0.989932,1.032349,5.285264,5.456237
291,0,12,13,0.854795,0.580895,0.649081,4.088170,2.653553
291,0,12,14,0.923113,0.838815,0.839523,5.923124,4.972599
291,0,12,15,0.765007,0.629235,0.498633,4.090574,2.039694
291,0,13,0,0.801189,0.575878,0.539069,5.858379,3.158073
291,0,13,1,0.887337,0.766257,0.731798,4.964142,3.632751
291,0,13,2,0.881713,0.802045,0.721651,2.164810,1.562237
291,0,13,3,0.872383,0.719743,0.700174,5.035204,3.525519
291,0,13,4,0.966151,0.820930,0.842403,8.902359,7.499370
291,0,13,5,0.971251,0.679072,0.665950,5.051459,3.364022
291,0,13,6,0.981441,1.021899,1.028210,7.969228,8.194037
291,0,13,7,0.822907,0.682581,0.429037,2.700910,1.158791
291,0,13,8,0.805001,0.626625,0.273890,3.207849,0.878599
291,0,13,9,0.842917,0.724687,0.691682,4.355731,3.012783
291,0,13,10,0.848658,0.785384,0.791290,3.606519,2.853803
291,0,13,11,0.854754,0.625922,0.605916,6.750386,4.090166
291,0,13,12,0.882113,0.676386,0.647493,5.928106,3.838405
291,0,13,13,0.766049,0.695830,-1.291265,0.454038,-0.586283
291,0,13,14,0.882978,0.723734,0.709978,5.841994,4.147687
291,0,13,15,0.982565,1.281628,1.352699,-1.830885,-2.476635
291,0,14,0,0.838647,0.713420,0.592478,3.126896,1.852618
291,0,14,1,0.976382,0.853106,0.832756,10.024708,8.348135
291,0,14,2,0.920263,0.804538,0.826342,5.919864,4.891834
291,0,14,3,0.826938,0.745406,0.589233,2.351376,1.385507
291,0,14,4,0.924891,0.805503,0.838672,6.599981,5.535220
291,0,14,5,0.624457,0.456075,0.082372,2.500215,0.205948
291,0,14,6,0.819959,0.704921,0.547201,2.794787,1.529311
291,0,14,7,0.936218,0.665569,0.622228,6.012313,3.741030
291,0,14,8,0.911034,0.781852,0.755074,4.113157,3.105736
291,0,14,9,0.775985,0.731980,0.738218,1.889860,1.395128
291,0,14,10,0.633555,0.489686,-0.080046,1.920810,-0.153752
291,0,14,11,0.886534,0.798698,0.870515,3.853279,3.354338
291,0,14,12,0.912463,0.828266,0.791797,3.334841,2.640517
291,0,14,13,0.819765,0.738306,0.648301,2.472999,1.603247
291,0,14,14,0.924873,0.803189,0.826202,5.501225,4.545121
291,0,14,15,0.849070,0.830880,1.012479,2.468534,2.499338
291,0,15,0,0.976878,0.962587,0.979936,4.933990,4.834994
291,0,15,1,0.959706,0.900368,0.840205,3.424613,2.877377
291,0,15,2,0.968672,0.821515,0.768092,5.417311,4.160995
291,0,15,3,0.968751,0.896128,0.870316,4.139551,3.602718
291,0,15,4,0.996687,1.011792,1.014675,-3.312124,-3.360729
291,0,15,5,0.969573,0.927819,0.967966,4.402430,4.261402
291,0,15,6,0.815746,1.106817,1.950964,0.862015,1.681759
291,0,15,7,0.940906,0.817614,0.711410,3.712261,2.640938
291,0,15,8,0.948478,0.897716,0.915005,4.327568,3.959744
291,0,15,9,0.968648,0.893699,0.844224,4.424527,3.735290
291,0,15,10,0.946148,0.974842,1.010016,-1.520506,-1.535735
291,0,15,11,0.964138,0.828448,0.784714,4.976692,3.905281
291,0,15,12,0.983086,1.073313,1.036201,6.198616,6.423015
291,0,15,13,0.884976,0.701037,0.510796,3.258775,1.664569
291,0,15,14,0.925305,0.756994,0.700398,4.067247,2.848692
291,0,15,15,0.648962,0.504563,0.001444,2.456390,0.003546
980,1,0,0,0.799101,0.811206,0.890213,0.426496,0.379672
980,1,0,1,0.964752,0.930387,0.794358,-0.822273,-0.653179
980,1,0,2,0.922286,0.875857,3.776523,-0.138669,-0.523688
980,1,0,3,0.974870,1.022008,1.105923,-1.592659,-1.761357
980,1,0,4,0.939954,0.951659,1.096461,-1.035612,-1.135508
980,1,0,5,0.814955,0.722061,0.195780,1.439814,0.281887
980,1,0,6,0.932281,0.968756,0.707855,1.192181,0.843892
980,1,0,7,0.988904,1.042518,1.063012,-1.763413,-1.874529
980,1,0,8,0.977783,0.891113,0.875683,2.119373,1.855899
980,1,0,9,0.974694,1.040493,1.155710,-1.289547,-1.490343
980,1,0,10,0.990109,0.808028,0.810859,3.413350,2.767745
980,1,0,11,0.799750,0.854896,1.631832,0.373633,0.609706
980,1,0,12,0.864786,0.522447,0.473664,2.093943,0.991825
980,1,0,13,0.954244,1.063198,1.572229,-0.768588,-1.208396
980,1,0,14,0.965579,1.040238,1.188320,-1.230660,-1.462417
980,1,0,15,0.993817,0.996710,1.004422,-1.460677,-1.467136
980,1,1,0,0.970952,0.995793,0.820285,0.072594,0.059547
980,1,1,1,0.994228,0.991035,0.988966,3.327715,3.290996
980,1,1,2,0.927191,0.780420,0.729036,0.884680,0.644963
980,1,1,3,0.896872,1.038288,2.691400,0.263450,0.709051
980,1,1,4,0.976498,0.848221,0.855297,2.226998,1.904744
980,1,1,5,0.897478,1.081630,1.409674,1.034160,1.457828
980,1,1,6,0.992498,0.981148,0.970100,2.705337,2.624448
980,1,1,7,0.954009,0.957322,1.056673,0.643917,0.680409
980,1,1,8,0.903396,1.007013,1.424540,0.277427,0.395206
980,1,1,9,0.933969,0.917389,-1.043640,-0.174413,0.182024
980,1,1,10,0.949031,0.963026,1.000916,1.336463,1.337688
980,1,1,11,0.962142,0.985123,0.822895,0.931541,0.766561
980,1,1,12,0.959307,1.072691,1.294110,-0.876715,-1.134565
980,1,1,13,0.954463,0.807783,0.646507,0.937155,0.605878
980,1,1,14,0.413923,0.326623,0.920811,0.648548,0.597191
980,1,1,15,0.953317,0.933845,1.028865,3.773726,3.882656
980,1,2,0,0.958111,0.960091,0.915154,2.022902,1.851266
980,1,2,1,0.986093,0.920036,0.920673,2.575260,2.370973
980,1,2,2,0.956937,1.010852,1.157166,0.261188,0.302238
980,1,2,3,0.962260,1.022179,1.465113,0.262691,0.384871
980,1,2,4,0.849334,0.615322,0.640776,1.206996,0.773414
980,1,2,5,0.972683,0.820057,0.812995,4.567045,3.712984
980,1,2,6,0.948509,1.034228,1.017659,1.360752,1.384782
980,1,2,7,0.952286,1.000498,1.224741,0.364664,0.446619
980,1,2,8,0.834544,0.644490,0.275257,0.427542,0.117684
980,1,2,9,0.964953,0.896364,0.822826,3.480620,2.863943
980,1,2,10,0.909374,0.985625,1.517099,0.474301,0.719561
980,1,2,11,0.974603,0.863810,0.838531,2.369237,1.986679
980,1,2,12,0.958612,1.011393,1.346885,0.245469,0.330618
980,1,2,13,0.900680,0.864205,0.410361,0.500358,0.205327
980,1,2,14,0.929024,0.945165,1.525177,-0.476289,-0.726425
980,1,2,15,0.945392,1.019243,2.179225,0.135940,0.296243
980,1,3,0,0.811429,0.673159,0.436193,2.319552,1.011771
980,1,3,1,0.959212,0.928750,0.843140,2.395240,2.019522
980,1,3,2,0.921096,0.933238,0.401415,0.790724,0.317409
980,1,3,3,0.943896,0.948339,0.309720,0.771546,0.238964
980,1,3,4,0.930398,0.913197,0.807179,2.314365,1.868107
980,1,3,5,0.975811,0.897906,0.942538,2.873014,2.707925
980,1,3,6,0.964425,0.974588,0.931889,2.110384,1.966643
980,1,3,7,0.944600,0.940258,0.946243,0.786756,0.744462
980,1,3,8,0.994933,0.995269,0.999653,9.185508,9.182324
980,1,3,9,0.969353,0.839417,0.861135,3.033033,2.611850
980,1,3,10,0.905473,0.869946,0.620902,2.502669,1.553912
980,1,3,11,0.818926,0.977194,1.812568,0.576659,1.045233
980,1,3,12,0.972941,0.865025,0.828076,3.249650,2.690958
980,1,3,13,0.969480,0.871774,0.879139,7.167433,6.301173
980,1,3,14,0.922340,0.933690,0.645725,1.075993,0.694795
980,1,3,15,0.971408,0.984467,0.873898,2.120321,1.852944
980,1,4,0,0.963573,0.920984,0.837365,2.484700,2.080601
980,1,4,1,0.915248,0.901933,0.606651,2.170877,1.316965
980,1,4,2,0.962864,0.998795,1.034862,0.908443,0.940113
980,1,4,3,0.961438,1.008299,1.033458,1.938145,2.002991
980,1,4,4,0.977027,0.894090,0.895319,4.545996,4.070118
980,1,4,5,0.943272,0.990531,1.085242,1.407074,1.527016
980,1,4,6,0.933917,0.979412,1.063922,1.692352,1.800530
980,1,4,7,0.975093,0.961067,0.783843,1.686270,1.321770
980,1,4,8,0.885774,0.546032,0.586635,1.030833,0.604723
980,1,4,9,0.963259,0.996827,0.889892,0.744815,0.662805
980,1,4,10,0.981627,0.871075,0.860685,7.552248,6.500106
980,1,4,11,0.956619,0.942180,1.059595,2.763736,2.928442
980,1,4,12,0.953992,0.954147,0.847738,1.648798,1.397748
980,1,4,13,0.977900,0.871033,0.877846,5.710981,5.013361
980,1,4,14,0.971950,0.987016,0.793828,1.357688,1.077771
980,1,4,15,0.945741,0.998487,1.084676,1.042593,1.130875
980,1,5,0,0.990304,0.899038,0.905453,12.207514,11.053325
980,1,5,1,0.930125,0.695933,0.608305,4.772509,2.903142
980,1,5,2,0.976203,0.798884,0.793577,8.451664,6.707048
980,1,5,3,0.968175,0.908534,0.752563,2.889712,2.174691
980,1,5,4,0.994533,0.976129,0.981426,10.852057,10.650486
980,1,5,5,0.987967,0.931715,0.924080,9.429474,8.713591
980,1,5,6,0.994888,0.972951,0.978800,16.164309,15.821618
980,1,5,7,0.912314,0.931370,0.967572,3.117604,3.016505
980,1,5,8,0.896173,0.870571,0.810819,2.957258,2.397800
980,1,5,9,0.961233,0.877472,0.854641,5.076471,4.338560
980,1,5,10,0.948447,0.821069,0.759683,5.024353,3.816916
980,1,5,11,0.932399,0.700475,0.712262,6.030764,4.295483
980,1,5,12,0.896844,0.640152,0.512631,2.751199,1.410349
980,1,5,13,0.983629,0.959558,0.899280,5.089288,4.576693
980,1,5,14,0.974752,0.815476,0.814450,7.574586,6.169123
980,1,5,15,0.837871,0.614443,0.446445,1.874737,0.836968
980,1,6,0,0.866971,0.773231,0.602284,2.485078,1.496723
980,1,6,1,0.946841,0.775011,0.716722,5.512144,3.950676
980,1,6,2,0.978034,0.898181,0.805236,5.039144,4.057703
980,1,6,3,0.901418,0.677669,0.716326,3.059972,2.191939
980,1,6,4,0.955596,0.924070,0.949737,5.491774,5.215739
980,1,6,5,0.912643,0.764385,0.610854,3.667604,2.240371
980,1,6,6,0.987113,0.867182,0.861783,12.392968,10.680044
980,1,6,7,0.986265,0.922919,0.933914,8.550868,7.985771
980,1,6,8,0.945463,0.829346,0.672310,4.888387,3.286510
980,1,6,9,0.991042,0.905697,0.884375,10.350586,9.153799
980,1,6,10,0.905840,0.894845,0.581950,1.734922,1.009638
980,1,6,11,0.947114,0.740219,0.785589,5.153043,4.048176
980,1,6,12,0.988862,0.909525,0.879826,12.302938,10.824443
980,1,6,13,0.725686,0.667626,-0.769236,0.627280,-0.482526
980,1,6,14,0.941774,0.851842,0.728164,3.020465,2.199395
980,1,6,15,0.956137,0.878886,0.771381,4.170070,3.216711
980,1,7,0,0.983096,0.917712,0.932006,10.603470,9.882496
980,1,7,1,0.926588,0.822251,0.763360,4.594767,3.507460
980,1,7,2,0.977402,0.967366,0.958398,3.534117,3.387091
980,1,7,3,0.965399,0.750449,0.739460,6.887497,5.093029
980,1,7,4,0.829687,0.564745,0.353262,4.454357,1.573556
980,1,7,5,0.874023,0.785798,0.753543,3.359537,2.531555
980,1,7,6,0.972791,0.841942,0.831344,9.350016,7.773083
980,1,7,7,0.942613,0.942961,0.980371,3.798044,3.723494
980,1,7,8,0.955815,0.903091,0.838507,6.596815,5.531475
980,1,7,9,0.991223,0.885168,0.879013,11.547131,10.150080
980,1,7,10,0.997497,0.964958,0.966609,26.321602,25.442694
980,1,7,11,0.985351,1.038409,1.086021,5.281578,5.735903
980,1,7,12,0.981878,0.866072,0.875660,11.989307,10.498553
980,1,7,13,0.950300,0.784360,0.757890,6.680192,5.062852
980,1,7,14,0.961703,0.746573,0.688502,4.371959,3.010102
980,1,7,15,0.719694,0.562156,-0.085634,2.000543,-0.171315
980,1,8,0,0.910257,0.884257,0.840195,3.161863,2.656583
980,1,8,1,0.950306,0.787802,0.718326,5.943202,4.269154
980,1,8,2,0.909984,0.674226,0.553002,3.969568,2.195180
980,1,8,3,0.944800,0.786750,0.705891,4.985784,3.519422
980,1,8,4,0.990165,0.998378,0.988607,11.278629,11.150129
980,1,8,5,0.718400,0.763022,2.714771,-0.605002,-1.642441
980,1,8,6,0.934423,0.861618,0.816096,3.707043,3.025303
980,1,8,7,0.979451,0.973433,0.990196,6.328136,6.266093
980,1,8,8,0.985199,0.960784,0.922752,5.537849,5.110061
980,1,8,9,0.966127,0.883570,0.844642,5.765533,4.869809
980,1,8,10,0.972019,0.879425,0.865694,6.919475,5.990146
980,1,8,11,0.971827,0.941172,0.946847,5.594336,5.296981
980,1,8,12,0.907428,0.792078,0.713756,3.825617,2.730557
980,1,8,13,0.975605,0.926856,0.877929,6.292248,5.524148
980,1,8,14,0.945589,0.915875,0.897950,4.443130,3.989710
980,1,8,15,0.677394,0.527292,0.190657,1.783357,0.340009
980,1,9,0,0.929916,0.857076,0.755563,3.402103,2.570503
980,1,9,1,0.753736,0.611129,0.009805,2.123450,0.020821
980,1,9,2,0.932872,0.831694,0.704080,2.985610,2.102108
980,1,9,3,0.964214,0.899174,0.864666,5.470584,4.730229
980,1,9,4,0.963214,0.940354,0.940943,5.382663,5.064781
980,1,9,5,0.973489,0.966150,0.990884,6.252814,6.195815
980,1,9,6,0.981508,0.971310,0.977463,8.287818,8.101036
980,1,9,7,0.992459,0.952095,0.938532,6.119712,5.743543
980,1,9,8,0.767365,0.503611,0.202857,2.661561,0.539915
980,1,9,9,0.976667,0.892875,0.841985,7.263070,6.115396
980,1,9,10,0.977200,0.855872,0.832914,7.882548,6.565483
980,1,9,11,0.949187,0.816281,0.674635,3.645288,2.459240
980,1,9,12,0.919389,0.724190,0.770568,6.523027,5.026434
980,1,9,13,0.947274,0.837542,0.758526,3.246795,2.462778
980,1,9,14,0.971479,0.930075,0.905663,5.455047,4.940436
980,1,9,15,0.990451,0.933366,0.891593,10.122720,9.025345
980,1,10,0,0.909185,0.671249,0.522746,5.105221,2.668734
980,1,10,1,0.994283,0.920322,0.925551,19.903667,18.421854
980,1,10,2,0.980661,0.933145,0.893721,5.939724,5.308453
980,1,10,3,0.962528,0.773487,0.672774,4.065192,2.734954
980,1,10,4,0.996197,0.905105,0.902582,7.560794,6.824239
980,1,10,5,0.986080,0.924541,0.913545,9.677223,8.840583
980,1,10,6,0.976999,0.851495,0.843152,9.494278,8.005123
980,1,10,7,0.984142,0.867006,0.819436,5.407942,4.431460
980,1,10,8,0.973083,0.920146,0.897701,7.039954,6.319776
980,1,10,9,0.967438,0.822507,0.836119,8.083797,6.759014
980,1,10,10,0.982640,0.847463,0.859164,13.243217,11.378100
980,1,10,11,0.983061,0.915488,0.893336,8.474245,7.570352
980,1,10,12,0.968970,0.840250,0.770479,5.260090,4.052792
980,1,10,13,0.991067,0.958429,0.960995,11.167397,10.731812
980,1,10,14,0.904756,0.666378,0.561029,5.172998,2.902200
980,1,10,15,0.961398,0.913844,0.901490,4.953452,4.465489
980,1,11,0,0.993476,0.995922,0.994563,7.509124,7.468300
980,1,11,1,0.989111,1.027870,1.022704,9.266225,9.476604
980,1,11,2,0.964519,0.919299,0.886010,5.534676,4.903779
980,1,11,3,0.649605,0.509813,-1.053262,0.663429,-0.698765
980,1,11,4,0.942591,0.737683,0.593925,4.816164,2.860440
980,1,11,5,0.952603,0.962199,0.989347,4.478786,4.431072
980,1,11,6,0.917403,0.711308,0.781034,7.395910,5.776458
980,1,11,7,0.896502,0.689180,0.614555,5.144905,3.161829
980,1,11,8,0.956629,0.870138,0.839861,4.474211,3.757713
980,1,11,9,0.982739,0.889643,0.818474,4.130390,3.380618
980,1,11,10,0.690777,0.521493,0.201669,2.895577,0.583948
980,1,11,11,0.970675,0.783717,0.731180,5.719543,4.182017
980,1,11,12,0.890714,0.612604,0.459736,5.274752,2.424993
980,1,11,13,0.990965,1.045750,1.044018,10.709122,11.180512
980,1,11,14,0.968032,0.973522,0.999383,5.316944,5.313665
980,1,11,15,0.989727,1.023787,1.018762,9.807774,9.991792
980,1,12,0,0.968349,1.223082,1.354316,-2.087110,-2.826606
980,1,12,1,0.976006,0.930732,0.931088,8.795596,8.189478
980,1,12,2,0.893449,0.841098,0.749355,1.555747,1.165807
980,1,12,3,0.998901,1.082840,1.083665,-3.502525,-3.795563
980,1,12,4,0.930896,0.881205,0.923338,3.365654,3.107636
980,1,12,5,0.869428,0.791830,0.810584,3.369991,2.731660
980,1,12,6,0.885225,0.831356,0.883135,1.777014,1.569344
980,1,12,7,0.883543,0.682765,0.617176,5.698194,3.516791
980,1,12,8,0.893484,0.715931,0.677105,5.078207,3.438478
980,1,12,9,0.987380,1.080790,1.092197,7.872623,8.598454
980,1,12,10,0.974400,0.862510,0.770792,3.130939,2.413304
980,1,12,11,0.898239,0.765898,0.790902,4.574473,3.617961
980,1,12,12,0.932749,0.958895,1.006689,4.694124,4.725523
980,1,12,13,0.906602,0.684492,0.700136,4.012558,2.809336
980,1,12,14,0.922413,0.800414,0.803049,5.825447,4.678118
980,1,12,15,0.764359,0.628729,0.522378,3.853920,2.013202
980,1,13,0,0.743417,0.521457,0.454925,5.137619,2.337234
980,1,13,1,0.901945,0.763403,0.733655,5.345237,3.921557
980,1,13,2,0.892464,0.818042,0.810136,2.546565,2.063064
980,1,13,3,0.848603,0.682016,0.634156,4.632806,2.937921
980,1,13,4,0.978689,0.830403,0.835454,9.984893,8.341917
980,1,13,5,0.958609,0.675108,0.613126,4.590061,2.814286
980,1,13,6,0.987925,0.988345,0.987673,8.510774,8.405864
980,1,13,7,0.817025,0.647875,0.404119,2.899030,1.171554
980,1,13,8,0.850240,0.661080,0.426593,3.408876,1.454204
980,1,13,9,0.865096,0.718110,0.694854,4.808600,3.341274
980,1,13,10,0.865902,0.792058,0.828505,3.958466,3.279608
980,1,13,11,0.761687,0.546098,0.496093,5.759791,2.857390
980,1,13,12,0.856698,0.648307,0.608690,5.437597,3.309808
980,1,13,13,0.774394,0.670950,-0.400184,0.724675,-0.290003
980,1,13,14,0.832925,0.646729,0.608177,5.333317,3.243601
980,1,13,15,0.982463,1.263883,1.357003,-1.739064,-2.359915
980,1,14,0,0.844135,0.738011,0.532337,2.614089,1.391577
980,1,14,1,0.985338,0.913609,0.898564,10.411290,9.355207
980,1,14,2,0.926887,0.802622,0.813899,5.938294,4.833173
980,1,14,3,0.862382,0.771121,0.656739,2.587827,1.699526
980,1,14,4,0.902411,0.751056,0.763910,6.063580,4.632030
980,1,14,5,0.742543,0.495118,0.309456,2.807708,0.868863
980,1,14,6,0.811751,0.712956,0.430730,2.394514,1.031389
980,1,14,7,0.933081,0.667088,0.611372,5.800584,3.546314
980,1,14,8,0.920001,0.781276,0.735518,4.030428,2.964453
980,1,14,9,0.803777,0.751409,0.726889,1.915831,1.392596
980,1,14,10,0.687936,0.534459,0.029727,1.783341,0.053014
980,1,14,11,0.912007,0.838887,0.919884,4.137749,3.806249
980,1,14,12,0.920505,0.819638,0.754319,3.344102,2.522519
980,1,14,13,0.853212,0.791878,0.753530,2.521943,1.900361
980,1,14,14,0.891170,0.718600,0.693054,4.925052,3.413325
980,1,14,15,0.873882,0.827059,0.958360,2.743745,2.629494
980,1,15,0,0.978406,0.933215,0.928885,4.996093,4.640795
980,1,15,1,0.964153,0.895226,0.820359,3.547947,2.910589
980,1,15,2,0.978137,0.863912,0.826095,5.573622,4.604343
980,1,15,3,0.973703,0.913249,0.891552,4.338572,3.868063
980,1,15,4,0.997621,1.047596,1.050732,-3.458489,-3.633946
980,1,15,5,0.968142,0.917241,0.938850,4.287812,4.025611
980,1,15,6,0.798158,1.214564,2.649997,0.641614,1.700274
980,1,15,7,0.951342,0.846555,0.752780,3.764238,2.833642
980,1,15,8,0.962543,0.922355,0.938437,4.795481,4.500255
980,1,15,9,0.977463,0.934613,0.905899,4.387302,3.974454
980,1,15,10,0.955747,0.964852,1.000488,-1.606591,-1.607375
980,1,15,11,0.948434,0.784778,0.703420,4.690059,3.299079
980,1,15,12,0.977631,1.047807,0.985646,5.829776,5.746093
980,1,15,13,0.952630,0.844691,0.804309,3.535467,2.843609
980,1,15,14,0.972995,0.914755,0.923311,4.901133,4.525270
980,1,15,15,0.817293,0.602008,0.323676,2.580941,0.835388
437,1,0,0,0.800388,0.814323,0.868917,0.414729,0.360365
437,1,0,1,0.967238,0.920925,0.822009,-0.845707,-0.695178
437,1,0,2,0.945412,0.783118,0.317660,0.560096,0.177920
437,1,0,3,0.982621,0.999875,1.027029,-2.298257,-2.360378
437,1,0,4,0.881826,0.792513,-3.614994,0.047103,-0.170277
437,1,0,5,0.820414,0.797242,-0.233575,0.860158,-0.200911
437,1,0,6,0.931646,0.970953,0.683659,1.160234,0.793204
437,1,0,7,0.985667,1.049180,1.094561,-1.610970,-1.763306
437,1,0,8,0.958478,0.887167,0.860320,1.560029,1.342124
437,1,0,9,0.970598,1.084233,1.225679,-1.221871,-1.497622
437,1,0,10,0.982047,0.824873,0.812443,2.304618,1.872372
437,1,0,11,0.800126,0.853761,1.448629,0.429309,0.621910
437,1,0,12,0.845426,0.515320,0.435855,2.115604,0.922097
437,1,0,13,0.958667,1.042286,1.360183,-0.971451,-1.321352
437,1,0,14,0.966137,1.046417,1.174770,-1.137206,-1.335955
437,1,0,15,0.993469,0.993421,0.997548,-1.401272,-1.397836
437,1,1,0,0.971212,0.996222,0.766170,0.243674,0.186696
437,1,1,1,0.994044,0.979741,0.970593,3.125394,3.033485
437,1,1,2,0.938656,0.819552,0.832066,1.085292,0.903035
437,1,1,3,0.895525,1.036667,2.618327,0.277257,0.725951
437,1,1,4,0.979011,0.850755,0.856395,2.316621,1.983943
437,1,1,5,0.897897,1.084732,1.427440,1.036139,1.479027
437,1,1,6,0.987664,0.988151,0.961901,1.674513,1.610716
437,1,1,7,0.953714,0.959044,1.073227,0.700467,0.751760
437,1,1,8,0.902319,1.011559,1.360440,0.350584,0.476948
437,1,1,9,0.935579,0.932199,-2.743024,-0.084552,0.231928
437,1,1,10,0.945072,0.958561,0.926494,1.200593,1.112342
437,1,1,11,0.961569,0.983966,0.814483,1.008155,0.821126
437,1,1,12,0.929007,1.026961,1.503099,-0.437570,-0.657712
437,1,1,13,0.956724,0.805788,0.782889,1.509260,1.181583
437,1,1,14,0.256489,0.190200,0.819481,0.420888,0.344910
437,1,1,15,0.950764,0.931036,1.020689,3.591794,3.666106
437,1,2,0,0.958597,0.963398,0.907995,2.110435,1.916265
437,1,2,1,0.977501,0.927623,0.934735,2.183026,2.040552
437,1,2,2,0.956197,1.011845,1.041950,0.271040,0.282410
437,1,2,3,0.963886,1.025029,1.116613,0.277500,0.309860
437,1,2,4,0.882189,0.651887,0.665776,1.368100,0.910847
437,1,2,5,0.968853,0.845795,0.835788,4.512354,3.771372
437,1,2,6,0.948581,1.030554,0.987475,1.328360,1.311722
437,1,2,7,0.952594,0.999608,0.982304,0.411926,0.404637
437,1,2,8,0.845000,0.625734,0.436561,0.667844,0.291555
437,1,2,9,0.966923,0.879810,0.807499,3.827379,3.090604
437,1,2,10,0.909883,0.983030,1.328131,0.572624,0.760520
437,1,2,11,0.967583,0.888941,0.871030,2.066443,1.799934
437,1,2,12,0.957970,1.015094,1.143890,0.282235,0.322846
437,1,2,13,0.925612,0.838745,0.714228,1.118835,0.799103
437,1,2,14,0.913485,0.929325,1.824395,-0.338617,-0.617771
437,1,2,15,0.944414,1.022895,1.534469,0.187420,0.287589
437,1,3,0,0.792554,0.663721,0.391675,2.177242,0.852772
437,1,3,1,0.958924,0.928679,0.835217,2.453739,2.049406
437,1,3,2,0.916425,0.932323,0.286621,0.760061,0.217849
437,1,3,3,0.944164,0.945817,0.390287,0.825569,0.322209
437,1,3,4,0.924769,0.906067,0.784217,2.361885,1.852230
437,1,3,5,0.961139,0.873971,0.955602,2.143731,2.048553
437,1,3,6,0.961886,0.979172,0.921891,2.088900,1.925737
437,1,3,7,0.941993,0.945234,0.948051,0.788088,0.747148
437,1,3,8,0.988975,1.011981,1.023339,6.957438,7.119819
437,1,3,9,0.952197,0.790888,0.810597,2.558121,2.073605
437,1,3,10,0.904103,0.873851,0.615416,2.402555,1.478571
437,1,3,11,0.817700,0.978291,1.796760,0.591150,1.062155
437,1,3,12,0.959515,0.879318,0.799674,2.704912,2.163049
437,1,3,13,0.963503,0.852005,0.864101,7.546153,6.520636
437,1,3,14,0.914710,0.932845,0.550133,1.011453,0.556433
437,1,3,15,0.971456,0.976695,0.865825,2.289871,1.982627
437,1,4,0,0.965987,0.928082,0.882190,2.501992,2.207232
437,1,4,1,0.918763,0.919040,0.611430,2.034956,1.244233
437,1,4,2,0.957714,0.995486,0.971798,0.665374,0.646609
437,1,4,3,0.960988,1.006177,1.035447,2.043434,2.115867
437,1,4,4,0.969226,0.872313,0.877824,4.159374,3.651199
437,1,4,5,0.940032,0.998342,1.071010,1.387921,1.486477
437,1,4,6,0.927250,0.975264,1.055627,1.619970,1.710084
437,1,4,7,0.971461,0.958042,0.721855,1.572911,1.135414
437,1,4,8,0.903913,0.570996,0.536854,0.861172,0.462324
437,1,4,9,0.962053,1.002564,0.855769,0.734047,0.628175
437,1,4,10,0.981366,0.852716,0.852190,8.056176,6.865390
437,1,4,11,0.961662,0.946005,1.046611,3.131754,3.277728
437,1,4,12,0.949970,0.952047,0.815192,1.569176,1.279180
437,1,4,13,0.961460,0.848150,0.846910,4.770178,4.039912
437,1,4,14,0.969576,0.983900,0.727691,1.281682,0.932669
437,1,4,15,0.939799,0.997768,1.138669,0.869287,0.989831
437,1,5,0,0.983435,0.862555,0.867817,11.353527,9.852783
437,1,5,1,0.889451,0.651629,0.497672,4.272881,2.126495
437,1,5,2,0.957002,0.737718,0.731859,8.045796,5.888390
437,1,5,3,0.966427,0.909600,0.741178,2.817284,2.088109
437,1,5,4,0.991800,0.948156,0.946035,10.366341,9.806923
437,1,5,5,0.980648,0.887368,0.877332,9.217761,8.087041
437,1,5,6,0.987458,0.988955,1.009705,12.509145,12.630541
437,1,5,7,0.896307,0.907675,0.901784,2.530244,2.281734
437,1,5,8,0.915203,0.889406,0.842962,3.325676,2.803417
437,1,5,9,0.960930,0.895635,0.876570,4.893964,4.289904
437,1,5,10,0.950329,0.824181,0.763770,5.199174,3.970971
437,1,5,11,0.917320,0.654945,0.693475,5.886542,4.082168
437,1,5,12,0.885765,0.601616,0.508527,2.759649,1.403357
437,1,5,13,0.983738,0.959140,0.898818,5.255848,4.724051
437,1,5,14,0.968031,0.787254,0.794172,7.367954,5.851420
437,1,5,15,0.782640,0.595911,0.238589,1.501028,0.358129
437,1,6,0,0.879672,0.783764,0.652126,2.704969,1.763981
437,1,6,1,0.945471,0.787647,0.729861,5.287389,3.859058
437,1,6,2,0.978668,0.901691,0.811942,5.131060,4.166121
437,1,6,3,0.917560,0.706917,0.725905,3.080138,2.235887
437,1,6,4,0.940123,0.902653,0.925795,4.849770,4.489892
437,1,6,5,0.882348,0.753725,0.494949,3.115798,1.542162
437,1,6,6,0.983042,0.838406,0.835674,12.361054,10.329812
437,1,6,7,0.975301,0.897103,0.898840,7.065244,6.350520
437,1,6,8,0.939797,0.817359,0.651198,4.834344,3.148113
437,1,6,9,0.991046,0.894558,0.874663,11.974774,10.473898
437,1,6,10,0.906116,0.885295,0.623443,1.796903,1.120268
437,1,6,11,0.915525,0.690101,0.748013,4.331927,3.240337
437,1,6,12,0.987432,0.883663,0.856628,12.174852,10.429315
437,1,6,13,0.715758,0.675453,-1.235518,0.515746,-0.637213
437,1,6,14,0.926933,0.831255,0.637620,2.756467,1.757578
437,1,6,15,0.947492,0.872057,0.738002,3.757818,2.773277
437,1,7,0,0.978282,0.888562,0.901472,9.693202,8.738151
437,1,7,1,0.939557,0.843224,0.807307,4.834034,3.902549
437,1,7,2,0.975610,0.954140,0.944010,3.407615,3.216823
437,1,7,3,0.953389,0.747090,0.729771,6.465225,4.718135
437,1,7,4,0.855917,0.589679,0.404387,4.551341,1.840504
437,1,7,5,0.856746,0.771534,0.699567,2.804348,1.961830
437,1,7,6,0.947532,0.780772,0.766300,8.293560,6.355353
437,1,7,7,0.946684,0.944485,0.988810,3.853926,3.810799
437,1,7,8,0.968811,0.945121,0.898087,6.952953,6.244357
437,1,7,9,0.976053,0.863156,0.842426,9.168814,7.724045
437,1,7,10,0.995630,0.961921,0.965718,23.316502,22.517155
437,1,7,11,0.986563,1.007563,1.035683,5.326003,5.516053
437,1,7,12,0.965129,0.834470,0.826338,10.668920,8.816135
437,1,7,13,0.945998,0.777563,0.744641,6.082669,4.529407
437,1,7,14,0.929070,0.707469,0.601441,3.936338,2.367474
437,1,7,15,0.743168,0.572904,0.020579,2.207826,0.045435
437,1,8,0,0.921067,0.893609,0.859363,3.262261,2.803466
437,1,8,1,0.942883,0.774929,0.698534,5.849402,4.086005
437,1,8,2,0.925541,0.706082,0.618518,4.108294,2.541054
437,1,8,3,0.952305,0.791962,0.716119,5.320458,3.810081
437,1,8,4,0.978601,0.966057,0.929818,10.603351,9.859188
437,1,8,5,0.765238,0.823710,2.117926,-0.796173,-1.686236
437,1,8,6,0.939660,0.878784,0.862769,3.758609,3.242811
437,1,8,7,0.980852,0.988886,1.001132,6.811343,6.819052
437,1,8,8,0.986557,0.970839,0.942917,5.613090,5.292678
437,1,8,9,0.963032,0.865745,0.816670,5.456815,4.456418
437,1,8,10,0.977689,0.881706,0.866245,7.413589,6.421986
437,1,8,11,0.967075,0.914563,0.909859,5.166168,4.700483
437,1,8,12,0.926803,0.816907,0.765217,4.286424,3.280046
437,1,8,13,0.968963,0.914619,0.859270,5.688482,4.887945
437,1,8,14,0.936098,0.897411,0.848702,4.033466,3.423213
437,1,8,15,0.676463,0.540070,0.252878,1.825964,0.461746
437,1,9,0,0.923903,0.853467,0.722725,3.238979,2.340892
437,1,9,1,0.769676,0.596584,0.158926,2.426013,0.385556
437,1,9,2,0.926827,0.827880,0.673887,2.804296,1.889779
437,1,9,3,0.968294,0.926309,0.906680,5.584043,5.062939
437,1,9,4,0.951896,0.935010,0.930590,4.753377,4.423445
437,1,9,5,0.971407,0.976291,1.012196,6.248300,6.324505
437,1,9,6,0.983144,0.977310,0.977380,8.719252,8.522018
437,1,9,7,0.992213,0.961833,0.950159,5.883544,5.590300
437,1,9,8,0.764360,0.494011,0.243884,2.616801,0.638197
437,1,9,9,0.973330,0.901286,0.852371,6.937172,5.913044
437,1,9,10,0.972302,0.843095,0.822042,7.287532,5.990660
437,1,9,11,0.956961,0.822950,0.721004,4.360547,3.143971
437,1,9,12,0.888915,0.717998,0.748439,5.621462,4.207320
437,1,9,13,0.938780,0.820494,0.722614,3.139278,2.268485
437,1,9,14,0.969890,0.948190,0.934251,5.542230,5.177832
437,1,9,15,0.989432,0.925666,0.889321,10.218657,9.087662
437,1,10,0,0.910341,0.687754,0.536421,4.923828,2.641246
437,1,10,1,0.991724,0.912725,0.918324,17.931904,16.467293
437,1,10,2,0.976179,0.914907,0.860255,5.625119,4.839037
437,1,10,3,0.929680,0.765158,0.604362,3.583633,2.165812
437,1,10,4,0.995215,0.909154,0.905550,7.221961,6.539843
437,1,10,5,0.974824,0.928317,0.902823,8.366507,7.553474
437,1,10,6,0.969716,0.834176,0.825685,9.184908,7.583844
437,1,10,7,0.986299,0.880042,0.845044,5.760326,4.867730
437,1,10,8,0.974362,0.942395,0.932636,7.104381,6.625804
437,1,10,9,0.956212,0.795077,0.798545,7.605644,6.073447
437,1,10,10,0.967838,0.807964,0.822737,11.315641,9.309796
437,1,10,11,0.980473,0.910426,0.881696,8.130120,7.168295
437,1,10,12,0.964285,0.817445,0.739770,5.321833,3.936932
437,1,10,13,0.979604,0.948224,0.949118,9.224861,8.755480
437,1,10,14,0.920368,0.694105,0.611095,5.425904,3.315743
437,1,10,15,0.962672,0.921284,0.912747,4.939528,4.508538
437,1,11,0,0.990162,0.999398,0.996701,6.754263,6.731984
437,1,11,1,0.977841,1.036139,1.004823,8.695451,8.737387
437,1,11,2,0.963284,0.923768,0.904696,5.151944,4.660943
437,1,11,3,0.601479,0.534849,-3.131240,0.336380,-1.053287
437,1,11,4,0.954922,0.763348,0.662646,4.952892,3.282015
437,1,11,5,0.950671,0.969485,1.014046,4.100864,4.158464
437,1,11,6,0.843918,0.638018,0.686978,5.796972,3.982393
437,1,11,7,0.908673,0.715456,0.675968,5.250295,3.549030
437,1,11,8,0.950909,0.859949,0.831894,4.250887,3.536287
437,1,11,9,0.970728,0.915561,0.816882,3.837404,3.134705
437,1,11,10,0.740535,0.550886,0.330812,2.947008,0.974906
437,1,11,11,0.973941,0.797796,0.759937,6.033314,4.584937
437,1,11,12,0.895584,0.618825,0.470907,5.319421,2.504952
437,1,11,13,0.978897,1.043192,1.000994,9.180243,9.189363
437,1,11,14,0.964025,0.957639,0.979397,4.915010,4.813745
437,1,11,15,0.978756,1.012128,0.973245,8.659247,8.427567
437,1,12,0,0.967319,1.215279,1.343496,-2.077878,-2.791622
437,1,12,1,0.960354,0.920471,0.912812,7.741444,7.066483
437,1,12,2,0.909494,0.861178,0.862203,1.949950,1.681253
437,1,12,3,0.998196,1.073333,1.074598,-3.400281,-3.653934
437,1,12,4,0.931706,0.889828,0.944620,3.320626,3.136731
437,1,12,5,0.872822,0.782530,0.811493,3.294438,2.673412
437,1,12,6,0.889894,0.842104,0.909209,1.959364,1.781471
437,1,12,7,0.890376,0.718319,0.677028,5.633373,3.813950
437,1,12,8,0.905895,0.729933,0.706204,5.269948,3.721656
437,1,12,9,0.982171,1.070147,1.067636,7.105809,7.586419
437,1,12,10,0.964144,0.854461,0.741761,3.123128,2.316616
437,1,12,11,0.897466,0.777700,0.799252,4.489679,3.588386
437,1,12,12,0.927263,0.963549,1.018683,4.571672,4.657085
437,1,12,13,0.881386,0.658585,0.647272,3.789114,2.452588
437,1,12,14,0.919583,0.816610,0.821740,5.776749,4.746986
437,1,12,15,0.783692,0.657160,0.591994,3.866654,2.289038
437,1,13,0,0.772062,0.543868,0.490210,5.254200,2.575664
437,1,13,1,0.874597,0.741684,0.685090,4.914599,3.366941
437,1,13,2,0.888065,0.810835,0.754024,2.388223,1.800776
437,1,13,3,0.816376,0.668299,0.591921,4.269398,2.527146
437,1,13,4,0.963204,0.794117,0.794312,8.835187,7.017898
437,1,13,5,0.935623,0.650127,0.563774,4.268009,2.406191
437,1,13,6,0.981864,0.971296,0.959052,7.757286,7.439643
437,1,13,7,0.829926,0.658094,0.439411,2.966872,1.303675
437,1,13,8,0.823859,0.630844,0.382248,3.478441,1.329625
437,1,13,9,0.863923,0.732429,0.722778,4.737118,3.423884
437,1,13,10,0.872461,0.802668,0.834628,4.161520,3.473322
437,1,13,11,0.815172,0.592349,0.562711,6.135979,3.452782
437,1,13,12,0.884200,0.677871,0.647651,6.030811,3.905861
437,1,13,13,0.750411,0.665247,-0.863644,0.568021,-0.490568
437,1,13,14,0.828149,0.655949,0.608041,5.316761,3.232811
437,1,13,15,0.982729,1.210570,1.282896,-1.993000,-2.556811
437,1,14,0,0.827444,0.722007,0.469392,2.606787,1.223606
437,1,14,1,0.980837,0.885569,0.866854,10.072645,8.731508
437,1,14,2,0.886206,0.729961,0.710033,5.441187,3.863423
437,1,14,3,0.831115,0.737849,0.563367,2.391052,1.347040
437,1,14,4,0.904267,0.756450,0.766589,6.336869,4.857772
437,1,14,5,0.693452,0.477854,0.213262,2.565006,0.547018
437,1,14,6,0.799890,0.691393,0.464480,2.542976,1.181162
437,1,14,7,0.941709,0.684910,0.638294,5.850696,3.734467
437,1,14,8,0.888113,0.738429,0.641665,3.745674,2.403466
437,1,14,9,0.768655,0.709955,0.618148,1.810424,1.119110
437,1,14,10,0.685105,0.530920,0.059526,1.862535,0.110869
437,1,14,11,0.889887,0.790787,0.843488,3.972865,3.351062
437,1,14,12,0.911411,0.805695,0.737684,3.409621,2.515221
437,1,14,13,0.833853,0.764938,0.704962,2.546703,1.795330
437,1,14,14,0.890527,0.737552,0.716405,5.005751,3.586145
437,1,14,15,0.838317,0.773225,0.825507,2.438700,2.013164
437,1,15,0,0.972643,0.908762,0.889093,4.824814,4.289708
437,1,15,1,0.953654,0.874686,0.779769,3.343245,2.606958
437,1,15,2,0.966156,0.817048,0.753914,5.245776,3.954864
437,1,15,3,0.968929,0.888974,0.856582,4.240561,3.632387
437,1,15,4,0.997414,1.027997,1.031168,-3.430983,-3.537919
437,1,15,5,0.966537,0.915053,0.934816,4.374742,4.089577
437,1,15,6,0.795615,1.051690,2.292537,0.610156,1.398806
437,1,15,7,0.941146,0.814030,0.710309,3.698662,2.627194
437,1,15,8,0.954124,0.893964,0.906077,4.583866,4.153337
437,1,15,9,0.970549,0.890543,0.835021,4.409853,3.682320
437,1,15,10,0.956710,0.942532,0.966164,-1.727782,-1.669321
437,1,15,11,0.944231,0.778441,0.690770,4.531996,3.130568
437,1,15,12,0.980577,1.052809,1.004853,5.940210,5.969038
437,1,15,13,0.937239,0.812692,0.750576,3.348437,2.513256
437,1,15,14,0.965484,0.884002,0.893012,4.660370,4.161765
437,1,15,15,0.791346,0.589205,0.273566,2.533626,0.693114
500,1,0,0,0.799725,0.811001,0.884142,0.534043,0.472170
500,1,0,1,0.965229,0.918750,0.841842,-0.794764,-0.669066
500,1,0,2,0.963723,0.810156,0.659719,1.086104,0.716523
500,1,0,3,0.972464,1.017955,1.067737,-1.884690,-2.012354
500,1,0,4,0.917614,0.895961,1.046423,-0.913387,-0.955788
500,1,0,5,0.793916,0.774798,-0.498693,0.649589,-0.323945
500,1,0,6,0.929358,0.970747,0.624584,1.067418,0.666693
500,1,0,7,0.983548,1.061329,1.122872,-1.448116,-1.626050
500,1,0,8,0.953081,0.857725,0.828869,1.453799,1.205010
500,1,0,9,0.932141,1.073452,1.464971,-0.755872,-1.107330
500,1,0,10,0.944489,0.816050,0.354596,0.330577,0.117221
500,1,0,11,0.799306,0.855226,1.357464,0.502052,0.681517
500,1,0,12,0.805937,0.501855,0.342787,1.752341,0.600680
500,1,0,13,0.971249,1.032220,1.171943,-1.443408,-1.691592
500,1,0,14,0.925598,0.825555,0.183816,0.496648,0.091292
500,1,0,15,0.993606,1.000005,1.009354,-1.437929,-1.451379
500,1,1,0,0.970373,1.007169,0.749071,0.310268,0.232413
500,1,1,1,0.994145,0.951846,0.945651,3.753805,3.549789
500,1,1,2,0.950017,0.799490,0.835603,1.755667,1.467041
500,1,1,3,0.893395,1.039830,2.376405,0.379194,0.901120
500,1,1,4,0.898071,0.725884,-0.018229,0.305444,-0.005568
500,1,1,5,0.897353,1.091635,1.478000,1.076339,1.590830
500,1,1,6,0.988998,0.974626,0.960613,2.218452,2.131074
500,1,1,7,0.953166,0.959262,1.080055,0.624707,0.674718
500,1,1,8,0.902757,1.004080,1.272654,0.366916,0.466957
500,1,1,9,0.940359,0.953609,-1.684766,-0.071972,0.121256
500,1,1,10,0.941460,0.955131,0.808750,1.033560,0.835892
500,1,1,11,0.960509,0.986447,0.787302,1.010348,0.795449
500,1,1,12,0.946275,1.020575,1.408436,-0.501796,-0.706748
500,1,1,13,0.958624,0.792268,0.736807,1.743496,1.284619
500,1,1,14,0.103430,0.081941,-40.740472,0.002690,-0.109594
500,1,1,15,0.967031,0.961256,1.032658,4.486279,4.632791
500,1,2,0,0.955773,0.958637,0.866149,1.989462,1.723171
500,1,2,1,0.967613,0.873577,0.854904,2.287777,1.955830
500,1,2,2,0.958565,1.016037,1.027466,0.276659,0.284257
500,1,2,3,0.964117,1.028045,1.213683,0.295516,0.358663
500,1,2,4,0.843740,0.619074,0.650429,1.167061,0.759090
500,1,2,5,0.971942,0.822385,0.837736,4.984097,4.175358
500,1,2,6,0.949405,1.028781,0.961050,1.317427,1.266113
500,1,2,7,0.953672,0.999792,1.016545,0.375589,0.381803
500,1,2,8,0.898888,0.696466,0.652075,1.007020,0.656652
500,1,2,9,0.970297,0.891610,0.828616,3.940094,3.264823
500,1,2,10,0.911559,0.987002,1.411003,0.468944,0.661682
500,1,2,11,0.979343,0.885379,0.879922,3.402776,2.994178
500,1,2,12,0.959628,1.018014,1.200220,0.283753,0.340565
500,1,2,13,0.889058,0.858622,0.304185,0.533962,0.162423
500,1,2,14,0.913663,0.950405,1.777375,-0.403910,-0.717899
500,1,2,15,0.944693,1.022395,1.498294,0.210043,0.314706
500,1,3,0,0.802513,0.681756,0.429334,2.225147,0.955332
500,1,3,1,0.953150,0.929638,0.783188,2.231303,1.747531
500,1,3,2,0.917554,0.914433,0.454584,1.081947,0.491835
500,1,3,3,0.944374,0.962915,0.290383,0.714295,0.207419
500,1,3,4,0.920232,0.897401,0.736568,2.366982,1.743442
500,1,3,5,0.963769,0.903218,0.973653,2.645571,2.575868
500,1,3,6,0.956404,0.982340,0.853746,1.668048,1.424089
500,1,3,7,0.945338,0.936516,0.925522,0.903992,0.836664
500,1,3,8,0.992745,0.999757,1.006704,8.710399,8.768791
500,1,3,9,0.962373,0.849028,0.892276,3.182812,2.839948
500,1,3,10,0.907731,0.889731,0.632066,2.411048,1.523943
500,1,3,11,0.816661,0.956110,1.771679,0.502383,0.890062
500,1,3,12,0.968165,0.833140,0.804805,3.180792,2.559916
500,1,3,13,0.962180,0.860399,0.889402,7.583321,6.744618
500,1,3,14,0.917633,0.922913,0.658069,1.208224,0.795095
500,1,3,15,0.966329,0.974880,0.820168,2.050488,1.681746
500,1,4,0,0.963392,0.933146,0.883288,2.332566,2.060329
500,1,4,1,0.937163,0.931116,0.757632,2.733422,2.070928
500,1,4,2,0.958644,1.000743,1.087371,0.705633,0.767284
500,1,4,3,0.965838,1.039393,1.114260,2.317973,2.582825
500,1,4,4,0.976791,0.903837,0.907093,4.874712,4.421818
500,1,4,5,0.945449,1.000371,1.080071,1.821652,1.967513
500,1,4,6,0.931176,0.970283,0.995957,1.865049,1.857508
500,1,4,7,0.972687,0.956600,0.762129,1.706981,1.300940
500,1,4,8,0.824982,0.492108,0.460185,0.676931,0.311513
500,1,4,9,0.959938,1.006183,0.894703,0.631651,0.565140
500,1,4,10,0.978175,0.879898,0.876017,7.816196,6.847124
500,1,4,11,0.964533,0.966232,1.072426,3.460841,3.711497
500,1,4,12,0.948394,0.950567,0.842012,1.541348,1.297834
500,1,4,13,0.958933,0.852171,0.883886,5.034505,4.449926
500,1,4,14,0.970945,0.985441,0.761635,1.274330,0.970574
500,1,4,15,0.945137,1.010591,1.126245,1.364341,1.536583
500,1,5,0,0.987729,0.889342,0.897384,12.411879,11.138217
500,1,5,1,0.903876,0.666319,0.542355,4.497714,2.439358
500,1,5,2,0.983421,0.838264,0.848746,10.038271,8.519939
500,1,5,3,0.973443,0.924947,0.811220,3.016597,2.447123
500,1,5,4,0.994753,0.972835,0.974577,11.972425,11.668046
500,1,5,5,0.987839,0.918957,0.921376,9.907423,9.128462
500,1,5,6,0.994147,0.969317,0.976153,16.283529,15.895219
500,1,5,7,0.904238,0.913104,0.927735,2.886716,2.678108
500,1,5,8,0.918434,0.888415,0.860344,3.602983,3.099803
500,1,5,9,0.959838,0.921320,0.920489,4.513341,4.154482
500,1,5,10,0.943878,0.811841,0.741540,5.283719,3.918088
500,1,5,11,0.943452,0.734740,0.747356,6.593290,4.927532
500,1,5,12,0.849822,0.576797,0.432962,2.397734,1.038127
500,1,5,13,0.985201,0.963342,0.919148,5.556140,5.106916
500,1,5,14,0.977205,0.812245,0.821871,7.800879,6.411319
500,1,5,15,0.876140,0.602399,0.562396,2.867694,1.612779
500,1,6,0,0.903844,0.789082,0.708547,3.274024,2.319799
500,1,6,1,0.957233,0.795867,0.749782,5.861760,4.395043
500,1,6,2,0.975432,0.891075,0.789891,5.078555,4.011506
500,1,6,3,0.923822,0.705904,0.739051,3.779617,2.793331
500,1,6,4,0.955238,0.943774,0.986899,5.324718,5.254959
500,1,6,5,0.924317,0.752691,0.622983,4.170898,2.598397
500,1,6,6,0.984163,0.867863,0.857479,12.018145,10.305304
500,1,6,7,0.984381,0.896626,0.898601,8.402466,7.550460
500,1,6,8,0.938047,0.805599,0.642900,4.980712,3.202100
500,1,6,9,0.991049,0.909153,0.895619,11.445423,10.250736
500,1,6,10,0.931847,0.898745,0.788656,2.476007,1.952719
500,1,6,11,0.903174,0.662354,0.733617,4.199543,3.080856
500,1,6,12,0.986615,0.899499,0.869317,12.347808,10.734160
500,1,6,13,0.708817,0.666927,-1.203959,0.533725,-0.642583
500,1,6,14,0.931686,0.820866,0.629694,3.088858,1.945037
500,1,6,15,0.959707,0.879910,0.790056,4.421112,3.492926
500,1,7,0,0.985320,0.918376,0.928874,11.100179,10.310671
500,1,7,1,0.952494,0.865826,0.844536,5.456718,4.608394
500,1,7,2,0.970780,0.965461,0.978355,3.138819,3.070879
500,1,7,3,0.970685,0.774688,0.787838,7.666851,6.040236
500,1,7,4,0.886537,0.620293,0.484158,5.156497,2.496557
500,1,7,5,0.901801,0.819148,0.804335,3.967137,3.190908
500,1,7,6,0.969252,0.827771,0.834578,9.459662,7.894830
500,1,7,7,0.957469,0.974067,1.018037,4.287631,4.364969
500,1,7,8,0.971971,0.988484,0.948619,6.777235,6.429012
500,1,7,9,0.991365,0.906508,0.908310,11.960765,10.864082
500,1,7,10,0.997378,0.960688,0.961898,26.631344,25.616646
500,1,7,11,0.985896,0.995180,1.019849,5.236268,5.340201
500,1,7,12,0.981101,0.866847,0.879453,12.141176,10.677597
500,1,7,13,0.957708,0.794647,0.773543,6.814574,5.271367
500,1,7,14,0.972431,0.756941,0.738397,4.890283,3.610969
500,1,7,15,0.729797,0.544407,0.066849,2.459104,0.164388
500,1,8,0,0.935494,0.906267,0.898664,3.834203,3.445662
500,1,8,1,0.949443,0.804085,0.731154,5.813276,4.250397
500,1,8,2,0.892180,0.671085,0.516483,3.725183,1.923993
500,1,8,3,0.953076,0.784125,0.717169,5.738639,4.115576
500,1,8,4,0.989981,1.021666,1.019326,11.704865,11.931074
500,1,8,5,0.633387,0.685861,2.708162,-0.666447,-1.804846
500,1,8,6,0.951699,0.922485,0.932132,4.203972,3.918656
500,1,8,7,0.982351,0.994748,1.026933,6.489502,6.664287
500,1,8,8,0.984681,0.977634,0.948194,5.306207,5.031314
500,1,8,9,0.961175,0.882774,0.828177,5.416413,4.485748
500,1,8,10,0.974174,0.867492,0.846637,7.272459,6.157134
500,1,8,11,0.970324,0.940508,0.944171,5.381867,5.081400
500,1,8,12,0.922737,0.806714,0.744846,4.194947,3.124588
500,1,8,13,0.980473,0.935872,0.907915,6.701238,6.084153
500,1,8,14,0.951645,0.916562,0.902772,4.539248,4.097907
500,1,8,15,0.664692,0.529232,0.301728,1.936348,0.584251
500,1,9,0,0.912484,0.821630,0.645541,3.324176,2.145894
500,1,9,1,0.750857,0.587414,0.116783,2.466329,0.288024
500,1,9,2,0.907131,0.815499,0.586794,2.527864,1.483335
500,1,9,3,0.977311,0.946742,0.935708,6.261479,5.858919
500,1,9,4,0.969058,0.977173,0.989419,5.778296,5.717157
500,1,9,5,0.968794,0.975565,1.009082,5.888330,5.941805
500,1,9,6,0.982657,0.972841,0.979527,8.232871,8.064319
500,1,9,7,0.985410,0.925394,0.901784,4.890277,4.409975
500,1,9,8,0.743885,0.490726,0.177665,2.458978,0.436875
500,1,9,9,0.976731,0.912656,0.870169,7.136395,6.209867
500,1,9,10,0.974651,0.850298,0.828738,7.768779,6.438280
500,1,9,11,0.963411,0.823111,0.748657,4.948525,3.704748
500,1,9,12,0.883147,0.681433,0.743992,6.100749,4.538906
500,1,9,13,0.926222,0.834041,0.684907,2.725303,1.866579
500,1,9,14,0.977651,0.967190,0.964920,5.975858,5.766225
500,1,9,15,0.991604,0.949117,0.916478,10.448431,9.575761
500,1,10,0,0.894754,0.653655,0.481413,5.000504,2.407307
500,1,10,1,0.994102,0.929431,0.935192,19.755941,18.475607
500,1,10,2,0.971651,0.879574,0.819176,5.692510,4.663168
500,1,10,3,0.974184,0.795960,0.731874,4.479504,3.278431
500,1,10,4,0.995751,0.917446,0.916976,7.566192,6.938019
500,1,10,5,0.989547,0.976641,0.980299,10.801803,10.588997
500,1,10,6,0.974952,0.881791,0.863300,9.582743,8.272786
500,1,10,7,0.987740,0.887645,0.861755,6.784471,5.846551
500,1,10,8,0.973307,0.952116,0.944532,7.060592,6.668953
500,1,10,9,0.971546,0.843853,0.867854,8.876681,7.703663
500,1,10,10,0.982541,0.860170,0.875156,13.279796,11.621889
500,1,10,11,0.981181,0.928131,0.902249,8.277178,7.468074
500,1,10,12,0.964050,0.818363,0.743826,5.406479,4.021481
500,1,10,13,0.991538,0.969825,0.974189,12.095155,11.782964
500,1,10,14,0.898473,0.664773,0.557405,5.247652,2.925067
500,1,10,15,0.961275,0.926214,0.919634,5.134358,4.721731
500,1,11,0,0.996061,1.014324,1.017698,9.273720,9.437846
500,1,11,1,0.987742,1.065816,1.065847,10.586946,11.284063
500,1,11,2,0.967536,0.956915,0.952721,5.694816,5.425568
500,1,11,3,0.536493,0.527782,-43.862616,0.037597,-1.649106
500,1,11,4,0.952595,0.761318,0.655212,4.867175,3.189033
500,1,11,5,0.957260,0.985314,1.013626,4.661598,4.725116
500,1,11,6,0.903592,0.700749,0.795207,7.795623,6.199135
500,1,11,7,0.903716,0.705005,0.635418,5.316346,3.378101
500,1,11,8,0.948797,0.881426,0.859333,4.347363,3.735832
500,1,11,9,0.985282,0.932568,0.883183,4.395986,3.882462
500,1,11,10,0.755687,0.591796,0.285942,2.720336,0.777859
500,1,11,11,0.978773,0.797663,0.769524,6.551454,5.041501
500,1,11,12,0.870666,0.603728,0.422103,5.072602,2.141160
500,1,11,13,0.989551,1.088964,1.090604,11.037759,12.037822
500,1,11,14,0.967999,0.989600,1.012183,5.375997,5.441493
500,1,11,15,0.988452,1.055048,1.051595,10.171297,10.696082
500,1,12,0,0.973867,1.255683,1.366951,-2.203652,-3.012283
500,1,12,1,0.976608,0.974977,0.983083,8.827443,8.678105
500,1,12,2,0.916574,0.896230,1.065727,2.213914,2.359427
500,1,12,3,0.998423,1.083099,1.083746,-3.501587,-3.794832
500,1,12,4,0.940557,0.918532,1.003694,3.688993,3.702619
500,1,12,5,0.854077,0.789491,0.790435,3.400772,2.688090
500,1,12,6,0.893991,0.857118,0.983483,2.048976,2.015133
500,1,12,7,0.885379,0.704585,0.632191,5.457481,3.450169
500,1,12,8,0.887773,0.730696,0.684374,4.968933,3.400609
500,1,12,9,0.982760,1.104209,1.127833,7.778964,8.773373
500,1,12,10,0.980228,0.905107,0.855754,3.559753,3.046274
500,1,12,11,0.902983,0.782013,0.800714,4.648107,3.721805
500,1,12,12,0.931675,0.971816,1.017082,4.889699,4.973225
500,1,12,13,0.839351,0.602527,0.629774,3.636412,2.290119
500,1,12,14,0.920661,0.831502,0.834314,5.946894,4.961578
500,1,12,15,0.750320,0.607778,0.460664,4.013013,1.848651
500,1,13,0,0.753049,0.540046,0.486365,5.484745,2.667586
500,1,13,1,0.892275,0.772263,0.745623,5.056927,3.770563
500,1,13,2,0.879114,0.797836,0.733312,2.088618,1.531609
500,1,13,3,0.859254,0.710371,0.685756,4.821925,3.306662
500,1,13,4,0.969000,0.815208,0.825727,9.210667,7.605497
500,1,13,5,0.962017,0.680496,0.636429,4.615575,2.937485
500,1,13,6,0.981552,1.011996,1.015595,7.912807,8.036210
500,1,13,7,0.835115,0.676344,0.443293,2.877833,1.275722
500,1,13,8,0.796572,0.623466,0.254336,3.142724,0.799306
500,1,13,9,0.848933,0.727836,0.704068,4.386994,3.088741
500,1,13,10,0.857252,0.792385,0.811172,3.734353,3.029202
500,1,13,11,0.815745,0.602761,0.576778,6.172403,3.560107
500,1,13,12,0.870443,0.671698,0.647746,5.670979,3.673352
500,1,13,13,0.757266,0.693104,-1.938354,0.362535,-0.702721
500,1,13,14,0.871424,0.711860,0.697131,5.669616,3.952466
500,1,13,15,0.984478,1.264446,1.322626,-1.923077,-2.543511
500,1,14,0,0.827507,0.704728,0.552462,2.936137,1.622103
500,1,14,1,0.974977,0.853404,0.830506,9.762946,8.108189
500,1,14,2,0.916929,0.801741,0.828594,5.807296,4.811888
500,1,14,3,0.830097,0.743387,0.599513,2.401333,1.439631
500,1,14,4,0.920291,0.803744,0.842208,6.471597,5.450431
500,1,14,5,0.624411,0.458977,0.079896,2.420350,0.193377
500,1,14,6,0.812664,0.699437,0.531527,2.691517,1.430615
500,1,14,7,0.937035,0.667294,0.623990,6.046076,3.772694
500,1,14,8,0.904077,0.775493,0.746141,3.937991,2.938295
500,1,14,9,0.771624,0.722647,0.711718,1.857748,1.322192
500,1,14,10,0.632580,0.489532,-0.092647,1.869092,-0.173166
500,1,14,11,0.888769,0.812164,0.905906,3.864393,3.500776
500,1,14,12,0.912125,0.831664,0.807338,3.276816,2.645499
500,1,14,13,0.826898,0.744944,0.670888,2.528260,1.696180
500,1,14,14,0.916619,0.790632,0.815538,5.242263,4.275265
500,1,14,15,0.843879,0.826150,1.032584,2.377988,2.455472
500,1,15,0,0.974288,0.950297,0.964640,4.821181,4.650703
500,1,15,1,0.957237,0.892557,0.825123,3.370319,2.780928
500,1,15,2,0.968924,0.821418,0.767779,5.410879,4.154361
500,1,15,3,0.967207,0.894734,0.869428,4.071300,3.539702
500,1,15,4,0.996674,1.017874,1.021365,-3.338065,-3.409383
500,1,15,5,0.967653,0.927386,0.971180,4.304141,4.180097
500,1,15,6,0.808063,1.129096,2.011577,0.911020,1.832586
500,1,15,7,0.943681,0.825449,0.728947,3.748973,2.732803
500,1,15,8,0.950482,0.908572,0.931390,4.419918,4.116668
500,1,15,9,0.969066,0.897658,0.854477,4.401777,3.761218
500,1,15,10,0.945894,0.974923,1.005431,-1.506481,-1.514662
500,1,15,11,0.959009,0.817118,0.766420,4.794174,3.674349
500,1,15,12,0.983286,1.071605,1.034388,6.212374,6.426004
500,1,15,13,0.888842,0.708941,0.523789,3.225280,1.689366
500,1,15,14,0.927312,0.753278,0.698749,4.040578,2.823350
500,1,15,15,0.660214,0.515935,0.009909,2.402304,0.023804
1,1,0,0,0.800678,0.816083,0.941896,0.461766,0.434935
1,1,0,1,0.969321,0.913586,0.846213,-0.883244,-0.747413
1,1,0,2,0.980038,0.799941,0.796563,1.920719,1.529974
1,1,0,3,0.951066,1.043645,1.224201,-1.111987,-1.361296
1,1,0,4,0.874837,0.953984,1.638368,-0.541776,-0.887628
1,1,0,5,0.841369,0.798147,-0.233609,0.669714,-0.156451
1,1,0,6,0.928585,0.968497,0.616704,1.094402,0.674922
1,1,0,7,0.987712,1.070372,1.117493,-1.512073,-1.689731
1,1,0,8,0.959835,0.864051,0.837151,1.584533,1.326494
1,1,0,9,0.839070,0.879540,-0.899442,0.268374,-0.241387
1,1,0,10,0.925192,0.798732,0.088221,0.355929,0.031401
1,1,0,11,0.798503,0.854113,1.550202,0.396704,0.614971
1,1,0,12,0.761051,0.511063,0.141252,1.101107,0.155534
1,1,0,13,0.962840,1.051624,1.358336,-0.883354,-1.199891
1,1,0,14,0.974800,0.821573,0.793910,1.393981,1.106696
1,1,0,15,0.993307,0.994704,0.995549,-1.359543,-1.353491
1,1,1,0,0.971258,1.008417,0.813874,0.436829,0.355524
1,1,1,1,0.992050,0.970226,0.958883,2.912236,2.792493
1,1,1,2,0.962376,0.812727,0.816250,1.988580,1.623178
1,1,1,3,0.896242,1.045381,2.050479,0.473120,0.970122
1,1,1,4,0.962814,0.808422,0.777596,1.330270,1.034413
1,1,1,5,0.902575,1.092691,1.418374,1.157746,1.642117
1,1,1,6,0.992272,0.977636,0.978925,2.262103,2.214428
1,1,1,7,0.954864,0.962675,1.088885,0.671155,0.730811
1,1,1,8,0.907095,1.001551,1.254690,0.322858,0.405087
1,1,1,9,0.940600,0.954411,-1.279530,-0.077373,0.099001
1,1,1,10,0.940259,0.955163,0.806036,1.015150,0.818247
1,1,1,11,0.960530,0.987387,0.780979,0.992066,0.774782
1,1,1,12,0.949658,1.006263,1.655506,-0.305463,-0.505696
1,1,1,13,0.963281,0.808120,0.748211,1.767326,1.322333
1,1,1,14,0.148417,0.109464,0.163179,0.262517,0.042837
1,1,1,15,0.978679,0.948920,0.982341,4.783611,4.699137
1,1,2,0,0.955214,0.957815,0.860087,1.948069,1.675510
1,1,2,1,0.983725,0.900218,0.900828,3.000359,2.702809
1,1,2,2,0.957854,1.018285,0.921934,0.271206,0.250034
1,1,2,3,0.964321,1.028162,1.195637,0.295764,0.353627
1,1,2,4,0.891995,0.685527,0.759609,1.488728,1.130851
1,1,2,5,0.968548,0.819535,0.796574,4.379141,3.488308
1,1,2,6,0.948463,1.030698,0.963678,1.352239,1.303123
1,1,2,7,0.954438,1.002554,0.936574,0.397907,0.372669
1,1,2,8,0.834750,0.603626,0.399046,0.618952,0.246990
1,1,2,9,0.969673,0.894956,0.830977,3.849703,3.199015
1,1,2,10,0.916992,0.980595,1.257530,0.505965,0.636266
1,1,2,11,0.987455,0.918437,0.920024,3.821108,3.515511
1,1,2,12,0.958856,1.021386,1.189586,0.258120,0.307056
1,1,2,13,0.899535,0.898302,0.541630,0.480186,0.260083
1,1,2,14,0.916396,0.943219,1.853877,-0.334252,-0.619662
1,1,2,15,0.946137,1.025644,1.300536,0.288435,0.375120
1,1,3,0,0.812473,0.677357,0.468021,2.502691,1.171312
1,1,3,1,0.954227,0.939262,0.792610,2.138689,1.695145
1,1,3,2,0.921412,0.928478,0.455513,0.963229,0.438763
1,1,3,3,0.943760,0.963721,0.294010,0.721253,0.212056
1,1,3,4,0.918344,0.894461,0.726097,2.355801,1.710539
1,1,3,5,0.974129,0.910885,0.975954,2.860580,2.791794
1,1,3,6,0.957235,0.985325,0.862239,1.697162,1.463360
1,1,3,7,0.946970,0.939380,0.969367,0.876163,0.849324
1,1,3,8,0.992710,1.007563,1.014511,8.268870,8.388860
1,1,3,9,0.972838,0.861791,0.900323,3.578689,3.221977
1,1,3,10,0.904437,0.885816,0.606690,2.351573,1.426676
1,1,3,11,0.828198,0.971508,1.545233,0.642534,0.992865
1,1,3,12,0.959905,0.825504,0.787254,2.614844,2.058548
1,1,3,13,0.970214,0.883786,0.902331,7.975851,7.196856
1,1,3,14,0.915976,0.929382,0.621720,1.076205,0.669098
1,1,3,15,0.966511,0.977445,0.825609,2.112381,1.744001
1,1,4,0,0.966251,0.935235,0.894346,2.515086,2.249358
1,1,4,1,0.946435,0.930052,0.806583,3.317974,2.676220
1,1,4,2,0.960398,0.998761,1.052021,0.728758,0.766669
1,1,4,3,0.963226,1.036366,1.118579,2.211278,2.473490
1,1,4,4,0.978987,0.892845,0.901242,5.276590,4.755487
1,1,4,5,0.944347,0.997819,1.096333,1.746604,1.914860
1,1,4,6,0.926151,0.974628,1.019554,1.746866,1.781025
1,1,4,7,0.973299,0.958366,0.769014,1.736334,1.335266
1,1,4,8,0.853518,0.504603,0.490389,0.798406,0.391530
1,1,4,9,0.960503,1.002735,0.883859,0.649971,0.574483
1,1,4,10,0.977753,0.864745,0.870730,7.986969,6.954494
1,1,4,11,0.964014,0.958822,1.058718,3.403076,3.602896
1,1,4,12,0.948222,0.950658,0.840671,1.544846,1.298707
1,1,4,13,0.977588,0.875610,0.890124,5.987297,5.329436
1,1,4,14,0.970949,0.985127,0.757368,1.281628,0.970664
1,1,4,15,0.946390,1.005944,1.104570,1.417641,1.565884
1,1,5,0,0.988993,0.904030,0.913196,12.005547,10.963413
1,1,5,1,0.897957,0.641670,0.515212,4.611140,2.375714
1,1,5,2,0.975002,0.821042,0.814069,8.559241,6.967810
1,1,5,3,0.974711,0.913511,0.803411,3.214587,2.582634
1,1,5,4,0.996147,0.977141,0.978685,12.010884,11.754868
1,1,5,5,0.988416,0.934968,0.933314,9.715309,9.067432
1,1,5,6,0.995938,0.971874,0.976704,17.194666,16.794107
1,1,5,7,0.900884,0.912682,0.937288,2.800685,2.625049
1,1,5,8,0.909573,0.885967,0.870851,3.430374,2.987345
1,1,5,9,0.956347,0.934308,0.944831,4.392156,4.149845
1,1,5,10,0.948792,0.820044,0.754627,5.358992,4.044040
1,1,5,11,0.938700,0.718197,0.739685,6.243523,4.618237
1,1,5,12,0.904023,0.631760,0.557698,2.951129,1.645838
1,1,5,13,0.984729,0.956818,0.906367,5.512082,4.995972
1,1,5,14,0.975566,0.806298,0.814266,7.658113,6.235738
1,1,5,15,0.913259,0.679133,0.624309,2.838926,1.772368
1,1,6,0,0.903028,0.793820,0.717490,3.254757,2.335255
1,1,6,1,0.956773,0.795824,0.751653,5.791519,4.353215
1,1,6,2,0.974076,0.892594,0.785872,4.993422,3.924190
1,1,6,3,0.917745,0.720700,0.756276,3.277808,2.478929
1,1,6,4,0.958519,0.933989,0.968330,5.475036,5.301643
1,1,6,5,0.931917,0.776371,0.667096,4.051921,2.703022
1,1,6,6,0.987985,0.876760,0.875168,13.182611,11.536997
1,1,6,7,0.989088,0.928152,0.931287,9.128474,8.501229
1,1,6,8,0.940358,0.813717,0.657191,4.982497,3.274453
1,1,6,9,0.992915,0.920168,0.913606,12.137782,11.089156
1,1,6,10,0.928856,0.901181,0.796442,2.419953,1.927351
1,1,6,11,0.935195,0.705246,0.763991,4.830497,3.690454
1,1,6,12,0.989877,0.909441,0.893927,13.197411,11.797523
1,1,6,13,0.727104,0.667053,-0.801019,0.625452,-0.500999
1,1,6,14,0.933277,0.820692,0.648949,3.224728,2.092685
1,1,6,15,0.959296,0.902289,0.838987,4.210837,3.532837
1,1,7,0,0.986217,0.922433,0.930336,11.010641,10.243593
1,1,7,1,0.953119,0.869372,0.855591,5.691296,4.869424
1,1,7,2,0.973013,0.966971,0.975756,3.230736,3.152410
1,1,7,3,0.978395,0.815920,0.829621,7.823478,6.490523
1,1,7,4,0.892202,0.614214,0.491799,5.265811,2.589721
1,1,7,5,0.900657,0.815539,0.820966,4.003878,3.287047
1,1,7,6,0.969983,0.841527,0.846159,8.969487,7.589610
1,1,7,7,0.959352,0.967135,1.016063,4.456563,4.528151
1,1,7,8,0.972902,0.995501,0.961582,6.908332,6.642928
1,1,7,9,0.988853,0.903990,0.904986,10.646446,9.634886
1,1,7,10,0.997616,0.969742,0.971104,26.942392,26.163864
1,1,7,11,0.984362,1.005256,1.035369,4.914732,5.088560
1,1,7,12,0.978762,0.869073,0.872336,11.081136,9.666475
1,1,7,13,0.959489,0.798421,0.786582,6.874876,5.407653
1,1,7,14,0.972897,0.776844,0.744770,4.582666,3.413032
1,1,7,15,0.723817,0.536222,0.060639,2.438121,0.147846
1,1,8,0,0.941353,0.912103,0.918484,4.159564,3.820492
1,1,8,1,0.953563,0.805998,0.743004,6.028847,4.479455
1,1,8,2,0.905285,0.686706,0.561650,3.754243,2.108571
1,1,8,3,0.947045,0.773841,0.692773,5.441370,3.769632
1,1,8,4,0.988892,1.025147,1.028283,10.550841,10.849256
1,1,8,5,0.632421,0.654696,3.010901,-0.582764,-1.754646
1,1,8,6,0.958044,0.910175,0.919474,4.644543,4.270534
1,1,8,7,0.980975,1.003203,1.038940,6.437808,6.688497
1,1,8,8,0.984231,0.975476,0.942105,5.299360,4.992556
1,1,8,9,0.964624,0.889218,0.845499,5.831964,4.930920
1,1,8,10,0.972350,0.872383,0.853140,7.195850,6.139065
1,1,8,11,0.970991,0.940084,0.942022,5.385999,5.073729
1,1,8,12,0.931846,0.818092,0.777899,4.400042,3.422787
1,1,8,13,0.978464,0.929846,0.903746,6.908628,6.243647
1,1,8,14,0.954925,0.918765,0.911316,5.046546,4.599000
1,1,8,15,0.689663,0.546284,0.352585,1.905156,0.671729
1,1,9,0,0.913687,0.826778,0.651486,3.232046,2.105632
1,1,9,1,0.724719,0.566788,0.059994,2.447788,0.146853
1,1,9,2,0.909992,0.813655,0.597752,2.640090,1.578119
1,1,9,3,0.975752,0.949404,0.937206,6.241231,5.849321
1,1,9,4,0.969498,0.985783,1.010752,5.849577,5.912474
1,1,9,5,0.968460,0.971804,1.001159,6.042420,6.049423
1,1,9,6,0.981739,0.983100,0.991923,8.134780,8.069074
1,1,9,7,0.986491,0.922186,0.897772,5.055303,4.538511
1,1,9,8,0.737991,0.491314,0.134515,2.397912,0.322555
1,1,9,9,0.975012,0.918812,0.880740,6.993454,6.159414
1,1,9,10,0.975366,0.846723,0.826293,8.018489,6.625624
1,1,9,11,0.963753,0.820925,0.746370,4.978501,3.715804
1,1,9,12,0.891011,0.703715,0.765301,6.116314,4.680819
1,1,9,13,0.929720,0.819701,0.685510,2.990230,2.049833
1,1,9,14,0.973922,0.969693,0.968214,5.605860,5.427671
1,1,9,15,0.990334,0.945753,0.913009,10.047579,9.173533
1,1,10,0,0.895741,0.654620,0.488181,5.006230,2.443945
1,1,10,1,0.994387,0.929556,0.935735,19.647387,18.384741
1,1,10,2,0.974545,0.897895,0.842831,5.807587,4.894812
1,1,10,3,0.971179,0.809856,0.728545,4.148278,3.022206
1,1,10,4,0.995170,0.908790,0.908424,7.269484,6.603776
1,1,10,5,0.988340,0.956507,0.964495,9.360228,9.027892
1,1,10,6,0.979242,0.867866,0.866288,9.812287,8.500264
1,1,10,7,0.985898,0.884573,0.851590,6.239261,5.313294
1,1,10,8,0.970351,0.942730,0.921844,7.001348,6.454152
1,1,10,9,0.954290,0.790892,0.812445,7.781189,6.321789
1,1,10,10,0.977577,0.840351,0.860289,12.321844,10.600342
1,1,10,11,0.981140,0.919601,0.891491,8.603979,7.670366
1,1,10,12,0.963343,0.819319,0.741664,5.394614,4.000989
1,1,10,13,0.991133,0.976588,0.979935,11.042989,10.821407
1,1,10,14,0.905445,0.682485,0.579771,5.149987,2.985814
1,1,10,15,0.960673,0.925225,0.912126,5.166134,4.712164
1,1,11,0,0.993747,1.004367,1.007136,7.941138,7.997806
1,1,11,1,0.987942,1.066143,1.075298,9.614023,10.337938
1,1,11,2,0.964859,0.947934,0.935625,5.621003,5.259152
1,1,11,3,0.515019,0.467841,-5.735893,0.251099,-1.440278
1,1,11,4,0.950221,0.751857,0.643127,4.905310,3.154739
1,1,11,5,0.951219,0.990474,1.024986,4.278642,4.385548
1,1,11,6,0.916027,0.727750,0.799391,7.932027,6.340792
1,1,11,7,0.899288,0.702062,0.622475,5.312384,3.306827
1,1,11,8,0.948099,0.864285,0.822534,4.484853,3.688946
1,1,11,9,0.985365,0.934644,0.894362,4.220215,3.774400
1,1,11,10,0.780165,0.594035,0.375039,3.176051,1.191142
1,1,11,11,0.975367,0.790917,0.754640,6.267951,4.730047
1,1,11,12,0.877640,0.603932,0.435886,5.197285,2.265423
1,1,11,13,0.988545,1.092874,1.102155,9.679471,10.668276
1,1,11,14,0.971326,0.990826,1.007372,5.822335,5.865259
1,1,11,15,0.988905,1.045735,1.047588,9.578137,10.033941
1,1,12,0,0.970476,1.264534,1.390952,-2.111678,-2.937243
1,1,12,1,0.976598,0.971226,0.978911,8.277734,8.103167
1,1,12,2,0.918555,0.894044,1.047154,2.336881,2.447073
1,1,12,3,0.998324,1.093637,1.094338,-3.526227,-3.858885
1,1,12,4,0.940159,0.923721,1.011034,3.693002,3.733752
1,1,12,5,0.850899,0.786322,0.796478,3.421409,2.725078
1,1,12,6,0.895233,0.865979,0.991697,2.137542,2.119794
1,1,12,7,0.880784,0.709340,0.633237,5.488156,3.475305
1,1,12,8,0.885932,0.726492,0.692027,5.251191,3.633965
1,1,12,9,0.984824,1.109694,1.128592,7.253119,8.185812
1,1,12,10,0.976063,0.872983,0.821861,3.502721,2.878751
1,1,12,11,0.903961,0.781689,0.799944,4.726617,3.781028
1,1,12,12,0.924059,0.973964,1.023436,4.636034,4.744686
1,1,12,13,0.871014,0.630482,0.650917,3.771395,2.454866
1,1,12,14,0.914024,0.825943,0.827561,5.810069,4.808184
1,1,12,15,0.744033,0.607843,0.484728,4.102964,1.988822
1,1,13,0,0.743536,0.528388,0.471201,5.463129,2.574233
1,1,13,1,0.891958,0.766165,0.738771,5.134769,3.793419
1,1,13,2,0.883736,0.799475,0.717960,2.258384,1.621430
1,1,13,3,0.869069,0.711226,0.683388,5.089584,3.478160
1,1,13,4,0.970927,0.814981,0.815818,9.198680,7.504453
1,1,13,5,0.965165,0.677750,0.637600,4.719448,3.009121
1,1,13,6,0.985053,1.030174,1.027254,7.417846,7.620014
1,1,13,7,0.828732,0.680634,0.437568,2.886743,1.263145
1,1,13,8,0.796159,0.617686,0.249600,3.241405,0.809053
1,1,13,9,0.849950,0.719809,0.690411,4.537524,3.132754
1,1,13,10,0.859438,0.779689,0.789304,3.863257,3.049285
1,1,13,11,0.812585,0.598093,0.575359,6.278893,3.612615
1,1,13,12,0.866710,0.658142,0.627572,5.755257,3.611835
1,1,13,13,0.764471,0.696855,-1.744187,0.390465,-0.681044
1,1,13,14,0.871850,0.701447,0.682980,5.806527,3.965742
1,1,13,15,0.983495,1.269519,1.336272,-1.862195,-2.488400
1,1,14,0,0.836393,0.717499,0.568505,2.993878,1.702034
1,1,14,1,0.977026,0.855344,0.833465,10.142532,8.453447
1,1,14,2,0.922186,0.809671,0.834498,5.851946,4.883436
1,1,14,3,0.841556,0.752117,0.608767,2.485548,1.513118
1,1,14,4,0.923541,0.793023,0.820510,6.558591,5.381389
1,1,14,5,0.639543,0.463228,0.112479,2.523660,0.283859
1,1,14,6,0.818582,0.705087,0.534431,2.721835,1.454633
1,1,14,7,0.936376,0.668904,0.624433,5.932925,3.704715
1,1,14,8,0.910898,0.780405,0.748016,4.095134,3.063226
1,1,14,9,0.778049,0.732474,0.726718,1.873049,1.361180
1,1,14,10,0.644260,0.496111,-0.063049,1.910934,-0.120483
1,1,14,11,0.896454,0.807916,0.884607,3.964010,3.506592
1,1,14,12,0.916798,0.827982,0.786979,3.376802,2.657471
1,1,14,13,0.835911,0.760406,0.688344,2.493277,1.716231
1,1,14,14,0.916797,0.775532,0.788494,5.296847,4.176533
1,1,14,15,0.853715,0.832017,1.013798,2.532305,2.567246
1,1,15,0,0.975872,0.955767,0.969805,4.761221,4.617456
1,1,15,1,0.959252,0.899181,0.831778,3.363431,2.797629
1,1,15,2,0.970474,0.838368,0.787674,5.287051,4.164475
1,1,15,3,0.969469,0.906777,0.885879,4.047279,3.585398
1,1,15,4,0.996903,1.017662,1.020978,-3.347783,-3.418013
1,1,15,5,0.969231,0.934236,0.979013,4.338052,4.247008
1,1,15,6,0.830567,1.161095,1.995881,0.952452,1.900981
1,1,15,7,0.947118,0.842405,0.755513,3.690051,2.787880
1,1,15,8,0.951339,0.916981,0.950292,4.294020,4.080573
1,1,15,9,0.970567,0.905062,0.862657,4.395108,3.791468
1,1,15,10,0.945432,0.977628,1.005482,-1.471711,-1.479779
1,1,15,11,0.961103,0.827444,0.779918,4.733508,3.691746
1,1,15,12,0.983662,1.066880,1.028957,6.170937,6.349631
1,1,15,13,0.883981,0.701412,0.508989,3.223393,1.640672
1,1,15,14,0.933363,0.765465,0.712661,4.100008,2.921918
1,1,15,15,0.666007,0.509851,0.048473,2.546740,0.123447
